Gym has been unmaintained since 2022 and does not support NumPy 2.0 amongst other critical functionality.
Please upgrade to Gymnasium, the maintained drop-in replacement of Gym, or contact the authors of your software and request that they upgrade.
See the migration guide at https://gymnasium.farama.org/introduction/migration_guide/ for additional information.
Neither `ifconfig` (`ifconfig -a`) nor `ip` (`ip address show`) commands are available, listing network interfaces is likely to fail
/opt/conda/envs/DCON/lib/python3.9/site-packages/fairscale/experimental/nn/offload.py:19: FutureWarning: `torch.cuda.amp.custom_fwd(args...)` is deprecated. Please use `torch.amp.custom_fwd(args..., device_type='cuda')` instead.
  return torch.cuda.amp.custom_fwd(orig_func)  # type: ignore
/opt/conda/envs/DCON/lib/python3.9/site-packages/fairscale/experimental/nn/offload.py:30: FutureWarning: `torch.cuda.amp.custom_bwd(args...)` is deprecated. Please use `torch.amp.custom_bwd(args..., device_type='cuda')` instead.
  return torch.cuda.amp.custom_bwd(orig_func)  # type: ignore
[traj] RUN_ID = 20260721_192844
2026-07-21 19:28:45,085 env config: habitat_baselines:
  evaluate: true
  trainer_name: vlfm
  updater_name: PPO
  distrib_updater_name: DDPPO
  torch_gpu_id: 0
  tensorboard_dir: tb
  writer_type: tb
  video_dir: video_dir
  video_fps: 10
  test_episode_count: -1
  eval_ckpt_path_dir: data/dummy_policy.pth
  num_environments: 1
  num_processes: -1
  rollout_storage_name: RolloutStorage
  checkpoint_folder: data/new_checkpoints
  num_updates: 270000
  num_checkpoints: 100
  checkpoint_interval: -1
  total_num_steps: -1.0
  log_interval: 10
  log_file: train.log
  force_blind_policy: false
  verbose: true
  eval_keys_to_include_in_name: []
  force_torch_single_threaded: true
  wb:
    project_name: ''
    entity: ''
    group: ''
    run_name: ''
  load_resume_state_config: false
  eval:
    split: val
    use_ckpt_config: true
    should_load_ckpt: false
    evals_per_ep: 1
    video_option: []
    extra_sim_sensors: {}
  profiling:
    capture_start_step: -1
    num_steps_to_capture: -1
  rl:
    agent:
      type: SingleAgentAccessMgr
    preemption:
      append_slurm_job_id: false
      save_resume_state_interval: 100
      save_state_batch_only: false
    policy:
      name: HabitatITMPolicy
      action_distribution_type: categorical
      action_dist:
        use_log_std: true
        use_softplus: false
        std_init: ???
        log_std_init: 0.0
        use_std_param: false
        clamp_std: true
        min_std: 1.0e-06
        max_std: 1
        min_log_std: -5
        max_log_std: 2
        action_activation: tanh
        scheduled_std: false
      obs_transforms: {}
      hierarchical_policy: ???
      text_prompt: Seems like there is a target_object ahead.
      pointnav_policy_path: data/pointnav_weights.pth
      depth_image_shape:
      - 224
      - 224
      pointnav_stop_radius: 0.9
      use_max_confidence: false
      object_map_erosion_size: 5
      exploration_thresh: 0.0
      obstacle_map_area_threshold: 1.5
      min_obstacle_height: 0.61
      max_obstacle_height: 0.88
      hole_area_thresh: 100000
      use_vqa: false
      vqa_prompt: 'Is this '
      coco_threshold: 0.8
      non_coco_threshold: 0.4
      agent_radius: 0.18
    ppo:
      clip_param: 0.2
      ppo_epoch: 4
      num_mini_batch: 2
      value_loss_coef: 0.5
      entropy_coef: 0.01
      lr: 0.00025
      eps: 1.0e-05
      max_grad_norm: 0.2
      num_steps: 64
      use_gae: true
      use_linear_lr_decay: false
      use_linear_clip_decay: false
      gamma: 0.99
      tau: 0.95
      reward_window_size: 50
      use_normalized_advantage: false
      hidden_size: 512
      entropy_target_factor: 0.0
      use_adaptive_entropy_pen: false
      use_clipped_value_loss: true
      use_double_buffered_sampler: false
    ddppo:
      sync_frac: 0.6
      distrib_backend: NCCL
      rnn_type: LSTM
      num_recurrent_layers: 2
      backbone: resnet50
      pretrained_weights: data/ddppo-models/gibson-2plus-resnet50.pth
      pretrained: false
      pretrained_encoder: false
      train_encoder: true
      reset_critic: false
      force_distributed: false
    ver:
      variable_experience: true
      num_inference_workers: 2
      overlap_rollouts_and_learn: false
    auxiliary_losses: {}
habitat:
  seed: 100
  env_task: GymHabitatEnv
  env_task_gym_dependencies: []
  env_task_gym_id: ''
  environment:
    max_episode_steps: 500
    max_episode_seconds: 10000000
    iterator_options:
      cycle: true
      shuffle: true
      group_by_scene: true
      num_episode_sample: -1
      max_scene_repeat_episodes: -1
      max_scene_repeat_steps: 50000
      step_repetition_range: 0.2
  simulator:
    type: Sim-v0
    action_space_config: v1
    action_space_config_arguments: {}
    forward_step_size: 0.25
    create_renderer: false
    requires_textures: true
    auto_sleep: false
    step_physics: true
    concur_render: false
    needs_markers: true
    update_articulated_agent: true
    scene: data/scene_datasets/habitat-test-scenes/van-gogh-room.glb
    scene_dataset: data/scene_datasets/gibson_semantic/gibson.scene_dataset_config.json
    additional_object_paths: []
    seed: ${habitat.seed}
    turn_angle: 30
    tilt_angle: 30
    default_agent_id: 0
    debug_render: false
    debug_render_articulated_agent: false
    kinematic_mode: false
    debug_render_goal: true
    robot_joint_start_noise: 0.0
    ctrl_freq: 120.0
    ac_freq_ratio: 4
    load_objs: true
    hold_thresh: 0.15
    grasp_impulse: 10000.0
    agents:
      main_agent:
        height: 0.88
        radius: 0.18
        grasp_managers: 1
        sim_sensors:
          rgb_sensor:
            type: HabitatSimRGBSensor
            height: 480
            width: 640
            position:
            - 0.0
            - 0.88
            - 0.0
            orientation:
            - 0.0
            - 0.0
            - 0.0
            hfov: 79
            sensor_subtype: PINHOLE
            noise_model: None
            noise_model_kwargs: {}
          depth_sensor:
            type: HabitatSimDepthSensor
            height: 480
            width: 640
            position:
            - 0.0
            - 0.88
            - 0.0
            orientation:
            - 0.0
            - 0.0
            - 0.0
            hfov: 79
            sensor_subtype: PINHOLE
            noise_model: None
            noise_model_kwargs: {}
            min_depth: 0.5
            max_depth: 5.0
            normalize_depth: true
        is_set_start_state: false
        start_position:
        - 0.0
        - 0.0
        - 0.0
        start_rotation:
        - 0.0
        - 0.0
        - 0.0
        - 1.0
        joint_start_noise: 0.1
        articulated_agent_urdf: data/robots/hab_fetch/robots/hab_fetch.urdf
        articulated_agent_type: FetchRobot
        ik_arm_urdf: data/robots/hab_fetch/robots/fetch_onlyarm.urdf
        motion_data_path: ''
    agents_order:
    - main_agent
    habitat_sim_v0:
      gpu_device_id: 0
      gpu_gpu: false
      allow_sliding: false
      frustum_culling: true
      enable_physics: false
      physics_config_file: ./data/default.physics_config.json
      leave_context_with_background_renderer: false
      enable_gfx_replay_save: false
    ep_info: null
    object_ids_start: 100
  task:
    reward_measure: distance_to_goal_reward
    success_measure: spl
    success_reward: 2.5
    slack_reward: -0.001
    end_on_success: true
    type: ObjectNav-v1
    lab_sensors:
      objectgoal_sensor:
        type: ObjectGoalSensor
        goal_spec: TASK_CATEGORY_ID
        goal_spec_max_val: 50
      compass_sensor:
        type: CompassSensor
      gps_sensor:
        type: GPSSensor
        dimensionality: 2
      base_explorer:
        type: BaseExplorer
        ang_vel: 10.0
        area_thresh: 3.0
        forward_step_size: 0.25
        fov: 79
        lin_vel: 0.25
        map_resolution: 256
        minimize_time: true
        success_distance: 0.18
        turn_angle: 10.0
        visibility_dist: 4.5
      heading_sensor:
        type: HeadingSensor
      frontier_sensor:
        type: FrontierSensor
    measurements:
      distance_to_goal:
        type: DistanceToGoal
        distance_to: VIEW_POINTS
      success:
        type: Success
        success_distance: 1.0
      spl:
        type: SPL
      soft_spl:
        type: SoftSPL
      distance_to_goal_reward:
        type: DistanceToGoalReward
      frontier_exploration_map:
        type: FrontierExplorationMap
        max_episode_steps: 1000
        map_padding: 3
        map_resolution: 1024
        draw_source: true
        draw_border: true
        draw_shortest_path: true
        draw_view_points: true
        draw_goal_positions: true
        draw_goal_aabbs: false
        fog_of_war:
          draw: true
          visibility_dist: 5.0
          fov: 90
        draw_waypoints: true
      traveled_stairs:
        type: TraveledStairs
    goal_sensor_uuid: objectgoal
    count_obj_collisions: true
    settle_steps: 5
    constraint_violation_ends_episode: true
    constraint_violation_drops_object: false
    force_regenerate: false
    should_save_to_cache: false
    object_in_hand_sample_prob: 0.167
    min_start_distance: 3.0
    render_target: true
    physics_stability_steps: 1
    num_spawn_attempts: 200
    spawn_max_dist_to_obj: 2.0
    base_angle_noise: 0.523599
    ee_sample_factor: 0.2
    ee_exclude_region: 0.0
    base_noise: 0.05
    spawn_region_scale: 0.2
    joint_max_impulse: -1.0
    desired_resting_position:
    - 0.5
    - 0.0
    - 1.0
    use_marker_t: true
    cache_robot_init: false
    success_state: 0.0
    should_enforce_target_within_reach: false
    task_spec_base_path: habitat/task/rearrange/pddl/
    task_spec: ''
    pddl_domain_def: replica_cad
    obj_succ_thresh: 0.3
    enable_safe_drop: false
    art_succ_thresh: 0.15
    robot_at_thresh: 2.0
    filter_nav_to_tasks: []
    actions:
      stop:
        type: StopAction
        agent_index: 0
      move_forward:
        type: MoveForwardAction
        agent_index: 0
      turn_left:
        type: TurnLeftAction
        agent_index: 0
      turn_right:
        type: TurnRightAction
        agent_index: 0
      look_up:
        type: LookUpAction
        agent_index: 0
      look_down:
        type: LookDownAction
        agent_index: 0
  dataset:
    type: ObjectNav-v1
    split: val
    scenes_dir: data/scene_datasets
    content_scenes:
    - Darden
    data_path: data/datasets/objectnav/gibson/v1.1/val/Darden_full.json.gz
  gym:
    obs_keys: null
    action_keys: null
    achieved_goal_keys: []
    desired_goal_keys: []

2026-07-21 19:28:45,085 Initializing dataset ObjectNav-v1
Gym has been unmaintained since 2022 and does not support NumPy 2.0 amongst other critical functionality.
Please upgrade to Gymnasium, the maintained drop-in replacement of Gym, or contact the authors of your software and request that they upgrade.
See the migration guide at https://gymnasium.farama.org/introduction/migration_guide/ for additional information.
Neither `ifconfig` (`ifconfig -a`) nor `ip` (`ip address show`) commands are available, listing network interfaces is likely to fail
FutureWarning: `torch.cuda.amp.custom_fwd(args...)` is deprecated. Please use `torch.amp.custom_fwd(args..., device_type='cuda')` instead.
FutureWarning: `torch.cuda.amp.custom_bwd(args...)` is deprecated. Please use `torch.amp.custom_bwd(args..., device_type='cuda')` instead.
2026-07-21 19:28:51,587 Initializing dataset ObjectNav-v1
2026-07-21 19:28:51,603 initializing sim Sim-v0
[19:28:51:612915]:[Metadata] AttributesManagerBase.h(380)::createFromJsonOrDefaultInternal : <Dataset>: Proposing JSON name : default.scene_dataset_config.json from original name : default| This file does not exist.
[19:28:51:613072]:[Metadata] AssetAttributesManager.cpp(123)::createObject : Asset attributes (capsule3DSolid:capsule3DSolid_hemiRings_4_cylRings_1_segments_12_halfLen_0.75_useTexCoords_false_useTangents_false) created and registered.
[19:28:51:613135]:[Metadata] AssetAttributesManager.cpp(123)::createObject : Asset attributes (capsule3DWireframe:capsule3DWireframe_hemiRings_8_cylRings_1_segments_16_halfLen_1) created and registered.
[19:28:51:613157]:[Metadata] AssetAttributesManager.cpp(123)::createObject : Asset attributes (coneSolid:coneSolid_segments_12_halfLen_1.25_rings_1_useTexCoords_false_useTangents_false_capEnd_true) created and registered.
[19:28:51:613175]:[Metadata] AssetAttributesManager.cpp(123)::createObject : Asset attributes (coneWireframe:coneWireframe_segments_32_halfLen_1.25) created and registered.
[19:28:51:613190]:[Metadata] AssetAttributesManager.cpp(123)::createObject : Asset attributes (cubeSolid:cubeSolid) created and registered.
[19:28:51:613204]:[Metadata] AssetAttributesManager.cpp(123)::createObject : Asset attributes (cubeWireframe:cubeWireframe) created and registered.
[19:28:51:613221]:[Metadata] AssetAttributesManager.cpp(123)::createObject : Asset attributes (cylinderSolid:cylinderSolid_rings_1_segments_12_halfLen_1_useTexCoords_false_useTangents_false_capEnds_true) created and registered.
[19:28:51:613234]:[Metadata] AssetAttributesManager.cpp(123)::createObject : Asset attributes (cylinderWireframe:cylinderWireframe_rings_1_segments_32_halfLen_1) created and registered.
[19:28:51:613252]:[Metadata] AssetAttributesManager.cpp(123)::createObject : Asset attributes (icosphereSolid:icosphereSolid_subdivs_1) created and registered.
[19:28:51:613268]:[Metadata] AssetAttributesManager.cpp(123)::createObject : Asset attributes (icosphereWireframe:icosphereWireframe_subdivs_1) created and registered.
[19:28:51:613287]:[Metadata] AssetAttributesManager.cpp(123)::createObject : Asset attributes (uvSphereSolid:uvSphereSolid_rings_8_segments_16_useTexCoords_false_useTangents_false) created and registered.
[19:28:51:613299]:[Metadata] AssetAttributesManager.cpp(123)::createObject : Asset attributes (uvSphereWireframe:uvSphereWireframe_rings_16_segments_32) created and registered.
[19:28:51:613314]:[Metadata] AssetAttributesManager.cpp(112)::AssetAttributesManager : Built default primitive asset templates : 12
[19:28:51:613539]:[Metadata] SceneDatasetAttributesManager.cpp(37)::createObject : File (default) not found, so new default dataset attributes created  and registered.
[19:28:51:613547]:[Metadata] MetadataMediator.cpp(120)::createSceneDataset : Dataset default successfully created.
[19:28:51:613561]:[Metadata] AttributesManagerBase.h(380)::createFromJsonOrDefaultInternal : <Physics Manager>: Proposing JSON name : ./data/default.physics_config.json from original name : ./data/default.physics_config.json| This file does not exist.
[19:28:51:613575]:[Metadata] PhysicsAttributesManager.cpp(26)::createObject : File (./data/default.physics_config.json) not found, so new default physics manager attributes created and registered.
[19:28:51:613583]:[Metadata] MetadataMediator.cpp(210)::setActiveSceneDatasetName : Attempting to create new dataset data/scene_datasets/gibson_semantic/gibson.scene_dataset_config.json
[19:28:51:613595]:[Metadata] AttributesManagerBase.h(380)::createFromJsonOrDefaultInternal : <Dataset>: Proposing JSON name : data/scene_datasets/gibson_semantic/gibson.scene_dataset_config.json from original name : data/scene_datasets/gibson_semantic/gibson.scene_dataset_config.json| This file exists.
[19:28:51:613639]:[Metadata] AssetAttributesManager.cpp(123)::createObject : Asset attributes (capsule3DSolid:capsule3DSolid_hemiRings_4_cylRings_1_segments_12_halfLen_0.75_useTexCoords_false_useTangents_false) created and registered.
[19:28:51:613654]:[Metadata] AssetAttributesManager.cpp(123)::createObject : Asset attributes (capsule3DWireframe:capsule3DWireframe_hemiRings_8_cylRings_1_segments_16_halfLen_1) created and registered.
[19:28:51:613665]:[Metadata] AssetAttributesManager.cpp(123)::createObject : Asset attributes (coneSolid:coneSolid_segments_12_halfLen_1.25_rings_1_useTexCoords_false_useTangents_false_capEnd_true) created and registered.
[19:28:51:613675]:[Metadata] AssetAttributesManager.cpp(123)::createObject : Asset attributes (coneWireframe:coneWireframe_segments_32_halfLen_1.25) created and registered.
[19:28:51:613684]:[Metadata] AssetAttributesManager.cpp(123)::createObject : Asset attributes (cubeSolid:cubeSolid) created and registered.
[19:28:51:613692]:[Metadata] AssetAttributesManager.cpp(123)::createObject : Asset attributes (cubeWireframe:cubeWireframe) created and registered.
[19:28:51:613702]:[Metadata] AssetAttributesManager.cpp(123)::createObject : Asset attributes (cylinderSolid:cylinderSolid_rings_1_segments_12_halfLen_1_useTexCoords_false_useTangents_false_capEnds_true) created and registered.
[19:28:51:613712]:[Metadata] AssetAttributesManager.cpp(123)::createObject : Asset attributes (cylinderWireframe:cylinderWireframe_rings_1_segments_32_halfLen_1) created and registered.
[19:28:51:613721]:[Metadata] AssetAttributesManager.cpp(123)::createObject : Asset attributes (icosphereSolid:icosphereSolid_subdivs_1) created and registered.
[19:28:51:613731]:[Metadata] AssetAttributesManager.cpp(123)::createObject : Asset attributes (icosphereWireframe:icosphereWireframe_subdivs_1) created and registered.
[19:28:51:613741]:[Metadata] AssetAttributesManager.cpp(123)::createObject : Asset attributes (uvSphereSolid:uvSphereSolid_rings_8_segments_16_useTexCoords_false_useTangents_false) created and registered.
[19:28:51:613750]:[Metadata] AssetAttributesManager.cpp(123)::createObject : Asset attributes (uvSphereWireframe:uvSphereWireframe_rings_16_segments_32) created and registered.
[19:28:51:613757]:[Metadata] AssetAttributesManager.cpp(112)::AssetAttributesManager : Built default primitive asset templates : 12
[19:28:51:613855]:[Metadata] AttributesManagerBase.h(352)::buildAttrSrcPathsFromJSONAndLoad : Glob path result for data/scene_datasets/gibson_semantic/./ : data/scene_datasets/gibson_semantic/./
[19:28:51:613871]:[Metadata] AttributesManagerBase.h(303)::loadAllTemplatesFromPathAndExt : Parsing Stage Template library directory: data/scene_datasets/gibson_semantic/./ for '.glb' files
[19:28:51:614593]:[Metadata] AttributesManagerBase.h(265)::loadAllFileBasedTemplates : Loading 492  Stage Template templates found in data/scene_datasets/gibson_semantic/.
[19:28:51:614606]:[Metadata] AttributesManagerBase.h(380)::createFromJsonOrDefaultInternal : <Stage Template>: Proposing JSON name : data/scene_datasets/gibson_semantic/./Ackermanville.stage_config.json from original name : data/scene_datasets/gibson_semantic/./Ackermanville.glb| This file does not exist.
[19:28:51:614661]:[Metadata] AbstractObjectAttributesManagerBase.h(184)::createObject : File (data/scene_datasets/gibson_semantic/./Ackermanville.glb) exists but is not a recognized config filename extension, so new default Stage Template attributes created and registered.
[19:28:51:614673]:[Metadata] AttributesManagerBase.h(380)::createFromJsonOrDefaultInternal : <Stage Template>: Proposing JSON name : data/scene_datasets/gibson_semantic/./Adairsville.stage_config.json from original name : data/scene_datasets/gibson_semantic/./Adairsville.glb| This file does not exist.
[19:28:51:614713]:[Metadata] AbstractObjectAttributesManagerBase.h(184)::createObject : File (data/scene_datasets/gibson_semantic/./Adairsville.glb) exists but is not a recognized config filename extension, so new default Stage Template attributes created and registered.
[19:28:51:614723]:[Metadata] AttributesManagerBase.h(380)::createFromJsonOrDefaultInternal : <Stage Template>: Proposing JSON name : data/scene_datasets/gibson_semantic/./Adrian.stage_config.json from original name : data/scene_datasets/gibson_semantic/./Adrian.glb| This file does not exist.
[19:28:51:614760]:[Metadata] AbstractObjectAttributesManagerBase.h(184)::createObject : File (data/scene_datasets/gibson_semantic/./Adrian.glb) exists but is not a recognized config filename extension, so new default Stage Template attributes created and registered.
[19:28:51:614770]:[Metadata] AttributesManagerBase.h(380)::createFromJsonOrDefaultInternal : <Stage Template>: Proposing JSON name : data/scene_datasets/gibson_semantic/./Airport.stage_config.json from original name : data/scene_datasets/gibson_semantic/./Airport.glb| This file does not exist.
[19:28:51:614808]:[Metadata] AbstractObjectAttributesManagerBase.h(184)::createObject : File (data/scene_datasets/gibson_semantic/./Airport.glb) exists but is not a recognized config filename extension, so new default Stage Template attributes created and registered.
[19:28:51:614818]:[Metadata] AttributesManagerBase.h(380)::createFromJsonOrDefaultInternal : <Stage Template>: Proposing JSON name : data/scene_datasets/gibson_semantic/./Albertville.stage_config.json from original name : data/scene_datasets/gibson_semantic/./Albertville.glb| This file does not exist.
[19:28:51:614855]:[Metadata] AbstractObjectAttributesManagerBase.h(184)::createObject : File (data/scene_datasets/gibson_semantic/./Albertville.glb) exists but is not a recognized config filename extension, so new default Stage Template attributes created and registered.
[19:28:51:614865]:[Metadata] AttributesManagerBase.h(380)::createFromJsonOrDefaultInternal : <Stage Template>: Proposing JSON name : data/scene_datasets/gibson_semantic/./Aldrich.stage_config.json from original name : data/scene_datasets/gibson_semantic/./Aldrich.glb| This file does not exist.
[19:28:51:614901]:[Metadata] AbstractObjectAttributesManagerBase.h(184)::createObject : File (data/scene_datasets/gibson_semantic/./Aldrich.glb) exists but is not a recognized config filename extension, so new default Stage Template attributes created and registered.
[19:28:51:614911]:[Metadata] AttributesManagerBase.h(380)::createFromJsonOrDefaultInternal : <Stage Template>: Proposing JSON name : data/scene_datasets/gibson_semantic/./Alfred.stage_config.json from original name : data/scene_datasets/gibson_semantic/./Alfred.glb| This file does not exist.
[19:28:51:614947]:[Metadata] AbstractObjectAttributesManagerBase.h(184)::createObject : File (data/scene_datasets/gibson_semantic/./Alfred.glb) exists but is not a recognized config filename extension, so new default Stage Template attributes created and registered.
[19:28:51:614957]:[Metadata] AttributesManagerBase.h(380)::createFromJsonOrDefaultInternal : <Stage Template>: Proposing JSON name : data/scene_datasets/gibson_semantic/./Allensville.stage_config.json from original name : data/scene_datasets/gibson_semantic/./Allensville.glb| This file does not exist.
[19:28:51:614997]:[Metadata] AbstractObjectAttributesManagerBase.h(184)::createObject : File (data/scene_datasets/gibson_semantic/./Allensville.glb) exists but is not a recognized config filename extension, so new default Stage Template attributes created and registered.
[19:28:51:615006]:[Metadata] AttributesManagerBase.h(380)::createFromJsonOrDefaultInternal : <Stage Template>: Proposing JSON name : data/scene_datasets/gibson_semantic/./Almena.stage_config.json from original name : data/scene_datasets/gibson_semantic/./Almena.glb| This file does not exist.
[19:28:51:615044]:[Metadata] AbstractObjectAttributesManagerBase.h(184)::createObject : File (data/scene_datasets/gibson_semantic/./Almena.glb) exists but is not a recognized config filename extension, so new default Stage Template attributes created and registered.
[19:28:51:615054]:[Metadata] AttributesManagerBase.h(380)::createFromJsonOrDefaultInternal : <Stage Template>: Proposing JSON name : data/scene_datasets/gibson_semantic/./Almota.stage_config.json from original name : data/scene_datasets/gibson_semantic/./Almota.glb| This file does not exist.
[19:28:51:615090]:[Metadata] AbstractObjectAttributesManagerBase.h(184)::createObject : File (data/scene_datasets/gibson_semantic/./Almota.glb) exists but is not a recognized config filename extension, so new default Stage Template attributes created and registered.
[19:28:51:615100]:[Metadata] AttributesManagerBase.h(380)::createFromJsonOrDefaultInternal : <Stage Template>: Proposing JSON name : data/scene_datasets/gibson_semantic/./Aloha.stage_config.json from original name : data/scene_datasets/gibson_semantic/./Aloha.glb| This file does not exist.
[19:28:51:615138]:[Metadata] AbstractObjectAttributesManagerBase.h(184)::createObject : File (data/scene_datasets/gibson_semantic/./Aloha.glb) exists but is not a recognized config filename extension, so new default Stage Template attributes created and registered.
[19:28:51:615148]:[Metadata] AttributesManagerBase.h(380)::createFromJsonOrDefaultInternal : <Stage Template>: Proposing JSON name : data/scene_datasets/gibson_semantic/./Alstown.stage_config.json from original name : data/scene_datasets/gibson_semantic/./Alstown.glb| This file does not exist.
[19:28:51:615183]:[Metadata] AbstractObjectAttributesManagerBase.h(184)::createObject : File (data/scene_datasets/gibson_semantic/./Alstown.glb) exists but is not a recognized config filename extension, so new default Stage Template attributes created and registered.
[19:28:51:615193]:[Metadata] AttributesManagerBase.h(380)::createFromJsonOrDefaultInternal : <Stage Template>: Proposing JSON name : data/scene_datasets/gibson_semantic/./American.stage_config.json from original name : data/scene_datasets/gibson_semantic/./American.glb| This file does not exist.
[19:28:51:615233]:[Metadata] AbstractObjectAttributesManagerBase.h(184)::createObject : File (data/scene_datasets/gibson_semantic/./American.glb) exists but is not a recognized config filename extension, so new default Stage Template attributes created and registered.
[19:28:51:615242]:[Metadata] AttributesManagerBase.h(380)::createFromJsonOrDefaultInternal : <Stage Template>: Proposing JSON name : data/scene_datasets/gibson_semantic/./Anaheim.stage_config.json from original name : data/scene_datasets/gibson_semantic/./Anaheim.glb| This file does not exist.
[19:28:51:615280]:[Metadata] AbstractObjectAttributesManagerBase.h(184)::createObject : File (data/scene_datasets/gibson_semantic/./Anaheim.glb) exists but is not a recognized config filename extension, so new default Stage Template attributes created and registered.
[19:28:51:615289]:[Metadata] AttributesManagerBase.h(380)::createFromJsonOrDefaultInternal : <Stage Template>: Proposing JSON name : data/scene_datasets/gibson_semantic/./Ancor.stage_config.json from original name : data/scene_datasets/gibson_semantic/./Ancor.glb| This file does not exist.
[19:28:51:615325]:[Metadata] AbstractObjectAttributesManagerBase.h(184)::createObject : File (data/scene_datasets/gibson_semantic/./Ancor.glb) exists but is not a recognized config filename extension, so new default Stage Template attributes created and registered.
[19:28:51:615335]:[Metadata] AttributesManagerBase.h(380)::createFromJsonOrDefaultInternal : <Stage Template>: Proposing JSON name : data/scene_datasets/gibson_semantic/./Andover.stage_config.json from original name : data/scene_datasets/gibson_semantic/./Andover.glb| This file does not exist.
[19:28:51:615372]:[Metadata] AbstractObjectAttributesManagerBase.h(184)::createObject : File (data/scene_datasets/gibson_semantic/./Andover.glb) exists but is not a recognized config filename extension, so new default Stage Template attributes created and registered.
[19:28:51:615381]:[Metadata] AttributesManagerBase.h(380)::createFromJsonOrDefaultInternal : <Stage Template>: Proposing JSON name : data/scene_datasets/gibson_semantic/./Angiola.stage_config.json from original name : data/scene_datasets/gibson_semantic/./Angiola.glb| This file does not exist.
[19:28:51:615417]:[Metadata] AbstractObjectAttributesManagerBase.h(184)::createObject : File (data/scene_datasets/gibson_semantic/./Angiola.glb) exists but is not a recognized config filename extension, so new default Stage Template attributes created and registered.
[19:28:51:615427]:[Metadata] AttributesManagerBase.h(380)::createFromJsonOrDefaultInternal : <Stage Template>: Proposing JSON name : data/scene_datasets/gibson_semantic/./Annawan.stage_config.json from original name : data/scene_datasets/gibson_semantic/./Annawan.glb| This file does not exist.
[19:28:51:615463]:[Metadata] AbstractObjectAttributesManagerBase.h(184)::createObject : File (data/scene_datasets/gibson_semantic/./Annawan.glb) exists but is not a recognized config filename extension, so new default Stage Template attributes created and registered.
[19:28:51:615473]:[Metadata] AttributesManagerBase.h(380)::createFromJsonOrDefaultInternal : <Stage Template>: Proposing JSON name : data/scene_datasets/gibson_semantic/./Annona.stage_config.json from original name : data/scene_datasets/gibson_semantic/./Annona.glb| This file does not exist.
[19:28:51:615507]:[Metadata] AbstractObjectAttributesManagerBase.h(184)::createObject : File (data/scene_datasets/gibson_semantic/./Annona.glb) exists but is not a recognized config filename extension, so new default Stage Template attributes created and registered.
[19:28:51:615517]:[Metadata] AttributesManagerBase.h(380)::createFromJsonOrDefaultInternal : <Stage Template>: Proposing JSON name : data/scene_datasets/gibson_semantic/./Anthoston.stage_config.json from original name : data/scene_datasets/gibson_semantic/./Anthoston.glb| This file does not exist.
[19:28:51:615552]:[Metadata] AbstractObjectAttributesManagerBase.h(184)::createObject : File (data/scene_datasets/gibson_semantic/./Anthoston.glb) exists but is not a recognized config filename extension, so new default Stage Template attributes created and registered.
[19:28:51:615562]:[Metadata] AttributesManagerBase.h(380)::createFromJsonOrDefaultInternal : <Stage Template>: Proposing JSON name : data/scene_datasets/gibson_semantic/./Apache.stage_config.json from original name : data/scene_datasets/gibson_semantic/./Apache.glb| This file does not exist.
[19:28:51:615601]:[Metadata] AbstractObjectAttributesManagerBase.h(184)::createObject : File (data/scene_datasets/gibson_semantic/./Apache.glb) exists but is not a recognized config filename extension, so new default Stage Template attributes created and registered.
[19:28:51:615612]:[Metadata] AttributesManagerBase.h(380)::createFromJsonOrDefaultInternal : <Stage Template>: Proposing JSON name : data/scene_datasets/gibson_semantic/./Applewold.stage_config.json from original name : data/scene_datasets/gibson_semantic/./Applewold.glb| This file does not exist.
[19:28:51:615648]:[Metadata] AbstractObjectAttributesManagerBase.h(184)::createObject : File (data/scene_datasets/gibson_semantic/./Applewold.glb) exists but is not a recognized config filename extension, so new default Stage Template attributes created and registered.
[19:28:51:615658]:[Metadata] AttributesManagerBase.h(380)::createFromJsonOrDefaultInternal : <Stage Template>: Proposing JSON name : data/scene_datasets/gibson_semantic/./Arbutus.stage_config.json from original name : data/scene_datasets/gibson_semantic/./Arbutus.glb| This file does not exist.
[19:28:51:615694]:[Metadata] AbstractObjectAttributesManagerBase.h(184)::createObject : File (data/scene_datasets/gibson_semantic/./Arbutus.glb) exists but is not a recognized config filename extension, so new default Stage Template attributes created and registered.
[19:28:51:615704]:[Metadata] AttributesManagerBase.h(380)::createFromJsonOrDefaultInternal : <Stage Template>: Proposing JSON name : data/scene_datasets/gibson_semantic/./Archer.stage_config.json from original name : data/scene_datasets/gibson_semantic/./Archer.glb| This file does not exist.
[19:28:51:615740]:[Metadata] AbstractObjectAttributesManagerBase.h(184)::createObject : File (data/scene_datasets/gibson_semantic/./Archer.glb) exists but is not a recognized config filename extension, so new default Stage Template attributes created and registered.
[19:28:51:615750]:[Metadata] AttributesManagerBase.h(380)::createFromJsonOrDefaultInternal : <Stage Template>: Proposing JSON name : data/scene_datasets/gibson_semantic/./Arkansaw.stage_config.json from original name : data/scene_datasets/gibson_semantic/./Arkansaw.glb| This file does not exist.
[19:28:51:615786]:[Metadata] AbstractObjectAttributesManagerBase.h(184)::createObject : File (data/scene_datasets/gibson_semantic/./Arkansaw.glb) exists but is not a recognized config filename extension, so new default Stage Template attributes created and registered.
[19:28:51:615796]:[Metadata] AttributesManagerBase.h(380)::createFromJsonOrDefaultInternal : <Stage Template>: Proposing JSON name : data/scene_datasets/gibson_semantic/./Arona.stage_config.json from original name : data/scene_datasets/gibson_semantic/./Arona.glb| This file does not exist.
[19:28:51:615830]:[Metadata] AbstractObjectAttributesManagerBase.h(184)::createObject : File (data/scene_datasets/gibson_semantic/./Arona.glb) exists but is not a recognized config filename extension, so new default Stage Template attributes created and registered.
[19:28:51:615840]:[Metadata] AttributesManagerBase.h(380)::createFromJsonOrDefaultInternal : <Stage Template>: Proposing JSON name : data/scene_datasets/gibson_semantic/./Artois.stage_config.json from original name : data/scene_datasets/gibson_semantic/./Artois.glb| This file does not exist.
[19:28:51:615876]:[Metadata] AbstractObjectAttributesManagerBase.h(184)::createObject : File (data/scene_datasets/gibson_semantic/./Artois.glb) exists but is not a recognized config filename extension, so new default Stage Template attributes created and registered.
[19:28:51:615886]:[Metadata] AttributesManagerBase.h(380)::createFromJsonOrDefaultInternal : <Stage Template>: Proposing JSON name : data/scene_datasets/gibson_semantic/./Ashport.stage_config.json from original name : data/scene_datasets/gibson_semantic/./Ashport.glb| This file does not exist.
[19:28:51:615921]:[Metadata] AbstractObjectAttributesManagerBase.h(184)::createObject : File (data/scene_datasets/gibson_semantic/./Ashport.glb) exists but is not a recognized config filename extension, so new default Stage Template attributes created and registered.
[19:28:51:615931]:[Metadata] AttributesManagerBase.h(380)::createFromJsonOrDefaultInternal : <Stage Template>: Proposing JSON name : data/scene_datasets/gibson_semantic/./Assinippi.stage_config.json from original name : data/scene_datasets/gibson_semantic/./Assinippi.glb| This file does not exist.
[19:28:51:615966]:[Metadata] AbstractObjectAttributesManagerBase.h(184)::createObject : File (data/scene_datasets/gibson_semantic/./Assinippi.glb) exists but is not a recognized config filename extension, so new default Stage Template attributes created and registered.
[19:28:51:615976]:[Metadata] AttributesManagerBase.h(380)::createFromJsonOrDefaultInternal : <Stage Template>: Proposing JSON name : data/scene_datasets/gibson_semantic/./Athens.stage_config.json from original name : data/scene_datasets/gibson_semantic/./Athens.glb| This file does not exist.
[19:28:51:616012]:[Metadata] AbstractObjectAttributesManagerBase.h(184)::createObject : File (data/scene_datasets/gibson_semantic/./Athens.glb) exists but is not a recognized config filename extension, so new default Stage Template attributes created and registered.
[19:28:51:616021]:[Metadata] AttributesManagerBase.h(380)::createFromJsonOrDefaultInternal : <Stage Template>: Proposing JSON name : data/scene_datasets/gibson_semantic/./Auburn.stage_config.json from original name : data/scene_datasets/gibson_semantic/./Auburn.glb| This file does not exist.
[19:28:51:616057]:[Metadata] AbstractObjectAttributesManagerBase.h(184)::createObject : File (data/scene_datasets/gibson_semantic/./Auburn.glb) exists but is not a recognized config filename extension, so new default Stage Template attributes created and registered.
[19:28:51:616067]:[Metadata] AttributesManagerBase.h(380)::createFromJsonOrDefaultInternal : <Stage Template>: Proposing JSON name : data/scene_datasets/gibson_semantic/./Aulander.stage_config.json from original name : data/scene_datasets/gibson_semantic/./Aulander.glb| This file does not exist.
[19:28:51:616102]:[Metadata] AbstractObjectAttributesManagerBase.h(184)::createObject : File (data/scene_datasets/gibson_semantic/./Aulander.glb) exists but is not a recognized config filename extension, so new default Stage Template attributes created and registered.
[19:28:51:616111]:[Metadata] AttributesManagerBase.h(380)::createFromJsonOrDefaultInternal : <Stage Template>: Proposing JSON name : data/scene_datasets/gibson_semantic/./Avonia.stage_config.json from original name : data/scene_datasets/gibson_semantic/./Avonia.glb| This file does not exist.
[19:28:51:616146]:[Metadata] AbstractObjectAttributesManagerBase.h(184)::createObject : File (data/scene_datasets/gibson_semantic/./Avonia.glb) exists but is not a recognized config filename extension, so new default Stage Template attributes created and registered.
[19:28:51:616156]:[Metadata] AttributesManagerBase.h(380)::createFromJsonOrDefaultInternal : <Stage Template>: Proposing JSON name : data/scene_datasets/gibson_semantic/./Azusa.stage_config.json from original name : data/scene_datasets/gibson_semantic/./Azusa.glb| This file does not exist.
[19:28:51:616191]:[Metadata] AbstractObjectAttributesManagerBase.h(184)::createObject : File (data/scene_datasets/gibson_semantic/./Azusa.glb) exists but is not a recognized config filename extension, so new default Stage Template attributes created and registered.
[19:28:51:616200]:[Metadata] AttributesManagerBase.h(380)::createFromJsonOrDefaultInternal : <Stage Template>: Proposing JSON name : data/scene_datasets/gibson_semantic/./Ballantine.stage_config.json from original name : data/scene_datasets/gibson_semantic/./Ballantine.glb| This file does not exist.
[19:28:51:616235]:[Metadata] AbstractObjectAttributesManagerBase.h(184)::createObject : File (data/scene_datasets/gibson_semantic/./Ballantine.glb) exists but is not a recognized config filename extension, so new default Stage Template attributes created and registered.
[19:28:51:616245]:[Metadata] AttributesManagerBase.h(380)::createFromJsonOrDefaultInternal : <Stage Template>: Proposing JSON name : data/scene_datasets/gibson_semantic/./Ballou.stage_config.json from original name : data/scene_datasets/gibson_semantic/./Ballou.glb| This file does not exist.
[19:28:51:616279]:[Metadata] AbstractObjectAttributesManagerBase.h(184)::createObject : File (data/scene_datasets/gibson_semantic/./Ballou.glb) exists but is not a recognized config filename extension, so new default Stage Template attributes created and registered.
[19:28:51:616289]:[Metadata] AttributesManagerBase.h(380)::createFromJsonOrDefaultInternal : <Stage Template>: Proposing JSON name : data/scene_datasets/gibson_semantic/./Baneberry.stage_config.json from original name : data/scene_datasets/gibson_semantic/./Baneberry.glb| This file does not exist.
[19:28:51:616324]:[Metadata] AbstractObjectAttributesManagerBase.h(184)::createObject : File (data/scene_datasets/gibson_semantic/./Baneberry.glb) exists but is not a recognized config filename extension, so new default Stage Template attributes created and registered.
[19:28:51:616334]:[Metadata] AttributesManagerBase.h(380)::createFromJsonOrDefaultInternal : <Stage Template>: Proposing JSON name : data/scene_datasets/gibson_semantic/./Barboursville.stage_config.json from original name : data/scene_datasets/gibson_semantic/./Barboursville.glb| This file does not exist.
[19:28:51:616370]:[Metadata] AbstractObjectAttributesManagerBase.h(184)::createObject : File (data/scene_datasets/gibson_semantic/./Barboursville.glb) exists but is not a recognized config filename extension, so new default Stage Template attributes created and registered.
[19:28:51:616379]:[Metadata] AttributesManagerBase.h(380)::createFromJsonOrDefaultInternal : <Stage Template>: Proposing JSON name : data/scene_datasets/gibson_semantic/./Barranquitas.stage_config.json from original name : data/scene_datasets/gibson_semantic/./Barranquitas.glb| This file does not exist.
[19:28:51:616415]:[Metadata] AbstractObjectAttributesManagerBase.h(184)::createObject : File (data/scene_datasets/gibson_semantic/./Barranquitas.glb) exists but is not a recognized config filename extension, so new default Stage Template attributes created and registered.
[19:28:51:616425]:[Metadata] AttributesManagerBase.h(380)::createFromJsonOrDefaultInternal : <Stage Template>: Proposing JSON name : data/scene_datasets/gibson_semantic/./Bautista.stage_config.json from original name : data/scene_datasets/gibson_semantic/./Bautista.glb| This file does not exist.
[19:28:51:616460]:[Metadata] AbstractObjectAttributesManagerBase.h(184)::createObject : File (data/scene_datasets/gibson_semantic/./Bautista.glb) exists but is not a recognized config filename extension, so new default Stage Template attributes created and registered.
[19:28:51:616469]:[Metadata] AttributesManagerBase.h(380)::createFromJsonOrDefaultInternal : <Stage Template>: Proposing JSON name : data/scene_datasets/gibson_semantic/./Beach.stage_config.json from original name : data/scene_datasets/gibson_semantic/./Beach.glb| This file does not exist.
[19:28:51:616504]:[Metadata] AbstractObjectAttributesManagerBase.h(184)::createObject : File (data/scene_datasets/gibson_semantic/./Beach.glb) exists but is not a recognized config filename extension, so new default Stage Template attributes created and registered.
[19:28:51:616514]:[Metadata] AttributesManagerBase.h(380)::createFromJsonOrDefaultInternal : <Stage Template>: Proposing JSON name : data/scene_datasets/gibson_semantic/./Beechwood.stage_config.json from original name : data/scene_datasets/gibson_semantic/./Beechwood.glb| This file does not exist.
[19:28:51:616549]:[Metadata] AbstractObjectAttributesManagerBase.h(184)::createObject : File (data/scene_datasets/gibson_semantic/./Beechwood.glb) exists but is not a recognized config filename extension, so new default Stage Template attributes created and registered.
[19:28:51:616559]:[Metadata] AttributesManagerBase.h(380)::createFromJsonOrDefaultInternal : <Stage Template>: Proposing JSON name : data/scene_datasets/gibson_semantic/./Bellwood.stage_config.json from original name : data/scene_datasets/gibson_semantic/./Bellwood.glb| This file does not exist.
[19:28:51:616595]:[Metadata] AbstractObjectAttributesManagerBase.h(184)::createObject : File (data/scene_datasets/gibson_semantic/./Bellwood.glb) exists but is not a recognized config filename extension, so new default Stage Template attributes created and registered.
[19:28:51:616605]:[Metadata] AttributesManagerBase.h(380)::createFromJsonOrDefaultInternal : <Stage Template>: Proposing JSON name : data/scene_datasets/gibson_semantic/./Benevolence.stage_config.json from original name : data/scene_datasets/gibson_semantic/./Benevolence.glb| This file does not exist.
[19:28:51:616639]:[Metadata] AbstractObjectAttributesManagerBase.h(184)::createObject : File (data/scene_datasets/gibson_semantic/./Benevolence.glb) exists but is not a recognized config filename extension, so new default Stage Template attributes created and registered.
[19:28:51:616649]:[Metadata] AttributesManagerBase.h(380)::createFromJsonOrDefaultInternal : <Stage Template>: Proposing JSON name : data/scene_datasets/gibson_semantic/./Bethlehem.stage_config.json from original name : data/scene_datasets/gibson_semantic/./Bethlehem.glb| This file does not exist.
[19:28:51:616684]:[Metadata] AbstractObjectAttributesManagerBase.h(184)::createObject : File (data/scene_datasets/gibson_semantic/./Bethlehem.glb) exists but is not a recognized config filename extension, so new default Stage Template attributes created and registered.
[19:28:51:616693]:[Metadata] AttributesManagerBase.h(380)::createFromJsonOrDefaultInternal : <Stage Template>: Proposing JSON name : data/scene_datasets/gibson_semantic/./Bettendorf.stage_config.json from original name : data/scene_datasets/gibson_semantic/./Bettendorf.glb| This file does not exist.
[19:28:51:616729]:[Metadata] AbstractObjectAttributesManagerBase.h(184)::createObject : File (data/scene_datasets/gibson_semantic/./Bettendorf.glb) exists but is not a recognized config filename extension, so new default Stage Template attributes created and registered.
[19:28:51:616739]:[Metadata] AttributesManagerBase.h(380)::createFromJsonOrDefaultInternal : <Stage Template>: Proposing JSON name : data/scene_datasets/gibson_semantic/./Biltmore.stage_config.json from original name : data/scene_datasets/gibson_semantic/./Biltmore.glb| This file does not exist.
[19:28:51:616774]:[Metadata] AbstractObjectAttributesManagerBase.h(184)::createObject : File (data/scene_datasets/gibson_semantic/./Biltmore.glb) exists but is not a recognized config filename extension, so new default Stage Template attributes created and registered.
[19:28:51:616784]:[Metadata] AttributesManagerBase.h(380)::createFromJsonOrDefaultInternal : <Stage Template>: Proposing JSON name : data/scene_datasets/gibson_semantic/./Blackstone.stage_config.json from original name : data/scene_datasets/gibson_semantic/./Blackstone.glb| This file does not exist.
[19:28:51:616819]:[Metadata] AbstractObjectAttributesManagerBase.h(184)::createObject : File (data/scene_datasets/gibson_semantic/./Blackstone.glb) exists but is not a recognized config filename extension, so new default Stage Template attributes created and registered.
[19:28:51:616828]:[Metadata] AttributesManagerBase.h(380)::createFromJsonOrDefaultInternal : <Stage Template>: Proposing JSON name : data/scene_datasets/gibson_semantic/./Bohemia.stage_config.json from original name : data/scene_datasets/gibson_semantic/./Bohemia.glb| This file does not exist.
[19:28:51:616863]:[Metadata] AbstractObjectAttributesManagerBase.h(184)::createObject : File (data/scene_datasets/gibson_semantic/./Bohemia.glb) exists but is not a recognized config filename extension, so new default Stage Template attributes created and registered.
[19:28:51:616872]:[Metadata] AttributesManagerBase.h(380)::createFromJsonOrDefaultInternal : <Stage Template>: Proposing JSON name : data/scene_datasets/gibson_semantic/./Bolton.stage_config.json from original name : data/scene_datasets/gibson_semantic/./Bolton.glb| This file does not exist.
[19:28:51:616907]:[Metadata] AbstractObjectAttributesManagerBase.h(184)::createObject : File (data/scene_datasets/gibson_semantic/./Bolton.glb) exists but is not a recognized config filename extension, so new default Stage Template attributes created and registered.
[19:28:51:616917]:[Metadata] AttributesManagerBase.h(380)::createFromJsonOrDefaultInternal : <Stage Template>: Proposing JSON name : data/scene_datasets/gibson_semantic/./Bonesteel.stage_config.json from original name : data/scene_datasets/gibson_semantic/./Bonesteel.glb| This file does not exist.
[19:28:51:616952]:[Metadata] AbstractObjectAttributesManagerBase.h(184)::createObject : File (data/scene_datasets/gibson_semantic/./Bonesteel.glb) exists but is not a recognized config filename extension, so new default Stage Template attributes created and registered.
[19:28:51:616963]:[Metadata] AttributesManagerBase.h(380)::createFromJsonOrDefaultInternal : <Stage Template>: Proposing JSON name : data/scene_datasets/gibson_semantic/./Bonnie.stage_config.json from original name : data/scene_datasets/gibson_semantic/./Bonnie.glb| This file does not exist.
[19:28:51:617001]:[Metadata] AbstractObjectAttributesManagerBase.h(184)::createObject : File (data/scene_datasets/gibson_semantic/./Bonnie.glb) exists but is not a recognized config filename extension, so new default Stage Template attributes created and registered.
[19:28:51:617011]:[Metadata] AttributesManagerBase.h(380)::createFromJsonOrDefaultInternal : <Stage Template>: Proposing JSON name : data/scene_datasets/gibson_semantic/./Booth.stage_config.json from original name : data/scene_datasets/gibson_semantic/./Booth.glb| This file does not exist.
[19:28:51:617045]:[Metadata] AbstractObjectAttributesManagerBase.h(184)::createObject : File (data/scene_datasets/gibson_semantic/./Booth.glb) exists but is not a recognized config filename extension, so new default Stage Template attributes created and registered.
[19:28:51:617055]:[Metadata] AttributesManagerBase.h(380)::createFromJsonOrDefaultInternal : <Stage Template>: Proposing JSON name : data/scene_datasets/gibson_semantic/./Bountiful.stage_config.json from original name : data/scene_datasets/gibson_semantic/./Bountiful.glb| This file does not exist.
[19:28:51:617090]:[Metadata] AbstractObjectAttributesManagerBase.h(184)::createObject : File (data/scene_datasets/gibson_semantic/./Bountiful.glb) exists but is not a recognized config filename extension, so new default Stage Template attributes created and registered.
[19:28:51:617100]:[Metadata] AttributesManagerBase.h(380)::createFromJsonOrDefaultInternal : <Stage Template>: Proposing JSON name : data/scene_datasets/gibson_semantic/./Bowlus.stage_config.json from original name : data/scene_datasets/gibson_semantic/./Bowlus.glb| This file does not exist.
[19:28:51:617135]:[Metadata] AbstractObjectAttributesManagerBase.h(184)::createObject : File (data/scene_datasets/gibson_semantic/./Bowlus.glb) exists but is not a recognized config filename extension, so new default Stage Template attributes created and registered.
[19:28:51:617145]:[Metadata] AttributesManagerBase.h(380)::createFromJsonOrDefaultInternal : <Stage Template>: Proposing JSON name : data/scene_datasets/gibson_semantic/./Bowmore.stage_config.json from original name : data/scene_datasets/gibson_semantic/./Bowmore.glb| This file does not exist.
[19:28:51:617180]:[Metadata] AbstractObjectAttributesManagerBase.h(184)::createObject : File (data/scene_datasets/gibson_semantic/./Bowmore.glb) exists but is not a recognized config filename extension, so new default Stage Template attributes created and registered.
[19:28:51:617189]:[Metadata] AttributesManagerBase.h(380)::createFromJsonOrDefaultInternal : <Stage Template>: Proposing JSON name : data/scene_datasets/gibson_semantic/./Branford.stage_config.json from original name : data/scene_datasets/gibson_semantic/./Branford.glb| This file does not exist.
[19:28:51:617225]:[Metadata] AbstractObjectAttributesManagerBase.h(184)::createObject : File (data/scene_datasets/gibson_semantic/./Branford.glb) exists but is not a recognized config filename extension, so new default Stage Template attributes created and registered.
[19:28:51:617234]:[Metadata] AttributesManagerBase.h(380)::createFromJsonOrDefaultInternal : <Stage Template>: Proposing JSON name : data/scene_datasets/gibson_semantic/./Braxton.stage_config.json from original name : data/scene_datasets/gibson_semantic/./Braxton.glb| This file does not exist.
[19:28:51:617269]:[Metadata] AbstractObjectAttributesManagerBase.h(184)::createObject : File (data/scene_datasets/gibson_semantic/./Braxton.glb) exists but is not a recognized config filename extension, so new default Stage Template attributes created and registered.
[19:28:51:617279]:[Metadata] AttributesManagerBase.h(380)::createFromJsonOrDefaultInternal : <Stage Template>: Proposing JSON name : data/scene_datasets/gibson_semantic/./Bremerton.stage_config.json from original name : data/scene_datasets/gibson_semantic/./Bremerton.glb| This file does not exist.
[19:28:51:617315]:[Metadata] AbstractObjectAttributesManagerBase.h(184)::createObject : File (data/scene_datasets/gibson_semantic/./Bremerton.glb) exists but is not a recognized config filename extension, so new default Stage Template attributes created and registered.
[19:28:51:617325]:[Metadata] AttributesManagerBase.h(380)::createFromJsonOrDefaultInternal : <Stage Template>: Proposing JSON name : data/scene_datasets/gibson_semantic/./Brevort.stage_config.json from original name : data/scene_datasets/gibson_semantic/./Brevort.glb| This file does not exist.
[19:28:51:617359]:[Metadata] AbstractObjectAttributesManagerBase.h(184)::createObject : File (data/scene_datasets/gibson_semantic/./Brevort.glb) exists but is not a recognized config filename extension, so new default Stage Template attributes created and registered.
[19:28:51:617369]:[Metadata] AttributesManagerBase.h(380)::createFromJsonOrDefaultInternal : <Stage Template>: Proposing JSON name : data/scene_datasets/gibson_semantic/./Brewton.stage_config.json from original name : data/scene_datasets/gibson_semantic/./Brewton.glb| This file does not exist.
[19:28:51:617405]:[Metadata] AbstractObjectAttributesManagerBase.h(184)::createObject : File (data/scene_datasets/gibson_semantic/./Brewton.glb) exists but is not a recognized config filename extension, so new default Stage Template attributes created and registered.
[19:28:51:617415]:[Metadata] AttributesManagerBase.h(380)::createFromJsonOrDefaultInternal : <Stage Template>: Proposing JSON name : data/scene_datasets/gibson_semantic/./Broseley.stage_config.json from original name : data/scene_datasets/gibson_semantic/./Broseley.glb| This file does not exist.
[19:28:51:617451]:[Metadata] AbstractObjectAttributesManagerBase.h(184)::createObject : File (data/scene_datasets/gibson_semantic/./Broseley.glb) exists but is not a recognized config filename extension, so new default Stage Template attributes created and registered.
[19:28:51:617460]:[Metadata] AttributesManagerBase.h(380)::createFromJsonOrDefaultInternal : <Stage Template>: Proposing JSON name : data/scene_datasets/gibson_semantic/./Brown.stage_config.json from original name : data/scene_datasets/gibson_semantic/./Brown.glb| This file does not exist.
[19:28:51:617495]:[Metadata] AbstractObjectAttributesManagerBase.h(184)::createObject : File (data/scene_datasets/gibson_semantic/./Brown.glb) exists but is not a recognized config filename extension, so new default Stage Template attributes created and registered.
[19:28:51:617505]:[Metadata] AttributesManagerBase.h(380)::createFromJsonOrDefaultInternal : <Stage Template>: Proposing JSON name : data/scene_datasets/gibson_semantic/./Browntown.stage_config.json from original name : data/scene_datasets/gibson_semantic/./Browntown.glb| This file does not exist.
[19:28:51:617540]:[Metadata] AbstractObjectAttributesManagerBase.h(184)::createObject : File (data/scene_datasets/gibson_semantic/./Browntown.glb) exists but is not a recognized config filename extension, so new default Stage Template attributes created and registered.
[19:28:51:617550]:[Metadata] AttributesManagerBase.h(380)::createFromJsonOrDefaultInternal : <Stage Template>: Proposing JSON name : data/scene_datasets/gibson_semantic/./Burien.stage_config.json from original name : data/scene_datasets/gibson_semantic/./Burien.glb| This file does not exist.
[19:28:51:617585]:[Metadata] AbstractObjectAttributesManagerBase.h(184)::createObject : File (data/scene_datasets/gibson_semantic/./Burien.glb) exists but is not a recognized config filename extension, so new default Stage Template attributes created and registered.
[19:28:51:617594]:[Metadata] AttributesManagerBase.h(380)::createFromJsonOrDefaultInternal : <Stage Template>: Proposing JSON name : data/scene_datasets/gibson_semantic/./Bushong.stage_config.json from original name : data/scene_datasets/gibson_semantic/./Bushong.glb| This file does not exist.
[19:28:51:617629]:[Metadata] AbstractObjectAttributesManagerBase.h(184)::createObject : File (data/scene_datasets/gibson_semantic/./Bushong.glb) exists but is not a recognized config filename extension, so new default Stage Template attributes created and registered.
[19:28:51:617639]:[Metadata] AttributesManagerBase.h(380)::createFromJsonOrDefaultInternal : <Stage Template>: Proposing JSON name : data/scene_datasets/gibson_semantic/./Byers.stage_config.json from original name : data/scene_datasets/gibson_semantic/./Byers.glb| This file does not exist.
[19:28:51:617674]:[Metadata] AbstractObjectAttributesManagerBase.h(184)::createObject : File (data/scene_datasets/gibson_semantic/./Byers.glb) exists but is not a recognized config filename extension, so new default Stage Template attributes created and registered.
[19:28:51:617684]:[Metadata] AttributesManagerBase.h(380)::createFromJsonOrDefaultInternal : <Stage Template>: Proposing JSON name : data/scene_datasets/gibson_semantic/./Cabin.stage_config.json from original name : data/scene_datasets/gibson_semantic/./Cabin.glb| This file does not exist.
[19:28:51:617719]:[Metadata] AbstractObjectAttributesManagerBase.h(184)::createObject : File (data/scene_datasets/gibson_semantic/./Cabin.glb) exists but is not a recognized config filename extension, so new default Stage Template attributes created and registered.
[19:28:51:617728]:[Metadata] AttributesManagerBase.h(380)::createFromJsonOrDefaultInternal : <Stage Template>: Proposing JSON name : data/scene_datasets/gibson_semantic/./Callicoon.stage_config.json from original name : data/scene_datasets/gibson_semantic/./Callicoon.glb| This file does not exist.
[19:28:51:617764]:[Metadata] AbstractObjectAttributesManagerBase.h(184)::createObject : File (data/scene_datasets/gibson_semantic/./Callicoon.glb) exists but is not a recognized config filename extension, so new default Stage Template attributes created and registered.
[19:28:51:617774]:[Metadata] AttributesManagerBase.h(380)::createFromJsonOrDefaultInternal : <Stage Template>: Proposing JSON name : data/scene_datasets/gibson_semantic/./Calmar.stage_config.json from original name : data/scene_datasets/gibson_semantic/./Calmar.glb| This file does not exist.
[19:28:51:617810]:[Metadata] AbstractObjectAttributesManagerBase.h(184)::createObject : File (data/scene_datasets/gibson_semantic/./Calmar.glb) exists but is not a recognized config filename extension, so new default Stage Template attributes created and registered.
[19:28:51:617819]:[Metadata] AttributesManagerBase.h(380)::createFromJsonOrDefaultInternal : <Stage Template>: Proposing JSON name : data/scene_datasets/gibson_semantic/./Cantwell.stage_config.json from original name : data/scene_datasets/gibson_semantic/./Cantwell.glb| This file does not exist.
[19:28:51:617854]:[Metadata] AbstractObjectAttributesManagerBase.h(184)::createObject : File (data/scene_datasets/gibson_semantic/./Cantwell.glb) exists but is not a recognized config filename extension, so new default Stage Template attributes created and registered.
[19:28:51:617864]:[Metadata] AttributesManagerBase.h(380)::createFromJsonOrDefaultInternal : <Stage Template>: Proposing JSON name : data/scene_datasets/gibson_semantic/./Capistrano.stage_config.json from original name : data/scene_datasets/gibson_semantic/./Capistrano.glb| This file does not exist.
[19:28:51:617898]:[Metadata] AbstractObjectAttributesManagerBase.h(184)::createObject : File (data/scene_datasets/gibson_semantic/./Capistrano.glb) exists but is not a recognized config filename extension, so new default Stage Template attributes created and registered.
[19:28:51:617908]:[Metadata] AttributesManagerBase.h(380)::createFromJsonOrDefaultInternal : <Stage Template>: Proposing JSON name : data/scene_datasets/gibson_semantic/./Carneiro.stage_config.json from original name : data/scene_datasets/gibson_semantic/./Carneiro.glb| This file does not exist.
[19:28:51:617942]:[Metadata] AbstractObjectAttributesManagerBase.h(184)::createObject : File (data/scene_datasets/gibson_semantic/./Carneiro.glb) exists but is not a recognized config filename extension, so new default Stage Template attributes created and registered.
[19:28:51:617952]:[Metadata] AttributesManagerBase.h(380)::createFromJsonOrDefaultInternal : <Stage Template>: Proposing JSON name : data/scene_datasets/gibson_semantic/./Carpendale.stage_config.json from original name : data/scene_datasets/gibson_semantic/./Carpendale.glb| This file does not exist.
[19:28:51:617987]:[Metadata] AbstractObjectAttributesManagerBase.h(184)::createObject : File (data/scene_datasets/gibson_semantic/./Carpendale.glb) exists but is not a recognized config filename extension, so new default Stage Template attributes created and registered.
[19:28:51:617997]:[Metadata] AttributesManagerBase.h(380)::createFromJsonOrDefaultInternal : <Stage Template>: Proposing JSON name : data/scene_datasets/gibson_semantic/./Carpio.stage_config.json from original name : data/scene_datasets/gibson_semantic/./Carpio.glb| This file does not exist.
[19:28:51:618032]:[Metadata] AbstractObjectAttributesManagerBase.h(184)::createObject : File (data/scene_datasets/gibson_semantic/./Carpio.glb) exists but is not a recognized config filename extension, so new default Stage Template attributes created and registered.
[19:28:51:618041]:[Metadata] AttributesManagerBase.h(380)::createFromJsonOrDefaultInternal : <Stage Template>: Proposing JSON name : data/scene_datasets/gibson_semantic/./Cashel.stage_config.json from original name : data/scene_datasets/gibson_semantic/./Cashel.glb| This file does not exist.
[19:28:51:618076]:[Metadata] AbstractObjectAttributesManagerBase.h(184)::createObject : File (data/scene_datasets/gibson_semantic/./Cashel.glb) exists but is not a recognized config filename extension, so new default Stage Template attributes created and registered.
[19:28:51:618086]:[Metadata] AttributesManagerBase.h(380)::createFromJsonOrDefaultInternal : <Stage Template>: Proposing JSON name : data/scene_datasets/gibson_semantic/./Cason.stage_config.json from original name : data/scene_datasets/gibson_semantic/./Cason.glb| This file does not exist.
[19:28:51:618120]:[Metadata] AbstractObjectAttributesManagerBase.h(184)::createObject : File (data/scene_datasets/gibson_semantic/./Cason.glb) exists but is not a recognized config filename extension, so new default Stage Template attributes created and registered.
[19:28:51:618129]:[Metadata] AttributesManagerBase.h(380)::createFromJsonOrDefaultInternal : <Stage Template>: Proposing JSON name : data/scene_datasets/gibson_semantic/./Castor.stage_config.json from original name : data/scene_datasets/gibson_semantic/./Castor.glb| This file does not exist.
[19:28:51:618164]:[Metadata] AbstractObjectAttributesManagerBase.h(184)::createObject : File (data/scene_datasets/gibson_semantic/./Castor.glb) exists but is not a recognized config filename extension, so new default Stage Template attributes created and registered.
[19:28:51:618174]:[Metadata] AttributesManagerBase.h(380)::createFromJsonOrDefaultInternal : <Stage Template>: Proposing JSON name : data/scene_datasets/gibson_semantic/./Castroville.stage_config.json from original name : data/scene_datasets/gibson_semantic/./Castroville.glb| This file does not exist.
[19:28:51:618209]:[Metadata] AbstractObjectAttributesManagerBase.h(184)::createObject : File (data/scene_datasets/gibson_semantic/./Castroville.glb) exists but is not a recognized config filename extension, so new default Stage Template attributes created and registered.
[19:28:51:618218]:[Metadata] AttributesManagerBase.h(380)::createFromJsonOrDefaultInternal : <Stage Template>: Proposing JSON name : data/scene_datasets/gibson_semantic/./Cayuse.stage_config.json from original name : data/scene_datasets/gibson_semantic/./Cayuse.glb| This file does not exist.
[19:28:51:618253]:[Metadata] AbstractObjectAttributesManagerBase.h(184)::createObject : File (data/scene_datasets/gibson_semantic/./Cayuse.glb) exists but is not a recognized config filename extension, so new default Stage Template attributes created and registered.
[19:28:51:618263]:[Metadata] AttributesManagerBase.h(380)::createFromJsonOrDefaultInternal : <Stage Template>: Proposing JSON name : data/scene_datasets/gibson_semantic/./Cebolla.stage_config.json from original name : data/scene_datasets/gibson_semantic/./Cebolla.glb| This file does not exist.
[19:28:51:618298]:[Metadata] AbstractObjectAttributesManagerBase.h(184)::createObject : File (data/scene_datasets/gibson_semantic/./Cebolla.glb) exists but is not a recognized config filename extension, so new default Stage Template attributes created and registered.
[19:28:51:618307]:[Metadata] AttributesManagerBase.h(380)::createFromJsonOrDefaultInternal : <Stage Template>: Proposing JSON name : data/scene_datasets/gibson_semantic/./Channel.stage_config.json from original name : data/scene_datasets/gibson_semantic/./Channel.glb| This file does not exist.
[19:28:51:618342]:[Metadata] AbstractObjectAttributesManagerBase.h(184)::createObject : File (data/scene_datasets/gibson_semantic/./Channel.glb) exists but is not a recognized config filename extension, so new default Stage Template attributes created and registered.
[19:28:51:618351]:[Metadata] AttributesManagerBase.h(380)::createFromJsonOrDefaultInternal : <Stage Template>: Proposing JSON name : data/scene_datasets/gibson_semantic/./Checotah.stage_config.json from original name : data/scene_datasets/gibson_semantic/./Checotah.glb| This file does not exist.
[19:28:51:618387]:[Metadata] AbstractObjectAttributesManagerBase.h(184)::createObject : File (data/scene_datasets/gibson_semantic/./Checotah.glb) exists but is not a recognized config filename extension, so new default Stage Template attributes created and registered.
[19:28:51:618396]:[Metadata] AttributesManagerBase.h(380)::createFromJsonOrDefaultInternal : <Stage Template>: Proposing JSON name : data/scene_datasets/gibson_semantic/./Chesaning.stage_config.json from original name : data/scene_datasets/gibson_semantic/./Chesaning.glb| This file does not exist.
[19:28:51:618432]:[Metadata] AbstractObjectAttributesManagerBase.h(184)::createObject : File (data/scene_datasets/gibson_semantic/./Chesaning.glb) exists but is not a recognized config filename extension, so new default Stage Template attributes created and registered.
[19:28:51:618442]:[Metadata] AttributesManagerBase.h(380)::createFromJsonOrDefaultInternal : <Stage Template>: Proposing JSON name : data/scene_datasets/gibson_semantic/./Chesterbrook.stage_config.json from original name : data/scene_datasets/gibson_semantic/./Chesterbrook.glb| This file does not exist.
[19:28:51:618480]:[Metadata] AbstractObjectAttributesManagerBase.h(184)::createObject : File (data/scene_datasets/gibson_semantic/./Chesterbrook.glb) exists but is not a recognized config filename extension, so new default Stage Template attributes created and registered.
[19:28:51:618490]:[Metadata] AttributesManagerBase.h(380)::createFromJsonOrDefaultInternal : <Stage Template>: Proposing JSON name : data/scene_datasets/gibson_semantic/./Chilhowie.stage_config.json from original name : data/scene_datasets/gibson_semantic/./Chilhowie.glb| This file does not exist.
[19:28:51:618526]:[Metadata] AbstractObjectAttributesManagerBase.h(184)::createObject : File (data/scene_datasets/gibson_semantic/./Chilhowie.glb) exists but is not a recognized config filename extension, so new default Stage Template attributes created and registered.
[19:28:51:618536]:[Metadata] AttributesManagerBase.h(380)::createFromJsonOrDefaultInternal : <Stage Template>: Proposing JSON name : data/scene_datasets/gibson_semantic/./Chiloquin.stage_config.json from original name : data/scene_datasets/gibson_semantic/./Chiloquin.glb| This file does not exist.
[19:28:51:618573]:[Metadata] AbstractObjectAttributesManagerBase.h(184)::createObject : File (data/scene_datasets/gibson_semantic/./Chiloquin.glb) exists but is not a recognized config filename extension, so new default Stage Template attributes created and registered.
[19:28:51:618583]:[Metadata] AttributesManagerBase.h(380)::createFromJsonOrDefaultInternal : <Stage Template>: Proposing JSON name : data/scene_datasets/gibson_semantic/./Chireno.stage_config.json from original name : data/scene_datasets/gibson_semantic/./Chireno.glb| This file does not exist.
[19:28:51:618621]:[Metadata] AbstractObjectAttributesManagerBase.h(184)::createObject : File (data/scene_datasets/gibson_semantic/./Chireno.glb) exists but is not a recognized config filename extension, so new default Stage Template attributes created and registered.
[19:28:51:618631]:[Metadata] AttributesManagerBase.h(380)::createFromJsonOrDefaultInternal : <Stage Template>: Proposing JSON name : data/scene_datasets/gibson_semantic/./Chrisney.stage_config.json from original name : data/scene_datasets/gibson_semantic/./Chrisney.glb| This file does not exist.
[19:28:51:618673]:[Metadata] AbstractObjectAttributesManagerBase.h(184)::createObject : File (data/scene_datasets/gibson_semantic/./Chrisney.glb) exists but is not a recognized config filename extension, so new default Stage Template attributes created and registered.
[19:28:51:618683]:[Metadata] AttributesManagerBase.h(380)::createFromJsonOrDefaultInternal : <Stage Template>: Proposing JSON name : data/scene_datasets/gibson_semantic/./Churchton.stage_config.json from original name : data/scene_datasets/gibson_semantic/./Churchton.glb| This file does not exist.
[19:28:51:618719]:[Metadata] AbstractObjectAttributesManagerBase.h(184)::createObject : File (data/scene_datasets/gibson_semantic/./Churchton.glb) exists but is not a recognized config filename extension, so new default Stage Template attributes created and registered.
[19:28:51:618729]:[Metadata] AttributesManagerBase.h(380)::createFromJsonOrDefaultInternal : <Stage Template>: Proposing JSON name : data/scene_datasets/gibson_semantic/./Circleville.stage_config.json from original name : data/scene_datasets/gibson_semantic/./Circleville.glb| This file does not exist.
[19:28:51:618763]:[Metadata] AbstractObjectAttributesManagerBase.h(184)::createObject : File (data/scene_datasets/gibson_semantic/./Circleville.glb) exists but is not a recognized config filename extension, so new default Stage Template attributes created and registered.
[19:28:51:618773]:[Metadata] AttributesManagerBase.h(380)::createFromJsonOrDefaultInternal : <Stage Template>: Proposing JSON name : data/scene_datasets/gibson_semantic/./Cisne.stage_config.json from original name : data/scene_datasets/gibson_semantic/./Cisne.glb| This file does not exist.
[19:28:51:618809]:[Metadata] AbstractObjectAttributesManagerBase.h(184)::createObject : File (data/scene_datasets/gibson_semantic/./Cisne.glb) exists but is not a recognized config filename extension, so new default Stage Template attributes created and registered.
[19:28:51:618819]:[Metadata] AttributesManagerBase.h(380)::createFromJsonOrDefaultInternal : <Stage Template>: Proposing JSON name : data/scene_datasets/gibson_semantic/./Clairton.stage_config.json from original name : data/scene_datasets/gibson_semantic/./Clairton.glb| This file does not exist.
[19:28:51:618853]:[Metadata] AbstractObjectAttributesManagerBase.h(184)::createObject : File (data/scene_datasets/gibson_semantic/./Clairton.glb) exists but is not a recognized config filename extension, so new default Stage Template attributes created and registered.
[19:28:51:618863]:[Metadata] AttributesManagerBase.h(380)::createFromJsonOrDefaultInternal : <Stage Template>: Proposing JSON name : data/scene_datasets/gibson_semantic/./Clarkridge.stage_config.json from original name : data/scene_datasets/gibson_semantic/./Clarkridge.glb| This file does not exist.
[19:28:51:618898]:[Metadata] AbstractObjectAttributesManagerBase.h(184)::createObject : File (data/scene_datasets/gibson_semantic/./Clarkridge.glb) exists but is not a recognized config filename extension, so new default Stage Template attributes created and registered.
[19:28:51:618907]:[Metadata] AttributesManagerBase.h(380)::createFromJsonOrDefaultInternal : <Stage Template>: Proposing JSON name : data/scene_datasets/gibson_semantic/./Clive.stage_config.json from original name : data/scene_datasets/gibson_semantic/./Clive.glb| This file does not exist.
[19:28:51:618943]:[Metadata] AbstractObjectAttributesManagerBase.h(184)::createObject : File (data/scene_datasets/gibson_semantic/./Clive.glb) exists but is not a recognized config filename extension, so new default Stage Template attributes created and registered.
[19:28:51:618955]:[Metadata] AttributesManagerBase.h(380)::createFromJsonOrDefaultInternal : <Stage Template>: Proposing JSON name : data/scene_datasets/gibson_semantic/./Cobalt.stage_config.json from original name : data/scene_datasets/gibson_semantic/./Cobalt.glb| This file does not exist.
[19:28:51:618990]:[Metadata] AbstractObjectAttributesManagerBase.h(184)::createObject : File (data/scene_datasets/gibson_semantic/./Cobalt.glb) exists but is not a recognized config filename extension, so new default Stage Template attributes created and registered.
[19:28:51:619000]:[Metadata] AttributesManagerBase.h(380)::createFromJsonOrDefaultInternal : <Stage Template>: Proposing JSON name : data/scene_datasets/gibson_semantic/./Codell.stage_config.json from original name : data/scene_datasets/gibson_semantic/./Codell.glb| This file does not exist.
[19:28:51:619036]:[Metadata] AbstractObjectAttributesManagerBase.h(184)::createObject : File (data/scene_datasets/gibson_semantic/./Codell.glb) exists but is not a recognized config filename extension, so new default Stage Template attributes created and registered.
[19:28:51:619045]:[Metadata] AttributesManagerBase.h(380)::createFromJsonOrDefaultInternal : <Stage Template>: Proposing JSON name : data/scene_datasets/gibson_semantic/./Coffeen.stage_config.json from original name : data/scene_datasets/gibson_semantic/./Coffeen.glb| This file does not exist.
[19:28:51:619080]:[Metadata] AbstractObjectAttributesManagerBase.h(184)::createObject : File (data/scene_datasets/gibson_semantic/./Coffeen.glb) exists but is not a recognized config filename extension, so new default Stage Template attributes created and registered.
[19:28:51:619090]:[Metadata] AttributesManagerBase.h(380)::createFromJsonOrDefaultInternal : <Stage Template>: Proposing JSON name : data/scene_datasets/gibson_semantic/./Cohoes.stage_config.json from original name : data/scene_datasets/gibson_semantic/./Cohoes.glb| This file does not exist.
[19:28:51:619126]:[Metadata] AbstractObjectAttributesManagerBase.h(184)::createObject : File (data/scene_datasets/gibson_semantic/./Cohoes.glb) exists but is not a recognized config filename extension, so new default Stage Template attributes created and registered.
[19:28:51:619136]:[Metadata] AttributesManagerBase.h(380)::createFromJsonOrDefaultInternal : <Stage Template>: Proposing JSON name : data/scene_datasets/gibson_semantic/./Cokeville.stage_config.json from original name : data/scene_datasets/gibson_semantic/./Cokeville.glb| This file does not exist.
[19:28:51:619171]:[Metadata] AbstractObjectAttributesManagerBase.h(184)::createObject : File (data/scene_datasets/gibson_semantic/./Cokeville.glb) exists but is not a recognized config filename extension, so new default Stage Template attributes created and registered.
[19:28:51:619181]:[Metadata] AttributesManagerBase.h(380)::createFromJsonOrDefaultInternal : <Stage Template>: Proposing JSON name : data/scene_datasets/gibson_semantic/./Colebrook.stage_config.json from original name : data/scene_datasets/gibson_semantic/./Colebrook.glb| This file does not exist.
[19:28:51:619216]:[Metadata] AbstractObjectAttributesManagerBase.h(184)::createObject : File (data/scene_datasets/gibson_semantic/./Colebrook.glb) exists but is not a recognized config filename extension, so new default Stage Template attributes created and registered.
[19:28:51:619226]:[Metadata] AttributesManagerBase.h(380)::createFromJsonOrDefaultInternal : <Stage Template>: Proposing JSON name : data/scene_datasets/gibson_semantic/./Collierville.stage_config.json from original name : data/scene_datasets/gibson_semantic/./Collierville.glb| This file does not exist.
[19:28:51:619259]:[Metadata] AbstractObjectAttributesManagerBase.h(184)::createObject : File (data/scene_datasets/gibson_semantic/./Collierville.glb) exists but is not a recognized config filename extension, so new default Stage Template attributes created and registered.
[19:28:51:619269]:[Metadata] AttributesManagerBase.h(380)::createFromJsonOrDefaultInternal : <Stage Template>: Proposing JSON name : data/scene_datasets/gibson_semantic/./Connoquenessing.stage_config.json from original name : data/scene_datasets/gibson_semantic/./Connoquenessing.glb| This file does not exist.
[19:28:51:619304]:[Metadata] AbstractObjectAttributesManagerBase.h(184)::createObject : File (data/scene_datasets/gibson_semantic/./Connoquenessing.glb) exists but is not a recognized config filename extension, so new default Stage Template attributes created and registered.
[19:28:51:619313]:[Metadata] AttributesManagerBase.h(380)::createFromJsonOrDefaultInternal : <Stage Template>: Proposing JSON name : data/scene_datasets/gibson_semantic/./Convoy.stage_config.json from original name : data/scene_datasets/gibson_semantic/./Convoy.glb| This file does not exist.
[19:28:51:619349]:[Metadata] AbstractObjectAttributesManagerBase.h(184)::createObject : File (data/scene_datasets/gibson_semantic/./Convoy.glb) exists but is not a recognized config filename extension, so new default Stage Template attributes created and registered.
[19:28:51:619359]:[Metadata] AttributesManagerBase.h(380)::createFromJsonOrDefaultInternal : <Stage Template>: Proposing JSON name : data/scene_datasets/gibson_semantic/./Cooperstown.stage_config.json from original name : data/scene_datasets/gibson_semantic/./Cooperstown.glb| This file does not exist.
[19:28:51:619394]:[Metadata] AbstractObjectAttributesManagerBase.h(184)::createObject : File (data/scene_datasets/gibson_semantic/./Cooperstown.glb) exists but is not a recognized config filename extension, so new default Stage Template attributes created and registered.
[19:28:51:619404]:[Metadata] AttributesManagerBase.h(380)::createFromJsonOrDefaultInternal : <Stage Template>: Proposing JSON name : data/scene_datasets/gibson_semantic/./Copemish.stage_config.json from original name : data/scene_datasets/gibson_semantic/./Copemish.glb| This file does not exist.
[19:28:51:619439]:[Metadata] AbstractObjectAttributesManagerBase.h(184)::createObject : File (data/scene_datasets/gibson_semantic/./Copemish.glb) exists but is not a recognized config filename extension, so new default Stage Template attributes created and registered.
[19:28:51:619448]:[Metadata] AttributesManagerBase.h(380)::createFromJsonOrDefaultInternal : <Stage Template>: Proposing JSON name : data/scene_datasets/gibson_semantic/./Corder.stage_config.json from original name : data/scene_datasets/gibson_semantic/./Corder.glb| This file does not exist.
[19:28:51:619483]:[Metadata] AbstractObjectAttributesManagerBase.h(184)::createObject : File (data/scene_datasets/gibson_semantic/./Corder.glb) exists but is not a recognized config filename extension, so new default Stage Template attributes created and registered.
[19:28:51:619493]:[Metadata] AttributesManagerBase.h(380)::createFromJsonOrDefaultInternal : <Stage Template>: Proposing JSON name : data/scene_datasets/gibson_semantic/./Cornville.stage_config.json from original name : data/scene_datasets/gibson_semantic/./Cornville.glb| This file does not exist.
[19:28:51:619527]:[Metadata] AbstractObjectAttributesManagerBase.h(184)::createObject : File (data/scene_datasets/gibson_semantic/./Cornville.glb) exists but is not a recognized config filename extension, so new default Stage Template attributes created and registered.
[19:28:51:619536]:[Metadata] AttributesManagerBase.h(380)::createFromJsonOrDefaultInternal : <Stage Template>: Proposing JSON name : data/scene_datasets/gibson_semantic/./Coronado.stage_config.json from original name : data/scene_datasets/gibson_semantic/./Coronado.glb| This file does not exist.
[19:28:51:619570]:[Metadata] AbstractObjectAttributesManagerBase.h(184)::createObject : File (data/scene_datasets/gibson_semantic/./Coronado.glb) exists but is not a recognized config filename extension, so new default Stage Template attributes created and registered.
[19:28:51:619580]:[Metadata] AttributesManagerBase.h(380)::createFromJsonOrDefaultInternal : <Stage Template>: Proposing JSON name : data/scene_datasets/gibson_semantic/./Corozal.stage_config.json from original name : data/scene_datasets/gibson_semantic/./Corozal.glb| This file does not exist.
[19:28:51:619615]:[Metadata] AbstractObjectAttributesManagerBase.h(184)::createObject : File (data/scene_datasets/gibson_semantic/./Corozal.glb) exists but is not a recognized config filename extension, so new default Stage Template attributes created and registered.
[19:28:51:619624]:[Metadata] AttributesManagerBase.h(380)::createFromJsonOrDefaultInternal : <Stage Template>: Proposing JSON name : data/scene_datasets/gibson_semantic/./Cosmos.stage_config.json from original name : data/scene_datasets/gibson_semantic/./Cosmos.glb| This file does not exist.
[19:28:51:619659]:[Metadata] AbstractObjectAttributesManagerBase.h(184)::createObject : File (data/scene_datasets/gibson_semantic/./Cosmos.glb) exists but is not a recognized config filename extension, so new default Stage Template attributes created and registered.
[19:28:51:619669]:[Metadata] AttributesManagerBase.h(380)::createFromJsonOrDefaultInternal : <Stage Template>: Proposing JSON name : data/scene_datasets/gibson_semantic/./Cottonport.stage_config.json from original name : data/scene_datasets/gibson_semantic/./Cottonport.glb| This file does not exist.
[19:28:51:619705]:[Metadata] AbstractObjectAttributesManagerBase.h(184)::createObject : File (data/scene_datasets/gibson_semantic/./Cottonport.glb) exists but is not a recognized config filename extension, so new default Stage Template attributes created and registered.
[19:28:51:619714]:[Metadata] AttributesManagerBase.h(380)::createFromJsonOrDefaultInternal : <Stage Template>: Proposing JSON name : data/scene_datasets/gibson_semantic/./Country.stage_config.json from original name : data/scene_datasets/gibson_semantic/./Country.glb| This file does not exist.
[19:28:51:619750]:[Metadata] AbstractObjectAttributesManagerBase.h(184)::createObject : File (data/scene_datasets/gibson_semantic/./Country.glb) exists but is not a recognized config filename extension, so new default Stage Template attributes created and registered.
[19:28:51:619759]:[Metadata] AttributesManagerBase.h(380)::createFromJsonOrDefaultInternal : <Stage Template>: Proposing JSON name : data/scene_datasets/gibson_semantic/./Crandon.stage_config.json from original name : data/scene_datasets/gibson_semantic/./Crandon.glb| This file does not exist.
[19:28:51:619794]:[Metadata] AbstractObjectAttributesManagerBase.h(184)::createObject : File (data/scene_datasets/gibson_semantic/./Crandon.glb) exists but is not a recognized config filename extension, so new default Stage Template attributes created and registered.
[19:28:51:619803]:[Metadata] AttributesManagerBase.h(380)::createFromJsonOrDefaultInternal : <Stage Template>: Proposing JSON name : data/scene_datasets/gibson_semantic/./Creede.stage_config.json from original name : data/scene_datasets/gibson_semantic/./Creede.glb| This file does not exist.
[19:28:51:619839]:[Metadata] AbstractObjectAttributesManagerBase.h(184)::createObject : File (data/scene_datasets/gibson_semantic/./Creede.glb) exists but is not a recognized config filename extension, so new default Stage Template attributes created and registered.
[19:28:51:619849]:[Metadata] AttributesManagerBase.h(380)::createFromJsonOrDefaultInternal : <Stage Template>: Proposing JSON name : data/scene_datasets/gibson_semantic/./Crookston.stage_config.json from original name : data/scene_datasets/gibson_semantic/./Crookston.glb| This file does not exist.
[19:28:51:619883]:[Metadata] AbstractObjectAttributesManagerBase.h(184)::createObject : File (data/scene_datasets/gibson_semantic/./Crookston.glb) exists but is not a recognized config filename extension, so new default Stage Template attributes created and registered.
[19:28:51:619893]:[Metadata] AttributesManagerBase.h(380)::createFromJsonOrDefaultInternal : <Stage Template>: Proposing JSON name : data/scene_datasets/gibson_semantic/./Crugers.stage_config.json from original name : data/scene_datasets/gibson_semantic/./Crugers.glb| This file does not exist.
[19:28:51:619929]:[Metadata] AbstractObjectAttributesManagerBase.h(184)::createObject : File (data/scene_datasets/gibson_semantic/./Crugers.glb) exists but is not a recognized config filename extension, so new default Stage Template attributes created and registered.
[19:28:51:619938]:[Metadata] AttributesManagerBase.h(380)::createFromJsonOrDefaultInternal : <Stage Template>: Proposing JSON name : data/scene_datasets/gibson_semantic/./Culbertson.stage_config.json from original name : data/scene_datasets/gibson_semantic/./Culbertson.glb| This file does not exist.
[19:28:51:619973]:[Metadata] AbstractObjectAttributesManagerBase.h(184)::createObject : File (data/scene_datasets/gibson_semantic/./Culbertson.glb) exists but is not a recognized config filename extension, so new default Stage Template attributes created and registered.
[19:28:51:619983]:[Metadata] AttributesManagerBase.h(380)::createFromJsonOrDefaultInternal : <Stage Template>: Proposing JSON name : data/scene_datasets/gibson_semantic/./Cullison.stage_config.json from original name : data/scene_datasets/gibson_semantic/./Cullison.glb| This file does not exist.
[19:28:51:620018]:[Metadata] AbstractObjectAttributesManagerBase.h(184)::createObject : File (data/scene_datasets/gibson_semantic/./Cullison.glb) exists but is not a recognized config filename extension, so new default Stage Template attributes created and registered.
[19:28:51:620028]:[Metadata] AttributesManagerBase.h(380)::createFromJsonOrDefaultInternal : <Stage Template>: Proposing JSON name : data/scene_datasets/gibson_semantic/./Cutlerville.stage_config.json from original name : data/scene_datasets/gibson_semantic/./Cutlerville.glb| This file does not exist.
[19:28:51:620062]:[Metadata] AbstractObjectAttributesManagerBase.h(184)::createObject : File (data/scene_datasets/gibson_semantic/./Cutlerville.glb) exists but is not a recognized config filename extension, so new default Stage Template attributes created and registered.
[19:28:51:620071]:[Metadata] AttributesManagerBase.h(380)::createFromJsonOrDefaultInternal : <Stage Template>: Proposing JSON name : data/scene_datasets/gibson_semantic/./Dansville.stage_config.json from original name : data/scene_datasets/gibson_semantic/./Dansville.glb| This file does not exist.
[19:28:51:620106]:[Metadata] AbstractObjectAttributesManagerBase.h(184)::createObject : File (data/scene_datasets/gibson_semantic/./Dansville.glb) exists but is not a recognized config filename extension, so new default Stage Template attributes created and registered.
[19:28:51:620116]:[Metadata] AttributesManagerBase.h(380)::createFromJsonOrDefaultInternal : <Stage Template>: Proposing JSON name : data/scene_datasets/gibson_semantic/./Darden.stage_config.json from original name : data/scene_datasets/gibson_semantic/./Darden.glb| This file does not exist.
[19:28:51:620149]:[Metadata] AbstractObjectAttributesManagerBase.h(184)::createObject : File (data/scene_datasets/gibson_semantic/./Darden.glb) exists but is not a recognized config filename extension, so new default Stage Template attributes created and registered.
[19:28:51:620159]:[Metadata] AttributesManagerBase.h(380)::createFromJsonOrDefaultInternal : <Stage Template>: Proposing JSON name : data/scene_datasets/gibson_semantic/./Darnestown.stage_config.json from original name : data/scene_datasets/gibson_semantic/./Darnestown.glb| This file does not exist.
[19:28:51:620194]:[Metadata] AbstractObjectAttributesManagerBase.h(184)::createObject : File (data/scene_datasets/gibson_semantic/./Darnestown.glb) exists but is not a recognized config filename extension, so new default Stage Template attributes created and registered.
[19:28:51:620204]:[Metadata] AttributesManagerBase.h(380)::createFromJsonOrDefaultInternal : <Stage Template>: Proposing JSON name : data/scene_datasets/gibson_semantic/./Deatsville.stage_config.json from original name : data/scene_datasets/gibson_semantic/./Deatsville.glb| This file does not exist.
[19:28:51:620238]:[Metadata] AbstractObjectAttributesManagerBase.h(184)::createObject : File (data/scene_datasets/gibson_semantic/./Deatsville.glb) exists but is not a recognized config filename extension, so new default Stage Template attributes created and registered.
[19:28:51:620248]:[Metadata] AttributesManagerBase.h(380)::createFromJsonOrDefaultInternal : <Stage Template>: Proposing JSON name : data/scene_datasets/gibson_semantic/./Dedham.stage_config.json from original name : data/scene_datasets/gibson_semantic/./Dedham.glb| This file does not exist.
[19:28:51:620282]:[Metadata] AbstractObjectAttributesManagerBase.h(184)::createObject : File (data/scene_datasets/gibson_semantic/./Dedham.glb) exists but is not a recognized config filename extension, so new default Stage Template attributes created and registered.
[19:28:51:620292]:[Metadata] AttributesManagerBase.h(380)::createFromJsonOrDefaultInternal : <Stage Template>: Proposing JSON name : data/scene_datasets/gibson_semantic/./Deemston.stage_config.json from original name : data/scene_datasets/gibson_semantic/./Deemston.glb| This file does not exist.
[19:28:51:620326]:[Metadata] AbstractObjectAttributesManagerBase.h(184)::createObject : File (data/scene_datasets/gibson_semantic/./Deemston.glb) exists but is not a recognized config filename extension, so new default Stage Template attributes created and registered.
[19:28:51:620336]:[Metadata] AttributesManagerBase.h(380)::createFromJsonOrDefaultInternal : <Stage Template>: Proposing JSON name : data/scene_datasets/gibson_semantic/./Delton.stage_config.json from original name : data/scene_datasets/gibson_semantic/./Delton.glb| This file does not exist.
[19:28:51:620375]:[Metadata] AbstractObjectAttributesManagerBase.h(184)::createObject : File (data/scene_datasets/gibson_semantic/./Delton.glb) exists but is not a recognized config filename extension, so new default Stage Template attributes created and registered.
[19:28:51:620384]:[Metadata] AttributesManagerBase.h(380)::createFromJsonOrDefaultInternal : <Stage Template>: Proposing JSON name : data/scene_datasets/gibson_semantic/./Denmark.stage_config.json from original name : data/scene_datasets/gibson_semantic/./Denmark.glb| This file does not exist.
[19:28:51:620421]:[Metadata] AbstractObjectAttributesManagerBase.h(184)::createObject : File (data/scene_datasets/gibson_semantic/./Denmark.glb) exists but is not a recognized config filename extension, so new default Stage Template attributes created and registered.
[19:28:51:620432]:[Metadata] AttributesManagerBase.h(380)::createFromJsonOrDefaultInternal : <Stage Template>: Proposing JSON name : data/scene_datasets/gibson_semantic/./Divide.stage_config.json from original name : data/scene_datasets/gibson_semantic/./Divide.glb| This file does not exist.
[19:28:51:620467]:[Metadata] AbstractObjectAttributesManagerBase.h(184)::createObject : File (data/scene_datasets/gibson_semantic/./Divide.glb) exists but is not a recognized config filename extension, so new default Stage Template attributes created and registered.
[19:28:51:620476]:[Metadata] AttributesManagerBase.h(380)::createFromJsonOrDefaultInternal : <Stage Template>: Proposing JSON name : data/scene_datasets/gibson_semantic/./Dryville.stage_config.json from original name : data/scene_datasets/gibson_semantic/./Dryville.glb| This file does not exist.
[19:28:51:620511]:[Metadata] AbstractObjectAttributesManagerBase.h(184)::createObject : File (data/scene_datasets/gibson_semantic/./Dryville.glb) exists but is not a recognized config filename extension, so new default Stage Template attributes created and registered.
[19:28:51:620521]:[Metadata] AttributesManagerBase.h(380)::createFromJsonOrDefaultInternal : <Stage Template>: Proposing JSON name : data/scene_datasets/gibson_semantic/./Duarte.stage_config.json from original name : data/scene_datasets/gibson_semantic/./Duarte.glb| This file does not exist.
[19:28:51:620555]:[Metadata] AbstractObjectAttributesManagerBase.h(184)::createObject : File (data/scene_datasets/gibson_semantic/./Duarte.glb) exists but is not a recognized config filename extension, so new default Stage Template attributes created and registered.
[19:28:51:620565]:[Metadata] AttributesManagerBase.h(380)::createFromJsonOrDefaultInternal : <Stage Template>: Proposing JSON name : data/scene_datasets/gibson_semantic/./Duluth.stage_config.json from original name : data/scene_datasets/gibson_semantic/./Duluth.glb| This file does not exist.
[19:28:51:620600]:[Metadata] AbstractObjectAttributesManagerBase.h(184)::createObject : File (data/scene_datasets/gibson_semantic/./Duluth.glb) exists but is not a recognized config filename extension, so new default Stage Template attributes created and registered.
[19:28:51:620609]:[Metadata] AttributesManagerBase.h(380)::createFromJsonOrDefaultInternal : <Stage Template>: Proposing JSON name : data/scene_datasets/gibson_semantic/./Dunmor.stage_config.json from original name : data/scene_datasets/gibson_semantic/./Dunmor.glb| This file does not exist.
[19:28:51:620643]:[Metadata] AbstractObjectAttributesManagerBase.h(184)::createObject : File (data/scene_datasets/gibson_semantic/./Dunmor.glb) exists but is not a recognized config filename extension, so new default Stage Template attributes created and registered.
[19:28:51:620653]:[Metadata] AttributesManagerBase.h(380)::createFromJsonOrDefaultInternal : <Stage Template>: Proposing JSON name : data/scene_datasets/gibson_semantic/./Eagan.stage_config.json from original name : data/scene_datasets/gibson_semantic/./Eagan.glb| This file does not exist.
[19:28:51:620688]:[Metadata] AbstractObjectAttributesManagerBase.h(184)::createObject : File (data/scene_datasets/gibson_semantic/./Eagan.glb) exists but is not a recognized config filename extension, so new default Stage Template attributes created and registered.
[19:28:51:620697]:[Metadata] AttributesManagerBase.h(380)::createFromJsonOrDefaultInternal : <Stage Template>: Proposing JSON name : data/scene_datasets/gibson_semantic/./Eagerville.stage_config.json from original name : data/scene_datasets/gibson_semantic/./Eagerville.glb| This file does not exist.
[19:28:51:620733]:[Metadata] AbstractObjectAttributesManagerBase.h(184)::createObject : File (data/scene_datasets/gibson_semantic/./Eagerville.glb) exists but is not a recognized config filename extension, so new default Stage Template attributes created and registered.
[19:28:51:620743]:[Metadata] AttributesManagerBase.h(380)::createFromJsonOrDefaultInternal : <Stage Template>: Proposing JSON name : data/scene_datasets/gibson_semantic/./Eastville.stage_config.json from original name : data/scene_datasets/gibson_semantic/./Eastville.glb| This file does not exist.
[19:28:51:620779]:[Metadata] AbstractObjectAttributesManagerBase.h(184)::createObject : File (data/scene_datasets/gibson_semantic/./Eastville.glb) exists but is not a recognized config filename extension, so new default Stage Template attributes created and registered.
[19:28:51:620788]:[Metadata] AttributesManagerBase.h(380)::createFromJsonOrDefaultInternal : <Stage Template>: Proposing JSON name : data/scene_datasets/gibson_semantic/./Edgemere.stage_config.json from original name : data/scene_datasets/gibson_semantic/./Edgemere.glb| This file does not exist.
[19:28:51:620824]:[Metadata] AbstractObjectAttributesManagerBase.h(184)::createObject : File (data/scene_datasets/gibson_semantic/./Edgemere.glb) exists but is not a recognized config filename extension, so new default Stage Template attributes created and registered.
[19:28:51:620834]:[Metadata] AttributesManagerBase.h(380)::createFromJsonOrDefaultInternal : <Stage Template>: Proposing JSON name : data/scene_datasets/gibson_semantic/./Ellaville.stage_config.json from original name : data/scene_datasets/gibson_semantic/./Ellaville.glb| This file does not exist.
[19:28:51:620869]:[Metadata] AbstractObjectAttributesManagerBase.h(184)::createObject : File (data/scene_datasets/gibson_semantic/./Ellaville.glb) exists but is not a recognized config filename extension, so new default Stage Template attributes created and registered.
[19:28:51:620878]:[Metadata] AttributesManagerBase.h(380)::createFromJsonOrDefaultInternal : <Stage Template>: Proposing JSON name : data/scene_datasets/gibson_semantic/./Elmira.stage_config.json from original name : data/scene_datasets/gibson_semantic/./Elmira.glb| This file does not exist.
[19:28:51:620913]:[Metadata] AbstractObjectAttributesManagerBase.h(184)::createObject : File (data/scene_datasets/gibson_semantic/./Elmira.glb) exists but is not a recognized config filename extension, so new default Stage Template attributes created and registered.
[19:28:51:620923]:[Metadata] AttributesManagerBase.h(380)::createFromJsonOrDefaultInternal : <Stage Template>: Proposing JSON name : data/scene_datasets/gibson_semantic/./Elton.stage_config.json from original name : data/scene_datasets/gibson_semantic/./Elton.glb| This file does not exist.
[19:28:51:620957]:[Metadata] AbstractObjectAttributesManagerBase.h(184)::createObject : File (data/scene_datasets/gibson_semantic/./Elton.glb) exists but is not a recognized config filename extension, so new default Stage Template attributes created and registered.
[19:28:51:620967]:[Metadata] AttributesManagerBase.h(380)::createFromJsonOrDefaultInternal : <Stage Template>: Proposing JSON name : data/scene_datasets/gibson_semantic/./Emmaus.stage_config.json from original name : data/scene_datasets/gibson_semantic/./Emmaus.glb| This file does not exist.
[19:28:51:621003]:[Metadata] AbstractObjectAttributesManagerBase.h(184)::createObject : File (data/scene_datasets/gibson_semantic/./Emmaus.glb) exists but is not a recognized config filename extension, so new default Stage Template attributes created and registered.
[19:28:51:621013]:[Metadata] AttributesManagerBase.h(380)::createFromJsonOrDefaultInternal : <Stage Template>: Proposing JSON name : data/scene_datasets/gibson_semantic/./Eudora.stage_config.json from original name : data/scene_datasets/gibson_semantic/./Eudora.glb| This file does not exist.
[19:28:51:621047]:[Metadata] AbstractObjectAttributesManagerBase.h(184)::createObject : File (data/scene_datasets/gibson_semantic/./Eudora.glb) exists but is not a recognized config filename extension, so new default Stage Template attributes created and registered.
[19:28:51:621057]:[Metadata] AttributesManagerBase.h(380)::createFromJsonOrDefaultInternal : <Stage Template>: Proposing JSON name : data/scene_datasets/gibson_semantic/./Euharlee.stage_config.json from original name : data/scene_datasets/gibson_semantic/./Euharlee.glb| This file does not exist.
[19:28:51:621092]:[Metadata] AbstractObjectAttributesManagerBase.h(184)::createObject : File (data/scene_datasets/gibson_semantic/./Euharlee.glb) exists but is not a recognized config filename extension, so new default Stage Template attributes created and registered.
[19:28:51:621102]:[Metadata] AttributesManagerBase.h(380)::createFromJsonOrDefaultInternal : <Stage Template>: Proposing JSON name : data/scene_datasets/gibson_semantic/./Everton.stage_config.json from original name : data/scene_datasets/gibson_semantic/./Everton.glb| This file does not exist.
[19:28:51:621137]:[Metadata] AbstractObjectAttributesManagerBase.h(184)::createObject : File (data/scene_datasets/gibson_semantic/./Everton.glb) exists but is not a recognized config filename extension, so new default Stage Template attributes created and registered.
[19:28:51:621146]:[Metadata] AttributesManagerBase.h(380)::createFromJsonOrDefaultInternal : <Stage Template>: Proposing JSON name : data/scene_datasets/gibson_semantic/./Ewell.stage_config.json from original name : data/scene_datasets/gibson_semantic/./Ewell.glb| This file does not exist.
[19:28:51:621182]:[Metadata] AbstractObjectAttributesManagerBase.h(184)::createObject : File (data/scene_datasets/gibson_semantic/./Ewell.glb) exists but is not a recognized config filename extension, so new default Stage Template attributes created and registered.
[19:28:51:621191]:[Metadata] AttributesManagerBase.h(380)::createFromJsonOrDefaultInternal : <Stage Template>: Proposing JSON name : data/scene_datasets/gibson_semantic/./Fedora.stage_config.json from original name : data/scene_datasets/gibson_semantic/./Fedora.glb| This file does not exist.
[19:28:51:621225]:[Metadata] AbstractObjectAttributesManagerBase.h(184)::createObject : File (data/scene_datasets/gibson_semantic/./Fedora.glb) exists but is not a recognized config filename extension, so new default Stage Template attributes created and registered.
[19:28:51:621235]:[Metadata] AttributesManagerBase.h(380)::createFromJsonOrDefaultInternal : <Stage Template>: Proposing JSON name : data/scene_datasets/gibson_semantic/./Fishersville.stage_config.json from original name : data/scene_datasets/gibson_semantic/./Fishersville.glb| This file does not exist.
[19:28:51:621269]:[Metadata] AbstractObjectAttributesManagerBase.h(184)::createObject : File (data/scene_datasets/gibson_semantic/./Fishersville.glb) exists but is not a recognized config filename extension, so new default Stage Template attributes created and registered.
[19:28:51:621279]:[Metadata] AttributesManagerBase.h(380)::createFromJsonOrDefaultInternal : <Stage Template>: Proposing JSON name : data/scene_datasets/gibson_semantic/./Fitchburg.stage_config.json from original name : data/scene_datasets/gibson_semantic/./Fitchburg.glb| This file does not exist.
[19:28:51:621314]:[Metadata] AbstractObjectAttributesManagerBase.h(184)::createObject : File (data/scene_datasets/gibson_semantic/./Fitchburg.glb) exists but is not a recognized config filename extension, so new default Stage Template attributes created and registered.
[19:28:51:621323]:[Metadata] AttributesManagerBase.h(380)::createFromJsonOrDefaultInternal : <Stage Template>: Proposing JSON name : data/scene_datasets/gibson_semantic/./Fleming.stage_config.json from original name : data/scene_datasets/gibson_semantic/./Fleming.glb| This file does not exist.
[19:28:51:621358]:[Metadata] AbstractObjectAttributesManagerBase.h(184)::createObject : File (data/scene_datasets/gibson_semantic/./Fleming.glb) exists but is not a recognized config filename extension, so new default Stage Template attributes created and registered.
[19:28:51:621368]:[Metadata] AttributesManagerBase.h(380)::createFromJsonOrDefaultInternal : <Stage Template>: Proposing JSON name : data/scene_datasets/gibson_semantic/./Fonda.stage_config.json from original name : data/scene_datasets/gibson_semantic/./Fonda.glb| This file does not exist.
[19:28:51:621403]:[Metadata] AbstractObjectAttributesManagerBase.h(184)::createObject : File (data/scene_datasets/gibson_semantic/./Fonda.glb) exists but is not a recognized config filename extension, so new default Stage Template attributes created and registered.
[19:28:51:621413]:[Metadata] AttributesManagerBase.h(380)::createFromJsonOrDefaultInternal : <Stage Template>: Proposing JSON name : data/scene_datasets/gibson_semantic/./Forkland.stage_config.json from original name : data/scene_datasets/gibson_semantic/./Forkland.glb| This file does not exist.
[19:28:51:621447]:[Metadata] AbstractObjectAttributesManagerBase.h(184)::createObject : File (data/scene_datasets/gibson_semantic/./Forkland.glb) exists but is not a recognized config filename extension, so new default Stage Template attributes created and registered.
[19:28:51:621456]:[Metadata] AttributesManagerBase.h(380)::createFromJsonOrDefaultInternal : <Stage Template>: Proposing JSON name : data/scene_datasets/gibson_semantic/./Foyil.stage_config.json from original name : data/scene_datasets/gibson_semantic/./Foyil.glb| This file does not exist.
[19:28:51:621492]:[Metadata] AbstractObjectAttributesManagerBase.h(184)::createObject : File (data/scene_datasets/gibson_semantic/./Foyil.glb) exists but is not a recognized config filename extension, so new default Stage Template attributes created and registered.
[19:28:51:621502]:[Metadata] AttributesManagerBase.h(380)::createFromJsonOrDefaultInternal : <Stage Template>: Proposing JSON name : data/scene_datasets/gibson_semantic/./Frankfort.stage_config.json from original name : data/scene_datasets/gibson_semantic/./Frankfort.glb| This file does not exist.
[19:28:51:621537]:[Metadata] AbstractObjectAttributesManagerBase.h(184)::createObject : File (data/scene_datasets/gibson_semantic/./Frankfort.glb) exists but is not a recognized config filename extension, so new default Stage Template attributes created and registered.
[19:28:51:621547]:[Metadata] AttributesManagerBase.h(380)::createFromJsonOrDefaultInternal : <Stage Template>: Proposing JSON name : data/scene_datasets/gibson_semantic/./Frankton.stage_config.json from original name : data/scene_datasets/gibson_semantic/./Frankton.glb| This file does not exist.
[19:28:51:621580]:[Metadata] AbstractObjectAttributesManagerBase.h(184)::createObject : File (data/scene_datasets/gibson_semantic/./Frankton.glb) exists but is not a recognized config filename extension, so new default Stage Template attributes created and registered.
[19:28:51:621590]:[Metadata] AttributesManagerBase.h(380)::createFromJsonOrDefaultInternal : <Stage Template>: Proposing JSON name : data/scene_datasets/gibson_semantic/./Fredericksburg.stage_config.json from original name : data/scene_datasets/gibson_semantic/./Fredericksburg.glb| This file does not exist.
[19:28:51:621625]:[Metadata] AbstractObjectAttributesManagerBase.h(184)::createObject : File (data/scene_datasets/gibson_semantic/./Fredericksburg.glb) exists but is not a recognized config filename extension, so new default Stage Template attributes created and registered.
[19:28:51:621635]:[Metadata] AttributesManagerBase.h(380)::createFromJsonOrDefaultInternal : <Stage Template>: Proposing JSON name : data/scene_datasets/gibson_semantic/./Freedom.stage_config.json from original name : data/scene_datasets/gibson_semantic/./Freedom.glb| This file does not exist.
[19:28:51:621670]:[Metadata] AbstractObjectAttributesManagerBase.h(184)::createObject : File (data/scene_datasets/gibson_semantic/./Freedom.glb) exists but is not a recognized config filename extension, so new default Stage Template attributes created and registered.
[19:28:51:621680]:[Metadata] AttributesManagerBase.h(380)::createFromJsonOrDefaultInternal : <Stage Template>: Proposing JSON name : data/scene_datasets/gibson_semantic/./Frierson.stage_config.json from original name : data/scene_datasets/gibson_semantic/./Frierson.glb| This file does not exist.
[19:28:51:621715]:[Metadata] AbstractObjectAttributesManagerBase.h(184)::createObject : File (data/scene_datasets/gibson_semantic/./Frierson.glb) exists but is not a recognized config filename extension, so new default Stage Template attributes created and registered.
[19:28:51:621725]:[Metadata] AttributesManagerBase.h(380)::createFromJsonOrDefaultInternal : <Stage Template>: Proposing JSON name : data/scene_datasets/gibson_semantic/./Frontenac.stage_config.json from original name : data/scene_datasets/gibson_semantic/./Frontenac.glb| This file does not exist.
[19:28:51:621758]:[Metadata] AbstractObjectAttributesManagerBase.h(184)::createObject : File (data/scene_datasets/gibson_semantic/./Frontenac.glb) exists but is not a recognized config filename extension, so new default Stage Template attributes created and registered.
[19:28:51:621768]:[Metadata] AttributesManagerBase.h(380)::createFromJsonOrDefaultInternal : <Stage Template>: Proposing JSON name : data/scene_datasets/gibson_semantic/./Funkstown.stage_config.json from original name : data/scene_datasets/gibson_semantic/./Funkstown.glb| This file does not exist.
[19:28:51:621802]:[Metadata] AbstractObjectAttributesManagerBase.h(184)::createObject : File (data/scene_datasets/gibson_semantic/./Funkstown.glb) exists but is not a recognized config filename extension, so new default Stage Template attributes created and registered.
[19:28:51:621812]:[Metadata] AttributesManagerBase.h(380)::createFromJsonOrDefaultInternal : <Stage Template>: Proposing JSON name : data/scene_datasets/gibson_semantic/./Galatia.stage_config.json from original name : data/scene_datasets/gibson_semantic/./Galatia.glb| This file does not exist.
[19:28:51:621846]:[Metadata] AbstractObjectAttributesManagerBase.h(184)::createObject : File (data/scene_datasets/gibson_semantic/./Galatia.glb) exists but is not a recognized config filename extension, so new default Stage Template attributes created and registered.
[19:28:51:621856]:[Metadata] AttributesManagerBase.h(380)::createFromJsonOrDefaultInternal : <Stage Template>: Proposing JSON name : data/scene_datasets/gibson_semantic/./Gasburg.stage_config.json from original name : data/scene_datasets/gibson_semantic/./Gasburg.glb| This file does not exist.
[19:28:51:621891]:[Metadata] AbstractObjectAttributesManagerBase.h(184)::createObject : File (data/scene_datasets/gibson_semantic/./Gasburg.glb) exists but is not a recognized config filename extension, so new default Stage Template attributes created and registered.
[19:28:51:621900]:[Metadata] AttributesManagerBase.h(380)::createFromJsonOrDefaultInternal : <Stage Template>: Proposing JSON name : data/scene_datasets/gibson_semantic/./Gaylord.stage_config.json from original name : data/scene_datasets/gibson_semantic/./Gaylord.glb| This file does not exist.
[19:28:51:621934]:[Metadata] AbstractObjectAttributesManagerBase.h(184)::createObject : File (data/scene_datasets/gibson_semantic/./Gaylord.glb) exists but is not a recognized config filename extension, so new default Stage Template attributes created and registered.
[19:28:51:621944]:[Metadata] AttributesManagerBase.h(380)::createFromJsonOrDefaultInternal : <Stage Template>: Proposing JSON name : data/scene_datasets/gibson_semantic/./Germfask.stage_config.json from original name : data/scene_datasets/gibson_semantic/./Germfask.glb| This file does not exist.
[19:28:51:621981]:[Metadata] AbstractObjectAttributesManagerBase.h(184)::createObject : File (data/scene_datasets/gibson_semantic/./Germfask.glb) exists but is not a recognized config filename extension, so new default Stage Template attributes created and registered.
[19:28:51:621990]:[Metadata] AttributesManagerBase.h(380)::createFromJsonOrDefaultInternal : <Stage Template>: Proposing JSON name : data/scene_datasets/gibson_semantic/./Gilbert.stage_config.json from original name : data/scene_datasets/gibson_semantic/./Gilbert.glb| This file does not exist.
[19:28:51:622024]:[Metadata] AbstractObjectAttributesManagerBase.h(184)::createObject : File (data/scene_datasets/gibson_semantic/./Gilbert.glb) exists but is not a recognized config filename extension, so new default Stage Template attributes created and registered.
[19:28:51:622034]:[Metadata] AttributesManagerBase.h(380)::createFromJsonOrDefaultInternal : <Stage Template>: Proposing JSON name : data/scene_datasets/gibson_semantic/./Gladstone.stage_config.json from original name : data/scene_datasets/gibson_semantic/./Gladstone.glb| This file does not exist.
[19:28:51:622068]:[Metadata] AbstractObjectAttributesManagerBase.h(184)::createObject : File (data/scene_datasets/gibson_semantic/./Gladstone.glb) exists but is not a recognized config filename extension, so new default Stage Template attributes created and registered.
[19:28:51:622078]:[Metadata] AttributesManagerBase.h(380)::createFromJsonOrDefaultInternal : <Stage Template>: Proposing JSON name : data/scene_datasets/gibson_semantic/./Glassboro.stage_config.json from original name : data/scene_datasets/gibson_semantic/./Glassboro.glb| This file does not exist.
[19:28:51:622113]:[Metadata] AbstractObjectAttributesManagerBase.h(184)::createObject : File (data/scene_datasets/gibson_semantic/./Glassboro.glb) exists but is not a recognized config filename extension, so new default Stage Template attributes created and registered.
[19:28:51:622122]:[Metadata] AttributesManagerBase.h(380)::createFromJsonOrDefaultInternal : <Stage Template>: Proposing JSON name : data/scene_datasets/gibson_semantic/./Glenmoor.stage_config.json from original name : data/scene_datasets/gibson_semantic/./Glenmoor.glb| This file does not exist.
[19:28:51:622157]:[Metadata] AbstractObjectAttributesManagerBase.h(184)::createObject : File (data/scene_datasets/gibson_semantic/./Glenmoor.glb) exists but is not a recognized config filename extension, so new default Stage Template attributes created and registered.
[19:28:51:622166]:[Metadata] AttributesManagerBase.h(380)::createFromJsonOrDefaultInternal : <Stage Template>: Proposing JSON name : data/scene_datasets/gibson_semantic/./Globe.stage_config.json from original name : data/scene_datasets/gibson_semantic/./Globe.glb| This file does not exist.
[19:28:51:622200]:[Metadata] AbstractObjectAttributesManagerBase.h(184)::createObject : File (data/scene_datasets/gibson_semantic/./Globe.glb) exists but is not a recognized config filename extension, so new default Stage Template attributes created and registered.
[19:28:51:622209]:[Metadata] AttributesManagerBase.h(380)::createFromJsonOrDefaultInternal : <Stage Template>: Proposing JSON name : data/scene_datasets/gibson_semantic/./Gloria.stage_config.json from original name : data/scene_datasets/gibson_semantic/./Gloria.glb| This file does not exist.
[19:28:51:622244]:[Metadata] AbstractObjectAttributesManagerBase.h(184)::createObject : File (data/scene_datasets/gibson_semantic/./Gloria.glb) exists but is not a recognized config filename extension, so new default Stage Template attributes created and registered.
[19:28:51:622254]:[Metadata] AttributesManagerBase.h(380)::createFromJsonOrDefaultInternal : <Stage Template>: Proposing JSON name : data/scene_datasets/gibson_semantic/./Goffs.stage_config.json from original name : data/scene_datasets/gibson_semantic/./Goffs.glb| This file does not exist.
[19:28:51:622288]:[Metadata] AbstractObjectAttributesManagerBase.h(184)::createObject : File (data/scene_datasets/gibson_semantic/./Goffs.glb) exists but is not a recognized config filename extension, so new default Stage Template attributes created and registered.
[19:28:51:622298]:[Metadata] AttributesManagerBase.h(380)::createFromJsonOrDefaultInternal : <Stage Template>: Proposing JSON name : data/scene_datasets/gibson_semantic/./Goodfield.stage_config.json from original name : data/scene_datasets/gibson_semantic/./Goodfield.glb| This file does not exist.
[19:28:51:622332]:[Metadata] AbstractObjectAttributesManagerBase.h(184)::createObject : File (data/scene_datasets/gibson_semantic/./Goodfield.glb) exists but is not a recognized config filename extension, so new default Stage Template attributes created and registered.
[19:28:51:622341]:[Metadata] AttributesManagerBase.h(380)::createFromJsonOrDefaultInternal : <Stage Template>: Proposing JSON name : data/scene_datasets/gibson_semantic/./Goodwine.stage_config.json from original name : data/scene_datasets/gibson_semantic/./Goodwine.glb| This file does not exist.
[19:28:51:622376]:[Metadata] AbstractObjectAttributesManagerBase.h(184)::createObject : File (data/scene_datasets/gibson_semantic/./Goodwine.glb) exists but is not a recognized config filename extension, so new default Stage Template attributes created and registered.
[19:28:51:622385]:[Metadata] AttributesManagerBase.h(380)::createFromJsonOrDefaultInternal : <Stage Template>: Proposing JSON name : data/scene_datasets/gibson_semantic/./Goodyear.stage_config.json from original name : data/scene_datasets/gibson_semantic/./Goodyear.glb| This file does not exist.
[19:28:51:622419]:[Metadata] AbstractObjectAttributesManagerBase.h(184)::createObject : File (data/scene_datasets/gibson_semantic/./Goodyear.glb) exists but is not a recognized config filename extension, so new default Stage Template attributes created and registered.
[19:28:51:622428]:[Metadata] AttributesManagerBase.h(380)::createFromJsonOrDefaultInternal : <Stage Template>: Proposing JSON name : data/scene_datasets/gibson_semantic/./Gough.stage_config.json from original name : data/scene_datasets/gibson_semantic/./Gough.glb| This file does not exist.
[19:28:51:622462]:[Metadata] AbstractObjectAttributesManagerBase.h(184)::createObject : File (data/scene_datasets/gibson_semantic/./Gough.glb) exists but is not a recognized config filename extension, so new default Stage Template attributes created and registered.
[19:28:51:622471]:[Metadata] AttributesManagerBase.h(380)::createFromJsonOrDefaultInternal : <Stage Template>: Proposing JSON name : data/scene_datasets/gibson_semantic/./Grace.stage_config.json from original name : data/scene_datasets/gibson_semantic/./Grace.glb| This file does not exist.
[19:28:51:622506]:[Metadata] AbstractObjectAttributesManagerBase.h(184)::createObject : File (data/scene_datasets/gibson_semantic/./Grace.glb) exists but is not a recognized config filename extension, so new default Stage Template attributes created and registered.
[19:28:51:622515]:[Metadata] AttributesManagerBase.h(380)::createFromJsonOrDefaultInternal : <Stage Template>: Proposing JSON name : data/scene_datasets/gibson_semantic/./Graceville.stage_config.json from original name : data/scene_datasets/gibson_semantic/./Graceville.glb| This file does not exist.
[19:28:51:622549]:[Metadata] AbstractObjectAttributesManagerBase.h(184)::createObject : File (data/scene_datasets/gibson_semantic/./Graceville.glb) exists but is not a recognized config filename extension, so new default Stage Template attributes created and registered.
[19:28:51:622559]:[Metadata] AttributesManagerBase.h(380)::createFromJsonOrDefaultInternal : <Stage Template>: Proposing JSON name : data/scene_datasets/gibson_semantic/./Gracey.stage_config.json from original name : data/scene_datasets/gibson_semantic/./Gracey.glb| This file does not exist.
[19:28:51:622594]:[Metadata] AbstractObjectAttributesManagerBase.h(184)::createObject : File (data/scene_datasets/gibson_semantic/./Gracey.glb) exists but is not a recognized config filename extension, so new default Stage Template attributes created and registered.
[19:28:51:622604]:[Metadata] AttributesManagerBase.h(380)::createFromJsonOrDefaultInternal : <Stage Template>: Proposing JSON name : data/scene_datasets/gibson_semantic/./Grainola.stage_config.json from original name : data/scene_datasets/gibson_semantic/./Grainola.glb| This file does not exist.
[19:28:51:622643]:[Metadata] AbstractObjectAttributesManagerBase.h(184)::createObject : File (data/scene_datasets/gibson_semantic/./Grainola.glb) exists but is not a recognized config filename extension, so new default Stage Template attributes created and registered.
[19:28:51:622654]:[Metadata] AttributesManagerBase.h(380)::createFromJsonOrDefaultInternal : <Stage Template>: Proposing JSON name : data/scene_datasets/gibson_semantic/./Grangeville.stage_config.json from original name : data/scene_datasets/gibson_semantic/./Grangeville.glb| This file does not exist.
[19:28:51:622688]:[Metadata] AbstractObjectAttributesManagerBase.h(184)::createObject : File (data/scene_datasets/gibson_semantic/./Grangeville.glb) exists but is not a recognized config filename extension, so new default Stage Template attributes created and registered.
[19:28:51:622697]:[Metadata] AttributesManagerBase.h(380)::createFromJsonOrDefaultInternal : <Stage Template>: Proposing JSON name : data/scene_datasets/gibson_semantic/./Grantsville.stage_config.json from original name : data/scene_datasets/gibson_semantic/./Grantsville.glb| This file does not exist.
[19:28:51:622731]:[Metadata] AbstractObjectAttributesManagerBase.h(184)::createObject : File (data/scene_datasets/gibson_semantic/./Grantsville.glb) exists but is not a recognized config filename extension, so new default Stage Template attributes created and registered.
[19:28:51:622740]:[Metadata] AttributesManagerBase.h(380)::createFromJsonOrDefaultInternal : <Stage Template>: Proposing JSON name : data/scene_datasets/gibson_semantic/./Grassy.stage_config.json from original name : data/scene_datasets/gibson_semantic/./Grassy.glb| This file does not exist.
[19:28:51:622774]:[Metadata] AbstractObjectAttributesManagerBase.h(184)::createObject : File (data/scene_datasets/gibson_semantic/./Grassy.glb) exists but is not a recognized config filename extension, so new default Stage Template attributes created and registered.
[19:28:51:622783]:[Metadata] AttributesManagerBase.h(380)::createFromJsonOrDefaultInternal : <Stage Template>: Proposing JSON name : data/scene_datasets/gibson_semantic/./Gratz.stage_config.json from original name : data/scene_datasets/gibson_semantic/./Gratz.glb| This file does not exist.
[19:28:51:622818]:[Metadata] AbstractObjectAttributesManagerBase.h(184)::createObject : File (data/scene_datasets/gibson_semantic/./Gratz.glb) exists but is not a recognized config filename extension, so new default Stage Template attributes created and registered.
[19:28:51:622827]:[Metadata] AttributesManagerBase.h(380)::createFromJsonOrDefaultInternal : <Stage Template>: Proposing JSON name : data/scene_datasets/gibson_semantic/./Gravelly.stage_config.json from original name : data/scene_datasets/gibson_semantic/./Gravelly.glb| This file does not exist.
[19:28:51:622860]:[Metadata] AbstractObjectAttributesManagerBase.h(184)::createObject : File (data/scene_datasets/gibson_semantic/./Gravelly.glb) exists but is not a recognized config filename extension, so new default Stage Template attributes created and registered.
[19:28:51:622870]:[Metadata] AttributesManagerBase.h(380)::createFromJsonOrDefaultInternal : <Stage Template>: Proposing JSON name : data/scene_datasets/gibson_semantic/./Greigsville.stage_config.json from original name : data/scene_datasets/gibson_semantic/./Greigsville.glb| This file does not exist.
[19:28:51:622904]:[Metadata] AbstractObjectAttributesManagerBase.h(184)::createObject : File (data/scene_datasets/gibson_semantic/./Greigsville.glb) exists but is not a recognized config filename extension, so new default Stage Template attributes created and registered.
[19:28:51:622913]:[Metadata] AttributesManagerBase.h(380)::createFromJsonOrDefaultInternal : <Stage Template>: Proposing JSON name : data/scene_datasets/gibson_semantic/./Haaswood.stage_config.json from original name : data/scene_datasets/gibson_semantic/./Haaswood.glb| This file does not exist.
[19:28:51:622951]:[Metadata] AbstractObjectAttributesManagerBase.h(184)::createObject : File (data/scene_datasets/gibson_semantic/./Haaswood.glb) exists but is not a recognized config filename extension, so new default Stage Template attributes created and registered.
[19:28:51:622961]:[Metadata] AttributesManagerBase.h(380)::createFromJsonOrDefaultInternal : <Stage Template>: Proposing JSON name : data/scene_datasets/gibson_semantic/./Hacienda.stage_config.json from original name : data/scene_datasets/gibson_semantic/./Hacienda.glb| This file does not exist.
[19:28:51:622997]:[Metadata] AbstractObjectAttributesManagerBase.h(184)::createObject : File (data/scene_datasets/gibson_semantic/./Hacienda.glb) exists but is not a recognized config filename extension, so new default Stage Template attributes created and registered.
[19:28:51:623006]:[Metadata] AttributesManagerBase.h(380)::createFromJsonOrDefaultInternal : <Stage Template>: Proposing JSON name : data/scene_datasets/gibson_semantic/./Hainesburg.stage_config.json from original name : data/scene_datasets/gibson_semantic/./Hainesburg.glb| This file does not exist.
[19:28:51:623041]:[Metadata] AbstractObjectAttributesManagerBase.h(184)::createObject : File (data/scene_datasets/gibson_semantic/./Hainesburg.glb) exists but is not a recognized config filename extension, so new default Stage Template attributes created and registered.
[19:28:51:623050]:[Metadata] AttributesManagerBase.h(380)::createFromJsonOrDefaultInternal : <Stage Template>: Proposing JSON name : data/scene_datasets/gibson_semantic/./Halfway.stage_config.json from original name : data/scene_datasets/gibson_semantic/./Halfway.glb| This file does not exist.
[19:28:51:623086]:[Metadata] AbstractObjectAttributesManagerBase.h(184)::createObject : File (data/scene_datasets/gibson_semantic/./Halfway.glb) exists but is not a recognized config filename extension, so new default Stage Template attributes created and registered.
[19:28:51:623096]:[Metadata] AttributesManagerBase.h(380)::createFromJsonOrDefaultInternal : <Stage Template>: Proposing JSON name : data/scene_datasets/gibson_semantic/./Hallettsville.stage_config.json from original name : data/scene_datasets/gibson_semantic/./Hallettsville.glb| This file does not exist.
[19:28:51:623132]:[Metadata] AbstractObjectAttributesManagerBase.h(184)::createObject : File (data/scene_datasets/gibson_semantic/./Hallettsville.glb) exists but is not a recognized config filename extension, so new default Stage Template attributes created and registered.
[19:28:51:623141]:[Metadata] AttributesManagerBase.h(380)::createFromJsonOrDefaultInternal : <Stage Template>: Proposing JSON name : data/scene_datasets/gibson_semantic/./Hambleton.stage_config.json from original name : data/scene_datasets/gibson_semantic/./Hambleton.glb| This file does not exist.
[19:28:51:623175]:[Metadata] AbstractObjectAttributesManagerBase.h(184)::createObject : File (data/scene_datasets/gibson_semantic/./Hambleton.glb) exists but is not a recognized config filename extension, so new default Stage Template attributes created and registered.
[19:28:51:623185]:[Metadata] AttributesManagerBase.h(380)::createFromJsonOrDefaultInternal : <Stage Template>: Proposing JSON name : data/scene_datasets/gibson_semantic/./Hanson.stage_config.json from original name : data/scene_datasets/gibson_semantic/./Hanson.glb| This file does not exist.
[19:28:51:623220]:[Metadata] AbstractObjectAttributesManagerBase.h(184)::createObject : File (data/scene_datasets/gibson_semantic/./Hanson.glb) exists but is not a recognized config filename extension, so new default Stage Template attributes created and registered.
[19:28:51:623231]:[Metadata] AttributesManagerBase.h(380)::createFromJsonOrDefaultInternal : <Stage Template>: Proposing JSON name : data/scene_datasets/gibson_semantic/./Harkeyville.stage_config.json from original name : data/scene_datasets/gibson_semantic/./Harkeyville.glb| This file does not exist.
[19:28:51:623266]:[Metadata] AbstractObjectAttributesManagerBase.h(184)::createObject : File (data/scene_datasets/gibson_semantic/./Harkeyville.glb) exists but is not a recognized config filename extension, so new default Stage Template attributes created and registered.
[19:28:51:623276]:[Metadata] AttributesManagerBase.h(380)::createFromJsonOrDefaultInternal : <Stage Template>: Proposing JSON name : data/scene_datasets/gibson_semantic/./Harrellsville.stage_config.json from original name : data/scene_datasets/gibson_semantic/./Harrellsville.glb| This file does not exist.
[19:28:51:623311]:[Metadata] AbstractObjectAttributesManagerBase.h(184)::createObject : File (data/scene_datasets/gibson_semantic/./Harrellsville.glb) exists but is not a recognized config filename extension, so new default Stage Template attributes created and registered.
[19:28:51:623320]:[Metadata] AttributesManagerBase.h(380)::createFromJsonOrDefaultInternal : <Stage Template>: Proposing JSON name : data/scene_datasets/gibson_semantic/./Hartline.stage_config.json from original name : data/scene_datasets/gibson_semantic/./Hartline.glb| This file does not exist.
[19:28:51:623355]:[Metadata] AbstractObjectAttributesManagerBase.h(184)::createObject : File (data/scene_datasets/gibson_semantic/./Hartline.glb) exists but is not a recognized config filename extension, so new default Stage Template attributes created and registered.
[19:28:51:623364]:[Metadata] AttributesManagerBase.h(380)::createFromJsonOrDefaultInternal : <Stage Template>: Proposing JSON name : data/scene_datasets/gibson_semantic/./Hatfield.stage_config.json from original name : data/scene_datasets/gibson_semantic/./Hatfield.glb| This file does not exist.
[19:28:51:623399]:[Metadata] AbstractObjectAttributesManagerBase.h(184)::createObject : File (data/scene_datasets/gibson_semantic/./Hatfield.glb) exists but is not a recognized config filename extension, so new default Stage Template attributes created and registered.
[19:28:51:623408]:[Metadata] AttributesManagerBase.h(380)::createFromJsonOrDefaultInternal : <Stage Template>: Proposing JSON name : data/scene_datasets/gibson_semantic/./Haxtun.stage_config.json from original name : data/scene_datasets/gibson_semantic/./Haxtun.glb| This file does not exist.
[19:28:51:623444]:[Metadata] AbstractObjectAttributesManagerBase.h(184)::createObject : File (data/scene_datasets/gibson_semantic/./Haxtun.glb) exists but is not a recognized config filename extension, so new default Stage Template attributes created and registered.
[19:28:51:623453]:[Metadata] AttributesManagerBase.h(380)::createFromJsonOrDefaultInternal : <Stage Template>: Proposing JSON name : data/scene_datasets/gibson_semantic/./Haymarket.stage_config.json from original name : data/scene_datasets/gibson_semantic/./Haymarket.glb| This file does not exist.
[19:28:51:623487]:[Metadata] AbstractObjectAttributesManagerBase.h(184)::createObject : File (data/scene_datasets/gibson_semantic/./Haymarket.glb) exists but is not a recognized config filename extension, so new default Stage Template attributes created and registered.
[19:28:51:623497]:[Metadata] AttributesManagerBase.h(380)::createFromJsonOrDefaultInternal : <Stage Template>: Proposing JSON name : data/scene_datasets/gibson_semantic/./Helix.stage_config.json from original name : data/scene_datasets/gibson_semantic/./Helix.glb| This file does not exist.
[19:28:51:623532]:[Metadata] AbstractObjectAttributesManagerBase.h(184)::createObject : File (data/scene_datasets/gibson_semantic/./Helix.glb) exists but is not a recognized config filename extension, so new default Stage Template attributes created and registered.
[19:28:51:623541]:[Metadata] AttributesManagerBase.h(380)::createFromJsonOrDefaultInternal : <Stage Template>: Proposing JSON name : data/scene_datasets/gibson_semantic/./Hendrix.stage_config.json from original name : data/scene_datasets/gibson_semantic/./Hendrix.glb| This file does not exist.
[19:28:51:623577]:[Metadata] AbstractObjectAttributesManagerBase.h(184)::createObject : File (data/scene_datasets/gibson_semantic/./Hendrix.glb) exists but is not a recognized config filename extension, so new default Stage Template attributes created and registered.
[19:28:51:623586]:[Metadata] AttributesManagerBase.h(380)::createFromJsonOrDefaultInternal : <Stage Template>: Proposing JSON name : data/scene_datasets/gibson_semantic/./Hennepin.stage_config.json from original name : data/scene_datasets/gibson_semantic/./Hennepin.glb| This file does not exist.
[19:28:51:623622]:[Metadata] AbstractObjectAttributesManagerBase.h(184)::createObject : File (data/scene_datasets/gibson_semantic/./Hennepin.glb) exists but is not a recognized config filename extension, so new default Stage Template attributes created and registered.
[19:28:51:623631]:[Metadata] AttributesManagerBase.h(380)::createFromJsonOrDefaultInternal : <Stage Template>: Proposing JSON name : data/scene_datasets/gibson_semantic/./Hercules.stage_config.json from original name : data/scene_datasets/gibson_semantic/./Hercules.glb| This file does not exist.
[19:28:51:623665]:[Metadata] AbstractObjectAttributesManagerBase.h(184)::createObject : File (data/scene_datasets/gibson_semantic/./Hercules.glb) exists but is not a recognized config filename extension, so new default Stage Template attributes created and registered.
[19:28:51:623674]:[Metadata] AttributesManagerBase.h(380)::createFromJsonOrDefaultInternal : <Stage Template>: Proposing JSON name : data/scene_datasets/gibson_semantic/./Herricks.stage_config.json from original name : data/scene_datasets/gibson_semantic/./Herricks.glb| This file does not exist.
[19:28:51:623708]:[Metadata] AbstractObjectAttributesManagerBase.h(184)::createObject : File (data/scene_datasets/gibson_semantic/./Herricks.glb) exists but is not a recognized config filename extension, so new default Stage Template attributes created and registered.
[19:28:51:623717]:[Metadata] AttributesManagerBase.h(380)::createFromJsonOrDefaultInternal : <Stage Template>: Proposing JSON name : data/scene_datasets/gibson_semantic/./Highspire.stage_config.json from original name : data/scene_datasets/gibson_semantic/./Highspire.glb| This file does not exist.
[19:28:51:623751]:[Metadata] AbstractObjectAttributesManagerBase.h(184)::createObject : File (data/scene_datasets/gibson_semantic/./Highspire.glb) exists but is not a recognized config filename extension, so new default Stage Template attributes created and registered.
[19:28:51:623760]:[Metadata] AttributesManagerBase.h(380)::createFromJsonOrDefaultInternal : <Stage Template>: Proposing JSON name : data/scene_datasets/gibson_semantic/./Hildebran.stage_config.json from original name : data/scene_datasets/gibson_semantic/./Hildebran.glb| This file does not exist.
[19:28:51:623795]:[Metadata] AbstractObjectAttributesManagerBase.h(184)::createObject : File (data/scene_datasets/gibson_semantic/./Hildebran.glb) exists but is not a recognized config filename extension, so new default Stage Template attributes created and registered.
[19:28:51:623805]:[Metadata] AttributesManagerBase.h(380)::createFromJsonOrDefaultInternal : <Stage Template>: Proposing JSON name : data/scene_datasets/gibson_semantic/./Hillsdale.stage_config.json from original name : data/scene_datasets/gibson_semantic/./Hillsdale.glb| This file does not exist.
[19:28:51:623839]:[Metadata] AbstractObjectAttributesManagerBase.h(184)::createObject : File (data/scene_datasets/gibson_semantic/./Hillsdale.glb) exists but is not a recognized config filename extension, so new default Stage Template attributes created and registered.
[19:28:51:623849]:[Metadata] AttributesManagerBase.h(380)::createFromJsonOrDefaultInternal : <Stage Template>: Proposing JSON name : data/scene_datasets/gibson_semantic/./Hindsboro.stage_config.json from original name : data/scene_datasets/gibson_semantic/./Hindsboro.glb| This file does not exist.
[19:28:51:623884]:[Metadata] AbstractObjectAttributesManagerBase.h(184)::createObject : File (data/scene_datasets/gibson_semantic/./Hindsboro.glb) exists but is not a recognized config filename extension, so new default Stage Template attributes created and registered.
[19:28:51:623894]:[Metadata] AttributesManagerBase.h(380)::createFromJsonOrDefaultInternal : <Stage Template>: Proposing JSON name : data/scene_datasets/gibson_semantic/./Hitchland.stage_config.json from original name : data/scene_datasets/gibson_semantic/./Hitchland.glb| This file does not exist.
[19:28:51:623928]:[Metadata] AbstractObjectAttributesManagerBase.h(184)::createObject : File (data/scene_datasets/gibson_semantic/./Hitchland.glb) exists but is not a recognized config filename extension, so new default Stage Template attributes created and registered.
[19:28:51:623937]:[Metadata] AttributesManagerBase.h(380)::createFromJsonOrDefaultInternal : <Stage Template>: Proposing JSON name : data/scene_datasets/gibson_semantic/./Hiteman.stage_config.json from original name : data/scene_datasets/gibson_semantic/./Hiteman.glb| This file does not exist.
[19:28:51:623975]:[Metadata] AbstractObjectAttributesManagerBase.h(184)::createObject : File (data/scene_datasets/gibson_semantic/./Hiteman.glb) exists but is not a recognized config filename extension, so new default Stage Template attributes created and registered.
[19:28:51:623984]:[Metadata] AttributesManagerBase.h(380)::createFromJsonOrDefaultInternal : <Stage Template>: Proposing JSON name : data/scene_datasets/gibson_semantic/./Hobson.stage_config.json from original name : data/scene_datasets/gibson_semantic/./Hobson.glb| This file does not exist.
[19:28:51:624018]:[Metadata] AbstractObjectAttributesManagerBase.h(184)::createObject : File (data/scene_datasets/gibson_semantic/./Hobson.glb) exists but is not a recognized config filename extension, so new default Stage Template attributes created and registered.
[19:28:51:624027]:[Metadata] AttributesManagerBase.h(380)::createFromJsonOrDefaultInternal : <Stage Template>: Proposing JSON name : data/scene_datasets/gibson_semantic/./Holcut.stage_config.json from original name : data/scene_datasets/gibson_semantic/./Holcut.glb| This file does not exist.
[19:28:51:624061]:[Metadata] AbstractObjectAttributesManagerBase.h(184)::createObject : File (data/scene_datasets/gibson_semantic/./Holcut.glb) exists but is not a recognized config filename extension, so new default Stage Template attributes created and registered.
[19:28:51:624070]:[Metadata] AttributesManagerBase.h(380)::createFromJsonOrDefaultInternal : <Stage Template>: Proposing JSON name : data/scene_datasets/gibson_semantic/./Hometown.stage_config.json from original name : data/scene_datasets/gibson_semantic/./Hometown.glb| This file does not exist.
[19:28:51:624106]:[Metadata] AbstractObjectAttributesManagerBase.h(184)::createObject : File (data/scene_datasets/gibson_semantic/./Hometown.glb) exists but is not a recognized config filename extension, so new default Stage Template attributes created and registered.
[19:28:51:624115]:[Metadata] AttributesManagerBase.h(380)::createFromJsonOrDefaultInternal : <Stage Template>: Proposing JSON name : data/scene_datasets/gibson_semantic/./Hominy.stage_config.json from original name : data/scene_datasets/gibson_semantic/./Hominy.glb| This file does not exist.
[19:28:51:624150]:[Metadata] AbstractObjectAttributesManagerBase.h(184)::createObject : File (data/scene_datasets/gibson_semantic/./Hominy.glb) exists but is not a recognized config filename extension, so new default Stage Template attributes created and registered.
[19:28:51:624159]:[Metadata] AttributesManagerBase.h(380)::createFromJsonOrDefaultInternal : <Stage Template>: Proposing JSON name : data/scene_datasets/gibson_semantic/./Hordville.stage_config.json from original name : data/scene_datasets/gibson_semantic/./Hordville.glb| This file does not exist.
[19:28:51:624193]:[Metadata] AbstractObjectAttributesManagerBase.h(184)::createObject : File (data/scene_datasets/gibson_semantic/./Hordville.glb) exists but is not a recognized config filename extension, so new default Stage Template attributes created and registered.
[19:28:51:624203]:[Metadata] AttributesManagerBase.h(380)::createFromJsonOrDefaultInternal : <Stage Template>: Proposing JSON name : data/scene_datasets/gibson_semantic/./Hornsby.stage_config.json from original name : data/scene_datasets/gibson_semantic/./Hornsby.glb| This file does not exist.
[19:28:51:624238]:[Metadata] AbstractObjectAttributesManagerBase.h(184)::createObject : File (data/scene_datasets/gibson_semantic/./Hornsby.glb) exists but is not a recognized config filename extension, so new default Stage Template attributes created and registered.
[19:28:51:624247]:[Metadata] AttributesManagerBase.h(380)::createFromJsonOrDefaultInternal : <Stage Template>: Proposing JSON name : data/scene_datasets/gibson_semantic/./Hortense.stage_config.json from original name : data/scene_datasets/gibson_semantic/./Hortense.glb| This file does not exist.
[19:28:51:624283]:[Metadata] AbstractObjectAttributesManagerBase.h(184)::createObject : File (data/scene_datasets/gibson_semantic/./Hortense.glb) exists but is not a recognized config filename extension, so new default Stage Template attributes created and registered.
[19:28:51:624292]:[Metadata] AttributesManagerBase.h(380)::createFromJsonOrDefaultInternal : <Stage Template>: Proposing JSON name : data/scene_datasets/gibson_semantic/./Howie.stage_config.json from original name : data/scene_datasets/gibson_semantic/./Howie.glb| This file does not exist.
[19:28:51:624328]:[Metadata] AbstractObjectAttributesManagerBase.h(184)::createObject : File (data/scene_datasets/gibson_semantic/./Howie.glb) exists but is not a recognized config filename extension, so new default Stage Template attributes created and registered.
[19:28:51:624337]:[Metadata] AttributesManagerBase.h(380)::createFromJsonOrDefaultInternal : <Stage Template>: Proposing JSON name : data/scene_datasets/gibson_semantic/./Hurley.stage_config.json from original name : data/scene_datasets/gibson_semantic/./Hurley.glb| This file does not exist.
[19:28:51:624372]:[Metadata] AbstractObjectAttributesManagerBase.h(184)::createObject : File (data/scene_datasets/gibson_semantic/./Hurley.glb) exists but is not a recognized config filename extension, so new default Stage Template attributes created and registered.
[19:28:51:624381]:[Metadata] AttributesManagerBase.h(380)::createFromJsonOrDefaultInternal : <Stage Template>: Proposing JSON name : data/scene_datasets/gibson_semantic/./Idanha.stage_config.json from original name : data/scene_datasets/gibson_semantic/./Idanha.glb| This file does not exist.
[19:28:51:624416]:[Metadata] AbstractObjectAttributesManagerBase.h(184)::createObject : File (data/scene_datasets/gibson_semantic/./Idanha.glb) exists but is not a recognized config filename extension, so new default Stage Template attributes created and registered.
[19:28:51:624425]:[Metadata] AttributesManagerBase.h(380)::createFromJsonOrDefaultInternal : <Stage Template>: Proposing JSON name : data/scene_datasets/gibson_semantic/./Inkom.stage_config.json from original name : data/scene_datasets/gibson_semantic/./Inkom.glb| This file does not exist.
[19:28:51:624460]:[Metadata] AbstractObjectAttributesManagerBase.h(184)::createObject : File (data/scene_datasets/gibson_semantic/./Inkom.glb) exists but is not a recognized config filename extension, so new default Stage Template attributes created and registered.
[19:28:51:624469]:[Metadata] AttributesManagerBase.h(380)::createFromJsonOrDefaultInternal : <Stage Template>: Proposing JSON name : data/scene_datasets/gibson_semantic/./Irvine.stage_config.json from original name : data/scene_datasets/gibson_semantic/./Irvine.glb| This file does not exist.
[19:28:51:624504]:[Metadata] AbstractObjectAttributesManagerBase.h(184)::createObject : File (data/scene_datasets/gibson_semantic/./Irvine.glb) exists but is not a recognized config filename extension, so new default Stage Template attributes created and registered.
[19:28:51:624513]:[Metadata] AttributesManagerBase.h(380)::createFromJsonOrDefaultInternal : <Stage Template>: Proposing JSON name : data/scene_datasets/gibson_semantic/./Islandton.stage_config.json from original name : data/scene_datasets/gibson_semantic/./Islandton.glb| This file does not exist.
[19:28:51:624548]:[Metadata] AbstractObjectAttributesManagerBase.h(184)::createObject : File (data/scene_datasets/gibson_semantic/./Islandton.glb) exists but is not a recognized config filename extension, so new default Stage Template attributes created and registered.
[19:28:51:624557]:[Metadata] AttributesManagerBase.h(380)::createFromJsonOrDefaultInternal : <Stage Template>: Proposing JSON name : data/scene_datasets/gibson_semantic/./Jacobus.stage_config.json from original name : data/scene_datasets/gibson_semantic/./Jacobus.glb| This file does not exist.
[19:28:51:624593]:[Metadata] AbstractObjectAttributesManagerBase.h(184)::createObject : File (data/scene_datasets/gibson_semantic/./Jacobus.glb) exists but is not a recognized config filename extension, so new default Stage Template attributes created and registered.
[19:28:51:624602]:[Metadata] AttributesManagerBase.h(380)::createFromJsonOrDefaultInternal : <Stage Template>: Proposing JSON name : data/scene_datasets/gibson_semantic/./Jenners.stage_config.json from original name : data/scene_datasets/gibson_semantic/./Jenners.glb| This file does not exist.
[19:28:51:624638]:[Metadata] AbstractObjectAttributesManagerBase.h(184)::createObject : File (data/scene_datasets/gibson_semantic/./Jenners.glb) exists but is not a recognized config filename extension, so new default Stage Template attributes created and registered.
[19:28:51:624647]:[Metadata] AttributesManagerBase.h(380)::createFromJsonOrDefaultInternal : <Stage Template>: Proposing JSON name : data/scene_datasets/gibson_semantic/./Jennie.stage_config.json from original name : data/scene_datasets/gibson_semantic/./Jennie.glb| This file does not exist.
[19:28:51:624682]:[Metadata] AbstractObjectAttributesManagerBase.h(184)::createObject : File (data/scene_datasets/gibson_semantic/./Jennie.glb) exists but is not a recognized config filename extension, so new default Stage Template attributes created and registered.
[19:28:51:624691]:[Metadata] AttributesManagerBase.h(380)::createFromJsonOrDefaultInternal : <Stage Template>: Proposing JSON name : data/scene_datasets/gibson_semantic/./Judith.stage_config.json from original name : data/scene_datasets/gibson_semantic/./Judith.glb| This file does not exist.
[19:28:51:624726]:[Metadata] AbstractObjectAttributesManagerBase.h(184)::createObject : File (data/scene_datasets/gibson_semantic/./Judith.glb) exists but is not a recognized config filename extension, so new default Stage Template attributes created and registered.
[19:28:51:624736]:[Metadata] AttributesManagerBase.h(380)::createFromJsonOrDefaultInternal : <Stage Template>: Proposing JSON name : data/scene_datasets/gibson_semantic/./Kangley.stage_config.json from original name : data/scene_datasets/gibson_semantic/./Kangley.glb| This file does not exist.
[19:28:51:624772]:[Metadata] AbstractObjectAttributesManagerBase.h(184)::createObject : File (data/scene_datasets/gibson_semantic/./Kangley.glb) exists but is not a recognized config filename extension, so new default Stage Template attributes created and registered.
[19:28:51:624781]:[Metadata] AttributesManagerBase.h(380)::createFromJsonOrDefaultInternal : <Stage Template>: Proposing JSON name : data/scene_datasets/gibson_semantic/./Kankakee.stage_config.json from original name : data/scene_datasets/gibson_semantic/./Kankakee.glb| This file does not exist.
[19:28:51:624815]:[Metadata] AbstractObjectAttributesManagerBase.h(184)::createObject : File (data/scene_datasets/gibson_semantic/./Kankakee.glb) exists but is not a recognized config filename extension, so new default Stage Template attributes created and registered.
[19:28:51:624825]:[Metadata] AttributesManagerBase.h(380)::createFromJsonOrDefaultInternal : <Stage Template>: Proposing JSON name : data/scene_datasets/gibson_semantic/./Kathryn.stage_config.json from original name : data/scene_datasets/gibson_semantic/./Kathryn.glb| This file does not exist.
[19:28:51:624859]:[Metadata] AbstractObjectAttributesManagerBase.h(184)::createObject : File (data/scene_datasets/gibson_semantic/./Kathryn.glb) exists but is not a recognized config filename extension, so new default Stage Template attributes created and registered.
[19:28:51:624868]:[Metadata] AttributesManagerBase.h(380)::createFromJsonOrDefaultInternal : <Stage Template>: Proposing JSON name : data/scene_datasets/gibson_semantic/./Keiser.stage_config.json from original name : data/scene_datasets/gibson_semantic/./Keiser.glb| This file does not exist.
[19:28:51:624903]:[Metadata] AbstractObjectAttributesManagerBase.h(184)::createObject : File (data/scene_datasets/gibson_semantic/./Keiser.glb) exists but is not a recognized config filename extension, so new default Stage Template attributes created and registered.
[19:28:51:624913]:[Metadata] AttributesManagerBase.h(380)::createFromJsonOrDefaultInternal : <Stage Template>: Proposing JSON name : data/scene_datasets/gibson_semantic/./Kemblesville.stage_config.json from original name : data/scene_datasets/gibson_semantic/./Kemblesville.glb| This file does not exist.
[19:28:51:624947]:[Metadata] AbstractObjectAttributesManagerBase.h(184)::createObject : File (data/scene_datasets/gibson_semantic/./Kemblesville.glb) exists but is not a recognized config filename extension, so new default Stage Template attributes created and registered.
[19:28:51:624956]:[Metadata] AttributesManagerBase.h(380)::createFromJsonOrDefaultInternal : <Stage Template>: Proposing JSON name : data/scene_datasets/gibson_semantic/./Kendall.stage_config.json from original name : data/scene_datasets/gibson_semantic/./Kendall.glb| This file does not exist.
[19:28:51:624992]:[Metadata] AbstractObjectAttributesManagerBase.h(184)::createObject : File (data/scene_datasets/gibson_semantic/./Kendall.glb) exists but is not a recognized config filename extension, so new default Stage Template attributes created and registered.
[19:28:51:625001]:[Metadata] AttributesManagerBase.h(380)::createFromJsonOrDefaultInternal : <Stage Template>: Proposing JSON name : data/scene_datasets/gibson_semantic/./Kerrtown.stage_config.json from original name : data/scene_datasets/gibson_semantic/./Kerrtown.glb| This file does not exist.
[19:28:51:625036]:[Metadata] AbstractObjectAttributesManagerBase.h(184)::createObject : File (data/scene_datasets/gibson_semantic/./Kerrtown.glb) exists but is not a recognized config filename extension, so new default Stage Template attributes created and registered.
[19:28:51:625045]:[Metadata] AttributesManagerBase.h(380)::createFromJsonOrDefaultInternal : <Stage Template>: Proposing JSON name : data/scene_datasets/gibson_semantic/./Kettle.stage_config.json from original name : data/scene_datasets/gibson_semantic/./Kettle.glb| This file does not exist.
[19:28:51:625080]:[Metadata] AbstractObjectAttributesManagerBase.h(184)::createObject : File (data/scene_datasets/gibson_semantic/./Kettle.glb) exists but is not a recognized config filename extension, so new default Stage Template attributes created and registered.
[19:28:51:625090]:[Metadata] AttributesManagerBase.h(380)::createFromJsonOrDefaultInternal : <Stage Template>: Proposing JSON name : data/scene_datasets/gibson_semantic/./Kevin.stage_config.json from original name : data/scene_datasets/gibson_semantic/./Kevin.glb| This file does not exist.
[19:28:51:625124]:[Metadata] AbstractObjectAttributesManagerBase.h(184)::createObject : File (data/scene_datasets/gibson_semantic/./Kevin.glb) exists but is not a recognized config filename extension, so new default Stage Template attributes created and registered.
[19:28:51:625133]:[Metadata] AttributesManagerBase.h(380)::createFromJsonOrDefaultInternal : <Stage Template>: Proposing JSON name : data/scene_datasets/gibson_semantic/./Keweenaw.stage_config.json from original name : data/scene_datasets/gibson_semantic/./Keweenaw.glb| This file does not exist.
[19:28:51:625168]:[Metadata] AbstractObjectAttributesManagerBase.h(184)::createObject : File (data/scene_datasets/gibson_semantic/./Keweenaw.glb) exists but is not a recognized config filename extension, so new default Stage Template attributes created and registered.
[19:28:51:625177]:[Metadata] AttributesManagerBase.h(380)::createFromJsonOrDefaultInternal : <Stage Template>: Proposing JSON name : data/scene_datasets/gibson_semantic/./Kildare.stage_config.json from original name : data/scene_datasets/gibson_semantic/./Kildare.glb| This file does not exist.
[19:28:51:625212]:[Metadata] AbstractObjectAttributesManagerBase.h(184)::createObject : File (data/scene_datasets/gibson_semantic/./Kildare.glb) exists but is not a recognized config filename extension, so new default Stage Template attributes created and registered.
[19:28:51:625221]:[Metadata] AttributesManagerBase.h(380)::createFromJsonOrDefaultInternal : <Stage Template>: Proposing JSON name : data/scene_datasets/gibson_semantic/./Kinde.stage_config.json from original name : data/scene_datasets/gibson_semantic/./Kinde.glb| This file does not exist.
[19:28:51:625255]:[Metadata] AbstractObjectAttributesManagerBase.h(184)::createObject : File (data/scene_datasets/gibson_semantic/./Kinde.glb) exists but is not a recognized config filename extension, so new default Stage Template attributes created and registered.
[19:28:51:625264]:[Metadata] AttributesManagerBase.h(380)::createFromJsonOrDefaultInternal : <Stage Template>: Proposing JSON name : data/scene_datasets/gibson_semantic/./Kingdom.stage_config.json from original name : data/scene_datasets/gibson_semantic/./Kingdom.glb| This file does not exist.
[19:28:51:625299]:[Metadata] AbstractObjectAttributesManagerBase.h(184)::createObject : File (data/scene_datasets/gibson_semantic/./Kingdom.glb) exists but is not a recognized config filename extension, so new default Stage Template attributes created and registered.
[19:28:51:625308]:[Metadata] AttributesManagerBase.h(380)::createFromJsonOrDefaultInternal : <Stage Template>: Proposing JSON name : data/scene_datasets/gibson_semantic/./Kinney.stage_config.json from original name : data/scene_datasets/gibson_semantic/./Kinney.glb| This file does not exist.
[19:28:51:625341]:[Metadata] AbstractObjectAttributesManagerBase.h(184)::createObject : File (data/scene_datasets/gibson_semantic/./Kinney.glb) exists but is not a recognized config filename extension, so new default Stage Template attributes created and registered.
[19:28:51:625351]:[Metadata] AttributesManagerBase.h(380)::createFromJsonOrDefaultInternal : <Stage Template>: Proposing JSON name : data/scene_datasets/gibson_semantic/./Kirksville.stage_config.json from original name : data/scene_datasets/gibson_semantic/./Kirksville.glb| This file does not exist.
[19:28:51:625386]:[Metadata] AbstractObjectAttributesManagerBase.h(184)::createObject : File (data/scene_datasets/gibson_semantic/./Kirksville.glb) exists but is not a recognized config filename extension, so new default Stage Template attributes created and registered.
[19:28:51:625396]:[Metadata] AttributesManagerBase.h(380)::createFromJsonOrDefaultInternal : <Stage Template>: Proposing JSON name : data/scene_datasets/gibson_semantic/./Kirwin.stage_config.json from original name : data/scene_datasets/gibson_semantic/./Kirwin.glb| This file does not exist.
[19:28:51:625430]:[Metadata] AbstractObjectAttributesManagerBase.h(184)::createObject : File (data/scene_datasets/gibson_semantic/./Kirwin.glb) exists but is not a recognized config filename extension, so new default Stage Template attributes created and registered.
[19:28:51:625440]:[Metadata] AttributesManagerBase.h(380)::createFromJsonOrDefaultInternal : <Stage Template>: Proposing JSON name : data/scene_datasets/gibson_semantic/./Klickitat.stage_config.json from original name : data/scene_datasets/gibson_semantic/./Klickitat.glb| This file does not exist.
[19:28:51:625474]:[Metadata] AbstractObjectAttributesManagerBase.h(184)::createObject : File (data/scene_datasets/gibson_semantic/./Klickitat.glb) exists but is not a recognized config filename extension, so new default Stage Template attributes created and registered.
[19:28:51:625484]:[Metadata] AttributesManagerBase.h(380)::createFromJsonOrDefaultInternal : <Stage Template>: Proposing JSON name : data/scene_datasets/gibson_semantic/./Kobuk.stage_config.json from original name : data/scene_datasets/gibson_semantic/./Kobuk.glb| This file does not exist.
[19:28:51:625518]:[Metadata] AbstractObjectAttributesManagerBase.h(184)::createObject : File (data/scene_datasets/gibson_semantic/./Kobuk.glb) exists but is not a recognized config filename extension, so new default Stage Template attributes created and registered.
[19:28:51:625527]:[Metadata] AttributesManagerBase.h(380)::createFromJsonOrDefaultInternal : <Stage Template>: Proposing JSON name : data/scene_datasets/gibson_semantic/./Kopperl.stage_config.json from original name : data/scene_datasets/gibson_semantic/./Kopperl.glb| This file does not exist.
[19:28:51:625560]:[Metadata] AbstractObjectAttributesManagerBase.h(184)::createObject : File (data/scene_datasets/gibson_semantic/./Kopperl.glb) exists but is not a recognized config filename extension, so new default Stage Template attributes created and registered.
[19:28:51:625569]:[Metadata] AttributesManagerBase.h(380)::createFromJsonOrDefaultInternal : <Stage Template>: Proposing JSON name : data/scene_datasets/gibson_semantic/./Kremlin.stage_config.json from original name : data/scene_datasets/gibson_semantic/./Kremlin.glb| This file does not exist.
[19:28:51:625604]:[Metadata] AbstractObjectAttributesManagerBase.h(184)::createObject : File (data/scene_datasets/gibson_semantic/./Kremlin.glb) exists but is not a recognized config filename extension, so new default Stage Template attributes created and registered.
[19:28:51:625614]:[Metadata] AttributesManagerBase.h(380)::createFromJsonOrDefaultInternal : <Stage Template>: Proposing JSON name : data/scene_datasets/gibson_semantic/./Kronborg.stage_config.json from original name : data/scene_datasets/gibson_semantic/./Kronborg.glb| This file does not exist.
[19:28:51:625649]:[Metadata] AbstractObjectAttributesManagerBase.h(184)::createObject : File (data/scene_datasets/gibson_semantic/./Kronborg.glb) exists but is not a recognized config filename extension, so new default Stage Template attributes created and registered.
[19:28:51:625658]:[Metadata] AttributesManagerBase.h(380)::createFromJsonOrDefaultInternal : <Stage Template>: Proposing JSON name : data/scene_datasets/gibson_semantic/./Lacon.stage_config.json from original name : data/scene_datasets/gibson_semantic/./Lacon.glb| This file does not exist.
[19:28:51:625691]:[Metadata] AbstractObjectAttributesManagerBase.h(184)::createObject : File (data/scene_datasets/gibson_semantic/./Lacon.glb) exists but is not a recognized config filename extension, so new default Stage Template attributes created and registered.
[19:28:51:625700]:[Metadata] AttributesManagerBase.h(380)::createFromJsonOrDefaultInternal : <Stage Template>: Proposing JSON name : data/scene_datasets/gibson_semantic/./Lajas.stage_config.json from original name : data/scene_datasets/gibson_semantic/./Lajas.glb| This file does not exist.
[19:28:51:625734]:[Metadata] AbstractObjectAttributesManagerBase.h(184)::createObject : File (data/scene_datasets/gibson_semantic/./Lajas.glb) exists but is not a recognized config filename extension, so new default Stage Template attributes created and registered.
[19:28:51:625745]:[Metadata] AttributesManagerBase.h(380)::createFromJsonOrDefaultInternal : <Stage Template>: Proposing JSON name : data/scene_datasets/gibson_semantic/./Lakeville.stage_config.json from original name : data/scene_datasets/gibson_semantic/./Lakeville.glb| This file does not exist.
[19:28:51:625780]:[Metadata] AbstractObjectAttributesManagerBase.h(184)::createObject : File (data/scene_datasets/gibson_semantic/./Lakeville.glb) exists but is not a recognized config filename extension, so new default Stage Template attributes created and registered.
[19:28:51:625789]:[Metadata] AttributesManagerBase.h(380)::createFromJsonOrDefaultInternal : <Stage Template>: Proposing JSON name : data/scene_datasets/gibson_semantic/./Laupahoehoe.stage_config.json from original name : data/scene_datasets/gibson_semantic/./Laupahoehoe.glb| This file does not exist.
[19:28:51:625823]:[Metadata] AbstractObjectAttributesManagerBase.h(184)::createObject : File (data/scene_datasets/gibson_semantic/./Laupahoehoe.glb) exists but is not a recognized config filename extension, so new default Stage Template attributes created and registered.
[19:28:51:625833]:[Metadata] AttributesManagerBase.h(380)::createFromJsonOrDefaultInternal : <Stage Template>: Proposing JSON name : data/scene_datasets/gibson_semantic/./Laytonsville.stage_config.json from original name : data/scene_datasets/gibson_semantic/./Laytonsville.glb| This file does not exist.
[19:28:51:625868]:[Metadata] AbstractObjectAttributesManagerBase.h(184)::createObject : File (data/scene_datasets/gibson_semantic/./Laytonsville.glb) exists but is not a recognized config filename extension, so new default Stage Template attributes created and registered.
[19:28:51:625877]:[Metadata] AttributesManagerBase.h(380)::createFromJsonOrDefaultInternal : <Stage Template>: Proposing JSON name : data/scene_datasets/gibson_semantic/./Leavittsburg.stage_config.json from original name : data/scene_datasets/gibson_semantic/./Leavittsburg.glb| This file does not exist.
[19:28:51:625911]:[Metadata] AbstractObjectAttributesManagerBase.h(184)::createObject : File (data/scene_datasets/gibson_semantic/./Leavittsburg.glb) exists but is not a recognized config filename extension, so new default Stage Template attributes created and registered.
[19:28:51:625920]:[Metadata] AttributesManagerBase.h(380)::createFromJsonOrDefaultInternal : <Stage Template>: Proposing JSON name : data/scene_datasets/gibson_semantic/./Lenoir.stage_config.json from original name : data/scene_datasets/gibson_semantic/./Lenoir.glb| This file does not exist.
[19:28:51:625954]:[Metadata] AbstractObjectAttributesManagerBase.h(184)::createObject : File (data/scene_datasets/gibson_semantic/./Lenoir.glb) exists but is not a recognized config filename extension, so new default Stage Template attributes created and registered.
[19:28:51:625964]:[Metadata] AttributesManagerBase.h(380)::createFromJsonOrDefaultInternal : <Stage Template>: Proposing JSON name : data/scene_datasets/gibson_semantic/./Leonardo.stage_config.json from original name : data/scene_datasets/gibson_semantic/./Leonardo.glb| This file does not exist.
[19:28:51:625999]:[Metadata] AbstractObjectAttributesManagerBase.h(184)::createObject : File (data/scene_datasets/gibson_semantic/./Leonardo.glb) exists but is not a recognized config filename extension, so new default Stage Template attributes created and registered.
[19:28:51:626008]:[Metadata] AttributesManagerBase.h(380)::createFromJsonOrDefaultInternal : <Stage Template>: Proposing JSON name : data/scene_datasets/gibson_semantic/./Lessley.stage_config.json from original name : data/scene_datasets/gibson_semantic/./Lessley.glb| This file does not exist.
[19:28:51:626044]:[Metadata] AbstractObjectAttributesManagerBase.h(184)::createObject : File (data/scene_datasets/gibson_semantic/./Lessley.glb) exists but is not a recognized config filename extension, so new default Stage Template attributes created and registered.
[19:28:51:626053]:[Metadata] AttributesManagerBase.h(380)::createFromJsonOrDefaultInternal : <Stage Template>: Proposing JSON name : data/scene_datasets/gibson_semantic/./Lincolnwood.stage_config.json from original name : data/scene_datasets/gibson_semantic/./Lincolnwood.glb| This file does not exist.
[19:28:51:626089]:[Metadata] AbstractObjectAttributesManagerBase.h(184)::createObject : File (data/scene_datasets/gibson_semantic/./Lincolnwood.glb) exists but is not a recognized config filename extension, so new default Stage Template attributes created and registered.
[19:28:51:626098]:[Metadata] AttributesManagerBase.h(380)::createFromJsonOrDefaultInternal : <Stage Template>: Proposing JSON name : data/scene_datasets/gibson_semantic/./Lindberg.stage_config.json from original name : data/scene_datasets/gibson_semantic/./Lindberg.glb| This file does not exist.
[19:28:51:626142]:[Metadata] AbstractObjectAttributesManagerBase.h(184)::createObject : File (data/scene_datasets/gibson_semantic/./Lindberg.glb) exists but is not a recognized config filename extension, so new default Stage Template attributes created and registered.
[19:28:51:626151]:[Metadata] AttributesManagerBase.h(380)::createFromJsonOrDefaultInternal : <Stage Template>: Proposing JSON name : data/scene_datasets/gibson_semantic/./Lindenwood.stage_config.json from original name : data/scene_datasets/gibson_semantic/./Lindenwood.glb| This file does not exist.
[19:28:51:626187]:[Metadata] AbstractObjectAttributesManagerBase.h(184)::createObject : File (data/scene_datasets/gibson_semantic/./Lindenwood.glb) exists but is not a recognized config filename extension, so new default Stage Template attributes created and registered.
[19:28:51:626196]:[Metadata] AttributesManagerBase.h(380)::createFromJsonOrDefaultInternal : <Stage Template>: Proposing JSON name : data/scene_datasets/gibson_semantic/./Lindsborg.stage_config.json from original name : data/scene_datasets/gibson_semantic/./Lindsborg.glb| This file does not exist.
[19:28:51:626231]:[Metadata] AbstractObjectAttributesManagerBase.h(184)::createObject : File (data/scene_datasets/gibson_semantic/./Lindsborg.glb) exists but is not a recognized config filename extension, so new default Stage Template attributes created and registered.
[19:28:51:626240]:[Metadata] AttributesManagerBase.h(380)::createFromJsonOrDefaultInternal : <Stage Template>: Proposing JSON name : data/scene_datasets/gibson_semantic/./Lineville.stage_config.json from original name : data/scene_datasets/gibson_semantic/./Lineville.glb| This file does not exist.
[19:28:51:626274]:[Metadata] AbstractObjectAttributesManagerBase.h(184)::createObject : File (data/scene_datasets/gibson_semantic/./Lineville.glb) exists but is not a recognized config filename extension, so new default Stage Template attributes created and registered.
[19:28:51:626283]:[Metadata] AttributesManagerBase.h(380)::createFromJsonOrDefaultInternal : <Stage Template>: Proposing JSON name : data/scene_datasets/gibson_semantic/./Lluveras.stage_config.json from original name : data/scene_datasets/gibson_semantic/./Lluveras.glb| This file does not exist.
[19:28:51:626317]:[Metadata] AbstractObjectAttributesManagerBase.h(184)::createObject : File (data/scene_datasets/gibson_semantic/./Lluveras.glb) exists but is not a recognized config filename extension, so new default Stage Template attributes created and registered.
[19:28:51:626326]:[Metadata] AttributesManagerBase.h(380)::createFromJsonOrDefaultInternal : <Stage Template>: Proposing JSON name : data/scene_datasets/gibson_semantic/./Lucan.stage_config.json from original name : data/scene_datasets/gibson_semantic/./Lucan.glb| This file does not exist.
[19:28:51:626360]:[Metadata] AbstractObjectAttributesManagerBase.h(184)::createObject : File (data/scene_datasets/gibson_semantic/./Lucan.glb) exists but is not a recognized config filename extension, so new default Stage Template attributes created and registered.
[19:28:51:626369]:[Metadata] AttributesManagerBase.h(380)::createFromJsonOrDefaultInternal : <Stage Template>: Proposing JSON name : data/scene_datasets/gibson_semantic/./Ludlowville.stage_config.json from original name : data/scene_datasets/gibson_semantic/./Ludlowville.glb| This file does not exist.
[19:28:51:626403]:[Metadata] AbstractObjectAttributesManagerBase.h(184)::createObject : File (data/scene_datasets/gibson_semantic/./Ludlowville.glb) exists but is not a recognized config filename extension, so new default Stage Template attributes created and registered.
[19:28:51:626412]:[Metadata] AttributesManagerBase.h(380)::createFromJsonOrDefaultInternal : <Stage Template>: Proposing JSON name : data/scene_datasets/gibson_semantic/./Lynchburg.stage_config.json from original name : data/scene_datasets/gibson_semantic/./Lynchburg.glb| This file does not exist.
[19:28:51:626447]:[Metadata] AbstractObjectAttributesManagerBase.h(184)::createObject : File (data/scene_datasets/gibson_semantic/./Lynchburg.glb) exists but is not a recognized config filename extension, so new default Stage Template attributes created and registered.
[19:28:51:626456]:[Metadata] AttributesManagerBase.h(380)::createFromJsonOrDefaultInternal : <Stage Template>: Proposing JSON name : data/scene_datasets/gibson_semantic/./Lynxville.stage_config.json from original name : data/scene_datasets/gibson_semantic/./Lynxville.glb| This file does not exist.
[19:28:51:626491]:[Metadata] AbstractObjectAttributesManagerBase.h(184)::createObject : File (data/scene_datasets/gibson_semantic/./Lynxville.glb) exists but is not a recognized config filename extension, so new default Stage Template attributes created and registered.
[19:28:51:626500]:[Metadata] AttributesManagerBase.h(380)::createFromJsonOrDefaultInternal : <Stage Template>: Proposing JSON name : data/scene_datasets/gibson_semantic/./MacArthur.stage_config.json from original name : data/scene_datasets/gibson_semantic/./MacArthur.glb| This file does not exist.
[19:28:51:626534]:[Metadata] AbstractObjectAttributesManagerBase.h(184)::createObject : File (data/scene_datasets/gibson_semantic/./MacArthur.glb) exists but is not a recognized config filename extension, so new default Stage Template attributes created and registered.
[19:28:51:626543]:[Metadata] AttributesManagerBase.h(380)::createFromJsonOrDefaultInternal : <Stage Template>: Proposing JSON name : data/scene_datasets/gibson_semantic/./Macedon.stage_config.json from original name : data/scene_datasets/gibson_semantic/./Macedon.glb| This file does not exist.
[19:28:51:626577]:[Metadata] AbstractObjectAttributesManagerBase.h(184)::createObject : File (data/scene_datasets/gibson_semantic/./Macedon.glb) exists but is not a recognized config filename extension, so new default Stage Template attributes created and registered.
[19:28:51:626587]:[Metadata] AttributesManagerBase.h(380)::createFromJsonOrDefaultInternal : <Stage Template>: Proposing JSON name : data/scene_datasets/gibson_semantic/./Macksville.stage_config.json from original name : data/scene_datasets/gibson_semantic/./Macksville.glb| This file does not exist.
[19:28:51:626621]:[Metadata] AbstractObjectAttributesManagerBase.h(184)::createObject : File (data/scene_datasets/gibson_semantic/./Macksville.glb) exists but is not a recognized config filename extension, so new default Stage Template attributes created and registered.
[19:28:51:626639]:[Metadata] AttributesManagerBase.h(380)::createFromJsonOrDefaultInternal : <Stage Template>: Proposing JSON name : data/scene_datasets/gibson_semantic/./Maguayo.stage_config.json from original name : data/scene_datasets/gibson_semantic/./Maguayo.glb| This file does not exist.
[19:28:51:626684]:[Metadata] AbstractObjectAttributesManagerBase.h(184)::createObject : File (data/scene_datasets/gibson_semantic/./Maguayo.glb) exists but is not a recognized config filename extension, so new default Stage Template attributes created and registered.
[19:28:51:626697]:[Metadata] AttributesManagerBase.h(380)::createFromJsonOrDefaultInternal : <Stage Template>: Proposing JSON name : data/scene_datasets/gibson_semantic/./Mahtomedi.stage_config.json from original name : data/scene_datasets/gibson_semantic/./Mahtomedi.glb| This file does not exist.
[19:28:51:626737]:[Metadata] AbstractObjectAttributesManagerBase.h(184)::createObject : File (data/scene_datasets/gibson_semantic/./Mahtomedi.glb) exists but is not a recognized config filename extension, so new default Stage Template attributes created and registered.
[19:28:51:626748]:[Metadata] AttributesManagerBase.h(380)::createFromJsonOrDefaultInternal : <Stage Template>: Proposing JSON name : data/scene_datasets/gibson_semantic/./Maida.stage_config.json from original name : data/scene_datasets/gibson_semantic/./Maida.glb| This file does not exist.
[19:28:51:626788]:[Metadata] AbstractObjectAttributesManagerBase.h(184)::createObject : File (data/scene_datasets/gibson_semantic/./Maida.glb) exists but is not a recognized config filename extension, so new default Stage Template attributes created and registered.
[19:28:51:626799]:[Metadata] AttributesManagerBase.h(380)::createFromJsonOrDefaultInternal : <Stage Template>: Proposing JSON name : data/scene_datasets/gibson_semantic/./Maiden.stage_config.json from original name : data/scene_datasets/gibson_semantic/./Maiden.glb| This file does not exist.
[19:28:51:626841]:[Metadata] AbstractObjectAttributesManagerBase.h(184)::createObject : File (data/scene_datasets/gibson_semantic/./Maiden.glb) exists but is not a recognized config filename extension, so new default Stage Template attributes created and registered.
[19:28:51:626852]:[Metadata] AttributesManagerBase.h(380)::createFromJsonOrDefaultInternal : <Stage Template>: Proposing JSON name : data/scene_datasets/gibson_semantic/./Maitland.stage_config.json from original name : data/scene_datasets/gibson_semantic/./Maitland.glb| This file does not exist.
[19:28:51:626891]:[Metadata] AbstractObjectAttributesManagerBase.h(184)::createObject : File (data/scene_datasets/gibson_semantic/./Maitland.glb) exists but is not a recognized config filename extension, so new default Stage Template attributes created and registered.
[19:28:51:626902]:[Metadata] AttributesManagerBase.h(380)::createFromJsonOrDefaultInternal : <Stage Template>: Proposing JSON name : data/scene_datasets/gibson_semantic/./Mammoth.stage_config.json from original name : data/scene_datasets/gibson_semantic/./Mammoth.glb| This file does not exist.
[19:28:51:626944]:[Metadata] AbstractObjectAttributesManagerBase.h(184)::createObject : File (data/scene_datasets/gibson_semantic/./Mammoth.glb) exists but is not a recognized config filename extension, so new default Stage Template attributes created and registered.
[19:28:51:626956]:[Metadata] AttributesManagerBase.h(380)::createFromJsonOrDefaultInternal : <Stage Template>: Proposing JSON name : data/scene_datasets/gibson_semantic/./Maricopa.stage_config.json from original name : data/scene_datasets/gibson_semantic/./Maricopa.glb| This file does not exist.
[19:28:51:626991]:[Metadata] AbstractObjectAttributesManagerBase.h(184)::createObject : File (data/scene_datasets/gibson_semantic/./Maricopa.glb) exists but is not a recognized config filename extension, so new default Stage Template attributes created and registered.
[19:28:51:627001]:[Metadata] AttributesManagerBase.h(380)::createFromJsonOrDefaultInternal : <Stage Template>: Proposing JSON name : data/scene_datasets/gibson_semantic/./Markleeville.stage_config.json from original name : data/scene_datasets/gibson_semantic/./Markleeville.glb| This file does not exist.
[19:28:51:627034]:[Metadata] AbstractObjectAttributesManagerBase.h(184)::createObject : File (data/scene_datasets/gibson_semantic/./Markleeville.glb) exists but is not a recognized config filename extension, so new default Stage Template attributes created and registered.
[19:28:51:627043]:[Metadata] AttributesManagerBase.h(380)::createFromJsonOrDefaultInternal : <Stage Template>: Proposing JSON name : data/scene_datasets/gibson_semantic/./Marksville.stage_config.json from original name : data/scene_datasets/gibson_semantic/./Marksville.glb| This file does not exist.
[19:28:51:627079]:[Metadata] AbstractObjectAttributesManagerBase.h(184)::createObject : File (data/scene_datasets/gibson_semantic/./Marksville.glb) exists but is not a recognized config filename extension, so new default Stage Template attributes created and registered.
[19:28:51:627089]:[Metadata] AttributesManagerBase.h(380)::createFromJsonOrDefaultInternal : <Stage Template>: Proposing JSON name : data/scene_datasets/gibson_semantic/./Marland.stage_config.json from original name : data/scene_datasets/gibson_semantic/./Marland.glb| This file does not exist.
[19:28:51:627123]:[Metadata] AbstractObjectAttributesManagerBase.h(184)::createObject : File (data/scene_datasets/gibson_semantic/./Marland.glb) exists but is not a recognized config filename extension, so new default Stage Template attributes created and registered.
[19:28:51:627132]:[Metadata] AttributesManagerBase.h(380)::createFromJsonOrDefaultInternal : <Stage Template>: Proposing JSON name : data/scene_datasets/gibson_semantic/./Marstons.stage_config.json from original name : data/scene_datasets/gibson_semantic/./Marstons.glb| This file does not exist.
[19:28:51:627167]:[Metadata] AbstractObjectAttributesManagerBase.h(184)::createObject : File (data/scene_datasets/gibson_semantic/./Marstons.glb) exists but is not a recognized config filename extension, so new default Stage Template attributes created and registered.
[19:28:51:627177]:[Metadata] AttributesManagerBase.h(380)::createFromJsonOrDefaultInternal : <Stage Template>: Proposing JSON name : data/scene_datasets/gibson_semantic/./Martinville.stage_config.json from original name : data/scene_datasets/gibson_semantic/./Martinville.glb| This file does not exist.
[19:28:51:627212]:[Metadata] AbstractObjectAttributesManagerBase.h(184)::createObject : File (data/scene_datasets/gibson_semantic/./Martinville.glb) exists but is not a recognized config filename extension, so new default Stage Template attributes created and registered.
[19:28:51:627222]:[Metadata] AttributesManagerBase.h(380)::createFromJsonOrDefaultInternal : <Stage Template>: Proposing JSON name : data/scene_datasets/gibson_semantic/./Maryhill.stage_config.json from original name : data/scene_datasets/gibson_semantic/./Maryhill.glb| This file does not exist.
[19:28:51:627258]:[Metadata] AbstractObjectAttributesManagerBase.h(184)::createObject : File (data/scene_datasets/gibson_semantic/./Maryhill.glb) exists but is not a recognized config filename extension, so new default Stage Template attributes created and registered.
[19:28:51:627267]:[Metadata] AttributesManagerBase.h(380)::createFromJsonOrDefaultInternal : <Stage Template>: Proposing JSON name : data/scene_datasets/gibson_semantic/./Mashulaville.stage_config.json from original name : data/scene_datasets/gibson_semantic/./Mashulaville.glb| This file does not exist.
[19:28:51:627304]:[Metadata] AbstractObjectAttributesManagerBase.h(184)::createObject : File (data/scene_datasets/gibson_semantic/./Mashulaville.glb) exists but is not a recognized config filename extension, so new default Stage Template attributes created and registered.
[19:28:51:627314]:[Metadata] AttributesManagerBase.h(380)::createFromJsonOrDefaultInternal : <Stage Template>: Proposing JSON name : data/scene_datasets/gibson_semantic/./Maugansville.stage_config.json from original name : data/scene_datasets/gibson_semantic/./Maugansville.glb| This file does not exist.
[19:28:51:627349]:[Metadata] AbstractObjectAttributesManagerBase.h(184)::createObject : File (data/scene_datasets/gibson_semantic/./Maugansville.glb) exists but is not a recognized config filename extension, so new default Stage Template attributes created and registered.
[19:28:51:627359]:[Metadata] AttributesManagerBase.h(380)::createFromJsonOrDefaultInternal : <Stage Template>: Proposing JSON name : data/scene_datasets/gibson_semantic/./Maunawili.stage_config.json from original name : data/scene_datasets/gibson_semantic/./Maunawili.glb| This file does not exist.
[19:28:51:627395]:[Metadata] AbstractObjectAttributesManagerBase.h(184)::createObject : File (data/scene_datasets/gibson_semantic/./Maunawili.glb) exists but is not a recognized config filename extension, so new default Stage Template attributes created and registered.
[19:28:51:627405]:[Metadata] AttributesManagerBase.h(380)::createFromJsonOrDefaultInternal : <Stage Template>: Proposing JSON name : data/scene_datasets/gibson_semantic/./Mayesville.stage_config.json from original name : data/scene_datasets/gibson_semantic/./Mayesville.glb| This file does not exist.
[19:28:51:627439]:[Metadata] AbstractObjectAttributesManagerBase.h(184)::createObject : File (data/scene_datasets/gibson_semantic/./Mayesville.glb) exists but is not a recognized config filename extension, so new default Stage Template attributes created and registered.
[19:28:51:627449]:[Metadata] AttributesManagerBase.h(380)::createFromJsonOrDefaultInternal : <Stage Template>: Proposing JSON name : data/scene_datasets/gibson_semantic/./Mazomanie.stage_config.json from original name : data/scene_datasets/gibson_semantic/./Mazomanie.glb| This file does not exist.
[19:28:51:627484]:[Metadata] AbstractObjectAttributesManagerBase.h(184)::createObject : File (data/scene_datasets/gibson_semantic/./Mazomanie.glb) exists but is not a recognized config filename extension, so new default Stage Template attributes created and registered.
[19:28:51:627494]:[Metadata] AttributesManagerBase.h(380)::createFromJsonOrDefaultInternal : <Stage Template>: Proposing JSON name : data/scene_datasets/gibson_semantic/./McCloud.stage_config.json from original name : data/scene_datasets/gibson_semantic/./McCloud.glb| This file does not exist.
[19:28:51:627529]:[Metadata] AbstractObjectAttributesManagerBase.h(184)::createObject : File (data/scene_datasets/gibson_semantic/./McCloud.glb) exists but is not a recognized config filename extension, so new default Stage Template attributes created and registered.
[19:28:51:627539]:[Metadata] AttributesManagerBase.h(380)::createFromJsonOrDefaultInternal : <Stage Template>: Proposing JSON name : data/scene_datasets/gibson_semantic/./McEwen.stage_config.json from original name : data/scene_datasets/gibson_semantic/./McEwen.glb| This file does not exist.
[19:28:51:627573]:[Metadata] AbstractObjectAttributesManagerBase.h(184)::createObject : File (data/scene_datasets/gibson_semantic/./McEwen.glb) exists but is not a recognized config filename extension, so new default Stage Template attributes created and registered.
[19:28:51:627584]:[Metadata] AttributesManagerBase.h(380)::createFromJsonOrDefaultInternal : <Stage Template>: Proposing JSON name : data/scene_datasets/gibson_semantic/./McKeesport.stage_config.json from original name : data/scene_datasets/gibson_semantic/./McKeesport.glb| This file does not exist.
[19:28:51:627621]:[Metadata] AbstractObjectAttributesManagerBase.h(184)::createObject : File (data/scene_datasets/gibson_semantic/./McKeesport.glb) exists but is not a recognized config filename extension, so new default Stage Template attributes created and registered.
[19:28:51:627631]:[Metadata] AttributesManagerBase.h(380)::createFromJsonOrDefaultInternal : <Stage Template>: Proposing JSON name : data/scene_datasets/gibson_semantic/./Melstone.stage_config.json from original name : data/scene_datasets/gibson_semantic/./Melstone.glb| This file does not exist.
[19:28:51:627665]:[Metadata] AbstractObjectAttributesManagerBase.h(184)::createObject : File (data/scene_datasets/gibson_semantic/./Melstone.glb) exists but is not a recognized config filename extension, so new default Stage Template attributes created and registered.
[19:28:51:627675]:[Metadata] AttributesManagerBase.h(380)::createFromJsonOrDefaultInternal : <Stage Template>: Proposing JSON name : data/scene_datasets/gibson_semantic/./Mentasta.stage_config.json from original name : data/scene_datasets/gibson_semantic/./Mentasta.glb| This file does not exist.
[19:28:51:627709]:[Metadata] AbstractObjectAttributesManagerBase.h(184)::createObject : File (data/scene_datasets/gibson_semantic/./Mentasta.glb) exists but is not a recognized config filename extension, so new default Stage Template attributes created and registered.
[19:28:51:627718]:[Metadata] AttributesManagerBase.h(380)::createFromJsonOrDefaultInternal : <Stage Template>: Proposing JSON name : data/scene_datasets/gibson_semantic/./Mentmore.stage_config.json from original name : data/scene_datasets/gibson_semantic/./Mentmore.glb| This file does not exist.
[19:28:51:627752]:[Metadata] AbstractObjectAttributesManagerBase.h(184)::createObject : File (data/scene_datasets/gibson_semantic/./Mentmore.glb) exists but is not a recognized config filename extension, so new default Stage Template attributes created and registered.
[19:28:51:627762]:[Metadata] AttributesManagerBase.h(380)::createFromJsonOrDefaultInternal : <Stage Template>: Proposing JSON name : data/scene_datasets/gibson_semantic/./Merchantville.stage_config.json from original name : data/scene_datasets/gibson_semantic/./Merchantville.glb| This file does not exist.
[19:28:51:627797]:[Metadata] AbstractObjectAttributesManagerBase.h(184)::createObject : File (data/scene_datasets/gibson_semantic/./Merchantville.glb) exists but is not a recognized config filename extension, so new default Stage Template attributes created and registered.
[19:28:51:627807]:[Metadata] AttributesManagerBase.h(380)::createFromJsonOrDefaultInternal : <Stage Template>: Proposing JSON name : data/scene_datasets/gibson_semantic/./Merlin.stage_config.json from original name : data/scene_datasets/gibson_semantic/./Merlin.glb| This file does not exist.
[19:28:51:627842]:[Metadata] AbstractObjectAttributesManagerBase.h(184)::createObject : File (data/scene_datasets/gibson_semantic/./Merlin.glb) exists but is not a recognized config filename extension, so new default Stage Template attributes created and registered.
[19:28:51:627852]:[Metadata] AttributesManagerBase.h(380)::createFromJsonOrDefaultInternal : <Stage Template>: Proposing JSON name : data/scene_datasets/gibson_semantic/./Merom.stage_config.json from original name : data/scene_datasets/gibson_semantic/./Merom.glb| This file does not exist.
[19:28:51:627886]:[Metadata] AbstractObjectAttributesManagerBase.h(184)::createObject : File (data/scene_datasets/gibson_semantic/./Merom.glb) exists but is not a recognized config filename extension, so new default Stage Template attributes created and registered.
[19:28:51:627895]:[Metadata] AttributesManagerBase.h(380)::createFromJsonOrDefaultInternal : <Stage Template>: Proposing JSON name : data/scene_datasets/gibson_semantic/./Mesic.stage_config.json from original name : data/scene_datasets/gibson_semantic/./Mesic.glb| This file does not exist.
[19:28:51:627929]:[Metadata] AbstractObjectAttributesManagerBase.h(184)::createObject : File (data/scene_datasets/gibson_semantic/./Mesic.glb) exists but is not a recognized config filename extension, so new default Stage Template attributes created and registered.
[19:28:51:627939]:[Metadata] AttributesManagerBase.h(380)::createFromJsonOrDefaultInternal : <Stage Template>: Proposing JSON name : data/scene_datasets/gibson_semantic/./Micanopy.stage_config.json from original name : data/scene_datasets/gibson_semantic/./Micanopy.glb| This file does not exist.
[19:28:51:627973]:[Metadata] AbstractObjectAttributesManagerBase.h(184)::createObject : File (data/scene_datasets/gibson_semantic/./Micanopy.glb) exists but is not a recognized config filename extension, so new default Stage Template attributes created and registered.
[19:28:51:627982]:[Metadata] AttributesManagerBase.h(380)::createFromJsonOrDefaultInternal : <Stage Template>: Proposing JSON name : data/scene_datasets/gibson_semantic/./Michiana.stage_config.json from original name : data/scene_datasets/gibson_semantic/./Michiana.glb| This file does not exist.
[19:28:51:628016]:[Metadata] AbstractObjectAttributesManagerBase.h(184)::createObject : File (data/scene_datasets/gibson_semantic/./Michiana.glb) exists but is not a recognized config filename extension, so new default Stage Template attributes created and registered.
[19:28:51:628026]:[Metadata] AttributesManagerBase.h(380)::createFromJsonOrDefaultInternal : <Stage Template>: Proposing JSON name : data/scene_datasets/gibson_semantic/./Mifflinburg.stage_config.json from original name : data/scene_datasets/gibson_semantic/./Mifflinburg.glb| This file does not exist.
[19:28:51:628061]:[Metadata] AbstractObjectAttributesManagerBase.h(184)::createObject : File (data/scene_datasets/gibson_semantic/./Mifflinburg.glb) exists but is not a recognized config filename extension, so new default Stage Template attributes created and registered.
[19:28:51:628071]:[Metadata] AttributesManagerBase.h(380)::createFromJsonOrDefaultInternal : <Stage Template>: Proposing JSON name : data/scene_datasets/gibson_semantic/./Mifflintown.stage_config.json from original name : data/scene_datasets/gibson_semantic/./Mifflintown.glb| This file does not exist.
[19:28:51:628106]:[Metadata] AbstractObjectAttributesManagerBase.h(184)::createObject : File (data/scene_datasets/gibson_semantic/./Mifflintown.glb) exists but is not a recognized config filename extension, so new default Stage Template attributes created and registered.
[19:28:51:628115]:[Metadata] AttributesManagerBase.h(380)::createFromJsonOrDefaultInternal : <Stage Template>: Proposing JSON name : data/scene_datasets/gibson_semantic/./Milaca.stage_config.json from original name : data/scene_datasets/gibson_semantic/./Milaca.glb| This file does not exist.
[19:28:51:628149]:[Metadata] AbstractObjectAttributesManagerBase.h(184)::createObject : File (data/scene_datasets/gibson_semantic/./Milaca.glb) exists but is not a recognized config filename extension, so new default Stage Template attributes created and registered.
[19:28:51:628159]:[Metadata] AttributesManagerBase.h(380)::createFromJsonOrDefaultInternal : <Stage Template>: Proposing JSON name : data/scene_datasets/gibson_semantic/./Milford.stage_config.json from original name : data/scene_datasets/gibson_semantic/./Milford.glb| This file does not exist.
[19:28:51:628193]:[Metadata] AbstractObjectAttributesManagerBase.h(184)::createObject : File (data/scene_datasets/gibson_semantic/./Milford.glb) exists but is not a recognized config filename extension, so new default Stage Template attributes created and registered.
[19:28:51:628203]:[Metadata] AttributesManagerBase.h(380)::createFromJsonOrDefaultInternal : <Stage Template>: Proposing JSON name : data/scene_datasets/gibson_semantic/./Millbury.stage_config.json from original name : data/scene_datasets/gibson_semantic/./Millbury.glb| This file does not exist.
[19:28:51:628237]:[Metadata] AbstractObjectAttributesManagerBase.h(184)::createObject : File (data/scene_datasets/gibson_semantic/./Millbury.glb) exists but is not a recognized config filename extension, so new default Stage Template attributes created and registered.
[19:28:51:628247]:[Metadata] AttributesManagerBase.h(380)::createFromJsonOrDefaultInternal : <Stage Template>: Proposing JSON name : data/scene_datasets/gibson_semantic/./Moark.stage_config.json from original name : data/scene_datasets/gibson_semantic/./Moark.glb| This file does not exist.
[19:28:51:628281]:[Metadata] AbstractObjectAttributesManagerBase.h(184)::createObject : File (data/scene_datasets/gibson_semantic/./Moark.glb) exists but is not a recognized config filename extension, so new default Stage Template attributes created and registered.
[19:28:51:628291]:[Metadata] AttributesManagerBase.h(380)::createFromJsonOrDefaultInternal : <Stage Template>: Proposing JSON name : data/scene_datasets/gibson_semantic/./Moberly.stage_config.json from original name : data/scene_datasets/gibson_semantic/./Moberly.glb| This file does not exist.
[19:28:51:628326]:[Metadata] AbstractObjectAttributesManagerBase.h(184)::createObject : File (data/scene_datasets/gibson_semantic/./Moberly.glb) exists but is not a recognized config filename extension, so new default Stage Template attributes created and registered.
[19:28:51:628335]:[Metadata] AttributesManagerBase.h(380)::createFromJsonOrDefaultInternal : <Stage Template>: Proposing JSON name : data/scene_datasets/gibson_semantic/./Mobridge.stage_config.json from original name : data/scene_datasets/gibson_semantic/./Mobridge.glb| This file does not exist.
[19:28:51:628369]:[Metadata] AbstractObjectAttributesManagerBase.h(184)::createObject : File (data/scene_datasets/gibson_semantic/./Mobridge.glb) exists but is not a recognized config filename extension, so new default Stage Template attributes created and registered.
[19:28:51:628379]:[Metadata] AttributesManagerBase.h(380)::createFromJsonOrDefaultInternal : <Stage Template>: Proposing JSON name : data/scene_datasets/gibson_semantic/./Model.stage_config.json from original name : data/scene_datasets/gibson_semantic/./Model.glb| This file does not exist.
[19:28:51:628413]:[Metadata] AbstractObjectAttributesManagerBase.h(184)::createObject : File (data/scene_datasets/gibson_semantic/./Model.glb) exists but is not a recognized config filename extension, so new default Stage Template attributes created and registered.
[19:28:51:628423]:[Metadata] AttributesManagerBase.h(380)::createFromJsonOrDefaultInternal : <Stage Template>: Proposing JSON name : data/scene_datasets/gibson_semantic/./Mogadore.stage_config.json from original name : data/scene_datasets/gibson_semantic/./Mogadore.glb| This file does not exist.
[19:28:51:628457]:[Metadata] AbstractObjectAttributesManagerBase.h(184)::createObject : File (data/scene_datasets/gibson_semantic/./Mogadore.glb) exists but is not a recognized config filename extension, so new default Stage Template attributes created and registered.
[19:28:51:628466]:[Metadata] AttributesManagerBase.h(380)::createFromJsonOrDefaultInternal : <Stage Template>: Proposing JSON name : data/scene_datasets/gibson_semantic/./Mogote.stage_config.json from original name : data/scene_datasets/gibson_semantic/./Mogote.glb| This file does not exist.
[19:28:51:628500]:[Metadata] AbstractObjectAttributesManagerBase.h(184)::createObject : File (data/scene_datasets/gibson_semantic/./Mogote.glb) exists but is not a recognized config filename extension, so new default Stage Template attributes created and registered.
[19:28:51:628510]:[Metadata] AttributesManagerBase.h(380)::createFromJsonOrDefaultInternal : <Stage Template>: Proposing JSON name : data/scene_datasets/gibson_semantic/./Monson.stage_config.json from original name : data/scene_datasets/gibson_semantic/./Monson.glb| This file does not exist.
[19:28:51:628544]:[Metadata] AbstractObjectAttributesManagerBase.h(184)::createObject : File (data/scene_datasets/gibson_semantic/./Monson.glb) exists but is not a recognized config filename extension, so new default Stage Template attributes created and registered.
[19:28:51:628554]:[Metadata] AttributesManagerBase.h(380)::createFromJsonOrDefaultInternal : <Stage Template>: Proposing JSON name : data/scene_datasets/gibson_semantic/./Monticello.stage_config.json from original name : data/scene_datasets/gibson_semantic/./Monticello.glb| This file does not exist.
[19:28:51:628588]:[Metadata] AbstractObjectAttributesManagerBase.h(184)::createObject : File (data/scene_datasets/gibson_semantic/./Monticello.glb) exists but is not a recognized config filename extension, so new default Stage Template attributes created and registered.
[19:28:51:628598]:[Metadata] AttributesManagerBase.h(380)::createFromJsonOrDefaultInternal : <Stage Template>: Proposing JSON name : data/scene_datasets/gibson_semantic/./Montreal.stage_config.json from original name : data/scene_datasets/gibson_semantic/./Montreal.glb| This file does not exist.
[19:28:51:628633]:[Metadata] AbstractObjectAttributesManagerBase.h(184)::createObject : File (data/scene_datasets/gibson_semantic/./Montreal.glb) exists but is not a recognized config filename extension, so new default Stage Template attributes created and registered.
[19:28:51:628643]:[Metadata] AttributesManagerBase.h(380)::createFromJsonOrDefaultInternal : <Stage Template>: Proposing JSON name : data/scene_datasets/gibson_semantic/./Moonachie.stage_config.json from original name : data/scene_datasets/gibson_semantic/./Moonachie.glb| This file does not exist.
[19:28:51:628677]:[Metadata] AbstractObjectAttributesManagerBase.h(184)::createObject : File (data/scene_datasets/gibson_semantic/./Moonachie.glb) exists but is not a recognized config filename extension, so new default Stage Template attributes created and registered.
[19:28:51:628687]:[Metadata] AttributesManagerBase.h(380)::createFromJsonOrDefaultInternal : <Stage Template>: Proposing JSON name : data/scene_datasets/gibson_semantic/./Mosinee.stage_config.json from original name : data/scene_datasets/gibson_semantic/./Mosinee.glb| This file does not exist.
[19:28:51:628722]:[Metadata] AbstractObjectAttributesManagerBase.h(184)::createObject : File (data/scene_datasets/gibson_semantic/./Mosinee.glb) exists but is not a recognized config filename extension, so new default Stage Template attributes created and registered.
[19:28:51:628731]:[Metadata] AttributesManagerBase.h(380)::createFromJsonOrDefaultInternal : <Stage Template>: Proposing JSON name : data/scene_datasets/gibson_semantic/./Mosquito.stage_config.json from original name : data/scene_datasets/gibson_semantic/./Mosquito.glb| This file does not exist.
[19:28:51:628766]:[Metadata] AbstractObjectAttributesManagerBase.h(184)::createObject : File (data/scene_datasets/gibson_semantic/./Mosquito.glb) exists but is not a recognized config filename extension, so new default Stage Template attributes created and registered.
[19:28:51:628776]:[Metadata] AttributesManagerBase.h(380)::createFromJsonOrDefaultInternal : <Stage Template>: Proposing JSON name : data/scene_datasets/gibson_semantic/./Mullica.stage_config.json from original name : data/scene_datasets/gibson_semantic/./Mullica.glb| This file does not exist.
[19:28:51:628810]:[Metadata] AbstractObjectAttributesManagerBase.h(184)::createObject : File (data/scene_datasets/gibson_semantic/./Mullica.glb) exists but is not a recognized config filename extension, so new default Stage Template attributes created and registered.
[19:28:51:628819]:[Metadata] AttributesManagerBase.h(380)::createFromJsonOrDefaultInternal : <Stage Template>: Proposing JSON name : data/scene_datasets/gibson_semantic/./Munsons.stage_config.json from original name : data/scene_datasets/gibson_semantic/./Munsons.glb| This file does not exist.
[19:28:51:628853]:[Metadata] AbstractObjectAttributesManagerBase.h(184)::createObject : File (data/scene_datasets/gibson_semantic/./Munsons.glb) exists but is not a recognized config filename extension, so new default Stage Template attributes created and registered.
[19:28:51:628863]:[Metadata] AttributesManagerBase.h(380)::createFromJsonOrDefaultInternal : <Stage Template>: Proposing JSON name : data/scene_datasets/gibson_semantic/./Murchison.stage_config.json from original name : data/scene_datasets/gibson_semantic/./Murchison.glb| This file does not exist.
[19:28:51:628898]:[Metadata] AbstractObjectAttributesManagerBase.h(184)::createObject : File (data/scene_datasets/gibson_semantic/./Murchison.glb) exists but is not a recognized config filename extension, so new default Stage Template attributes created and registered.
[19:28:51:628908]:[Metadata] AttributesManagerBase.h(380)::createFromJsonOrDefaultInternal : <Stage Template>: Proposing JSON name : data/scene_datasets/gibson_semantic/./Musicks.stage_config.json from original name : data/scene_datasets/gibson_semantic/./Musicks.glb| This file does not exist.
[19:28:51:628942]:[Metadata] AbstractObjectAttributesManagerBase.h(184)::createObject : File (data/scene_datasets/gibson_semantic/./Musicks.glb) exists but is not a recognized config filename extension, so new default Stage Template attributes created and registered.
[19:28:51:628952]:[Metadata] AttributesManagerBase.h(380)::createFromJsonOrDefaultInternal : <Stage Template>: Proposing JSON name : data/scene_datasets/gibson_semantic/./Neibert.stage_config.json from original name : data/scene_datasets/gibson_semantic/./Neibert.glb| This file does not exist.
[19:28:51:628986]:[Metadata] AbstractObjectAttributesManagerBase.h(184)::createObject : File (data/scene_datasets/gibson_semantic/./Neibert.glb) exists but is not a recognized config filename extension, so new default Stage Template attributes created and registered.
[19:28:51:628995]:[Metadata] AttributesManagerBase.h(380)::createFromJsonOrDefaultInternal : <Stage Template>: Proposing JSON name : data/scene_datasets/gibson_semantic/./Nemacolin.stage_config.json from original name : data/scene_datasets/gibson_semantic/./Nemacolin.glb| This file does not exist.
[19:28:51:629030]:[Metadata] AbstractObjectAttributesManagerBase.h(184)::createObject : File (data/scene_datasets/gibson_semantic/./Nemacolin.glb) exists but is not a recognized config filename extension, so new default Stage Template attributes created and registered.
[19:28:51:629040]:[Metadata] AttributesManagerBase.h(380)::createFromJsonOrDefaultInternal : <Stage Template>: Proposing JSON name : data/scene_datasets/gibson_semantic/./Neshkoro.stage_config.json from original name : data/scene_datasets/gibson_semantic/./Neshkoro.glb| This file does not exist.
[19:28:51:629075]:[Metadata] AbstractObjectAttributesManagerBase.h(184)::createObject : File (data/scene_datasets/gibson_semantic/./Neshkoro.glb) exists but is not a recognized config filename extension, so new default Stage Template attributes created and registered.
[19:28:51:629085]:[Metadata] AttributesManagerBase.h(380)::createFromJsonOrDefaultInternal : <Stage Template>: Proposing JSON name : data/scene_datasets/gibson_semantic/./Newcomb.stage_config.json from original name : data/scene_datasets/gibson_semantic/./Newcomb.glb| This file does not exist.
[19:28:51:629119]:[Metadata] AbstractObjectAttributesManagerBase.h(184)::createObject : File (data/scene_datasets/gibson_semantic/./Newcomb.glb) exists but is not a recognized config filename extension, so new default Stage Template attributes created and registered.
[19:28:51:629129]:[Metadata] AttributesManagerBase.h(380)::createFromJsonOrDefaultInternal : <Stage Template>: Proposing JSON name : data/scene_datasets/gibson_semantic/./Newfields.stage_config.json from original name : data/scene_datasets/gibson_semantic/./Newfields.glb| This file does not exist.
[19:28:51:629163]:[Metadata] AbstractObjectAttributesManagerBase.h(184)::createObject : File (data/scene_datasets/gibson_semantic/./Newfields.glb) exists but is not a recognized config filename extension, so new default Stage Template attributes created and registered.
[19:28:51:629172]:[Metadata] AttributesManagerBase.h(380)::createFromJsonOrDefaultInternal : <Stage Template>: Proposing JSON name : data/scene_datasets/gibson_semantic/./Nicut.stage_config.json from original name : data/scene_datasets/gibson_semantic/./Nicut.glb| This file does not exist.
[19:28:51:629206]:[Metadata] AbstractObjectAttributesManagerBase.h(184)::createObject : File (data/scene_datasets/gibson_semantic/./Nicut.glb) exists but is not a recognized config filename extension, so new default Stage Template attributes created and registered.
[19:28:51:629216]:[Metadata] AttributesManagerBase.h(380)::createFromJsonOrDefaultInternal : <Stage Template>: Proposing JSON name : data/scene_datasets/gibson_semantic/./Nimmons.stage_config.json from original name : data/scene_datasets/gibson_semantic/./Nimmons.glb| This file does not exist.
[19:28:51:629249]:[Metadata] AbstractObjectAttributesManagerBase.h(184)::createObject : File (data/scene_datasets/gibson_semantic/./Nimmons.glb) exists but is not a recognized config filename extension, so new default Stage Template attributes created and registered.
[19:28:51:629259]:[Metadata] AttributesManagerBase.h(380)::createFromJsonOrDefaultInternal : <Stage Template>: Proposing JSON name : data/scene_datasets/gibson_semantic/./Noonday.stage_config.json from original name : data/scene_datasets/gibson_semantic/./Noonday.glb| This file does not exist.
[19:28:51:629294]:[Metadata] AbstractObjectAttributesManagerBase.h(184)::createObject : File (data/scene_datasets/gibson_semantic/./Noonday.glb) exists but is not a recognized config filename extension, so new default Stage Template attributes created and registered.
[19:28:51:629304]:[Metadata] AttributesManagerBase.h(380)::createFromJsonOrDefaultInternal : <Stage Template>: Proposing JSON name : data/scene_datasets/gibson_semantic/./Northgate.stage_config.json from original name : data/scene_datasets/gibson_semantic/./Northgate.glb| This file does not exist.
[19:28:51:629338]:[Metadata] AbstractObjectAttributesManagerBase.h(184)::createObject : File (data/scene_datasets/gibson_semantic/./Northgate.glb) exists but is not a recognized config filename extension, so new default Stage Template attributes created and registered.
[19:28:51:629348]:[Metadata] AttributesManagerBase.h(380)::createFromJsonOrDefaultInternal : <Stage Template>: Proposing JSON name : data/scene_datasets/gibson_semantic/./Nuevo.stage_config.json from original name : data/scene_datasets/gibson_semantic/./Nuevo.glb| This file does not exist.
[19:28:51:629383]:[Metadata] AbstractObjectAttributesManagerBase.h(184)::createObject : File (data/scene_datasets/gibson_semantic/./Nuevo.glb) exists but is not a recognized config filename extension, so new default Stage Template attributes created and registered.
[19:28:51:629392]:[Metadata] AttributesManagerBase.h(380)::createFromJsonOrDefaultInternal : <Stage Template>: Proposing JSON name : data/scene_datasets/gibson_semantic/./Ogilvie.stage_config.json from original name : data/scene_datasets/gibson_semantic/./Ogilvie.glb| This file does not exist.
[19:28:51:629427]:[Metadata] AbstractObjectAttributesManagerBase.h(184)::createObject : File (data/scene_datasets/gibson_semantic/./Ogilvie.glb) exists but is not a recognized config filename extension, so new default Stage Template attributes created and registered.
[19:28:51:629436]:[Metadata] AttributesManagerBase.h(380)::createFromJsonOrDefaultInternal : <Stage Template>: Proposing JSON name : data/scene_datasets/gibson_semantic/./Okabena.stage_config.json from original name : data/scene_datasets/gibson_semantic/./Okabena.glb| This file does not exist.
[19:28:51:629470]:[Metadata] AbstractObjectAttributesManagerBase.h(184)::createObject : File (data/scene_datasets/gibson_semantic/./Okabena.glb) exists but is not a recognized config filename extension, so new default Stage Template attributes created and registered.
[19:28:51:629480]:[Metadata] AttributesManagerBase.h(380)::createFromJsonOrDefaultInternal : <Stage Template>: Proposing JSON name : data/scene_datasets/gibson_semantic/./Onaga.stage_config.json from original name : data/scene_datasets/gibson_semantic/./Onaga.glb| This file does not exist.
[19:28:51:629515]:[Metadata] AbstractObjectAttributesManagerBase.h(184)::createObject : File (data/scene_datasets/gibson_semantic/./Onaga.glb) exists but is not a recognized config filename extension, so new default Stage Template attributes created and registered.
[19:28:51:629525]:[Metadata] AttributesManagerBase.h(380)::createFromJsonOrDefaultInternal : <Stage Template>: Proposing JSON name : data/scene_datasets/gibson_semantic/./Ooltewah.stage_config.json from original name : data/scene_datasets/gibson_semantic/./Ooltewah.glb| This file does not exist.
[19:28:51:629559]:[Metadata] AbstractObjectAttributesManagerBase.h(184)::createObject : File (data/scene_datasets/gibson_semantic/./Ooltewah.glb) exists but is not a recognized config filename extension, so new default Stage Template attributes created and registered.
[19:28:51:629569]:[Metadata] AttributesManagerBase.h(380)::createFromJsonOrDefaultInternal : <Stage Template>: Proposing JSON name : data/scene_datasets/gibson_semantic/./Ophir.stage_config.json from original name : data/scene_datasets/gibson_semantic/./Ophir.glb| This file does not exist.
[19:28:51:629603]:[Metadata] AbstractObjectAttributesManagerBase.h(184)::createObject : File (data/scene_datasets/gibson_semantic/./Ophir.glb) exists but is not a recognized config filename extension, so new default Stage Template attributes created and registered.
[19:28:51:629612]:[Metadata] AttributesManagerBase.h(380)::createFromJsonOrDefaultInternal : <Stage Template>: Proposing JSON name : data/scene_datasets/gibson_semantic/./Orangeburg.stage_config.json from original name : data/scene_datasets/gibson_semantic/./Orangeburg.glb| This file does not exist.
[19:28:51:629646]:[Metadata] AbstractObjectAttributesManagerBase.h(184)::createObject : File (data/scene_datasets/gibson_semantic/./Orangeburg.glb) exists but is not a recognized config filename extension, so new default Stage Template attributes created and registered.
[19:28:51:629655]:[Metadata] AttributesManagerBase.h(380)::createFromJsonOrDefaultInternal : <Stage Template>: Proposing JSON name : data/scene_datasets/gibson_semantic/./Orason.stage_config.json from original name : data/scene_datasets/gibson_semantic/./Orason.glb| This file does not exist.
[19:28:51:629690]:[Metadata] AbstractObjectAttributesManagerBase.h(184)::createObject : File (data/scene_datasets/gibson_semantic/./Orason.glb) exists but is not a recognized config filename extension, so new default Stage Template attributes created and registered.
[19:28:51:629700]:[Metadata] AttributesManagerBase.h(380)::createFromJsonOrDefaultInternal : <Stage Template>: Proposing JSON name : data/scene_datasets/gibson_semantic/./Oriole.stage_config.json from original name : data/scene_datasets/gibson_semantic/./Oriole.glb| This file does not exist.
[19:28:51:629734]:[Metadata] AbstractObjectAttributesManagerBase.h(184)::createObject : File (data/scene_datasets/gibson_semantic/./Oriole.glb) exists but is not a recognized config filename extension, so new default Stage Template attributes created and registered.
[19:28:51:629743]:[Metadata] AttributesManagerBase.h(380)::createFromJsonOrDefaultInternal : <Stage Template>: Proposing JSON name : data/scene_datasets/gibson_semantic/./Ossipee.stage_config.json from original name : data/scene_datasets/gibson_semantic/./Ossipee.glb| This file does not exist.
[19:28:51:629777]:[Metadata] AbstractObjectAttributesManagerBase.h(184)::createObject : File (data/scene_datasets/gibson_semantic/./Ossipee.glb) exists but is not a recognized config filename extension, so new default Stage Template attributes created and registered.
[19:28:51:629787]:[Metadata] AttributesManagerBase.h(380)::createFromJsonOrDefaultInternal : <Stage Template>: Proposing JSON name : data/scene_datasets/gibson_semantic/./Ovalo.stage_config.json from original name : data/scene_datasets/gibson_semantic/./Ovalo.glb| This file does not exist.
[19:28:51:629820]:[Metadata] AbstractObjectAttributesManagerBase.h(184)::createObject : File (data/scene_datasets/gibson_semantic/./Ovalo.glb) exists but is not a recognized config filename extension, so new default Stage Template attributes created and registered.
[19:28:51:629830]:[Metadata] AttributesManagerBase.h(380)::createFromJsonOrDefaultInternal : <Stage Template>: Proposing JSON name : data/scene_datasets/gibson_semantic/./Oyens.stage_config.json from original name : data/scene_datasets/gibson_semantic/./Oyens.glb| This file does not exist.
[19:28:51:629865]:[Metadata] AbstractObjectAttributesManagerBase.h(184)::createObject : File (data/scene_datasets/gibson_semantic/./Oyens.glb) exists but is not a recognized config filename extension, so new default Stage Template attributes created and registered.
[19:28:51:629874]:[Metadata] AttributesManagerBase.h(380)::createFromJsonOrDefaultInternal : <Stage Template>: Proposing JSON name : data/scene_datasets/gibson_semantic/./Pablo.stage_config.json from original name : data/scene_datasets/gibson_semantic/./Pablo.glb| This file does not exist.
[19:28:51:629908]:[Metadata] AbstractObjectAttributesManagerBase.h(184)::createObject : File (data/scene_datasets/gibson_semantic/./Pablo.glb) exists but is not a recognized config filename extension, so new default Stage Template attributes created and registered.
[19:28:51:629918]:[Metadata] AttributesManagerBase.h(380)::createFromJsonOrDefaultInternal : <Stage Template>: Proposing JSON name : data/scene_datasets/gibson_semantic/./Pamelia.stage_config.json from original name : data/scene_datasets/gibson_semantic/./Pamelia.glb| This file does not exist.
[19:28:51:629953]:[Metadata] AbstractObjectAttributesManagerBase.h(184)::createObject : File (data/scene_datasets/gibson_semantic/./Pamelia.glb) exists but is not a recognized config filename extension, so new default Stage Template attributes created and registered.
[19:28:51:629963]:[Metadata] AttributesManagerBase.h(380)::createFromJsonOrDefaultInternal : <Stage Template>: Proposing JSON name : data/scene_datasets/gibson_semantic/./Parole.stage_config.json from original name : data/scene_datasets/gibson_semantic/./Parole.glb| This file does not exist.
[19:28:51:629999]:[Metadata] AbstractObjectAttributesManagerBase.h(184)::createObject : File (data/scene_datasets/gibson_semantic/./Parole.glb) exists but is not a recognized config filename extension, so new default Stage Template attributes created and registered.
[19:28:51:630008]:[Metadata] AttributesManagerBase.h(380)::createFromJsonOrDefaultInternal : <Stage Template>: Proposing JSON name : data/scene_datasets/gibson_semantic/./Pasatiempo.stage_config.json from original name : data/scene_datasets/gibson_semantic/./Pasatiempo.glb| This file does not exist.
[19:28:51:630046]:[Metadata] AbstractObjectAttributesManagerBase.h(184)::createObject : File (data/scene_datasets/gibson_semantic/./Pasatiempo.glb) exists but is not a recognized config filename extension, so new default Stage Template attributes created and registered.
[19:28:51:630057]:[Metadata] AttributesManagerBase.h(380)::createFromJsonOrDefaultInternal : <Stage Template>: Proposing JSON name : data/scene_datasets/gibson_semantic/./Peacock.stage_config.json from original name : data/scene_datasets/gibson_semantic/./Peacock.glb| This file does not exist.
[19:28:51:630091]:[Metadata] AbstractObjectAttributesManagerBase.h(184)::createObject : File (data/scene_datasets/gibson_semantic/./Peacock.glb) exists but is not a recognized config filename extension, so new default Stage Template attributes created and registered.
[19:28:51:630100]:[Metadata] AttributesManagerBase.h(380)::createFromJsonOrDefaultInternal : <Stage Template>: Proposing JSON name : data/scene_datasets/gibson_semantic/./Pearce.stage_config.json from original name : data/scene_datasets/gibson_semantic/./Pearce.glb| This file does not exist.
[19:28:51:630134]:[Metadata] AbstractObjectAttributesManagerBase.h(184)::createObject : File (data/scene_datasets/gibson_semantic/./Pearce.glb) exists but is not a recognized config filename extension, so new default Stage Template attributes created and registered.
[19:28:51:630144]:[Metadata] AttributesManagerBase.h(380)::createFromJsonOrDefaultInternal : <Stage Template>: Proposing JSON name : data/scene_datasets/gibson_semantic/./Peden.stage_config.json from original name : data/scene_datasets/gibson_semantic/./Peden.glb| This file does not exist.
[19:28:51:630179]:[Metadata] AbstractObjectAttributesManagerBase.h(184)::createObject : File (data/scene_datasets/gibson_semantic/./Peden.glb) exists but is not a recognized config filename extension, so new default Stage Template attributes created and registered.
[19:28:51:630189]:[Metadata] AttributesManagerBase.h(380)::createFromJsonOrDefaultInternal : <Stage Template>: Proposing JSON name : data/scene_datasets/gibson_semantic/./Pettigrew.stage_config.json from original name : data/scene_datasets/gibson_semantic/./Pettigrew.glb| This file does not exist.
[19:28:51:630223]:[Metadata] AbstractObjectAttributesManagerBase.h(184)::createObject : File (data/scene_datasets/gibson_semantic/./Pettigrew.glb) exists but is not a recognized config filename extension, so new default Stage Template attributes created and registered.
[19:28:51:630233]:[Metadata] AttributesManagerBase.h(380)::createFromJsonOrDefaultInternal : <Stage Template>: Proposing JSON name : data/scene_datasets/gibson_semantic/./Pinesdale.stage_config.json from original name : data/scene_datasets/gibson_semantic/./Pinesdale.glb| This file does not exist.
[19:28:51:630266]:[Metadata] AbstractObjectAttributesManagerBase.h(184)::createObject : File (data/scene_datasets/gibson_semantic/./Pinesdale.glb) exists but is not a recognized config filename extension, so new default Stage Template attributes created and registered.
[19:28:51:630276]:[Metadata] AttributesManagerBase.h(380)::createFromJsonOrDefaultInternal : <Stage Template>: Proposing JSON name : data/scene_datasets/gibson_semantic/./Pittsburg.stage_config.json from original name : data/scene_datasets/gibson_semantic/./Pittsburg.glb| This file does not exist.
[19:28:51:630313]:[Metadata] AbstractObjectAttributesManagerBase.h(184)::createObject : File (data/scene_datasets/gibson_semantic/./Pittsburg.glb) exists but is not a recognized config filename extension, so new default Stage Template attributes created and registered.
[19:28:51:630323]:[Metadata] AttributesManagerBase.h(380)::createFromJsonOrDefaultInternal : <Stage Template>: Proposing JSON name : data/scene_datasets/gibson_semantic/./Placida.stage_config.json from original name : data/scene_datasets/gibson_semantic/./Placida.glb| This file does not exist.
[19:28:51:630358]:[Metadata] AbstractObjectAttributesManagerBase.h(184)::createObject : File (data/scene_datasets/gibson_semantic/./Placida.glb) exists but is not a recognized config filename extension, so new default Stage Template attributes created and registered.
[19:28:51:630367]:[Metadata] AttributesManagerBase.h(380)::createFromJsonOrDefaultInternal : <Stage Template>: Proposing JSON name : data/scene_datasets/gibson_semantic/./Pleasant.stage_config.json from original name : data/scene_datasets/gibson_semantic/./Pleasant.glb| This file does not exist.
[19:28:51:630403]:[Metadata] AbstractObjectAttributesManagerBase.h(184)::createObject : File (data/scene_datasets/gibson_semantic/./Pleasant.glb) exists but is not a recognized config filename extension, so new default Stage Template attributes created and registered.
[19:28:51:630412]:[Metadata] AttributesManagerBase.h(380)::createFromJsonOrDefaultInternal : <Stage Template>: Proposing JSON name : data/scene_datasets/gibson_semantic/./Plumerville.stage_config.json from original name : data/scene_datasets/gibson_semantic/./Plumerville.glb| This file does not exist.
[19:28:51:630449]:[Metadata] AbstractObjectAttributesManagerBase.h(184)::createObject : File (data/scene_datasets/gibson_semantic/./Plumerville.glb) exists but is not a recognized config filename extension, so new default Stage Template attributes created and registered.
[19:28:51:630459]:[Metadata] AttributesManagerBase.h(380)::createFromJsonOrDefaultInternal : <Stage Template>: Proposing JSON name : data/scene_datasets/gibson_semantic/./Pocasset.stage_config.json from original name : data/scene_datasets/gibson_semantic/./Pocasset.glb| This file does not exist.
[19:28:51:630494]:[Metadata] AbstractObjectAttributesManagerBase.h(184)::createObject : File (data/scene_datasets/gibson_semantic/./Pocasset.glb) exists but is not a recognized config filename extension, so new default Stage Template attributes created and registered.
[19:28:51:630504]:[Metadata] AttributesManagerBase.h(380)::createFromJsonOrDefaultInternal : <Stage Template>: Proposing JSON name : data/scene_datasets/gibson_semantic/./Pocopson.stage_config.json from original name : data/scene_datasets/gibson_semantic/./Pocopson.glb| This file does not exist.
[19:28:51:630538]:[Metadata] AbstractObjectAttributesManagerBase.h(184)::createObject : File (data/scene_datasets/gibson_semantic/./Pocopson.glb) exists but is not a recognized config filename extension, so new default Stage Template attributes created and registered.
[19:28:51:630548]:[Metadata] AttributesManagerBase.h(380)::createFromJsonOrDefaultInternal : <Stage Template>: Proposing JSON name : data/scene_datasets/gibson_semantic/./Pomaria.stage_config.json from original name : data/scene_datasets/gibson_semantic/./Pomaria.glb| This file does not exist.
[19:28:51:630582]:[Metadata] AbstractObjectAttributesManagerBase.h(184)::createObject : File (data/scene_datasets/gibson_semantic/./Pomaria.glb) exists but is not a recognized config filename extension, so new default Stage Template attributes created and registered.
[19:28:51:630593]:[Metadata] AttributesManagerBase.h(380)::createFromJsonOrDefaultInternal : <Stage Template>: Proposing JSON name : data/scene_datasets/gibson_semantic/./Portal.stage_config.json from original name : data/scene_datasets/gibson_semantic/./Portal.glb| This file does not exist.
[19:28:51:630628]:[Metadata] AbstractObjectAttributesManagerBase.h(184)::createObject : File (data/scene_datasets/gibson_semantic/./Portal.glb) exists but is not a recognized config filename extension, so new default Stage Template attributes created and registered.
[19:28:51:630644]:[Metadata] AttributesManagerBase.h(380)::createFromJsonOrDefaultInternal : <Stage Template>: Proposing JSON name : data/scene_datasets/gibson_semantic/./Portola.stage_config.json from original name : data/scene_datasets/gibson_semantic/./Portola.glb| This file does not exist.
[19:28:51:630678]:[Metadata] AbstractObjectAttributesManagerBase.h(184)::createObject : File (data/scene_datasets/gibson_semantic/./Portola.glb) exists but is not a recognized config filename extension, so new default Stage Template attributes created and registered.
[19:28:51:630688]:[Metadata] AttributesManagerBase.h(380)::createFromJsonOrDefaultInternal : <Stage Template>: Proposing JSON name : data/scene_datasets/gibson_semantic/./Potosi.stage_config.json from original name : data/scene_datasets/gibson_semantic/./Potosi.glb| This file does not exist.
[19:28:51:630724]:[Metadata] AbstractObjectAttributesManagerBase.h(184)::createObject : File (data/scene_datasets/gibson_semantic/./Potosi.glb) exists but is not a recognized config filename extension, so new default Stage Template attributes created and registered.
[19:28:51:630733]:[Metadata] AttributesManagerBase.h(380)::createFromJsonOrDefaultInternal : <Stage Template>: Proposing JSON name : data/scene_datasets/gibson_semantic/./Potterville.stage_config.json from original name : data/scene_datasets/gibson_semantic/./Potterville.glb| This file does not exist.
[19:28:51:630768]:[Metadata] AbstractObjectAttributesManagerBase.h(184)::createObject : File (data/scene_datasets/gibson_semantic/./Potterville.glb) exists but is not a recognized config filename extension, so new default Stage Template attributes created and registered.
[19:28:51:630778]:[Metadata] AttributesManagerBase.h(380)::createFromJsonOrDefaultInternal : <Stage Template>: Proposing JSON name : data/scene_datasets/gibson_semantic/./Poyen.stage_config.json from original name : data/scene_datasets/gibson_semantic/./Poyen.glb| This file does not exist.
[19:28:51:630812]:[Metadata] AbstractObjectAttributesManagerBase.h(184)::createObject : File (data/scene_datasets/gibson_semantic/./Poyen.glb) exists but is not a recognized config filename extension, so new default Stage Template attributes created and registered.
[19:28:51:630821]:[Metadata] AttributesManagerBase.h(380)::createFromJsonOrDefaultInternal : <Stage Template>: Proposing JSON name : data/scene_datasets/gibson_semantic/./Quantico.stage_config.json from original name : data/scene_datasets/gibson_semantic/./Quantico.glb| This file does not exist.
[19:28:51:630856]:[Metadata] AbstractObjectAttributesManagerBase.h(184)::createObject : File (data/scene_datasets/gibson_semantic/./Quantico.glb) exists but is not a recognized config filename extension, so new default Stage Template attributes created and registered.
[19:28:51:630865]:[Metadata] AttributesManagerBase.h(380)::createFromJsonOrDefaultInternal : <Stage Template>: Proposing JSON name : data/scene_datasets/gibson_semantic/./Ranchester.stage_config.json from original name : data/scene_datasets/gibson_semantic/./Ranchester.glb| This file does not exist.
[19:28:51:630901]:[Metadata] AbstractObjectAttributesManagerBase.h(184)::createObject : File (data/scene_datasets/gibson_semantic/./Ranchester.glb) exists but is not a recognized config filename extension, so new default Stage Template attributes created and registered.
[19:28:51:630910]:[Metadata] AttributesManagerBase.h(380)::createFromJsonOrDefaultInternal : <Stage Template>: Proposing JSON name : data/scene_datasets/gibson_semantic/./Rancocas.stage_config.json from original name : data/scene_datasets/gibson_semantic/./Rancocas.glb| This file does not exist.
[19:28:51:630947]:[Metadata] AbstractObjectAttributesManagerBase.h(184)::createObject : File (data/scene_datasets/gibson_semantic/./Rancocas.glb) exists but is not a recognized config filename extension, so new default Stage Template attributes created and registered.
[19:28:51:630957]:[Metadata] AttributesManagerBase.h(380)::createFromJsonOrDefaultInternal : <Stage Template>: Proposing JSON name : data/scene_datasets/gibson_semantic/./Random.stage_config.json from original name : data/scene_datasets/gibson_semantic/./Random.glb| This file does not exist.
[19:28:51:630993]:[Metadata] AbstractObjectAttributesManagerBase.h(184)::createObject : File (data/scene_datasets/gibson_semantic/./Random.glb) exists but is not a recognized config filename extension, so new default Stage Template attributes created and registered.
[19:28:51:631003]:[Metadata] AttributesManagerBase.h(380)::createFromJsonOrDefaultInternal : <Stage Template>: Proposing JSON name : data/scene_datasets/gibson_semantic/./Readsboro.stage_config.json from original name : data/scene_datasets/gibson_semantic/./Readsboro.glb| This file does not exist.
[19:28:51:631037]:[Metadata] AbstractObjectAttributesManagerBase.h(184)::createObject : File (data/scene_datasets/gibson_semantic/./Readsboro.glb) exists but is not a recognized config filename extension, so new default Stage Template attributes created and registered.
[19:28:51:631047]:[Metadata] AttributesManagerBase.h(380)::createFromJsonOrDefaultInternal : <Stage Template>: Proposing JSON name : data/scene_datasets/gibson_semantic/./Redbank.stage_config.json from original name : data/scene_datasets/gibson_semantic/./Redbank.glb| This file does not exist.
[19:28:51:631080]:[Metadata] AbstractObjectAttributesManagerBase.h(184)::createObject : File (data/scene_datasets/gibson_semantic/./Redbank.glb) exists but is not a recognized config filename extension, so new default Stage Template attributes created and registered.
[19:28:51:631090]:[Metadata] AttributesManagerBase.h(380)::createFromJsonOrDefaultInternal : <Stage Template>: Proposing JSON name : data/scene_datasets/gibson_semantic/./Reserve.stage_config.json from original name : data/scene_datasets/gibson_semantic/./Reserve.glb| This file does not exist.
[19:28:51:631125]:[Metadata] AbstractObjectAttributesManagerBase.h(184)::createObject : File (data/scene_datasets/gibson_semantic/./Reserve.glb) exists but is not a recognized config filename extension, so new default Stage Template attributes created and registered.
[19:28:51:631135]:[Metadata] AttributesManagerBase.h(380)::createFromJsonOrDefaultInternal : <Stage Template>: Proposing JSON name : data/scene_datasets/gibson_semantic/./Retsof.stage_config.json from original name : data/scene_datasets/gibson_semantic/./Retsof.glb| This file does not exist.
[19:28:51:631171]:[Metadata] AbstractObjectAttributesManagerBase.h(184)::createObject : File (data/scene_datasets/gibson_semantic/./Retsof.glb) exists but is not a recognized config filename extension, so new default Stage Template attributes created and registered.
[19:28:51:631181]:[Metadata] AttributesManagerBase.h(380)::createFromJsonOrDefaultInternal : <Stage Template>: Proposing JSON name : data/scene_datasets/gibson_semantic/./Reyno.stage_config.json from original name : data/scene_datasets/gibson_semantic/./Reyno.glb| This file does not exist.
[19:28:51:631215]:[Metadata] AbstractObjectAttributesManagerBase.h(184)::createObject : File (data/scene_datasets/gibson_semantic/./Reyno.glb) exists but is not a recognized config filename extension, so new default Stage Template attributes created and registered.
[19:28:51:631226]:[Metadata] AttributesManagerBase.h(380)::createFromJsonOrDefaultInternal : <Stage Template>: Proposing JSON name : data/scene_datasets/gibson_semantic/./Ribera.stage_config.json from original name : data/scene_datasets/gibson_semantic/./Ribera.glb| This file does not exist.
[19:28:51:631259]:[Metadata] AbstractObjectAttributesManagerBase.h(184)::createObject : File (data/scene_datasets/gibson_semantic/./Ribera.glb) exists but is not a recognized config filename extension, so new default Stage Template attributes created and registered.
[19:28:51:631270]:[Metadata] AttributesManagerBase.h(380)::createFromJsonOrDefaultInternal : <Stage Template>: Proposing JSON name : data/scene_datasets/gibson_semantic/./Roane.stage_config.json from original name : data/scene_datasets/gibson_semantic/./Roane.glb| This file does not exist.
[19:28:51:631305]:[Metadata] AbstractObjectAttributesManagerBase.h(184)::createObject : File (data/scene_datasets/gibson_semantic/./Roane.glb) exists but is not a recognized config filename extension, so new default Stage Template attributes created and registered.
[19:28:51:631315]:[Metadata] AttributesManagerBase.h(380)::createFromJsonOrDefaultInternal : <Stage Template>: Proposing JSON name : data/scene_datasets/gibson_semantic/./Roeville.stage_config.json from original name : data/scene_datasets/gibson_semantic/./Roeville.glb| This file does not exist.
[19:28:51:631350]:[Metadata] AbstractObjectAttributesManagerBase.h(184)::createObject : File (data/scene_datasets/gibson_semantic/./Roeville.glb) exists but is not a recognized config filename extension, so new default Stage Template attributes created and registered.
[19:28:51:631360]:[Metadata] AttributesManagerBase.h(380)::createFromJsonOrDefaultInternal : <Stage Template>: Proposing JSON name : data/scene_datasets/gibson_semantic/./Rogue.stage_config.json from original name : data/scene_datasets/gibson_semantic/./Rogue.glb| This file does not exist.
[19:28:51:631395]:[Metadata] AbstractObjectAttributesManagerBase.h(184)::createObject : File (data/scene_datasets/gibson_semantic/./Rogue.glb) exists but is not a recognized config filename extension, so new default Stage Template attributes created and registered.
[19:28:51:631404]:[Metadata] AttributesManagerBase.h(380)::createFromJsonOrDefaultInternal : <Stage Template>: Proposing JSON name : data/scene_datasets/gibson_semantic/./Rosser.stage_config.json from original name : data/scene_datasets/gibson_semantic/./Rosser.glb| This file does not exist.
[19:28:51:631438]:[Metadata] AbstractObjectAttributesManagerBase.h(184)::createObject : File (data/scene_datasets/gibson_semantic/./Rosser.glb) exists but is not a recognized config filename extension, so new default Stage Template attributes created and registered.
[19:28:51:631448]:[Metadata] AttributesManagerBase.h(380)::createFromJsonOrDefaultInternal : <Stage Template>: Proposing JSON name : data/scene_datasets/gibson_semantic/./Rough.stage_config.json from original name : data/scene_datasets/gibson_semantic/./Rough.glb| This file does not exist.
[19:28:51:631482]:[Metadata] AbstractObjectAttributesManagerBase.h(184)::createObject : File (data/scene_datasets/gibson_semantic/./Rough.glb) exists but is not a recognized config filename extension, so new default Stage Template attributes created and registered.
[19:28:51:631492]:[Metadata] AttributesManagerBase.h(380)::createFromJsonOrDefaultInternal : <Stage Template>: Proposing JSON name : data/scene_datasets/gibson_semantic/./Roxboro.stage_config.json from original name : data/scene_datasets/gibson_semantic/./Roxboro.glb| This file does not exist.
[19:28:51:631527]:[Metadata] AbstractObjectAttributesManagerBase.h(184)::createObject : File (data/scene_datasets/gibson_semantic/./Roxboro.glb) exists but is not a recognized config filename extension, so new default Stage Template attributes created and registered.
[19:28:51:631537]:[Metadata] AttributesManagerBase.h(380)::createFromJsonOrDefaultInternal : <Stage Template>: Proposing JSON name : data/scene_datasets/gibson_semantic/./Ruckersville.stage_config.json from original name : data/scene_datasets/gibson_semantic/./Ruckersville.glb| This file does not exist.
[19:28:51:631573]:[Metadata] AbstractObjectAttributesManagerBase.h(184)::createObject : File (data/scene_datasets/gibson_semantic/./Ruckersville.glb) exists but is not a recognized config filename extension, so new default Stage Template attributes created and registered.
[19:28:51:631583]:[Metadata] AttributesManagerBase.h(380)::createFromJsonOrDefaultInternal : <Stage Template>: Proposing JSON name : data/scene_datasets/gibson_semantic/./Rutherford.stage_config.json from original name : data/scene_datasets/gibson_semantic/./Rutherford.glb| This file does not exist.
[19:28:51:631618]:[Metadata] AbstractObjectAttributesManagerBase.h(184)::createObject : File (data/scene_datasets/gibson_semantic/./Rutherford.glb) exists but is not a recognized config filename extension, so new default Stage Template attributes created and registered.
[19:28:51:631628]:[Metadata] AttributesManagerBase.h(380)::createFromJsonOrDefaultInternal : <Stage Template>: Proposing JSON name : data/scene_datasets/gibson_semantic/./Sagerton.stage_config.json from original name : data/scene_datasets/gibson_semantic/./Sagerton.glb| This file does not exist.
[19:28:51:631662]:[Metadata] AbstractObjectAttributesManagerBase.h(184)::createObject : File (data/scene_datasets/gibson_semantic/./Sagerton.glb) exists but is not a recognized config filename extension, so new default Stage Template attributes created and registered.
[19:28:51:631672]:[Metadata] AttributesManagerBase.h(380)::createFromJsonOrDefaultInternal : <Stage Template>: Proposing JSON name : data/scene_datasets/gibson_semantic/./Sanctuary.stage_config.json from original name : data/scene_datasets/gibson_semantic/./Sanctuary.glb| This file does not exist.
[19:28:51:631707]:[Metadata] AbstractObjectAttributesManagerBase.h(184)::createObject : File (data/scene_datasets/gibson_semantic/./Sanctuary.glb) exists but is not a recognized config filename extension, so new default Stage Template attributes created and registered.
[19:28:51:631716]:[Metadata] AttributesManagerBase.h(380)::createFromJsonOrDefaultInternal : <Stage Template>: Proposing JSON name : data/scene_datasets/gibson_semantic/./Sands.stage_config.json from original name : data/scene_datasets/gibson_semantic/./Sands.glb| This file does not exist.
[19:28:51:631751]:[Metadata] AbstractObjectAttributesManagerBase.h(184)::createObject : File (data/scene_datasets/gibson_semantic/./Sands.glb) exists but is not a recognized config filename extension, so new default Stage Template attributes created and registered.
[19:28:51:631760]:[Metadata] AttributesManagerBase.h(380)::createFromJsonOrDefaultInternal : <Stage Template>: Proposing JSON name : data/scene_datasets/gibson_semantic/./Sarcoxie.stage_config.json from original name : data/scene_datasets/gibson_semantic/./Sarcoxie.glb| This file does not exist.
[19:28:51:631795]:[Metadata] AbstractObjectAttributesManagerBase.h(184)::createObject : File (data/scene_datasets/gibson_semantic/./Sarcoxie.glb) exists but is not a recognized config filename extension, so new default Stage Template attributes created and registered.
[19:28:51:631805]:[Metadata] AttributesManagerBase.h(380)::createFromJsonOrDefaultInternal : <Stage Template>: Proposing JSON name : data/scene_datasets/gibson_semantic/./Sargents.stage_config.json from original name : data/scene_datasets/gibson_semantic/./Sargents.glb| This file does not exist.
[19:28:51:631839]:[Metadata] AbstractObjectAttributesManagerBase.h(184)::createObject : File (data/scene_datasets/gibson_semantic/./Sargents.glb) exists but is not a recognized config filename extension, so new default Stage Template attributes created and registered.
[19:28:51:631849]:[Metadata] AttributesManagerBase.h(380)::createFromJsonOrDefaultInternal : <Stage Template>: Proposing JSON name : data/scene_datasets/gibson_semantic/./Sasakwa.stage_config.json from original name : data/scene_datasets/gibson_semantic/./Sasakwa.glb| This file does not exist.
[19:28:51:631884]:[Metadata] AbstractObjectAttributesManagerBase.h(184)::createObject : File (data/scene_datasets/gibson_semantic/./Sasakwa.glb) exists but is not a recognized config filename extension, so new default Stage Template attributes created and registered.
[19:28:51:631894]:[Metadata] AttributesManagerBase.h(380)::createFromJsonOrDefaultInternal : <Stage Template>: Proposing JSON name : data/scene_datasets/gibson_semantic/./Sawpit.stage_config.json from original name : data/scene_datasets/gibson_semantic/./Sawpit.glb| This file does not exist.
[19:28:51:631927]:[Metadata] AbstractObjectAttributesManagerBase.h(184)::createObject : File (data/scene_datasets/gibson_semantic/./Sawpit.glb) exists but is not a recognized config filename extension, so new default Stage Template attributes created and registered.
[19:28:51:631937]:[Metadata] AttributesManagerBase.h(380)::createFromJsonOrDefaultInternal : <Stage Template>: Proposing JSON name : data/scene_datasets/gibson_semantic/./Scandinavia.stage_config.json from original name : data/scene_datasets/gibson_semantic/./Scandinavia.glb| This file does not exist.
[19:28:51:631970]:[Metadata] AbstractObjectAttributesManagerBase.h(184)::createObject : File (data/scene_datasets/gibson_semantic/./Scandinavia.glb) exists but is not a recognized config filename extension, so new default Stage Template attributes created and registered.
[19:28:51:631980]:[Metadata] AttributesManagerBase.h(380)::createFromJsonOrDefaultInternal : <Stage Template>: Proposing JSON name : data/scene_datasets/gibson_semantic/./Schiller.stage_config.json from original name : data/scene_datasets/gibson_semantic/./Schiller.glb| This file does not exist.
[19:28:51:632014]:[Metadata] AbstractObjectAttributesManagerBase.h(184)::createObject : File (data/scene_datasets/gibson_semantic/./Schiller.glb) exists but is not a recognized config filename extension, so new default Stage Template attributes created and registered.
[19:28:51:632024]:[Metadata] AttributesManagerBase.h(380)::createFromJsonOrDefaultInternal : <Stage Template>: Proposing JSON name : data/scene_datasets/gibson_semantic/./Schoolcraft.stage_config.json from original name : data/scene_datasets/gibson_semantic/./Schoolcraft.glb| This file does not exist.
[19:28:51:632059]:[Metadata] AbstractObjectAttributesManagerBase.h(184)::createObject : File (data/scene_datasets/gibson_semantic/./Schoolcraft.glb) exists but is not a recognized config filename extension, so new default Stage Template attributes created and registered.
[19:28:51:632069]:[Metadata] AttributesManagerBase.h(380)::createFromJsonOrDefaultInternal : <Stage Template>: Proposing JSON name : data/scene_datasets/gibson_semantic/./Scioto.stage_config.json from original name : data/scene_datasets/gibson_semantic/./Scioto.glb| This file does not exist.
[19:28:51:632103]:[Metadata] AbstractObjectAttributesManagerBase.h(184)::createObject : File (data/scene_datasets/gibson_semantic/./Scioto.glb) exists but is not a recognized config filename extension, so new default Stage Template attributes created and registered.
[19:28:51:632113]:[Metadata] AttributesManagerBase.h(380)::createFromJsonOrDefaultInternal : <Stage Template>: Proposing JSON name : data/scene_datasets/gibson_semantic/./Scottsmoor.stage_config.json from original name : data/scene_datasets/gibson_semantic/./Scottsmoor.glb| This file does not exist.
[19:28:51:632148]:[Metadata] AbstractObjectAttributesManagerBase.h(184)::createObject : File (data/scene_datasets/gibson_semantic/./Scottsmoor.glb) exists but is not a recognized config filename extension, so new default Stage Template attributes created and registered.
[19:28:51:632157]:[Metadata] AttributesManagerBase.h(380)::createFromJsonOrDefaultInternal : <Stage Template>: Proposing JSON name : data/scene_datasets/gibson_semantic/./Seatonville.stage_config.json from original name : data/scene_datasets/gibson_semantic/./Seatonville.glb| This file does not exist.
[19:28:51:632191]:[Metadata] AbstractObjectAttributesManagerBase.h(184)::createObject : File (data/scene_datasets/gibson_semantic/./Seatonville.glb) exists but is not a recognized config filename extension, so new default Stage Template attributes created and registered.
[19:28:51:632201]:[Metadata] AttributesManagerBase.h(380)::createFromJsonOrDefaultInternal : <Stage Template>: Proposing JSON name : data/scene_datasets/gibson_semantic/./Seeley.stage_config.json from original name : data/scene_datasets/gibson_semantic/./Seeley.glb| This file does not exist.
[19:28:51:632235]:[Metadata] AbstractObjectAttributesManagerBase.h(184)::createObject : File (data/scene_datasets/gibson_semantic/./Seeley.glb) exists but is not a recognized config filename extension, so new default Stage Template attributes created and registered.
[19:28:51:632245]:[Metadata] AttributesManagerBase.h(380)::createFromJsonOrDefaultInternal : <Stage Template>: Proposing JSON name : data/scene_datasets/gibson_semantic/./Seiling.stage_config.json from original name : data/scene_datasets/gibson_semantic/./Seiling.glb| This file does not exist.
[19:28:51:632281]:[Metadata] AbstractObjectAttributesManagerBase.h(184)::createObject : File (data/scene_datasets/gibson_semantic/./Seiling.glb) exists but is not a recognized config filename extension, so new default Stage Template attributes created and registered.
[19:28:51:632290]:[Metadata] AttributesManagerBase.h(380)::createFromJsonOrDefaultInternal : <Stage Template>: Proposing JSON name : data/scene_datasets/gibson_semantic/./Seward.stage_config.json from original name : data/scene_datasets/gibson_semantic/./Seward.glb| This file does not exist.
[19:28:51:632327]:[Metadata] AbstractObjectAttributesManagerBase.h(184)::createObject : File (data/scene_datasets/gibson_semantic/./Seward.glb) exists but is not a recognized config filename extension, so new default Stage Template attributes created and registered.
[19:28:51:632336]:[Metadata] AttributesManagerBase.h(380)::createFromJsonOrDefaultInternal : <Stage Template>: Proposing JSON name : data/scene_datasets/gibson_semantic/./Sharon.stage_config.json from original name : data/scene_datasets/gibson_semantic/./Sharon.glb| This file does not exist.
[19:28:51:632371]:[Metadata] AbstractObjectAttributesManagerBase.h(184)::createObject : File (data/scene_datasets/gibson_semantic/./Sharon.glb) exists but is not a recognized config filename extension, so new default Stage Template attributes created and registered.
[19:28:51:632380]:[Metadata] AttributesManagerBase.h(380)::createFromJsonOrDefaultInternal : <Stage Template>: Proposing JSON name : data/scene_datasets/gibson_semantic/./Shauck.stage_config.json from original name : data/scene_datasets/gibson_semantic/./Shauck.glb| This file does not exist.
[19:28:51:632415]:[Metadata] AbstractObjectAttributesManagerBase.h(184)::createObject : File (data/scene_datasets/gibson_semantic/./Shauck.glb) exists but is not a recognized config filename extension, so new default Stage Template attributes created and registered.
[19:28:51:632424]:[Metadata] AttributesManagerBase.h(380)::createFromJsonOrDefaultInternal : <Stage Template>: Proposing JSON name : data/scene_datasets/gibson_semantic/./Shelbiana.stage_config.json from original name : data/scene_datasets/gibson_semantic/./Shelbiana.glb| This file does not exist.
[19:28:51:632458]:[Metadata] AbstractObjectAttributesManagerBase.h(184)::createObject : File (data/scene_datasets/gibson_semantic/./Shelbiana.glb) exists but is not a recognized config filename extension, so new default Stage Template attributes created and registered.
[19:28:51:632468]:[Metadata] AttributesManagerBase.h(380)::createFromJsonOrDefaultInternal : <Stage Template>: Proposing JSON name : data/scene_datasets/gibson_semantic/./Shelbyville.stage_config.json from original name : data/scene_datasets/gibson_semantic/./Shelbyville.glb| This file does not exist.
[19:28:51:632502]:[Metadata] AbstractObjectAttributesManagerBase.h(184)::createObject : File (data/scene_datasets/gibson_semantic/./Shelbyville.glb) exists but is not a recognized config filename extension, so new default Stage Template attributes created and registered.
[19:28:51:632512]:[Metadata] AttributesManagerBase.h(380)::createFromJsonOrDefaultInternal : <Stage Template>: Proposing JSON name : data/scene_datasets/gibson_semantic/./Shellsburg.stage_config.json from original name : data/scene_datasets/gibson_semantic/./Shellsburg.glb| This file does not exist.
[19:28:51:632548]:[Metadata] AbstractObjectAttributesManagerBase.h(184)::createObject : File (data/scene_datasets/gibson_semantic/./Shellsburg.glb) exists but is not a recognized config filename extension, so new default Stage Template attributes created and registered.
[19:28:51:632558]:[Metadata] AttributesManagerBase.h(380)::createFromJsonOrDefaultInternal : <Stage Template>: Proposing JSON name : data/scene_datasets/gibson_semantic/./Sherrill.stage_config.json from original name : data/scene_datasets/gibson_semantic/./Sherrill.glb| This file does not exist.
[19:28:51:632594]:[Metadata] AbstractObjectAttributesManagerBase.h(184)::createObject : File (data/scene_datasets/gibson_semantic/./Sherrill.glb) exists but is not a recognized config filename extension, so new default Stage Template attributes created and registered.
[19:28:51:632605]:[Metadata] AttributesManagerBase.h(380)::createFromJsonOrDefaultInternal : <Stage Template>: Proposing JSON name : data/scene_datasets/gibson_semantic/./Shumway.stage_config.json from original name : data/scene_datasets/gibson_semantic/./Shumway.glb| This file does not exist.
[19:28:51:632639]:[Metadata] AbstractObjectAttributesManagerBase.h(184)::createObject : File (data/scene_datasets/gibson_semantic/./Shumway.glb) exists but is not a recognized config filename extension, so new default Stage Template attributes created and registered.
[19:28:51:632649]:[Metadata] AttributesManagerBase.h(380)::createFromJsonOrDefaultInternal : <Stage Template>: Proposing JSON name : data/scene_datasets/gibson_semantic/./Silas.stage_config.json from original name : data/scene_datasets/gibson_semantic/./Silas.glb| This file does not exist.
[19:28:51:632684]:[Metadata] AbstractObjectAttributesManagerBase.h(184)::createObject : File (data/scene_datasets/gibson_semantic/./Silas.glb) exists but is not a recognized config filename extension, so new default Stage Template attributes created and registered.
[19:28:51:632694]:[Metadata] AttributesManagerBase.h(380)::createFromJsonOrDefaultInternal : <Stage Template>: Proposing JSON name : data/scene_datasets/gibson_semantic/./Silerton.stage_config.json from original name : data/scene_datasets/gibson_semantic/./Silerton.glb| This file does not exist.
[19:28:51:632730]:[Metadata] AbstractObjectAttributesManagerBase.h(184)::createObject : File (data/scene_datasets/gibson_semantic/./Silerton.glb) exists but is not a recognized config filename extension, so new default Stage Template attributes created and registered.
[19:28:51:632740]:[Metadata] AttributesManagerBase.h(380)::createFromJsonOrDefaultInternal : <Stage Template>: Proposing JSON name : data/scene_datasets/gibson_semantic/./Silva.stage_config.json from original name : data/scene_datasets/gibson_semantic/./Silva.glb| This file does not exist.
[19:28:51:632774]:[Metadata] AbstractObjectAttributesManagerBase.h(184)::createObject : File (data/scene_datasets/gibson_semantic/./Silva.glb) exists but is not a recognized config filename extension, so new default Stage Template attributes created and registered.
[19:28:51:632784]:[Metadata] AttributesManagerBase.h(380)::createFromJsonOrDefaultInternal : <Stage Template>: Proposing JSON name : data/scene_datasets/gibson_semantic/./Siren.stage_config.json from original name : data/scene_datasets/gibson_semantic/./Siren.glb| This file does not exist.
[19:28:51:632819]:[Metadata] AbstractObjectAttributesManagerBase.h(184)::createObject : File (data/scene_datasets/gibson_semantic/./Siren.glb) exists but is not a recognized config filename extension, so new default Stage Template attributes created and registered.
[19:28:51:632829]:[Metadata] AttributesManagerBase.h(380)::createFromJsonOrDefaultInternal : <Stage Template>: Proposing JSON name : data/scene_datasets/gibson_semantic/./Sisters.stage_config.json from original name : data/scene_datasets/gibson_semantic/./Sisters.glb| This file does not exist.
[19:28:51:632864]:[Metadata] AbstractObjectAttributesManagerBase.h(184)::createObject : File (data/scene_datasets/gibson_semantic/./Sisters.glb) exists but is not a recognized config filename extension, so new default Stage Template attributes created and registered.
[19:28:51:632873]:[Metadata] AttributesManagerBase.h(380)::createFromJsonOrDefaultInternal : <Stage Template>: Proposing JSON name : data/scene_datasets/gibson_semantic/./Smoketown.stage_config.json from original name : data/scene_datasets/gibson_semantic/./Smoketown.glb| This file does not exist.
[19:28:51:632908]:[Metadata] AbstractObjectAttributesManagerBase.h(184)::createObject : File (data/scene_datasets/gibson_semantic/./Smoketown.glb) exists but is not a recognized config filename extension, so new default Stage Template attributes created and registered.
[19:28:51:632918]:[Metadata] AttributesManagerBase.h(380)::createFromJsonOrDefaultInternal : <Stage Template>: Proposing JSON name : data/scene_datasets/gibson_semantic/./Sodaville.stage_config.json from original name : data/scene_datasets/gibson_semantic/./Sodaville.glb| This file does not exist.
[19:28:51:632952]:[Metadata] AbstractObjectAttributesManagerBase.h(184)::createObject : File (data/scene_datasets/gibson_semantic/./Sodaville.glb) exists but is not a recognized config filename extension, so new default Stage Template attributes created and registered.
[19:28:51:632962]:[Metadata] AttributesManagerBase.h(380)::createFromJsonOrDefaultInternal : <Stage Template>: Proposing JSON name : data/scene_datasets/gibson_semantic/./Soldier.stage_config.json from original name : data/scene_datasets/gibson_semantic/./Soldier.glb| This file does not exist.
[19:28:51:632996]:[Metadata] AbstractObjectAttributesManagerBase.h(184)::createObject : File (data/scene_datasets/gibson_semantic/./Soldier.glb) exists but is not a recognized config filename extension, so new default Stage Template attributes created and registered.
[19:28:51:633006]:[Metadata] AttributesManagerBase.h(380)::createFromJsonOrDefaultInternal : <Stage Template>: Proposing JSON name : data/scene_datasets/gibson_semantic/./Southfield.stage_config.json from original name : data/scene_datasets/gibson_semantic/./Southfield.glb| This file does not exist.
[19:28:51:633041]:[Metadata] AbstractObjectAttributesManagerBase.h(184)::createObject : File (data/scene_datasets/gibson_semantic/./Southfield.glb) exists but is not a recognized config filename extension, so new default Stage Template attributes created and registered.
[19:28:51:633051]:[Metadata] AttributesManagerBase.h(380)::createFromJsonOrDefaultInternal : <Stage Template>: Proposing JSON name : data/scene_datasets/gibson_semantic/./Spencerville.stage_config.json from original name : data/scene_datasets/gibson_semantic/./Spencerville.glb| This file does not exist.
[19:28:51:633085]:[Metadata] AbstractObjectAttributesManagerBase.h(184)::createObject : File (data/scene_datasets/gibson_semantic/./Spencerville.glb) exists but is not a recognized config filename extension, so new default Stage Template attributes created and registered.
[19:28:51:633095]:[Metadata] AttributesManagerBase.h(380)::createFromJsonOrDefaultInternal : <Stage Template>: Proposing JSON name : data/scene_datasets/gibson_semantic/./Spotswood.stage_config.json from original name : data/scene_datasets/gibson_semantic/./Spotswood.glb| This file does not exist.
[19:28:51:633130]:[Metadata] AbstractObjectAttributesManagerBase.h(184)::createObject : File (data/scene_datasets/gibson_semantic/./Spotswood.glb) exists but is not a recognized config filename extension, so new default Stage Template attributes created and registered.
[19:28:51:633140]:[Metadata] AttributesManagerBase.h(380)::createFromJsonOrDefaultInternal : <Stage Template>: Proposing JSON name : data/scene_datasets/gibson_semantic/./Spread.stage_config.json from original name : data/scene_datasets/gibson_semantic/./Spread.glb| This file does not exist.
[19:28:51:633174]:[Metadata] AbstractObjectAttributesManagerBase.h(184)::createObject : File (data/scene_datasets/gibson_semantic/./Spread.glb) exists but is not a recognized config filename extension, so new default Stage Template attributes created and registered.
[19:28:51:633184]:[Metadata] AttributesManagerBase.h(380)::createFromJsonOrDefaultInternal : <Stage Template>: Proposing JSON name : data/scene_datasets/gibson_semantic/./Springerville.stage_config.json from original name : data/scene_datasets/gibson_semantic/./Springerville.glb| This file does not exist.
[19:28:51:633218]:[Metadata] AbstractObjectAttributesManagerBase.h(184)::createObject : File (data/scene_datasets/gibson_semantic/./Springerville.glb) exists but is not a recognized config filename extension, so new default Stage Template attributes created and registered.
[19:28:51:633228]:[Metadata] AttributesManagerBase.h(380)::createFromJsonOrDefaultInternal : <Stage Template>: Proposing JSON name : data/scene_datasets/gibson_semantic/./Springhill.stage_config.json from original name : data/scene_datasets/gibson_semantic/./Springhill.glb| This file does not exist.
[19:28:51:633264]:[Metadata] AbstractObjectAttributesManagerBase.h(184)::createObject : File (data/scene_datasets/gibson_semantic/./Springhill.glb) exists but is not a recognized config filename extension, so new default Stage Template attributes created and registered.
[19:28:51:633274]:[Metadata] AttributesManagerBase.h(380)::createFromJsonOrDefaultInternal : <Stage Template>: Proposing JSON name : data/scene_datasets/gibson_semantic/./Stanleyville.stage_config.json from original name : data/scene_datasets/gibson_semantic/./Stanleyville.glb| This file does not exist.
[19:28:51:633309]:[Metadata] AbstractObjectAttributesManagerBase.h(184)::createObject : File (data/scene_datasets/gibson_semantic/./Stanleyville.glb) exists but is not a recognized config filename extension, so new default Stage Template attributes created and registered.
[19:28:51:633319]:[Metadata] AttributesManagerBase.h(380)::createFromJsonOrDefaultInternal : <Stage Template>: Proposing JSON name : data/scene_datasets/gibson_semantic/./Starks.stage_config.json from original name : data/scene_datasets/gibson_semantic/./Starks.glb| This file does not exist.
[19:28:51:633353]:[Metadata] AbstractObjectAttributesManagerBase.h(184)::createObject : File (data/scene_datasets/gibson_semantic/./Starks.glb) exists but is not a recognized config filename extension, so new default Stage Template attributes created and registered.
[19:28:51:633363]:[Metadata] AttributesManagerBase.h(380)::createFromJsonOrDefaultInternal : <Stage Template>: Proposing JSON name : data/scene_datasets/gibson_semantic/./Stigler.stage_config.json from original name : data/scene_datasets/gibson_semantic/./Stigler.glb| This file does not exist.
[19:28:51:633398]:[Metadata] AbstractObjectAttributesManagerBase.h(184)::createObject : File (data/scene_datasets/gibson_semantic/./Stigler.glb) exists but is not a recognized config filename extension, so new default Stage Template attributes created and registered.
[19:28:51:633408]:[Metadata] AttributesManagerBase.h(380)::createFromJsonOrDefaultInternal : <Stage Template>: Proposing JSON name : data/scene_datasets/gibson_semantic/./Stilwell.stage_config.json from original name : data/scene_datasets/gibson_semantic/./Stilwell.glb| This file does not exist.
[19:28:51:633443]:[Metadata] AbstractObjectAttributesManagerBase.h(184)::createObject : File (data/scene_datasets/gibson_semantic/./Stilwell.glb) exists but is not a recognized config filename extension, so new default Stage Template attributes created and registered.
[19:28:51:633453]:[Metadata] AttributesManagerBase.h(380)::createFromJsonOrDefaultInternal : <Stage Template>: Proposing JSON name : data/scene_datasets/gibson_semantic/./Stockertown.stage_config.json from original name : data/scene_datasets/gibson_semantic/./Stockertown.glb| This file does not exist.
[19:28:51:633487]:[Metadata] AbstractObjectAttributesManagerBase.h(184)::createObject : File (data/scene_datasets/gibson_semantic/./Stockertown.glb) exists but is not a recognized config filename extension, so new default Stage Template attributes created and registered.
[19:28:51:633497]:[Metadata] AttributesManagerBase.h(380)::createFromJsonOrDefaultInternal : <Stage Template>: Proposing JSON name : data/scene_datasets/gibson_semantic/./Stockman.stage_config.json from original name : data/scene_datasets/gibson_semantic/./Stockman.glb| This file does not exist.
[19:28:51:633531]:[Metadata] AbstractObjectAttributesManagerBase.h(184)::createObject : File (data/scene_datasets/gibson_semantic/./Stockman.glb) exists but is not a recognized config filename extension, so new default Stage Template attributes created and registered.
[19:28:51:633541]:[Metadata] AttributesManagerBase.h(380)::createFromJsonOrDefaultInternal : <Stage Template>: Proposing JSON name : data/scene_datasets/gibson_semantic/./Stockwell.stage_config.json from original name : data/scene_datasets/gibson_semantic/./Stockwell.glb| This file does not exist.
[19:28:51:633575]:[Metadata] AbstractObjectAttributesManagerBase.h(184)::createObject : File (data/scene_datasets/gibson_semantic/./Stockwell.glb) exists but is not a recognized config filename extension, so new default Stage Template attributes created and registered.
[19:28:51:633585]:[Metadata] AttributesManagerBase.h(380)::createFromJsonOrDefaultInternal : <Stage Template>: Proposing JSON name : data/scene_datasets/gibson_semantic/./Stokes.stage_config.json from original name : data/scene_datasets/gibson_semantic/./Stokes.glb| This file does not exist.
[19:28:51:633618]:[Metadata] AbstractObjectAttributesManagerBase.h(184)::createObject : File (data/scene_datasets/gibson_semantic/./Stokes.glb) exists but is not a recognized config filename extension, so new default Stage Template attributes created and registered.
[19:28:51:633628]:[Metadata] AttributesManagerBase.h(380)::createFromJsonOrDefaultInternal : <Stage Template>: Proposing JSON name : data/scene_datasets/gibson_semantic/./Sugarville.stage_config.json from original name : data/scene_datasets/gibson_semantic/./Sugarville.glb| This file does not exist.
[19:28:51:633663]:[Metadata] AbstractObjectAttributesManagerBase.h(184)::createObject : File (data/scene_datasets/gibson_semantic/./Sugarville.glb) exists but is not a recognized config filename extension, so new default Stage Template attributes created and registered.
[19:28:51:633673]:[Metadata] AttributesManagerBase.h(380)::createFromJsonOrDefaultInternal : <Stage Template>: Proposing JSON name : data/scene_datasets/gibson_semantic/./Sultan.stage_config.json from original name : data/scene_datasets/gibson_semantic/./Sultan.glb| This file does not exist.
[19:28:51:633707]:[Metadata] AbstractObjectAttributesManagerBase.h(184)::createObject : File (data/scene_datasets/gibson_semantic/./Sultan.glb) exists but is not a recognized config filename extension, so new default Stage Template attributes created and registered.
[19:28:51:633717]:[Metadata] AttributesManagerBase.h(380)::createFromJsonOrDefaultInternal : <Stage Template>: Proposing JSON name : data/scene_datasets/gibson_semantic/./Sumas.stage_config.json from original name : data/scene_datasets/gibson_semantic/./Sumas.glb| This file does not exist.
[19:28:51:633751]:[Metadata] AbstractObjectAttributesManagerBase.h(184)::createObject : File (data/scene_datasets/gibson_semantic/./Sumas.glb) exists but is not a recognized config filename extension, so new default Stage Template attributes created and registered.
[19:28:51:633761]:[Metadata] AttributesManagerBase.h(380)::createFromJsonOrDefaultInternal : <Stage Template>: Proposing JSON name : data/scene_datasets/gibson_semantic/./Sundown.stage_config.json from original name : data/scene_datasets/gibson_semantic/./Sundown.glb| This file does not exist.
[19:28:51:633797]:[Metadata] AbstractObjectAttributesManagerBase.h(184)::createObject : File (data/scene_datasets/gibson_semantic/./Sundown.glb) exists but is not a recognized config filename extension, so new default Stage Template attributes created and registered.
[19:28:51:633807]:[Metadata] AttributesManagerBase.h(380)::createFromJsonOrDefaultInternal : <Stage Template>: Proposing JSON name : data/scene_datasets/gibson_semantic/./Sunshine.stage_config.json from original name : data/scene_datasets/gibson_semantic/./Sunshine.glb| This file does not exist.
[19:28:51:633841]:[Metadata] AbstractObjectAttributesManagerBase.h(184)::createObject : File (data/scene_datasets/gibson_semantic/./Sunshine.glb) exists but is not a recognized config filename extension, so new default Stage Template attributes created and registered.
[19:28:51:633850]:[Metadata] AttributesManagerBase.h(380)::createFromJsonOrDefaultInternal : <Stage Template>: Proposing JSON name : data/scene_datasets/gibson_semantic/./Superior.stage_config.json from original name : data/scene_datasets/gibson_semantic/./Superior.glb| This file does not exist.
[19:28:51:633885]:[Metadata] AbstractObjectAttributesManagerBase.h(184)::createObject : File (data/scene_datasets/gibson_semantic/./Superior.glb) exists but is not a recognized config filename extension, so new default Stage Template attributes created and registered.
[19:28:51:633894]:[Metadata] AttributesManagerBase.h(380)::createFromJsonOrDefaultInternal : <Stage Template>: Proposing JSON name : data/scene_datasets/gibson_semantic/./Sussex.stage_config.json from original name : data/scene_datasets/gibson_semantic/./Sussex.glb| This file does not exist.
[19:28:51:633928]:[Metadata] AbstractObjectAttributesManagerBase.h(184)::createObject : File (data/scene_datasets/gibson_semantic/./Sussex.glb) exists but is not a recognized config filename extension, so new default Stage Template attributes created and registered.
[19:28:51:633938]:[Metadata] AttributesManagerBase.h(380)::createFromJsonOrDefaultInternal : <Stage Template>: Proposing JSON name : data/scene_datasets/gibson_semantic/./Sweatman.stage_config.json from original name : data/scene_datasets/gibson_semantic/./Sweatman.glb| This file does not exist.
[19:28:51:633972]:[Metadata] AbstractObjectAttributesManagerBase.h(184)::createObject : File (data/scene_datasets/gibson_semantic/./Sweatman.glb) exists but is not a recognized config filename extension, so new default Stage Template attributes created and registered.
[19:28:51:633982]:[Metadata] AttributesManagerBase.h(380)::createFromJsonOrDefaultInternal : <Stage Template>: Proposing JSON name : data/scene_datasets/gibson_semantic/./Swisshome.stage_config.json from original name : data/scene_datasets/gibson_semantic/./Swisshome.glb| This file does not exist.
[19:28:51:634017]:[Metadata] AbstractObjectAttributesManagerBase.h(184)::createObject : File (data/scene_datasets/gibson_semantic/./Swisshome.glb) exists but is not a recognized config filename extension, so new default Stage Template attributes created and registered.
[19:28:51:634027]:[Metadata] AttributesManagerBase.h(380)::createFromJsonOrDefaultInternal : <Stage Template>: Proposing JSON name : data/scene_datasets/gibson_semantic/./Swormville.stage_config.json from original name : data/scene_datasets/gibson_semantic/./Swormville.glb| This file does not exist.
[19:28:51:634061]:[Metadata] AbstractObjectAttributesManagerBase.h(184)::createObject : File (data/scene_datasets/gibson_semantic/./Swormville.glb) exists but is not a recognized config filename extension, so new default Stage Template attributes created and registered.
[19:28:51:634071]:[Metadata] AttributesManagerBase.h(380)::createFromJsonOrDefaultInternal : <Stage Template>: Proposing JSON name : data/scene_datasets/gibson_semantic/./Tallmadge.stage_config.json from original name : data/scene_datasets/gibson_semantic/./Tallmadge.glb| This file does not exist.
[19:28:51:634104]:[Metadata] AbstractObjectAttributesManagerBase.h(184)::createObject : File (data/scene_datasets/gibson_semantic/./Tallmadge.glb) exists but is not a recognized config filename extension, so new default Stage Template attributes created and registered.
[19:28:51:634114]:[Metadata] AttributesManagerBase.h(380)::createFromJsonOrDefaultInternal : <Stage Template>: Proposing JSON name : data/scene_datasets/gibson_semantic/./Tansboro.stage_config.json from original name : data/scene_datasets/gibson_semantic/./Tansboro.glb| This file does not exist.
[19:28:51:634148]:[Metadata] AbstractObjectAttributesManagerBase.h(184)::createObject : File (data/scene_datasets/gibson_semantic/./Tansboro.glb) exists but is not a recognized config filename extension, so new default Stage Template attributes created and registered.
[19:28:51:634157]:[Metadata] AttributesManagerBase.h(380)::createFromJsonOrDefaultInternal : <Stage Template>: Proposing JSON name : data/scene_datasets/gibson_semantic/./Tariffville.stage_config.json from original name : data/scene_datasets/gibson_semantic/./Tariffville.glb| This file does not exist.
[19:28:51:634192]:[Metadata] AbstractObjectAttributesManagerBase.h(184)::createObject : File (data/scene_datasets/gibson_semantic/./Tariffville.glb) exists but is not a recognized config filename extension, so new default Stage Template attributes created and registered.
[19:28:51:634202]:[Metadata] AttributesManagerBase.h(380)::createFromJsonOrDefaultInternal : <Stage Template>: Proposing JSON name : data/scene_datasets/gibson_semantic/./Terrell.stage_config.json from original name : data/scene_datasets/gibson_semantic/./Terrell.glb| This file does not exist.
[19:28:51:634236]:[Metadata] AbstractObjectAttributesManagerBase.h(184)::createObject : File (data/scene_datasets/gibson_semantic/./Terrell.glb) exists but is not a recognized config filename extension, so new default Stage Template attributes created and registered.
[19:28:51:634246]:[Metadata] AttributesManagerBase.h(380)::createFromJsonOrDefaultInternal : <Stage Template>: Proposing JSON name : data/scene_datasets/gibson_semantic/./Texasville.stage_config.json from original name : data/scene_datasets/gibson_semantic/./Texasville.glb| This file does not exist.
[19:28:51:634281]:[Metadata] AbstractObjectAttributesManagerBase.h(184)::createObject : File (data/scene_datasets/gibson_semantic/./Texasville.glb) exists but is not a recognized config filename extension, so new default Stage Template attributes created and registered.
[19:28:51:634291]:[Metadata] AttributesManagerBase.h(380)::createFromJsonOrDefaultInternal : <Stage Template>: Proposing JSON name : data/scene_datasets/gibson_semantic/./Thrall.stage_config.json from original name : data/scene_datasets/gibson_semantic/./Thrall.glb| This file does not exist.
[19:28:51:634325]:[Metadata] AbstractObjectAttributesManagerBase.h(184)::createObject : File (data/scene_datasets/gibson_semantic/./Thrall.glb) exists but is not a recognized config filename extension, so new default Stage Template attributes created and registered.
[19:28:51:634335]:[Metadata] AttributesManagerBase.h(380)::createFromJsonOrDefaultInternal : <Stage Template>: Proposing JSON name : data/scene_datasets/gibson_semantic/./Tilghmanton.stage_config.json from original name : data/scene_datasets/gibson_semantic/./Tilghmanton.glb| This file does not exist.
[19:28:51:634369]:[Metadata] AbstractObjectAttributesManagerBase.h(184)::createObject : File (data/scene_datasets/gibson_semantic/./Tilghmanton.glb) exists but is not a recognized config filename extension, so new default Stage Template attributes created and registered.
[19:28:51:634378]:[Metadata] AttributesManagerBase.h(380)::createFromJsonOrDefaultInternal : <Stage Template>: Proposing JSON name : data/scene_datasets/gibson_semantic/./Tillman.stage_config.json from original name : data/scene_datasets/gibson_semantic/./Tillman.glb| This file does not exist.
[19:28:51:634412]:[Metadata] AbstractObjectAttributesManagerBase.h(184)::createObject : File (data/scene_datasets/gibson_semantic/./Tillman.glb) exists but is not a recognized config filename extension, so new default Stage Template attributes created and registered.
[19:28:51:634422]:[Metadata] AttributesManagerBase.h(380)::createFromJsonOrDefaultInternal : <Stage Template>: Proposing JSON name : data/scene_datasets/gibson_semantic/./Timberon.stage_config.json from original name : data/scene_datasets/gibson_semantic/./Timberon.glb| This file does not exist.
[19:28:51:634456]:[Metadata] AbstractObjectAttributesManagerBase.h(184)::createObject : File (data/scene_datasets/gibson_semantic/./Timberon.glb) exists but is not a recognized config filename extension, so new default Stage Template attributes created and registered.
[19:28:51:634466]:[Metadata] AttributesManagerBase.h(380)::createFromJsonOrDefaultInternal : <Stage Template>: Proposing JSON name : data/scene_datasets/gibson_semantic/./Tippecanoe.stage_config.json from original name : data/scene_datasets/gibson_semantic/./Tippecanoe.glb| This file does not exist.
[19:28:51:634500]:[Metadata] AbstractObjectAttributesManagerBase.h(184)::createObject : File (data/scene_datasets/gibson_semantic/./Tippecanoe.glb) exists but is not a recognized config filename extension, so new default Stage Template attributes created and registered.
[19:28:51:634510]:[Metadata] AttributesManagerBase.h(380)::createFromJsonOrDefaultInternal : <Stage Template>: Proposing JSON name : data/scene_datasets/gibson_semantic/./Tokeland.stage_config.json from original name : data/scene_datasets/gibson_semantic/./Tokeland.glb| This file does not exist.
[19:28:51:634543]:[Metadata] AbstractObjectAttributesManagerBase.h(184)::createObject : File (data/scene_datasets/gibson_semantic/./Tokeland.glb) exists but is not a recognized config filename extension, so new default Stage Template attributes created and registered.
[19:28:51:634553]:[Metadata] AttributesManagerBase.h(380)::createFromJsonOrDefaultInternal : <Stage Template>: Proposing JSON name : data/scene_datasets/gibson_semantic/./Tolstoy.stage_config.json from original name : data/scene_datasets/gibson_semantic/./Tolstoy.glb| This file does not exist.
[19:28:51:634588]:[Metadata] AbstractObjectAttributesManagerBase.h(184)::createObject : File (data/scene_datasets/gibson_semantic/./Tolstoy.glb) exists but is not a recognized config filename extension, so new default Stage Template attributes created and registered.
[19:28:51:634597]:[Metadata] AttributesManagerBase.h(380)::createFromJsonOrDefaultInternal : <Stage Template>: Proposing JSON name : data/scene_datasets/gibson_semantic/./Tomales.stage_config.json from original name : data/scene_datasets/gibson_semantic/./Tomales.glb| This file does not exist.
[19:28:51:634640]:[Metadata] AbstractObjectAttributesManagerBase.h(184)::createObject : File (data/scene_datasets/gibson_semantic/./Tomales.glb) exists but is not a recognized config filename extension, so new default Stage Template attributes created and registered.
[19:28:51:634651]:[Metadata] AttributesManagerBase.h(380)::createFromJsonOrDefaultInternal : <Stage Template>: Proposing JSON name : data/scene_datasets/gibson_semantic/./Tomkins.stage_config.json from original name : data/scene_datasets/gibson_semantic/./Tomkins.glb| This file does not exist.
[19:28:51:634686]:[Metadata] AbstractObjectAttributesManagerBase.h(184)::createObject : File (data/scene_datasets/gibson_semantic/./Tomkins.glb) exists but is not a recognized config filename extension, so new default Stage Template attributes created and registered.
[19:28:51:634696]:[Metadata] AttributesManagerBase.h(380)::createFromJsonOrDefaultInternal : <Stage Template>: Proposing JSON name : data/scene_datasets/gibson_semantic/./Torrington.stage_config.json from original name : data/scene_datasets/gibson_semantic/./Torrington.glb| This file does not exist.
[19:28:51:634729]:[Metadata] AbstractObjectAttributesManagerBase.h(184)::createObject : File (data/scene_datasets/gibson_semantic/./Torrington.glb) exists but is not a recognized config filename extension, so new default Stage Template attributes created and registered.
[19:28:51:634739]:[Metadata] AttributesManagerBase.h(380)::createFromJsonOrDefaultInternal : <Stage Template>: Proposing JSON name : data/scene_datasets/gibson_semantic/./Touhy.stage_config.json from original name : data/scene_datasets/gibson_semantic/./Touhy.glb| This file does not exist.
[19:28:51:634774]:[Metadata] AbstractObjectAttributesManagerBase.h(184)::createObject : File (data/scene_datasets/gibson_semantic/./Touhy.glb) exists but is not a recognized config filename extension, so new default Stage Template attributes created and registered.
[19:28:51:634783]:[Metadata] AttributesManagerBase.h(380)::createFromJsonOrDefaultInternal : <Stage Template>: Proposing JSON name : data/scene_datasets/gibson_semantic/./Tradewinds.stage_config.json from original name : data/scene_datasets/gibson_semantic/./Tradewinds.glb| This file does not exist.
[19:28:51:634818]:[Metadata] AbstractObjectAttributesManagerBase.h(184)::createObject : File (data/scene_datasets/gibson_semantic/./Tradewinds.glb) exists but is not a recognized config filename extension, so new default Stage Template attributes created and registered.
[19:28:51:634827]:[Metadata] AttributesManagerBase.h(380)::createFromJsonOrDefaultInternal : <Stage Template>: Proposing JSON name : data/scene_datasets/gibson_semantic/./Trail.stage_config.json from original name : data/scene_datasets/gibson_semantic/./Trail.glb| This file does not exist.
[19:28:51:634863]:[Metadata] AbstractObjectAttributesManagerBase.h(184)::createObject : File (data/scene_datasets/gibson_semantic/./Trail.glb) exists but is not a recognized config filename extension, so new default Stage Template attributes created and registered.
[19:28:51:634872]:[Metadata] AttributesManagerBase.h(380)::createFromJsonOrDefaultInternal : <Stage Template>: Proposing JSON name : data/scene_datasets/gibson_semantic/./Traver.stage_config.json from original name : data/scene_datasets/gibson_semantic/./Traver.glb| This file does not exist.
[19:28:51:634907]:[Metadata] AbstractObjectAttributesManagerBase.h(184)::createObject : File (data/scene_datasets/gibson_semantic/./Traver.glb) exists but is not a recognized config filename extension, so new default Stage Template attributes created and registered.
[19:28:51:634917]:[Metadata] AttributesManagerBase.h(380)::createFromJsonOrDefaultInternal : <Stage Template>: Proposing JSON name : data/scene_datasets/gibson_semantic/./Tyler.stage_config.json from original name : data/scene_datasets/gibson_semantic/./Tyler.glb| This file does not exist.
[19:28:51:634952]:[Metadata] AbstractObjectAttributesManagerBase.h(184)::createObject : File (data/scene_datasets/gibson_semantic/./Tyler.glb) exists but is not a recognized config filename extension, so new default Stage Template attributes created and registered.
[19:28:51:634961]:[Metadata] AttributesManagerBase.h(380)::createFromJsonOrDefaultInternal : <Stage Template>: Proposing JSON name : data/scene_datasets/gibson_semantic/./Umpqua.stage_config.json from original name : data/scene_datasets/gibson_semantic/./Umpqua.glb| This file does not exist.
[19:28:51:634997]:[Metadata] AbstractObjectAttributesManagerBase.h(184)::createObject : File (data/scene_datasets/gibson_semantic/./Umpqua.glb) exists but is not a recognized config filename extension, so new default Stage Template attributes created and registered.
[19:28:51:635007]:[Metadata] AttributesManagerBase.h(380)::createFromJsonOrDefaultInternal : <Stage Template>: Proposing JSON name : data/scene_datasets/gibson_semantic/./Uncertain.stage_config.json from original name : data/scene_datasets/gibson_semantic/./Uncertain.glb| This file does not exist.
[19:28:51:635040]:[Metadata] AbstractObjectAttributesManagerBase.h(184)::createObject : File (data/scene_datasets/gibson_semantic/./Uncertain.glb) exists but is not a recognized config filename extension, so new default Stage Template attributes created and registered.
[19:28:51:635050]:[Metadata] AttributesManagerBase.h(380)::createFromJsonOrDefaultInternal : <Stage Template>: Proposing JSON name : data/scene_datasets/gibson_semantic/./Upham.stage_config.json from original name : data/scene_datasets/gibson_semantic/./Upham.glb| This file does not exist.
[19:28:51:635085]:[Metadata] AbstractObjectAttributesManagerBase.h(184)::createObject : File (data/scene_datasets/gibson_semantic/./Upham.glb) exists but is not a recognized config filename extension, so new default Stage Template attributes created and registered.
[19:28:51:635095]:[Metadata] AttributesManagerBase.h(380)::createFromJsonOrDefaultInternal : <Stage Template>: Proposing JSON name : data/scene_datasets/gibson_semantic/./Vails.stage_config.json from original name : data/scene_datasets/gibson_semantic/./Vails.glb| This file does not exist.
[19:28:51:635130]:[Metadata] AbstractObjectAttributesManagerBase.h(184)::createObject : File (data/scene_datasets/gibson_semantic/./Vails.glb) exists but is not a recognized config filename extension, so new default Stage Template attributes created and registered.
[19:28:51:635139]:[Metadata] AttributesManagerBase.h(380)::createFromJsonOrDefaultInternal : <Stage Template>: Proposing JSON name : data/scene_datasets/gibson_semantic/./Victorville.stage_config.json from original name : data/scene_datasets/gibson_semantic/./Victorville.glb| This file does not exist.
[19:28:51:635174]:[Metadata] AbstractObjectAttributesManagerBase.h(184)::createObject : File (data/scene_datasets/gibson_semantic/./Victorville.glb) exists but is not a recognized config filename extension, so new default Stage Template attributes created and registered.
[19:28:51:635183]:[Metadata] AttributesManagerBase.h(380)::createFromJsonOrDefaultInternal : <Stage Template>: Proposing JSON name : data/scene_datasets/gibson_semantic/./Voorhees.stage_config.json from original name : data/scene_datasets/gibson_semantic/./Voorhees.glb| This file does not exist.
[19:28:51:635218]:[Metadata] AbstractObjectAttributesManagerBase.h(184)::createObject : File (data/scene_datasets/gibson_semantic/./Voorhees.glb) exists but is not a recognized config filename extension, so new default Stage Template attributes created and registered.
[19:28:51:635227]:[Metadata] AttributesManagerBase.h(380)::createFromJsonOrDefaultInternal : <Stage Template>: Proposing JSON name : data/scene_datasets/gibson_semantic/./Waimea.stage_config.json from original name : data/scene_datasets/gibson_semantic/./Waimea.glb| This file does not exist.
[19:28:51:635261]:[Metadata] AbstractObjectAttributesManagerBase.h(184)::createObject : File (data/scene_datasets/gibson_semantic/./Waimea.glb) exists but is not a recognized config filename extension, so new default Stage Template attributes created and registered.
[19:28:51:635271]:[Metadata] AttributesManagerBase.h(380)::createFromJsonOrDefaultInternal : <Stage Template>: Proposing JSON name : data/scene_datasets/gibson_semantic/./Wainscott.stage_config.json from original name : data/scene_datasets/gibson_semantic/./Wainscott.glb| This file does not exist.
[19:28:51:635305]:[Metadata] AbstractObjectAttributesManagerBase.h(184)::createObject : File (data/scene_datasets/gibson_semantic/./Wainscott.glb) exists but is not a recognized config filename extension, so new default Stage Template attributes created and registered.
[19:28:51:635315]:[Metadata] AttributesManagerBase.h(380)::createFromJsonOrDefaultInternal : <Stage Template>: Proposing JSON name : data/scene_datasets/gibson_semantic/./Waipahu.stage_config.json from original name : data/scene_datasets/gibson_semantic/./Waipahu.glb| This file does not exist.
[19:28:51:635349]:[Metadata] AbstractObjectAttributesManagerBase.h(184)::createObject : File (data/scene_datasets/gibson_semantic/./Waipahu.glb) exists but is not a recognized config filename extension, so new default Stage Template attributes created and registered.
[19:28:51:635359]:[Metadata] AttributesManagerBase.h(380)::createFromJsonOrDefaultInternal : <Stage Template>: Proposing JSON name : data/scene_datasets/gibson_semantic/./Waldenburg.stage_config.json from original name : data/scene_datasets/gibson_semantic/./Waldenburg.glb| This file does not exist.
[19:28:51:635393]:[Metadata] AbstractObjectAttributesManagerBase.h(184)::createObject : File (data/scene_datasets/gibson_semantic/./Waldenburg.glb) exists but is not a recognized config filename extension, so new default Stage Template attributes created and registered.
[19:28:51:635403]:[Metadata] AttributesManagerBase.h(380)::createFromJsonOrDefaultInternal : <Stage Template>: Proposing JSON name : data/scene_datasets/gibson_semantic/./Warrenville.stage_config.json from original name : data/scene_datasets/gibson_semantic/./Warrenville.glb| This file does not exist.
[19:28:51:635437]:[Metadata] AbstractObjectAttributesManagerBase.h(184)::createObject : File (data/scene_datasets/gibson_semantic/./Warrenville.glb) exists but is not a recognized config filename extension, so new default Stage Template attributes created and registered.
[19:28:51:635446]:[Metadata] AttributesManagerBase.h(380)::createFromJsonOrDefaultInternal : <Stage Template>: Proposing JSON name : data/scene_datasets/gibson_semantic/./Wattsville.stage_config.json from original name : data/scene_datasets/gibson_semantic/./Wattsville.glb| This file does not exist.
[19:28:51:635482]:[Metadata] AbstractObjectAttributesManagerBase.h(184)::createObject : File (data/scene_datasets/gibson_semantic/./Wattsville.glb) exists but is not a recognized config filename extension, so new default Stage Template attributes created and registered.
[19:28:51:635491]:[Metadata] AttributesManagerBase.h(380)::createFromJsonOrDefaultInternal : <Stage Template>: Proposing JSON name : data/scene_datasets/gibson_semantic/./Waucousta.stage_config.json from original name : data/scene_datasets/gibson_semantic/./Waucousta.glb| This file does not exist.
[19:28:51:635527]:[Metadata] AbstractObjectAttributesManagerBase.h(184)::createObject : File (data/scene_datasets/gibson_semantic/./Waucousta.glb) exists but is not a recognized config filename extension, so new default Stage Template attributes created and registered.
[19:28:51:635537]:[Metadata] AttributesManagerBase.h(380)::createFromJsonOrDefaultInternal : <Stage Template>: Proposing JSON name : data/scene_datasets/gibson_semantic/./Waukeenah.stage_config.json from original name : data/scene_datasets/gibson_semantic/./Waukeenah.glb| This file does not exist.
[19:28:51:635571]:[Metadata] AbstractObjectAttributesManagerBase.h(184)::createObject : File (data/scene_datasets/gibson_semantic/./Waukeenah.glb) exists but is not a recognized config filename extension, so new default Stage Template attributes created and registered.
[19:28:51:635581]:[Metadata] AttributesManagerBase.h(380)::createFromJsonOrDefaultInternal : <Stage Template>: Proposing JSON name : data/scene_datasets/gibson_semantic/./Webster.stage_config.json from original name : data/scene_datasets/gibson_semantic/./Webster.glb| This file does not exist.
[19:28:51:635616]:[Metadata] AbstractObjectAttributesManagerBase.h(184)::createObject : File (data/scene_datasets/gibson_semantic/./Webster.glb) exists but is not a recognized config filename extension, so new default Stage Template attributes created and registered.
[19:28:51:635625]:[Metadata] AttributesManagerBase.h(380)::createFromJsonOrDefaultInternal : <Stage Template>: Proposing JSON name : data/scene_datasets/gibson_semantic/./Weleetka.stage_config.json from original name : data/scene_datasets/gibson_semantic/./Weleetka.glb| This file does not exist.
[19:28:51:635660]:[Metadata] AbstractObjectAttributesManagerBase.h(184)::createObject : File (data/scene_datasets/gibson_semantic/./Weleetka.glb) exists but is not a recognized config filename extension, so new default Stage Template attributes created and registered.
[19:28:51:635669]:[Metadata] AttributesManagerBase.h(380)::createFromJsonOrDefaultInternal : <Stage Template>: Proposing JSON name : data/scene_datasets/gibson_semantic/./Wells.stage_config.json from original name : data/scene_datasets/gibson_semantic/./Wells.glb| This file does not exist.
[19:28:51:635703]:[Metadata] AbstractObjectAttributesManagerBase.h(184)::createObject : File (data/scene_datasets/gibson_semantic/./Wells.glb) exists but is not a recognized config filename extension, so new default Stage Template attributes created and registered.
[19:28:51:635713]:[Metadata] AttributesManagerBase.h(380)::createFromJsonOrDefaultInternal : <Stage Template>: Proposing JSON name : data/scene_datasets/gibson_semantic/./Wesley.stage_config.json from original name : data/scene_datasets/gibson_semantic/./Wesley.glb| This file does not exist.
[19:28:51:635747]:[Metadata] AbstractObjectAttributesManagerBase.h(184)::createObject : File (data/scene_datasets/gibson_semantic/./Wesley.glb) exists but is not a recognized config filename extension, so new default Stage Template attributes created and registered.
[19:28:51:635756]:[Metadata] AttributesManagerBase.h(380)::createFromJsonOrDefaultInternal : <Stage Template>: Proposing JSON name : data/scene_datasets/gibson_semantic/./Westerville.stage_config.json from original name : data/scene_datasets/gibson_semantic/./Westerville.glb| This file does not exist.
[19:28:51:635792]:[Metadata] AbstractObjectAttributesManagerBase.h(184)::createObject : File (data/scene_datasets/gibson_semantic/./Westerville.glb) exists but is not a recognized config filename extension, so new default Stage Template attributes created and registered.
[19:28:51:635801]:[Metadata] AttributesManagerBase.h(380)::createFromJsonOrDefaultInternal : <Stage Template>: Proposing JSON name : data/scene_datasets/gibson_semantic/./Westfield.stage_config.json from original name : data/scene_datasets/gibson_semantic/./Westfield.glb| This file does not exist.
[19:28:51:635837]:[Metadata] AbstractObjectAttributesManagerBase.h(184)::createObject : File (data/scene_datasets/gibson_semantic/./Westfield.glb) exists but is not a recognized config filename extension, so new default Stage Template attributes created and registered.
[19:28:51:635847]:[Metadata] AttributesManagerBase.h(380)::createFromJsonOrDefaultInternal : <Stage Template>: Proposing JSON name : data/scene_datasets/gibson_semantic/./Whiteriver.stage_config.json from original name : data/scene_datasets/gibson_semantic/./Whiteriver.glb| This file does not exist.
[19:28:51:635882]:[Metadata] AbstractObjectAttributesManagerBase.h(184)::createObject : File (data/scene_datasets/gibson_semantic/./Whiteriver.glb) exists but is not a recognized config filename extension, so new default Stage Template attributes created and registered.
[19:28:51:635891]:[Metadata] AttributesManagerBase.h(380)::createFromJsonOrDefaultInternal : <Stage Template>: Proposing JSON name : data/scene_datasets/gibson_semantic/./Whitethorn.stage_config.json from original name : data/scene_datasets/gibson_semantic/./Whitethorn.glb| This file does not exist.
[19:28:51:635926]:[Metadata] AbstractObjectAttributesManagerBase.h(184)::createObject : File (data/scene_datasets/gibson_semantic/./Whitethorn.glb) exists but is not a recognized config filename extension, so new default Stage Template attributes created and registered.
[19:28:51:635935]:[Metadata] AttributesManagerBase.h(380)::createFromJsonOrDefaultInternal : <Stage Template>: Proposing JSON name : data/scene_datasets/gibson_semantic/./Wiconisco.stage_config.json from original name : data/scene_datasets/gibson_semantic/./Wiconisco.glb| This file does not exist.
[19:28:51:635969]:[Metadata] AbstractObjectAttributesManagerBase.h(184)::createObject : File (data/scene_datasets/gibson_semantic/./Wiconisco.glb) exists but is not a recognized config filename extension, so new default Stage Template attributes created and registered.
[19:28:51:635979]:[Metadata] AttributesManagerBase.h(380)::createFromJsonOrDefaultInternal : <Stage Template>: Proposing JSON name : data/scene_datasets/gibson_semantic/./Wilbraham.stage_config.json from original name : data/scene_datasets/gibson_semantic/./Wilbraham.glb| This file does not exist.
[19:28:51:636013]:[Metadata] AbstractObjectAttributesManagerBase.h(184)::createObject : File (data/scene_datasets/gibson_semantic/./Wilbraham.glb) exists but is not a recognized config filename extension, so new default Stage Template attributes created and registered.
[19:28:51:636022]:[Metadata] AttributesManagerBase.h(380)::createFromJsonOrDefaultInternal : <Stage Template>: Proposing JSON name : data/scene_datasets/gibson_semantic/./Wilkinsburg.stage_config.json from original name : data/scene_datasets/gibson_semantic/./Wilkinsburg.glb| This file does not exist.
[19:28:51:636056]:[Metadata] AbstractObjectAttributesManagerBase.h(184)::createObject : File (data/scene_datasets/gibson_semantic/./Wilkinsburg.glb) exists but is not a recognized config filename extension, so new default Stage Template attributes created and registered.
[19:28:51:636066]:[Metadata] AttributesManagerBase.h(380)::createFromJsonOrDefaultInternal : <Stage Template>: Proposing JSON name : data/scene_datasets/gibson_semantic/./Willow.stage_config.json from original name : data/scene_datasets/gibson_semantic/./Willow.glb| This file does not exist.
[19:28:51:636100]:[Metadata] AbstractObjectAttributesManagerBase.h(184)::createObject : File (data/scene_datasets/gibson_semantic/./Willow.glb) exists but is not a recognized config filename extension, so new default Stage Template attributes created and registered.
[19:28:51:636110]:[Metadata] AttributesManagerBase.h(380)::createFromJsonOrDefaultInternal : <Stage Template>: Proposing JSON name : data/scene_datasets/gibson_semantic/./Wilseyville.stage_config.json from original name : data/scene_datasets/gibson_semantic/./Wilseyville.glb| This file does not exist.
[19:28:51:636144]:[Metadata] AbstractObjectAttributesManagerBase.h(184)::createObject : File (data/scene_datasets/gibson_semantic/./Wilseyville.glb) exists but is not a recognized config filename extension, so new default Stage Template attributes created and registered.
[19:28:51:636154]:[Metadata] AttributesManagerBase.h(380)::createFromJsonOrDefaultInternal : <Stage Template>: Proposing JSON name : data/scene_datasets/gibson_semantic/./Windhorst.stage_config.json from original name : data/scene_datasets/gibson_semantic/./Windhorst.glb| This file does not exist.
[19:28:51:636189]:[Metadata] AbstractObjectAttributesManagerBase.h(184)::createObject : File (data/scene_datasets/gibson_semantic/./Windhorst.glb) exists but is not a recognized config filename extension, so new default Stage Template attributes created and registered.
[19:28:51:636199]:[Metadata] AttributesManagerBase.h(380)::createFromJsonOrDefaultInternal : <Stage Template>: Proposing JSON name : data/scene_datasets/gibson_semantic/./Winfield.stage_config.json from original name : data/scene_datasets/gibson_semantic/./Winfield.glb| This file does not exist.
[19:28:51:636233]:[Metadata] AbstractObjectAttributesManagerBase.h(184)::createObject : File (data/scene_datasets/gibson_semantic/./Winfield.glb) exists but is not a recognized config filename extension, so new default Stage Template attributes created and registered.
[19:28:51:636243]:[Metadata] AttributesManagerBase.h(380)::createFromJsonOrDefaultInternal : <Stage Template>: Proposing JSON name : data/scene_datasets/gibson_semantic/./Winooski.stage_config.json from original name : data/scene_datasets/gibson_semantic/./Winooski.glb| This file does not exist.
[19:28:51:636277]:[Metadata] AbstractObjectAttributesManagerBase.h(184)::createObject : File (data/scene_datasets/gibson_semantic/./Winooski.glb) exists but is not a recognized config filename extension, so new default Stage Template attributes created and registered.
[19:28:51:636287]:[Metadata] AttributesManagerBase.h(380)::createFromJsonOrDefaultInternal : <Stage Template>: Proposing JSON name : data/scene_datasets/gibson_semantic/./Winthrop.stage_config.json from original name : data/scene_datasets/gibson_semantic/./Winthrop.glb| This file does not exist.
[19:28:51:636321]:[Metadata] AbstractObjectAttributesManagerBase.h(184)::createObject : File (data/scene_datasets/gibson_semantic/./Winthrop.glb) exists but is not a recognized config filename extension, so new default Stage Template attributes created and registered.
[19:28:51:636331]:[Metadata] AttributesManagerBase.h(380)::createFromJsonOrDefaultInternal : <Stage Template>: Proposing JSON name : data/scene_datasets/gibson_semantic/./Woodbine.stage_config.json from original name : data/scene_datasets/gibson_semantic/./Woodbine.glb| This file does not exist.
[19:28:51:636364]:[Metadata] AbstractObjectAttributesManagerBase.h(184)::createObject : File (data/scene_datasets/gibson_semantic/./Woodbine.glb) exists but is not a recognized config filename extension, so new default Stage Template attributes created and registered.
[19:28:51:636376]:[Metadata] AttributesManagerBase.h(380)::createFromJsonOrDefaultInternal : <Stage Template>: Proposing JSON name : data/scene_datasets/gibson_semantic/./Woonsocket.stage_config.json from original name : data/scene_datasets/gibson_semantic/./Woonsocket.glb| This file does not exist.
[19:28:51:636411]:[Metadata] AbstractObjectAttributesManagerBase.h(184)::createObject : File (data/scene_datasets/gibson_semantic/./Woonsocket.glb) exists but is not a recognized config filename extension, so new default Stage Template attributes created and registered.
[19:28:51:636420]:[Metadata] AttributesManagerBase.h(380)::createFromJsonOrDefaultInternal : <Stage Template>: Proposing JSON name : data/scene_datasets/gibson_semantic/./Wyatt.stage_config.json from original name : data/scene_datasets/gibson_semantic/./Wyatt.glb| This file does not exist.
[19:28:51:636454]:[Metadata] AbstractObjectAttributesManagerBase.h(184)::createObject : File (data/scene_datasets/gibson_semantic/./Wyatt.glb) exists but is not a recognized config filename extension, so new default Stage Template attributes created and registered.
[19:28:51:636464]:[Metadata] AttributesManagerBase.h(380)::createFromJsonOrDefaultInternal : <Stage Template>: Proposing JSON name : data/scene_datasets/gibson_semantic/./Wyldwood.stage_config.json from original name : data/scene_datasets/gibson_semantic/./Wyldwood.glb| This file does not exist.
[19:28:51:636498]:[Metadata] AbstractObjectAttributesManagerBase.h(184)::createObject : File (data/scene_datasets/gibson_semantic/./Wyldwood.glb) exists but is not a recognized config filename extension, so new default Stage Template attributes created and registered.
[19:28:51:636508]:[Metadata] AttributesManagerBase.h(380)::createFromJsonOrDefaultInternal : <Stage Template>: Proposing JSON name : data/scene_datasets/gibson_semantic/./Yadkinville.stage_config.json from original name : data/scene_datasets/gibson_semantic/./Yadkinville.glb| This file does not exist.
[19:28:51:636542]:[Metadata] AbstractObjectAttributesManagerBase.h(184)::createObject : File (data/scene_datasets/gibson_semantic/./Yadkinville.glb) exists but is not a recognized config filename extension, so new default Stage Template attributes created and registered.
[19:28:51:636552]:[Metadata] AttributesManagerBase.h(380)::createFromJsonOrDefaultInternal : <Stage Template>: Proposing JSON name : data/scene_datasets/gibson_semantic/./Yankeetown.stage_config.json from original name : data/scene_datasets/gibson_semantic/./Yankeetown.glb| This file does not exist.
[19:28:51:636586]:[Metadata] AbstractObjectAttributesManagerBase.h(184)::createObject : File (data/scene_datasets/gibson_semantic/./Yankeetown.glb) exists but is not a recognized config filename extension, so new default Stage Template attributes created and registered.
[19:28:51:636595]:[Metadata] AttributesManagerBase.h(380)::createFromJsonOrDefaultInternal : <Stage Template>: Proposing JSON name : data/scene_datasets/gibson_semantic/./Yscloskey.stage_config.json from original name : data/scene_datasets/gibson_semantic/./Yscloskey.glb| This file does not exist.
[19:28:51:636630]:[Metadata] AbstractObjectAttributesManagerBase.h(184)::createObject : File (data/scene_datasets/gibson_semantic/./Yscloskey.glb) exists but is not a recognized config filename extension, so new default Stage Template attributes created and registered.
[19:28:51:636637]:[Metadata] AttributesManagerBase.h(285)::loadAllFileBasedTemplates : <Stage Template> : Loaded file-based templates: 492
[19:28:51:636649]:[Metadata] AttributesManagerBase.h(360)::buildAttrSrcPathsFromJSONAndLoad : <Stage Template>:1paths specified in JSON doc forStage Templatetemplates.
[19:28:51:636659]:[Metadata] SceneDatasetAttributesManager.cpp(283)::readDatasetJSONCell : "scene_instances" cell in JSON config not appropriately configured. Skipping.
[19:28:51:636669]:[IO] JsonStlTypes.h(124)::readMember<std::map<std::__cxx11::basic_string<char>, std::__cxx11::basic_string<char> > > : Invalid JSON Object value specified in JSON config at semantic_scene_descriptor_instances ; Unable to populate std::map.
[19:28:51:636697]:[Metadata] SceneDatasetAttributesManager.cpp(37)::createObject : JSON Configuration File (data/scene_datasets/gibson_semantic/gibson.scene_dataset_config.json) based dataset attributes created  and registered.
[19:28:51:636705]:[Metadata] MetadataMediator.cpp(120)::createSceneDataset : Dataset data/scene_datasets/gibson_semantic/gibson.scene_dataset_config.json successfully created.
[19:28:51:636712]:[Metadata] MetadataMediator.cpp(217)::setActiveSceneDatasetName : Attempt to create new dataset data/scene_datasets/gibson_semantic/gibson.scene_dataset_config.json   succeeded. Currently active dataset : data/scene_datasets/gibson_semantic/gibson.scene_dataset_config.json
[19:28:51:636719]:[Metadata] MetadataMediator.cpp(175)::setCurrPhysicsAttributesHandle : Old physics manager attributes  changed to ./data/default.physics_config.json successfully.
[19:28:51:636728]:[Metadata] MetadataMediator.cpp(66)::setSimulatorConfiguration : Set new simulator config for scene/stage : data/scene_datasets/gibson_semantic/Darden.glb and dataset : data/scene_datasets/gibson_semantic/gibson.scene_dataset_config.json which is currently active dataset.
Renderer: NVIDIA L40S/PCIe/SSE2 by NVIDIA Corporation
OpenGL version: 4.6.0 NVIDIA 580.159.04
Using optional features:
    GL_ARB_vertex_array_object
    GL_ARB_separate_shader_objects
    GL_ARB_robustness
    GL_ARB_texture_storage
    GL_ARB_texture_view
    GL_ARB_framebuffer_no_attachments
    GL_ARB_invalidate_subdata
    GL_ARB_texture_storage_multisample
    GL_ARB_multi_bind
    GL_ARB_direct_state_access
    GL_ARB_get_texture_sub_image
    GL_ARB_texture_filter_anisotropic
    GL_KHR_debug
    GL_KHR_parallel_shader_compile
    GL_NV_depth_buffer_float
Using driver workarounds:
    no-forward-compatible-core-context
    nv-egl-incorrect-gl11-function-pointers
    no-layout-qualifiers-on-old-glsl
    nv-zero-context-profile-mask
    nv-implementation-color-read-format-dsa-broken
    nv-cubemap-inconsistent-compressed-image-size
    nv-cubemap-broken-full-compressed-image-query
    nv-compressed-block-size-in-bits
[19:28:51:898975]:[Metadata] MetadataMediator.cpp(297)::getSceneInstanceAttributesByName : Dataset : data/scene_datasets/gibson_semantic/gibson.scene_dataset_config.json has no preloaded SceneInstanceAttributes or StageAttributes named : data/scene_datasets/gibson_semantic/Darden.glb so loading/creating a new StageAttributes with this name, and then creating a SceneInstanceAttributes with the same name that references this stage.
[19:28:51:899013]:[Metadata] AttributesManagerBase.h(380)::createFromJsonOrDefaultInternal : <Stage Template>: Proposing JSON name : data/scene_datasets/gibson_semantic/Darden.stage_config.json from original name : data/scene_datasets/gibson_semantic/Darden.glb| This file does not exist.
[19:28:51:899080]:[Metadata] AbstractObjectAttributesManagerBase.h(184)::createObject : File (data/scene_datasets/gibson_semantic/Darden.glb) exists but is not a recognized config filename extension, so new default Stage Template attributes created and registered.
[19:28:51:899165]:[Metadata] SceneDatasetAttributes.cpp(47)::addNewSceneInstanceToDataset : Dataset : 'gibson' : Stage Attributes 'data/scene_datasets/gibson_semantic/Darden.glb' specified in Scene Attributes exists in dataset library.
[19:28:51:899173]:[Metadata] SceneDatasetAttributes.cpp(84)::addNewSceneInstanceToDataset : Dataset : 'gibson' : Lighting Layout Attributes 'no_lights' specified in Scene Attributes but does not exist in dataset, so creating.
[19:28:51:899185]:[Metadata] AttributesManagerBase.h(380)::createFromJsonOrDefaultInternal : <Lighting Layout>: Proposing JSON name : no_lights.lighting_config.json from original name : no_lights| This file does not exist.
[19:28:51:899201]:[Metadata] LightLayoutAttributesManager.cpp(38)::createObject : File (no_lights) not found, so new default light layout attributes created and registered.
[19:28:51:899211]:[Sim] Simulator.cpp(235)::createSceneInstance : Navmesh file location in scene instance : data/scene_datasets/gibson_semantic/Darden.navmesh
[19:28:51:899228]:[Sim] Simulator.cpp(240)::createSceneInstance : Loading navmesh from data/scene_datasets/gibson_semantic/Darden.navmesh
[19:28:51:899246]:[Nav] PathFinder.cpp(1035)::loadNavMesh : NavMeshSettings aren't present, guessing that they are the default
[19:28:51:899355]:[Sim] Simulator.cpp(242)::createSceneInstance : Navmesh Loaded.
[19:28:51:899379]:[Scene] SceneGraph.h(85)::createDrawableGroup : Created DrawableGroup: 
[19:28:51:899389]:[Assets] ResourceManager.cpp(308)::loadSemanticSceneDescriptor : SceneInstance : data/scene_datasets/gibson_semantic/Darden.glb proposed Semantic Scene Descriptor filename : data/scene_datasets/gibson_semantic/Darden.scn
[19:28:51:899589]:[Assets] ResourceManager.cpp(319)::loadSemanticSceneDescriptor : SSD with SceneInstanceAttributes-provided name  data/scene_datasets/gibson_semantic/Darden.scn successfully found and loaded
[19:28:51:899611]:[Assets] ResourceManager.cpp(1666)::configureImporterManagerGLExtensions : Importing Basis files as BC7.
[19:28:51:899903]:[Sim] Simulator.cpp(309)::createSceneInstance : Using scene instance-specified Light key : - no_lights -
[19:28:51:899919]:[Metadata] MetadataMediator.cpp(66)::setSimulatorConfiguration : Set new simulator config for scene/stage : data/scene_datasets/gibson_semantic/Darden.glb and dataset : data/scene_datasets/gibson_semantic/gibson.scene_dataset_config.json which is currently active dataset.
[19:28:51:899972]:[Sim] Simulator.cpp(419)::instanceStageForSceneAttributes : Start to load stage named : data/scene_datasets/gibson_semantic/Darden.glb with render asset : data/scene_datasets/gibson_semantic/Darden.glb and collision asset : data/scene_datasets/gibson_semantic/Darden.glb
[19:28:51:900015]:[Assets] ResourceManager.cpp(702)::createStageAssetInfosFromAttributes : Frame :{"up":[0,0,1],"front":[0,1,0],"origin":[0,0,0]} for render mesh named : data/scene_datasets/gibson_semantic/Darden.glb|{"up":[0,0,1],"front":[0,1,0],"origin":[0,0,0]} for semantic mesh named : data/scene_datasets/gibson_semantic/Darden_semantic.ply with type specified as semantic|Semantic Txtrs : False
[19:28:51:900026]:[Assets] ResourceManager.cpp(442)::loadStage : Loading Semantic Stage mesh : data/scene_datasets/gibson_semantic/Darden_semantic.ply
[19:28:51:900032]:[Scene] SceneGraph.h(85)::createDrawableGroup : Created DrawableGroup: 
[19:28:51:900039]:[Assets] ResourceManager.cpp(984)::loadStageInternal : Attempting to load stage data/scene_datasets/gibson_semantic/Darden_semantic.ply 
[19:28:51:900048]:[Assets] ResourceManager.cpp(863)::loadRenderAsset : Loading Semantic Mesh asset named: data/scene_datasets/gibson_semantic/Darden_semantic.ply
[19:28:51:900055]:[Assets] ResourceManager.cpp(1666)::configureImporterManagerGLExtensions : Importing Basis files as BC7.
[19:28:52:000866]:[Assets] ResourceManager.cpp(475)::loadStage : Semantic Stage mesh : data/scene_datasets/gibson_semantic/Darden_semantic.ply loaded.
[19:28:52:000913]:[Assets] ResourceManager.cpp(518)::loadStage : Start load render asset data/scene_datasets/gibson_semantic/Darden.glb .
[19:28:52:000921]:[Assets] ResourceManager.cpp(984)::loadStageInternal : Attempting to load stage data/scene_datasets/gibson_semantic/Darden.glb 
[19:28:52:000941]:[Assets] ResourceManager.cpp(866)::loadRenderAsset : Loading general asset named: data/scene_datasets/gibson_semantic/Darden.glb
[19:28:52:000950]:[Assets] ResourceManager.cpp(1666)::configureImporterManagerGLExtensions : Importing Basis files as BC7.
[19:28:54:610372]:[Assets] ResourceManager.cpp(2105)::loadMaterials : Building 2 materials for asset named 'Darden.glb' : 
[19:28:54:610508]:[Assets] ResourceManager.cpp(2210)::loadMaterials : Idx 00:Flat.
[19:28:54:610528]:[Assets] ResourceManager.cpp(2210)::loadMaterials : Idx 01:Flat.
[19:28:54:630203]:[Sim] Simulator.cpp(446)::instanceStageForSceneAttributes : Successfully loaded stage named : data/scene_datasets/gibson_semantic/Darden.glb
[19:28:54:630252]:[Sim] Simulator.cpp(203)::reconfigure : CreateSceneInstance success == true for active scene name : data/scene_datasets/gibson_semantic/Darden.glb  with renderer.
[19:28:54:643809]:[Nav] PathFinder.cpp(571)::build : Building navmesh with 404 x 154 cells
[19:28:54:751583]:[Nav] PathFinder.cpp(845)::build : Created navmesh with 722 vertices 359 polygons
[19:28:54:751667]:[Sim] Simulator.cpp(908)::recomputeNavMesh : reconstruct navmesh successful
2026-07-21 19:28:54,755 Initializing task ObjectNav-v1
2026-07-21 19:28:55,790 agent number of parameters: 0
[traj] episode 125 — unknown
[traj] reset #1 -> episode 125
  0%|          | 0/400 [00:00<?, ?it/s]BLIP2ITMClient.cosine: (480, 640, 3), Seems like there is a chair ahead.
Step: 0 | Mode: initialize | Action: 2
BLIP2ITMClient.cosine: (480, 640, 3), Seems like there is a chair ahead.
Step: 1 | Mode: initialize | Action: 2
BLIP2ITMClient.cosine: (480, 640, 3), Seems like there is a chair ahead.
Step: 2 | Mode: initialize | Action: 2
BLIP2ITMClient.cosine: (480, 640, 3), Seems like there is a chair ahead.
Step: 3 | Mode: initialize | Action: 2
BLIP2ITMClient.cosine: (480, 640, 3), Seems like there is a chair ahead.
Step: 4 | Mode: initialize | Action: 2
BLIP2ITMClient.cosine: (480, 640, 3), Seems like there is a chair ahead.
Step: 5 | Mode: initialize | Action: 2
BLIP2ITMClient.cosine: (480, 640, 3), Seems like there is a chair ahead.
Step: 6 | Mode: initialize | Action: 2
BLIP2ITMClient.cosine: (480, 640, 3), Seems like there is a chair ahead.
Step: 7 | Mode: initialize | Action: 2
BLIP2ITMClient.cosine: (480, 640, 3), Seems like there is a chair ahead.
Step: 8 | Mode: initialize | Action: 2
BLIP2ITMClient.cosine: (480, 640, 3), Seems like there is a chair ahead.
Step: 9 | Mode: initialize | Action: 2
BLIP2ITMClient.cosine: (480, 640, 3), Seems like there is a chair ahead.
Step: 10 | Mode: initialize | Action: 2
BLIP2ITMClient.cosine: (480, 640, 3), Seems like there is a chair ahead.
Step: 11 | Mode: initialize | Action: 2
BLIP2ITMClient.cosine: (480, 640, 3), Seems like there is a chair ahead.
BLIP2ITMClient.cosine: (480, 640, 3), Seems like there is a chair ahead.
Best value: 16.62%
Step: 12 | Mode: explore | Action: 1
BLIP2ITMClient.cosine: (480, 640, 3), Seems like there is a chair ahead.
BLIP2ITMClient.cosine: (480, 640, 3), Seems like there is a chair ahead.
Sticking to last point.
Best value: 16.62%
Step: 13 | Mode: explore | Action: 2
BLIP2ITMClient.cosine: (480, 640, 3), Seems like there is a chair ahead.
Sticking to last point.
Best value: 16.62%
Step: 14 | Mode: explore | Action: 2
BLIP2ITMClient.cosine: (480, 640, 3), Seems like there is a chair ahead.
Sticking to last point.
Best value: 16.62%
Step: 15 | Mode: explore | Action: 1
BLIP2ITMClient.cosine: (480, 640, 3), Seems like there is a chair ahead.
Sticking to last point.
Best value: 16.62%
Step: 16 | Mode: explore | Action: 1
BLIP2ITMClient.cosine: (480, 640, 3), Seems like there is a chair ahead.
Sticking to last point.
Best value: 16.62%
Step: 17 | Mode: explore | Action: 1
BLIP2ITMClient.cosine: (480, 640, 3), Seems like there is a chair ahead.
Sticking to last point.
Best value: 16.62%
Step: 18 | Mode: explore | Action: 1
BLIP2ITMClient.cosine: (480, 640, 3), Seems like there is a chair ahead.
Sticking to last point.
Best value: 16.62%
Step: 19 | Mode: explore | Action: 1
BLIP2ITMClient.cosine: (480, 640, 3), Seems like there is a chair ahead.
Sticking to last point.
Best value: 16.62%
Step: 20 | Mode: explore | Action: 1
BLIP2ITMClient.cosine: (480, 640, 3), Seems like there is a chair ahead.
Sticking to last point.
Best value: 16.62%
Step: 21 | Mode: explore | Action: 2
BLIP2ITMClient.cosine: (480, 640, 3), Seems like there is a chair ahead.
BLIP2ITMClient.cosine: (480, 640, 3), Seems like there is a chair ahead.
Sticking to last point.
Best value: 20.17%
Step: 22 | Mode: explore | Action: 1
BLIP2ITMClient.cosine: (480, 640, 3), Seems like there is a chair ahead.
Sticking to last point.
Best value: 20.17%
Step: 23 | Mode: explore | Action: 1
BLIP2ITMClient.cosine: (480, 640, 3), Seems like there is a chair ahead.
Sticking to last point.
Best value: 20.17%
Step: 24 | Mode: explore | Action: 3
BLIP2ITMClient.cosine: (480, 640, 3), Seems like there is a chair ahead.
Sticking to last point.
Best value: 20.17%
Step: 25 | Mode: explore | Action: 1
BLIP2ITMClient.cosine: (480, 640, 3), Seems like there is a chair ahead.
BLIP2ITMClient.cosine: (480, 640, 3), Seems like there is a chair ahead.
Best value: 23.54%
Step: 26 | Mode: explore | Action: 3
BLIP2ITMClient.cosine: (480, 640, 3), Seems like there is a chair ahead.
Sticking to last point.
Best value: 23.54%
Step: 27 | Mode: explore | Action: 3
BLIP2ITMClient.cosine: (480, 640, 3), Seems like there is a chair ahead.
Sticking to last point.
Best value: 23.54%
Step: 28 | Mode: explore | Action: 3
BLIP2ITMClient.cosine: (480, 640, 3), Seems like there is a chair ahead.
Sticking to last point.
Best value: 23.54%
Step: 29 | Mode: explore | Action: 3
BLIP2ITMClient.cosine: (480, 640, 3), Seems like there is a chair ahead.
Sticking to last point.
Best value: 23.54%
Step: 30 | Mode: explore | Action: 3
BLIP2ITMClient.cosine: (480, 640, 3), Seems like there is a chair ahead.
Sticking to last point.
Best value: 23.54%
Step: 31 | Mode: explore | Action: 1
BLIP2ITMClient.cosine: (480, 640, 3), Seems like there is a chair ahead.
Sticking to last point.
Best value: 23.54%
Step: 32 | Mode: explore | Action: 3
BLIP2ITMClient.cosine: (480, 640, 3), Seems like there is a chair ahead.
Sticking to last point.
Best value: 23.54%
Step: 33 | Mode: explore | Action: 1
BLIP2ITMClient.cosine: (480, 640, 3), Seems like there is a chair ahead.
Sticking to last point.
Best value: 23.54%
Step: 34 | Mode: explore | Action: 1
BLIP2ITMClient.cosine: (480, 640, 3), Seems like there is a chair ahead.
Sticking to last point.
Best value: 23.54%
Step: 35 | Mode: explore | Action: 1
BLIP2ITMClient.cosine: (480, 640, 3), Seems like there is a chair ahead.
Sticking to last point.
Best value: 23.54%
Step: 36 | Mode: explore | Action: 1
BLIP2ITMClient.cosine: (480, 640, 3), Seems like there is a chair ahead.
Sticking to last point.
Best value: 23.54%
Step: 37 | Mode: explore | Action: 2
BLIP2ITMClient.cosine: (480, 640, 3), Seems like there is a chair ahead.
BLIP2ITMClient.cosine: (480, 640, 3), Seems like there is a chair ahead.
Sticking to last point.
Best value: 23.54%
Step: 38 | Mode: explore | Action: 1
BLIP2ITMClient.cosine: (480, 640, 3), Seems like there is a chair ahead.
Sticking to last point.
Best value: 23.54%
Step: 39 | Mode: explore | Action: 1
BLIP2ITMClient.cosine: (480, 640, 3), Seems like there is a chair ahead.
Sticking to last point.
Best value: 23.54%
Step: 40 | Mode: explore | Action: 1
BLIP2ITMClient.cosine: (480, 640, 3), Seems like there is a chair ahead.
Sticking to last point.
Best value: 23.54%
Step: 41 | Mode: explore | Action: 2
BLIP2ITMClient.cosine: (480, 640, 3), Seems like there is a chair ahead.
Sticking to last point.
Best value: 23.54%
Step: 42 | Mode: explore | Action: 1
BLIP2ITMClient.cosine: (480, 640, 3), Seems like there is a chair ahead.
BLIP2ITMClient.cosine: (480, 640, 3), Seems like there is a chair ahead.
Sticking to last point.
Best value: 23.54%
Step: 43 | Mode: explore | Action: 2
BLIP2ITMClient.cosine: (480, 640, 3), Seems like there is a chair ahead.
BLIP2ITMClient.cosine: (480, 640, 3), Seems like there is a chair ahead.
Best value: 29.23%
Step: 44 | Mode: explore | Action: 2
BLIP2ITMClient.cosine: (480, 640, 3), Seems like there is a chair ahead.
Sticking to last point.
Best value: 29.23%
Step: 45 | Mode: explore | Action: 1
BLIP2ITMClient.cosine: (480, 640, 3), Seems like there is a chair ahead.
BLIP2ITMClient.cosine: (480, 640, 3), Seems like there is a chair ahead.
Best value: 21.30%
Step: 46 | Mode: explore | Action: 1
BLIP2ITMClient.cosine: (480, 640, 3), Seems like there is a chair ahead.
BLIP2ITMClient.cosine: (480, 640, 3), Seems like there is a chair ahead.
Best value: 21.30%
Step: 47 | Mode: explore | Action: 3
BLIP2ITMClient.cosine: (480, 640, 3), Seems like there is a chair ahead.
BLIP2ITMClient.cosine: (480, 640, 3), Seems like there is a chair ahead.
Best value: 17.15%
Step: 48 | Mode: explore | Action: 2
BLIP2ITMClient.cosine: (480, 640, 3), Seems like there is a chair ahead.
Sticking to last point.
Best value: 17.15%
Step: 49 | Mode: explore | Action: 1
BLIP2ITMClient.cosine: (480, 640, 3), Seems like there is a chair ahead.
BLIP2ITMClient.cosine: (480, 640, 3), Seems like there is a chair ahead.
Best value: 17.15%
Step: 50 | Mode: explore | Action: 1
BLIP2ITMClient.cosine: (480, 640, 3), Seems like there is a chair ahead.
BLIP2ITMClient.cosine: (480, 640, 3), Seems like there is a chair ahead.
Best value: 13.23%
Step: 51 | Mode: explore | Action: 1
  0%|          | 1/400 [00:43<4:51:16, 43.80s/it]  0%|          | 2/400 [01:06<3:29:46, 31.62s/it]  1%|          | 3/400 [01:07<1:56:07, 17.55s/it]BLIP2ITMClient.cosine: (480, 640, 3), Seems like there is a chair ahead.
BLIP2ITMClient.cosine: (480, 640, 3), Seems like there is a chair ahead.
Sticking to last point.
Best value: 13.77%
Step: 52 | Mode: explore | Action: 1
BLIP2ITMClient.cosine: (480, 640, 3), Seems like there is a chair ahead.
BLIP2ITMClient.cosine: (480, 640, 3), Seems like there is a chair ahead.
Best value: 13.23%
Step: 53 | Mode: explore | Action: 3
BLIP2ITMClient.cosine: (480, 640, 3), Seems like there is a chair ahead.
BLIP2ITMClient.cosine: (480, 640, 3), Seems like there is a chair ahead.
Sticking to last point.
Best value: 13.23%
Step: 54 | Mode: explore | Action: 3
BLIP2ITMClient.cosine: (480, 640, 3), Seems like there is a chair ahead.
Sticking to last point.
Best value: 13.23%
Step: 55 | Mode: explore | Action: 3
BLIP2ITMClient.cosine: (480, 640, 3), Seems like there is a chair ahead.
Sticking to last point.
Best value: 13.23%
Step: 56 | Mode: explore | Action: 3
BLIP2ITMClient.cosine: (480, 640, 3), Seems like there is a chair ahead.
BLIP2ITMClient.cosine: (480, 640, 3), Seems like there is a chair ahead.
Sticking to last point.
Best value: 23.10%
Step: 57 | Mode: explore | Action: 3
BLIP2ITMClient.cosine: (480, 640, 3), Seems like there is a chair ahead.
Step: 58 | Mode: navigate | Action: 1
BLIP2ITMClient.cosine: (480, 640, 3), Seems like there is a chair ahead.
Step: 59 | Mode: navigate | Action: 1
BLIP2ITMClient.cosine: (480, 640, 3), Seems like there is a chair ahead.
Step: 60 | Mode: navigate | Action: 2
BLIP2ITMClient.cosine: (480, 640, 3), Seems like there is a chair ahead.
Step: 61 | Mode: navigate | Action: 1
BLIP2ITMClient.cosine: (480, 640, 3), Seems like there is a chair ahead.
Step: 62 | Mode: navigate | Action: 1
BLIP2ITMClient.cosine: (480, 640, 3), Seems like there is a chair ahead.
Step: 63 | Mode: navigate | Action: 1
BLIP2ITMClient.cosine: (480, 640, 3), Seems like there is a chair ahead.
Step: 64 | Mode: navigate | Action: 1
BLIP2ITMClient.cosine: (480, 640, 3), Seems like there is a chair ahead.
Step: 65 | Mode: navigate | Action: 1
BLIP2ITMClient.cosine: (480, 640, 3), Seems like there is a chair ahead.
Step: 66 | Mode: navigate | Action: 2
BLIP2ITMClient.cosine: (480, 640, 3), Seems like there is a chair ahead.
Step: 67 | Mode: navigate | Action: 1
BLIP2ITMClient.cosine: (480, 640, 3), Seems like there is a chair ahead.
Step: 68 | Mode: navigate | Action: 0
[traj] episode 86 — unknown
[traj] captured failure_cause: did_not_fail
[traj] value map: max=0.2757, nonzero=15408
[traj] saved episode Darden_125 (69 steps, success)
BLIP2ITMClient.cosine: (480, 640, 3), Seems like there is a chair ahead.
Step: 0 | Mode: initialize | Action: 2
BLIP2ITMClient.cosine: (480, 640, 3), Seems like there is a chair ahead.
Step: 1 | Mode: initialize | Action: 2
BLIP2ITMClient.cosine: (480, 640, 3), Seems like there is a chair ahead.
Step: 2 | Mode: initialize | Action: 2
BLIP2ITMClient.cosine: (480, 640, 3), Seems like there is a chair ahead.
Step: 3 | Mode: initialize | Action: 2
BLIP2ITMClient.cosine: (480, 640, 3), Seems like there is a chair ahead.
Step: 4 | Mode: initialize | Action: 2
BLIP2ITMClient.cosine: (480, 640, 3), Seems like there is a chair ahead.
Step: 5 | Mode: initialize | Action: 2
BLIP2ITMClient.cosine: (480, 640, 3), Seems like there is a chair ahead.
Step: 6 | Mode: initialize | Action: 2
BLIP2ITMClient.cosine: (480, 640, 3), Seems like there is a chair ahead.
Step: 7 | Mode: initialize | Action: 2
BLIP2ITMClient.cosine: (480, 640, 3), Seems like there is a chair ahead.
Step: 8 | Mode: initialize | Action: 2
BLIP2ITMClient.cosine: (480, 640, 3), Seems like there is a chair ahead.
Step: 9 | Mode: initialize | Action: 2
BLIP2ITMClient.cosine: (480, 640, 3), Seems like there is a chair ahead.
Step: 10 | Mode: initialize | Action: 2
BLIP2ITMClient.cosine: (480, 640, 3), Seems like there is a chair ahead.
Step: 11 | Mode: initialize | Action: 2
BLIP2ITMClient.cosine: (480, 640, 3), Seems like there is a chair ahead.
Step: 12 | Mode: navigate | Action: 3
BLIP2ITMClient.cosine: (480, 640, 3), Seems like there is a chair ahead.
Step: 13 | Mode: navigate | Action: 3
BLIP2ITMClient.cosine: (480, 640, 3), Seems like there is a chair ahead.
Step: 14 | Mode: navigate | Action: 3
BLIP2ITMClient.cosine: (480, 640, 3), Seems like there is a chair ahead.
Step: 15 | Mode: navigate | Action: 3
BLIP2ITMClient.cosine: (480, 640, 3), Seems like there is a chair ahead.
Step: 16 | Mode: navigate | Action: 3
BLIP2ITMClient.cosine: (480, 640, 3), Seems like there is a chair ahead.
Step: 17 | Mode: navigate | Action: 3
BLIP2ITMClient.cosine: (480, 640, 3), Seems like there is a chair ahead.
Step: 18 | Mode: navigate | Action: 1
BLIP2ITMClient.cosine: (480, 640, 3), Seems like there is a chair ahead.
Step: 19 | Mode: navigate | Action: 3
BLIP2ITMClient.cosine: (480, 640, 3), Seems like there is a chair ahead.
Step: 20 | Mode: navigate | Action: 1
BLIP2ITMClient.cosine: (480, 640, 3), Seems like there is a chair ahead.
Step: 21 | Mode: navigate | Action: 2
BLIP2ITMClient.cosine: (480, 640, 3), Seems like there is a chair ahead.
Step: 22 | Mode: navigate | Action: 1
BLIP2ITMClient.cosine: (480, 640, 3), Seems like there is a chair ahead.
Step: 23 | Mode: navigate | Action: 1
BLIP2ITMClient.cosine: (480, 640, 3), Seems like there is a chair ahead.
Step: 24 | Mode: navigate | Action: 2
BLIP2ITMClient.cosine: (480, 640, 3), Seems like there is a chair ahead.
Step: 25 | Mode: navigate | Action: 1
BLIP2ITMClient.cosine: (480, 640, 3), Seems like there is a chair ahead.
Step: 26 | Mode: navigate | Action: 2
BLIP2ITMClient.cosine: (480, 640, 3), Seems like there is a chair ahead.
Step: 27 | Mode: navigate | Action: 1
BLIP2ITMClient.cosine: (480, 640, 3), Seems like there is a chair ahead.
Step: 28 | Mode: navigate | Action: 3
BLIP2ITMClient.cosine: (480, 640, 3), Seems like there is a chair ahead.
Step: 29 | Mode: navigate | Action: 3
BLIP2ITMClient.cosine: (480, 640, 3), Seems like there is a chair ahead.
Step: 30 | Mode: navigate | Action: 1
BLIP2ITMClient.cosine: (480, 640, 3), Seems like there is a chair ahead.
Step: 31 | Mode: navigate | Action: 1
BLIP2ITMClient.cosine: (480, 640, 3), Seems like there is a chair ahead.
Step: 32 | Mode: navigate | Action: 3
BLIP2ITMClient.cosine: (480, 640, 3), Seems like there is a chair ahead.
Step: 33 | Mode: navigate | Action: 1
BLIP2ITMClient.cosine: (480, 640, 3), Seems like there is a chair ahead.
Step: 34 | Mode: navigate | Action: 2
BLIP2ITMClient.cosine: (480, 640, 3), Seems like there is a chair ahead.
Step: 35 | Mode: navigate | Action: 1
BLIP2ITMClient.cosine: (480, 640, 3), Seems like there is a chair ahead.
Step: 36 | Mode: navigate | Action: 2
BLIP2ITMClient.cosine: (480, 640, 3), Seems like there is a chair ahead.
Step: 37 | Mode: navigate | Action: 1
BLIP2ITMClient.cosine: (480, 640, 3), Seems like there is a chair ahead.
Step: 38 | Mode: navigate | Action: 0
[traj] episode 132 — unknown
[traj] captured failure_cause: did_not_fail
[traj] value map: max=0.2972, nonzero=14295
[traj] saved episode Darden_86 (39 steps, success)
BLIP2ITMClient.cosine: (480, 640, 3), Seems like there is a potted plant ahead.
Step: 0 | Mode: initialize | Action: 2
[traj] episode 46 — unknown
Episode 132 in scene Darden failed due to 'never_saw_target_did_not_travel_stairs_likely_infeasible'.
[traj] captured failure_cause: never_saw_target_did_not_travel_stairs_likely_infeasible
[traj] value map: max=0.1160, nonzero=734
[traj] saved episode Darden_132 (1 steps, failed)
BLIP2ITMClient.cosine: (480, 640, 3), Seems like there is a couch ahead.
Step: 0 | Mode: initialize | Action: 2
BLIP2ITMClient.cosine: (480, 640, 3), Seems like there is a couch ahead.
Step: 1 | Mode: initialize | Action: 2
BLIP2ITMClient.cosine: (480, 640, 3), Seems like there is a couch ahead.
Step: 2 | Mode: initialize | Action: 2
BLIP2ITMClient.cosine: (480, 640, 3), Seems like there is a couch ahead.
Step: 3 | Mode: initialize | Action: 2
BLIP2ITMClient.cosine: (480, 640, 3), Seems like there is a couch ahead.
Step: 4 | Mode: initialize | Action: 2
BLIP2ITMClient.cosine: (480, 640, 3), Seems like there is a couch ahead.
Step: 5 | Mode: initialize | Action: 2  1%|          | 4/400 [01:31<2:12:36, 20.09s/it]  1%|▏         | 5/400 [01:33<1:29:03, 13.53s/it]
BLIP2ITMClient.cosine: (480, 640, 3), Seems like there is a couch ahead.
Step: 6 | Mode: initialize | Action: 2
BLIP2ITMClient.cosine: (480, 640, 3), Seems like there is a couch ahead.
Step: 7 | Mode: initialize | Action: 2
BLIP2ITMClient.cosine: (480, 640, 3), Seems like there is a couch ahead.
Step: 8 | Mode: initialize | Action: 2
BLIP2ITMClient.cosine: (480, 640, 3), Seems like there is a couch ahead.
Step: 9 | Mode: initialize | Action: 2
BLIP2ITMClient.cosine: (480, 640, 3), Seems like there is a couch ahead.
Step: 10 | Mode: initialize | Action: 2
BLIP2ITMClient.cosine: (480, 640, 3), Seems like there is a couch ahead.
Step: 11 | Mode: initialize | Action: 2
BLIP2ITMClient.cosine: (480, 640, 3), Seems like there is a couch ahead.
BLIP2ITMClient.cosine: (480, 640, 3), Seems like there is a couch ahead.
Best value: 18.27%
Step: 12 | Mode: explore | Action: 2
BLIP2ITMClient.cosine: (480, 640, 3), Seems like there is a couch ahead.
Sticking to last point.
Best value: 18.27%
Step: 13 | Mode: explore | Action: 2
BLIP2ITMClient.cosine: (480, 640, 3), Seems like there is a couch ahead.
Sticking to last point.
Best value: 18.27%
Step: 14 | Mode: explore | Action: 1
BLIP2ITMClient.cosine: (480, 640, 3), Seems like there is a couch ahead.
BLIP2ITMClient.cosine: (480, 640, 3), Seems like there is a couch ahead.
Best value: 18.27%
Step: 15 | Mode: explore | Action: 1
BLIP2ITMClient.cosine: (480, 640, 3), Seems like there is a couch ahead.
BLIP2ITMClient.cosine: (480, 640, 3), Seems like there is a couch ahead.
Sticking to last point.
Best value: 18.27%
Step: 16 | Mode: explore | Action: 2
BLIP2ITMClient.cosine: (480, 640, 3), Seems like there is a couch ahead.
BLIP2ITMClient.cosine: (480, 640, 3), Seems like there is a couch ahead.
Sticking to last point.
Best value: 18.27%
Step: 17 | Mode: explore | Action: 1
BLIP2ITMClient.cosine: (480, 640, 3), Seems like there is a couch ahead.
BLIP2ITMClient.cosine: (480, 640, 3), Seems like there is a couch ahead.
Sticking to last point.
Best value: 18.27%
Step: 18 | Mode: explore | Action: 1
BLIP2ITMClient.cosine: (480, 640, 3), Seems like there is a couch ahead.
BLIP2ITMClient.cosine: (480, 640, 3), Seems like there is a couch ahead.
Best value: 18.27%
Step: 19 | Mode: explore | Action: 3
BLIP2ITMClient.cosine: (480, 640, 3), Seems like there is a couch ahead.
BLIP2ITMClient.cosine: (480, 640, 3), Seems like there is a couch ahead.
Sticking to last point.
Best value: 18.27%
Step: 20 | Mode: explore | Action: 3
BLIP2ITMClient.cosine: (480, 640, 3), Seems like there is a couch ahead.
Sticking to last point.
Best value: 18.27%
Step: 21 | Mode: explore | Action: 3
BLIP2ITMClient.cosine: (480, 640, 3), Seems like there is a couch ahead.
Sticking to last point.
Best value: 18.27%
Step: 22 | Mode: explore | Action: 3
BLIP2ITMClient.cosine: (480, 640, 3), Seems like there is a couch ahead.
Sticking to last point.
Best value: 18.27%
Step: 23 | Mode: explore | Action: 3
BLIP2ITMClient.cosine: (480, 640, 3), Seems like there is a couch ahead.
BLIP2ITMClient.cosine: (480, 640, 3), Seems like there is a couch ahead.
Sticking to last point.
Best value: 18.27%
Step: 24 | Mode: explore | Action: 1
BLIP2ITMClient.cosine: (480, 640, 3), Seems like there is a couch ahead.
Sticking to last point.
Best value: 18.27%
Step: 25 | Mode: explore | Action: 3
BLIP2ITMClient.cosine: (480, 640, 3), Seems like there is a couch ahead.
Sticking to last point.
Best value: 18.27%
Step: 26 | Mode: explore | Action: 1
BLIP2ITMClient.cosine: (480, 640, 3), Seems like there is a couch ahead.
Sticking to last point.
Best value: 18.27%
Step: 27 | Mode: explore | Action: 1
BLIP2ITMClient.cosine: (480, 640, 3), Seems like there is a couch ahead.
BLIP2ITMClient.cosine: (480, 640, 3), Seems like there is a couch ahead.
Sticking to last point.
Best value: 18.27%
Step: 28 | Mode: explore | Action: 1
BLIP2ITMClient.cosine: (480, 640, 3), Seems like there is a couch ahead.
Sticking to last point.
Best value: 18.27%
Step: 29 | Mode: explore | Action: 3
BLIP2ITMClient.cosine: (480, 640, 3), Seems like there is a couch ahead.
Sticking to last point.
Best value: 18.27%
Step: 30 | Mode: explore | Action: 1
BLIP2ITMClient.cosine: (480, 640, 3), Seems like there is a couch ahead.
BLIP2ITMClient.cosine: (480, 640, 3), Seems like there is a couch ahead.
Sticking to last point.
Best value: 18.27%
Step: 31 | Mode: explore | Action: 2
BLIP2ITMClient.cosine: (480, 640, 3), Seems like there is a couch ahead.
Sticking to last point.
Best value: 18.27%
Step: 32 | Mode: explore | Action: 1
BLIP2ITMClient.cosine: (480, 640, 3), Seems like there is a couch ahead.
BLIP2ITMClient.cosine: (480, 640, 3), Seems like there is a couch ahead.
Sticking to last point.
Best value: 18.27%
Step: 33 | Mode: explore | Action: 1
BLIP2ITMClient.cosine: (480, 640, 3), Seems like there is a couch ahead.
BLIP2ITMClient.cosine: (480, 640, 3), Seems like there is a couch ahead.
Sticking to last point.
Best value: 18.27%
Step: 34 | Mode: explore | Action: 1
BLIP2ITMClient.cosine: (480, 640, 3), Seems like there is a couch ahead.
BLIP2ITMClient.cosine: (480, 640, 3), Seems like there is a couch ahead.
Sticking to last point.
Best value: 25.32%
Step: 35 | Mode: explore | Action: 1
BLIP2ITMClient.cosine: (480, 640, 3), Seems like there is a couch ahead.
BLIP2ITMClient.cosine: (480, 640, 3), Seems like there is a couch ahead.
Sticking to last point.
Best value: 25.32%
Step: 36 | Mode: explore | Action: 1
BLIP2ITMClient.cosine: (480, 640, 3), Seems like there is a couch ahead.
Sticking to last point.
Best value: 25.32%
Step: 37 | Mode: explore | Action: 1
BLIP2ITMClient.cosine: (480, 640, 3), Seems like there is a couch ahead.
Sticking to last point.
Best value: 25.32%
Step: 38 | Mode: explore | Action: 1
BLIP2ITMClient.cosine: (480, 640, 3), Seems like there is a couch ahead.
Sticking to last point.
Best value: 25.32%
Step: 39 | Mode: explore | Action: 2
BLIP2ITMClient.cosine: (480, 640, 3), Seems like there is a couch ahead.
Step: 40 | Mode: navigate | Action: 1
BLIP2ITMClient.cosine: (480, 640, 3), Seems like there is a couch ahead.
Step: 41 | Mode: navigate | Action: 1
BLIP2ITMClient.cosine: (480, 640, 3), Seems like there is a couch ahead.
Step: 42 | Mode: navigate | Action: 1
BLIP2ITMClient.cosine: (480, 640, 3), Seems like there is a couch ahead.
Step: 43 | Mode: navigate | Action: 2
BLIP2ITMClient.cosine: (480, 640, 3), Seems like there is a couch ahead.
Step: 44 | Mode: navigate | Action: 1
BLIP2ITMClient.cosine: (480, 640, 3), Seems like there is a couch ahead.
Step: 45 | Mode: navigate | Action: 1
BLIP2ITMClient.cosine: (480, 640, 3), Seems like there is a couch ahead.
Step: 46 | Mode: navigate | Action: 2
BLIP2ITMClient.cosine: (480, 640, 3), Seems like there is a couch ahead.
Step: 47 | Mode: navigate | Action: 1
BLIP2ITMClient.cosine: (480, 640, 3), Seems like there is a couch ahead.
Step: 48 | Mode: navigate | Action: 0
[traj] episode 50 — unknown
Episode 46 in scene Darden failed due to 'false_positive'.
[traj] captured failure_cause: false_positive
[traj] value map: max=0.2580, nonzero=11432
[traj] saved episode Darden_46 (49 steps, failed)
BLIP2ITMClient.cosine: (480, 640, 3), Seems like there is a potted plant ahead.
Step: 0 | Mode: initialize | Action: 2
[traj] episode 164 — unknown
Episode 50 in scene Darden failed due to 'never_saw_target_did_not_travel_stairs_likely_infeasible'.
[traj] captured failure_cause: never_saw_target_did_not_travel_stairs_likely_infeasible
[traj] value map: max=0.1065, nonzero=3139
[traj] saved episode Darden_50 (1 steps, failed)
BLIP2ITMClient.cosine: (480, 640, 3), Seems like there is a couch ahead.
Step: 0 | Mode: initialize | Action: 2
BLIP2ITMClient.cosine: (480, 640, 3), Seems like there is a couch ahead.
Step: 1 | Mode: initialize | Action: 2
BLIP2ITMClient.cosine: (480, 640, 3), Seems like there is a couch ahead.
Step: 2 | Mode: initialize | Action: 2
BLIP2ITMClient.cosine: (480, 640, 3), Seems like there is a couch ahead.
Step: 3 | Mode: initialize | Action: 2
BLIP2ITMClient.cosine: (480, 640, 3), Seems like there is a couch ahead.
Step: 4 | Mode: initialize | Action: 2
BLIP2ITMClient.cosine: (480, 640, 3), Seems like there is a couch ahead.
Step: 5 | Mode: initialize | Action: 2
BLIP2ITMClient.cosine: (480, 640, 3), Seems like there is a couch ahead.
Step: 6 | Mode: initialize | Action: 2
BLIP2ITMClient.cosine: (480, 640, 3), Seems like there is a couch ahead.
Step: 7 | Mode: initialize | Action: 2
BLIP2ITMClient.cosine: (480, 640, 3), Seems like there is a couch ahead.
Step: 8 | Mode: initialize | Action: 2
BLIP2ITMClient.cosine: (480, 640, 3), Seems like there is a couch ahead.
Step: 9 | Mode: initialize | Action: 2
BLIP2ITMClient.cosine: (480, 640, 3), Seems like there is a couch ahead.
Step: 10 | Mode: initialize | Action: 2
BLIP2ITMClient.cosine: (480, 640, 3), Seems like there is a couch ahead.
Step: 11 | Mode: initialize | Action: 2
BLIP2ITMClient.cosine: (480, 640, 3), Seems like there is a couch ahead.
BLIP2ITMClient.cosine: (480, 640, 3), Seems like there is a couch ahead.
Best value: 19.69%
Step: 12 | Mode: explore | Action: 2
BLIP2ITMClient.cosine: (480, 640, 3), Seems like there is a couch ahead.
Sticking to last point.
Best value: 19.69%
Step: 13 | Mode: explore | Action: 2
BLIP2ITMClient.cosine: (480, 640, 3), Seems like there is a couch ahead.
Sticking to last point.
Best value: 19.69%
Step: 14 | Mode: explore | Action: 2
BLIP2ITMClient.cosine: (480, 640, 3), Seems like there is a couch ahead.
Sticking to last point.
Best value: 19.69%
Step: 15 | Mode: explore | Action: 2
BLIP2ITMClient.cosine: (480, 640, 3), Seems like there is a couch ahead.
Sticking to last point.
Best value: 19.69%
Step: 16 | Mode: explore | Action: 2
BLIP2ITMClient.cosine: (480, 640, 3), Seems like there is a couch ahead.
Sticking to last point.
Best value: 19.69%
Step: 17 | Mode: explore | Action: 2
BLIP2ITMClient.cosine: (480, 640, 3), Seems like there is a couch ahead.
Sticking to last point.
Best value: 19.69%
Step: 18 | Mode: explore | Action: 2
BLIP2ITMClient.cosine: (480, 640, 3), Seems like there is a couch ahead.
Sticking to last point.
Best value: 19.69%
Step: 19 | Mode: explore | Action: 3
BLIP2ITMClient.cosine: (480, 640, 3), Seems like there is a couch ahead.
Sticking to last point.
Best value: 19.69%
Step: 20 | Mode: explore | Action: 3
BLIP2ITMClient.cosine: (480, 640, 3), Seems like there is a couch ahead.
Sticking to last point.
Best value: 19.69%
Step: 21 | Mode: explore | Action: 3
BLIP2ITMClient.cosine: (480, 640, 3), Seems like there is a couch ahead.
Sticking to last point.
Best value: 19.69%
Step: 22 | Mode: explore | Action: 3
BLIP2ITMClient.cosine: (480, 640, 3), Seems like there is a couch ahead.
Sticking to last point.
Best value: 19.69%
Step: 23 | Mode: explore | Action: 3
BLIP2ITMClient.cosine: (480, 640, 3), Seems like there is a couch ahead.
Sticking to last point.
Best value: 19.69%
Step: 24 | Mode: explore | Action: 3
BLIP2ITMClient.cosine: (480, 640, 3), Seems like there is a couch ahead.
Sticking to last point.
Best value: 19.69%
Step: 25 | Mode: explore | Action: 1
BLIP2ITMClient.cosine: (480, 640, 3), Seems like there is a couch ahead.
BLIP2ITMClient.cosine: (480, 640, 3), Seems like there is a couch ahead.
Sticking to last point.
Best value: 19.69%
Step: 26 | Mode: explore | Action: 1
BLIP2ITMClient.cosine: (480, 640, 3), Seems like there is a couch ahead.
BLIP2ITMClient.cosine: (480, 640, 3), Seems like there is a couch ahead.
Sticking to last point.
Best value: 19.69%
Step: 27 | Mode: explore | Action: 1
BLIP2ITMClient.cosine: (480, 640, 3), Seems like there is a couch ahead.
BLIP2ITMClient.cosine: (480, 640, 3), Seems like there is a couch ahead.
Sticking to last point.
Best value: 19.69%
Step: 28 | Mode: explore | Action: 1
BLIP2ITMClient.cosine: (480, 640, 3), Seems like there is a couch ahead.
BLIP2ITMClient.cosine: (480, 640, 3), Seems like there is a couch ahead.
Sticking to last point.
Best value: 19.69%
Step: 29 | Mode: explore | Action: 2
BLIP2ITMClient.cosine: (480, 640, 3), Seems like there is a couch ahead.
Sticking to last point.
Best value: 19.69%
Step: 30 | Mode: explore | Action: 1
BLIP2ITMClient.cosine: (480, 640, 3), Seems like there is a couch ahead.
BLIP2ITMClient.cosine: (480, 640, 3), Seems like there is a couch ahead.
Sticking to last point.
Best value: 19.69%
Step: 31 | Mode: explore | Action: 1
BLIP2ITMClient.cosine: (480, 640, 3), Seems like there is a couch ahead.
BLIP2ITMClient.cosine: (480, 640, 3), Seems like there is a couch ahead.
Sticking to last point.
Best value: 19.69%
Step: 32 | Mode: explore | Action: 2
BLIP2ITMClient.cosine: (480, 640, 3), Seems like there is a couch ahead.
BLIP2ITMClient.cosine: (480, 640, 3), Seems like there is a couch ahead.
Sticking to last point.
Best value: 19.69%
Step: 33 | Mode: explore | Action: 1
BLIP2ITMClient.cosine: (480, 640, 3), Seems like there is a couch ahead.
BLIP2ITMClient.cosine: (480, 640, 3), Seems like there is a couch ahead.
Sticking to last point.
Best value: 19.69%
Step: 34 | Mode: explore | Action: 1
BLIP2ITMClient.cosine: (480, 640, 3), Seems like there is a couch ahead.
BLIP2ITMClient.cosine: (480, 640, 3), Seems like there is a couch ahead.
Sticking to last point.
Best value: 19.69%
Step: 35 | Mode: explore | Action: 2
BLIP2ITMClient.cosine: (480, 640, 3), Seems like there is a couch ahead.
BLIP2ITMClient.cosine: (480, 640, 3), Seems like there is a couch ahead.
Sticking to last point.
Best value: 19.69%
Step: 36 | Mode: explore | Action: 1
BLIP2ITMClient.cosine: (480, 640, 3), Seems like there is a couch ahead.
BLIP2ITMClient.cosine: (480, 640, 3), Seems like there is a couch ahead.
Sticking to last point.
Best value: 19.69%
Step: 37 | Mode: explore | Action: 1
BLIP2ITMClient.cosine: (480, 640, 3), Seems like there is a couch ahead.
BLIP2ITMClient.cosine: (480, 640, 3), Seems like there is a couch ahead.
Sticking to last point.
Best value: 19.69%
Step: 38 | Mode: explore | Action: 1
BLIP2ITMClient.cosine: (480, 640, 3), Seems like there is a couch ahead.
BLIP2ITMClient.cosine: (480, 640, 3), Seems like there is a couch ahead.
Sticking to last point.
Best value: 19.69%
Step: 39 | Mode: explore | Action: 2
BLIP2ITMClient.cosine: (480, 640, 3), Seems like there is a couch ahead.
Sticking to last point.
Best value: 19.69%
Step: 40 | Mode: explore | Action: 1
BLIP2ITMClient.cosine: (480, 640, 3), Seems like there is a couch ahead.
Sticking to last point.
Best value: 19.69%
Step: 41 | Mode: explore | Action: 1
BLIP2ITMClient.cosine: (480, 640, 3), Seems like there is a couch ahead.
Sticking to last point.
Best value: 19.69%
Step: 42 | Mode: explore | Action: 1
BLIP2ITMClient.cosine: (480, 640, 3), Seems like there is a couch ahead.
Sticking to last point.
Best value: 19.69%
Step: 43 | Mode: explore | Action: 1
BLIP2ITMClient.cosine: (480, 640, 3), Seems like there is a couch ahead.
Sticking to last point.
Best value: 19.69%
Step: 44 | Mode: explore | Action: 1
BLIP2ITMClient.cosine: (480, 640, 3), Seems like there is a couch ahead.
Sticking to last point.
Best value: 19.69%
Step: 45 | Mode: explore | Action: 1
BLIP2ITMClient.cosine: (480, 640, 3), Seems like there is a couch ahead.
Sticking to last point.
Best value: 19.69%
Step: 46 | Mode: explore | Action: 2
BLIP2ITMClient.cosine: (480, 640, 3), Seems like there is a couch ahead.
BLIP2ITMClient.cosine: (480, 640, 3), Seems like there is a couch ahead.
Best value: 21.72%
Step: 47 | Mode: explore | Action: 1
BLIP2ITMClient.cosine: (480, 640, 3), Seems like there is a couch ahead.
BLIP2ITMClient.cosine: (480, 640, 3), Seems like there is a couch ahead.
Sticking to last point.
Best value: 21.72%
Step: 48 | Mode: explore | Action: 1
BLIP2ITMClient.cosine: (480, 640, 3), Seems like there is a couch ahead.
BLIP2ITMClient.cosine: (480, 640, 3), Seems like there is a couch ahead.
Best value: 19.69%
Step: 49 | Mode: explore | Action: 2
BLIP2ITMClient.cosine: (480, 640, 3), Seems like there is a couch ahead.
BLIP2ITMClient.cosine: (480, 640, 3), Seems like there is a couch ahead.
Sticking to last point.
Best value: 19.69%
Step: 50 | Mode: explore | Action: 1
BLIP2ITMClient.cosine: (480, 640, 3), Seems like there is a couch ahead.
BLIP2ITMClient.cosine: (480, 640, 3), Seems like there is a couch ahead.
Sticking to last point.
Best value: 19.69%
Step: 51 | Mode: explore | Action: 2
BLIP2ITMClient.cosine: (480, 640, 3), Seems like there is a couch ahead.
Sticking to last point.
Best value: 19.69%
Step: 52 | Mode: explore | Action: 1
BLIP2ITMClient.cosine: (480, 640, 3), Seems like there is a couch ahead.
Sticking to last point.
Best value: 19.69%
Step: 53 | Mode: explore | Action: 1
BLIP2ITMClient.cosine: (480, 640, 3), Seems like there is a couch ahead.
Sticking to last point.
Best value: 19.69%
Step: 54 | Mode: explore | Action: 3
BLIP2ITMClient.cosine: (480, 640, 3), Seems like there is a couch ahead.
Sticking to last point.
Best value: 19.69%
Step: 55 | Mode: explore | Action: 1
BLIP2ITMClient.cosine: (480, 640, 3), Seems like there is a couch ahead.
Sticking to last point.
Best value: 19.69%
Step: 56 | Mode: explore | Action: 3
BLIP2ITMClient.cosine: (480, 640, 3), Seems like there is a couch ahead.
BLIP2ITMClient.cosine: (480, 640, 3), Seems like there is a couch ahead.
Sticking to last point.
Best value: 19.69%
Step: 57 | Mode: explore | Action: 1
BLIP2ITMClient.cosine: (480, 640, 3), Seems like there is a couch ahead.
Sticking to last point.
Best value: 19.69%
Step: 58 | Mode: explore | Action: 3
BLIP2ITMClient.cosine: (480, 640, 3), Seems like there is a couch ahead.
BLIP2ITMClient.cosine: (480, 640, 3), Seems like there is a couch ahead.
Sticking to last point.
Best value: 19.69%
Step: 59 | Mode: explore | Action: 1
BLIP2ITMClient.cosine: (480, 640, 3), Seems like there is a couch ahead.
Sticking to last point.
Best value: 19.69%
Step: 60 | Mode: explore | Action: 2
BLIP2ITMClient.cosine: (480, 640, 3), Seems like there is a couch ahead.
Sticking to last point.
Best value: 19.69%
Step: 61 | Mode: explore | Action: 2
BLIP2ITMClient.cosine: (480, 640, 3), Seems like there is a couch ahead.
Sticking to last point.
Best value: 19.69%
Step: 62 | Mode: explore | Action: 1
BLIP2ITMClient.cosine: (480, 640, 3), Seems like there is a couch ahead.
Sticking to last point.
Best value: 19.69%
Step: 63 | Mode: explore | Action: 2
BLIP2ITMClient.cosine: (480, 640, 3), Seems like there is a couch ahead.
Sticking to last point.
Best value: 19.69%
Step: 64 | Mode: explore | Action: 1
BLIP2ITMClient.cosine: (480, 640, 3), Seems like there is a couch ahead.
Sticking to last point.
Best value: 19.69%
Step: 65 | Mode: explore | Action: 2
BLIP2ITMClient.cosine: (480, 640, 3), Seems like there is a couch ahead.
Sticking to last point.
Best value: 19.69%
Step: 66 | Mode: explore | Action: 1
BLIP2ITMClient.cosine: (480, 640, 3), Seems like there is a couch ahead.
Sticking to last point.
Best value: 19.69%
Step: 67 | Mode: explore | Action: 2
BLIP2ITMClient.cosine: (480, 640, 3), Seems like there is a couch ahead.
Sticking to last point.
Best value: 19.69%
Step: 68 | Mode: explore | Action: 1
BLIP2ITMClient.cosine: (480, 640, 3), Seems like there is a couch ahead.
Sticking to last point.
Best value: 19.69%
Step: 69 | Mode: explore | Action: 3
BLIP2ITMClient.cosine: (480, 640, 3), Seems like there is a couch ahead.
Sticking to last point.
Best value: 19.69%
Step: 70 | Mode: explore | Action: 3
BLIP2ITMClient.cosine: (480, 640, 3), Seems like there is a couch ahead.
Sticking to last point.
Best value: 19.69%
Step: 71 | Mode: explore | Action: 3
BLIP2ITMClient.cosine: (480, 640, 3), Seems like there is a couch ahead.
BLIP2ITMClient.cosine: (480, 640, 3), Seems like there is a couch ahead.
Sticking to last point.
Best value: 19.69%
Step: 72 | Mode: explore | Action: 1
BLIP2ITMClient.cosine: (480, 640, 3), Seems like there is a couch ahead.
Sticking to last point.
Best value: 19.69%
Step: 73 | Mode: explore | Action: 1
BLIP2ITMClient.cosine: (480, 640, 3), Seems like there is a couch ahead.
Sticking to last point.
Best value: 19.69%
Step: 74 | Mode: explore | Action: 3
BLIP2ITMClient.cosine: (480, 640, 3), Seems like there is a couch ahead.
Sticking to last point.
Best value: 19.69%
Step: 75 | Mode: explore | Action: 1
BLIP2ITMClient.cosine: (480, 640, 3), Seems like there is a couch ahead.
Sticking to last point.
Best value: 19.69%
Step: 76 | Mode: explore | Action: 3
BLIP2ITMClient.cosine: (480, 640, 3), Seems like there is a couch ahead.
Sticking to last point.
Best value: 19.69%
Step: 77 | Mode: explore | Action: 1
BLIP2ITMClient.cosine: (480, 640, 3), Seems like there is a couch ahead.
Sticking to last point.
Best value: 19.69%
Step: 78 | Mode: explore | Action: 2
BLIP2ITMClient.cosine: (480, 640, 3), Seems like there is a couch ahead.
Sticking to last point.
Best value: 19.69%
Step: 79 | Mode: explore | Action: 2
BLIP2ITMClient.cosine: (480, 640, 3), Seems like there is a couch ahead.
Sticking to last point.
Best value: 19.69%
Step: 80 | Mode: explore | Action: 1
BLIP2ITMClient.cosine: (480, 640, 3), Seems like there is a couch ahead.
Sticking to last point.
Best value: 19.69%
Step: 81 | Mode: explore | Action: 2
BLIP2ITMClient.cosine: (480, 640, 3), Seems like there is a couch ahead.
Sticking to last point.
Best value: 19.69%
Step: 82 | Mode: explore | Action: 1
BLIP2ITMClient.cosine: (480, 640, 3), Seems like there is a couch ahead.
Sticking to last point.
Best value: 19.69%
Step: 83 | Mode: explore | Action: 3
BLIP2ITMClient.cosine: (480, 640, 3), Seems like there is a couch ahead.
Sticking to last point.
Best value: 19.69%
Step: 84 | Mode: explore | Action: 3
BLIP2ITMClient.cosine: (480, 640, 3), Seems like there is a couch ahead.
Sticking to last point.
Best value: 19.69%
Step: 85 | Mode: explore | Action: 3
BLIP2ITMClient.cosine: (480, 640, 3), Seems like there is a couch ahead.
Sticking to last point.
Best value: 19.69%
Step: 86 | Mode: explore | Action: 1
BLIP2ITMClient.cosine: (480, 640, 3), Seems like there is a couch ahead.
Sticking to last point.
Best value: 19.69%
Step: 87 | Mode: explore | Action: 3
BLIP2ITMClient.cosine: (480, 640, 3), Seems like there is a couch ahead.
Sticking to last point.
Best value: 19.69%
Step: 88 | Mode: explore | Action: 1
BLIP2ITMClient.cosine: (480, 640, 3), Seems like there is a couch ahead.
Sticking to last point.
Best value: 19.69%
Step: 89 | Mode: explore | Action: 3
BLIP2ITMClient.cosine: (480, 640, 3), Seems like there is a couch ahead.
Sticking to last point.
Best value: 19.69%
Step: 90 | Mode: explore | Action: 1
BLIP2ITMClient.cosine: (480, 640, 3), Seems like there is a couch ahead.
Sticking to last point.
Best value: 19.69%
Step: 91 | Mode: explore | Action: 2
BLIP2ITMClient.cosine: (480, 640, 3), Seems like there is a couch ahead.
Sticking to last point.
Best value: 19.69%
Step: 92 | Mode: explore | Action: 2
BLIP2ITMClient.cosine: (480, 640, 3), Seems like there is a couch ahead.
Sticking to last point.
Best value: 19.69%
Step: 93 | Mode: explore | Action: 2
BLIP2ITMClient.cosine: (480, 640, 3), Seems like there is a couch ahead.
Sticking to last point.
Best value: 19.69%
Step: 94 | Mode: explore | Action: 2
BLIP2ITMClient.cosine: (480, 640, 3), Seems like there is a couch ahead.
Sticking to last point.
Best value: 19.69%
Step: 95 | Mode: explore | Action: 1
BLIP2ITMClient.cosine: (480, 640, 3), Seems like there is a couch ahead.
Sticking to last point.
Best value: 19.69%
Step: 96 | Mode: explore | Action: 1
BLIP2ITMClient.cosine: (480, 640, 3), Seems like there is a couch ahead.
Sticking to last point.
Best value: 19.69%
Step: 97 | Mode: explore | Action: 3
BLIP2ITMClient.cosine: (480, 640, 3), Seems like there is a couch ahead.
Sticking to last point.
Best value: 19.69%
Step: 98 | Mode: explore | Action: 1
BLIP2ITMClient.cosine: (480, 640, 3), Seems like there is a couch ahead.
Sticking to last point.
Best value: 19.69%
Step: 99 | Mode: explore | Action: 3
BLIP2ITMClient.cosine: (480, 640, 3), Seems like there is a couch ahead.
Sticking to last point.
Best value: 19.69%
Step: 100 | Mode: explore | Action: 1
BLIP2ITMClient.cosine: (480, 640, 3), Seems like there is a couch ahead.
Sticking to last point.
Best value: 19.69%
Step: 101 | Mode: explore | Action: 3
BLIP2ITMClient.cosine: (480, 640, 3), Seems like there is a couch ahead.
Sticking to last point.
Best value: 19.69%
Step: 102 | Mode: explore | Action: 1
BLIP2ITMClient.cosine: (480, 640, 3), Seems like there is a couch ahead.
Sticking to last point.
Best value: 19.69%
Step: 103 | Mode: explore | Action: 2
BLIP2ITMClient.cosine: (480, 640, 3), Seems like there is a couch ahead.
Sticking to last point.
Best value: 19.69%
Step: 104 | Mode: explore | Action: 2
BLIP2ITMClient.cosine: (480, 640, 3), Seems like there is a couch ahead.
Sticking to last point.
Best value: 19.69%
Step: 105 | Mode: explore | Action: 2
BLIP2ITMClient.cosine: (480, 640, 3), Seems like there is a couch ahead.
Sticking to last point.
Best value: 19.69%
Step: 106 | Mode: explore | Action: 1
BLIP2ITMClient.cosine: (480, 640, 3), Seems like there is a couch ahead.
Sticking to last point.
Best value: 19.69%
Step: 107 | Mode: explore | Action: 3
BLIP2ITMClient.cosine: (480, 640, 3), Seems like there is a couch ahead.
Sticking to last point.
Best value: 19.69%
Step: 108 | Mode: explore | Action: 1
BLIP2ITMClient.cosine: (480, 640, 3), Seems like there is a couch ahead.
Sticking to last point.
Best value: 19.69%
Step: 109 | Mode: explore | Action: 3
BLIP2ITMClient.cosine: (480, 640, 3), Seems like there is a couch ahead.
Sticking to last point.
Best value: 19.69%
Step: 110 | Mode: explore | Action: 1
BLIP2ITMClient.cosine: (480, 640, 3), Seems like there is a couch ahead.
Sticking to last point.
Best value: 19.69%
Step: 111 | Mode: explore | Action: 3
BLIP2ITMClient.cosine: (480, 640, 3), Seems like there is a couch ahead.
Sticking to last point.
Best value: 19.69%
Step: 112 | Mode: explore | Action: 1
BLIP2ITMClient.cosine: (480, 640, 3), Seems like there is a couch ahead.
Sticking to last point.
Best value: 19.69%
Step: 113 | Mode: explore | Action: 2
BLIP2ITMClient.cosine: (480, 640, 3), Seems like there is a couch ahead.
Sticking to last point.
Best value: 19.69%
Step: 114 | Mode: explore | Action: 2
BLIP2ITMClient.cosine: (480, 640, 3), Seems like there is a couch ahead.
Sticking to last point.
Best value: 19.69%
Step: 115 | Mode: explore | Action: 2
BLIP2ITMClient.cosine: (480, 640, 3), Seems like there is a couch ahead.
Sticking to last point.
Best value: 19.69%
Step: 116 | Mode: explore | Action: 1
BLIP2ITMClient.cosine: (480, 640, 3), Seems like there is a couch ahead.
Sticking to last point.
Best value: 19.69%
Step: 117 | Mode: explore | Action: 3
BLIP2ITMClient.cosine: (480, 640, 3), Seems like there is a couch ahead.
Sticking to last point.
Best value: 19.69%
Step: 118 | Mode: explore | Action: 1
BLIP2ITMClient.cosine: (480, 640, 3), Seems like there is a couch ahead.
Sticking to last point.
Best value: 19.69%
Step: 119 | Mode: explore | Action: 3
BLIP2ITMClient.cosine: (480, 640, 3), Seems like there is a couch ahead.
Sticking to last point.
Best value: 19.69%
Step: 120 | Mode: explore | Action: 1
BLIP2ITMClient.cosine: (480, 640, 3), Seems like there is a couch ahead.
Sticking to last point.
Best value: 19.69%
Step: 121 | Mode: explore | Action: 3
BLIP2ITMClient.cosine: (480, 640, 3), Seems like there is a couch ahead.
Sticking to last point.
Best value: 19.69%
Step: 122 | Mode: explore | Action: 1
BLIP2ITMClient.cosine: (480, 640, 3), Seems like there is a couch ahead.
Sticking to last point.
Best value: 19.69%
Step: 123 | Mode: explore | Action: 2
BLIP2ITMClient.cosine: (480, 640, 3), Seems like there is a couch ahead.
Sticking to last point.
Best value: 19.69%
Step: 124 | Mode: explore | Action: 2
BLIP2ITMClient.cosine: (480, 640, 3), Seems like there is a couch ahead.
Sticking to last point.
Best value: 19.69%
Step: 125 | Mode: explore | Action: 2
BLIP2ITMClient.cosine: (480, 640, 3), Seems like there is a couch ahead.
Sticking to last point.
Best value: 19.69%
Step: 126 | Mode: explore | Action: 1
BLIP2ITMClient.cosine: (480, 640, 3), Seems like there is a couch ahead.
Sticking to last point.
Best value: 19.69%
Step: 127 | Mode: explore | Action: 3
BLIP2ITMClient.cosine: (480, 640, 3), Seems like there is a couch ahead.
Sticking to last point.
Best value: 19.69%
Step: 128 | Mode: explore | Action: 1
BLIP2ITMClient.cosine: (480, 640, 3), Seems like there is a couch ahead.
Sticking to last point.
Best value: 19.69%
Step: 129 | Mode: explore | Action: 3
BLIP2ITMClient.cosine: (480, 640, 3), Seems like there is a couch ahead.
Sticking to last point.
Best value: 19.69%
Step: 130 | Mode: explore | Action: 1
BLIP2ITMClient.cosine: (480, 640, 3), Seems like there is a couch ahead.
Sticking to last point.
Best value: 19.69%
Step: 131 | Mode: explore | Action: 3
BLIP2ITMClient.cosine: (480, 640, 3), Seems like there is a couch ahead.
Sticking to last point.
Best value: 19.69%
Step: 132 | Mode: explore | Action: 1
BLIP2ITMClient.cosine: (480, 640, 3), Seems like there is a couch ahead.
Sticking to last point.
Best value: 19.69%
Step: 133 | Mode: explore | Action: 2
BLIP2ITMClient.cosine: (480, 640, 3), Seems like there is a couch ahead.
Sticking to last point.
Best value: 19.69%
Step: 134 | Mode: explore | Action: 2
BLIP2ITMClient.cosine: (480, 640, 3), Seems like there is a couch ahead.
Sticking to last point.
Best value: 19.69%
Step: 135 | Mode: explore | Action: 2
BLIP2ITMClient.cosine: (480, 640, 3), Seems like there is a couch ahead.
Sticking to last point.
Best value: 19.69%
Step: 136 | Mode: explore | Action: 1
BLIP2ITMClient.cosine: (480, 640, 3), Seems like there is a couch ahead.
Sticking to last point.
Best value: 19.69%
Step: 137 | Mode: explore | Action: 3
BLIP2ITMClient.cosine: (480, 640, 3), Seems like there is a couch ahead.
Sticking to last point.
Best value: 19.69%
Step: 138 | Mode: explore | Action: 1
BLIP2ITMClient.cosine: (480, 640, 3), Seems like there is a couch ahead.
Sticking to last point.
Best value: 19.69%
Step: 139 | Mode: explore | Action: 3
BLIP2ITMClient.cosine: (480, 640, 3), Seems like there is a couch ahead.
Sticking to last point.
Best value: 19.69%
Step: 140 | Mode: explore | Action: 1
BLIP2ITMClient.cosine: (480, 640, 3), Seems like there is a couch ahead.
Sticking to last point.
Best value: 19.69%
Step: 141 | Mode: explore | Action: 3
BLIP2ITMClient.cosine: (480, 640, 3), Seems like there is a couch ahead.
Sticking to last point.
Best value: 19.69%
Step: 142 | Mode: explore | Action: 1
BLIP2ITMClient.cosine: (480, 640, 3), Seems like there is a couch ahead.
Sticking to last point.
Best value: 19.69%
Step: 143 | Mode: explore | Action: 2
BLIP2ITMClient.cosine: (480, 640, 3), Seems like there is a couch ahead.
Sticking to last point.
Best value: 19.69%
Step: 144 | Mode: explore | Action: 2
BLIP2ITMClient.cosine: (480, 640, 3), Seems like there is a couch ahead.
Sticking to last point.
Best value: 19.69%
Step: 145 | Mode: explore | Action: 2
BLIP2ITMClient.cosine: (480, 640, 3), Seems like there is a couch ahead.
Sticking to last point.
Best value: 19.69%
Step: 146 | Mode: explore | Action: 1
BLIP2ITMClient.cosine: (480, 640, 3), Seems like there is a couch ahead.
Sticking to last point.
Best value: 19.69%
Step: 147 | Mode: explore | Action: 3
BLIP2ITMClient.cosine: (480, 640, 3), Seems like there is a couch ahead.
Sticking to last point.
Best value: 19.69%
Step: 148 | Mode: explore | Action: 1
BLIP2ITMClient.cosine: (480, 640, 3), Seems like there is a couch ahead.
Sticking to last point.
Best value: 19.69%
Step: 149 | Mode: explore | Action: 3
BLIP2ITMClient.cosine: (480, 640, 3), Seems like there is a couch ahead.
Sticking to last point.
Best value: 19.69%
Step: 150 | Mode: explore | Action: 1
BLIP2ITMClient.cosine: (480, 640, 3), Seems like there is a couch ahead.
Sticking to last point.
Best value: 19.69%
Step: 151 | Mode: explore | Action: 3
BLIP2ITMClient.cosine: (480, 640, 3), Seems like there is a couch ahead.
Sticking to last point.
Best value: 19.69%
Step: 152 | Mode: explore | Action: 1
BLIP2ITMClient.cosine: (480, 640, 3), Seems like there is a couch ahead.
Sticking to last point.
Best value: 19.69%
Step: 153 | Mode: explore | Action: 2
BLIP2ITMClient.cosine: (480, 640, 3), Seems like there is a couch ahead.
Sticking to last point.
Best value: 19.69%
Step: 154 | Mode: explore | Action: 2
BLIP2ITMClient.cosine: (480, 640, 3), Seems like there is a couch ahead.
Sticking to last point.
Best value: 19.69%
Step: 155 | Mode: explore | Action: 1
BLIP2ITMClient.cosine: (480, 640, 3), Seems like there is a couch ahead.
Sticking to last point.
Best value: 19.69%
Step: 156 | Mode: explore | Action: 2
BLIP2ITMClient.cosine: (480, 640, 3), Seems like there is a couch ahead.
Sticking to last point.
Best value: 19.69%
Step: 157 | Mode: explore | Action: 1
BLIP2ITMClient.cosine: (480, 640, 3), Seems like there is a couch ahead.
Sticking to last point.
Best value: 19.69%
Step: 158 | Mode: explore | Action: 2
BLIP2ITMClient.cosine: (480, 640, 3), Seems like there is a couch ahead.
Sticking to last point.
Best value: 19.69%
Step: 159 | Mode: explore | Action: 1
BLIP2ITMClient.cosine: (480, 640, 3), Seems like there is a couch ahead.
Sticking to last point.
Best value: 19.69%
Step: 160 | Mode: explore | Action: 2
BLIP2ITMClient.cosine: (480, 640, 3), Seems like there is a couch ahead.
Sticking to last point.
Best value: 19.69%
Step: 161 | Mode: explore | Action: 1
BLIP2ITMClient.cosine: (480, 640, 3), Seems like there is a couch ahead.
Sticking to last point.
Best value: 19.69%
Step: 162 | Mode: explore | Action: 2
BLIP2ITMClient.cosine: (480, 640, 3), Seems like there is a couch ahead.
Sticking to last point.
Best value: 19.69%
Step: 163 | Mode: explore | Action: 1
BLIP2ITMClient.cosine: (480, 640, 3), Seems like there is a couch ahead.
Sticking to last point.
Best value: 19.69%
Step: 164 | Mode: explore | Action: 3
BLIP2ITMClient.cosine: (480, 640, 3), Seems like there is a couch ahead.
Sticking to last point.
Best value: 19.69%
Step: 165 | Mode: explore | Action: 3
BLIP2ITMClient.cosine: (480, 640, 3), Seems like there is a couch ahead.
Sticking to last point.
Best value: 19.69%
Step: 166 | Mode: explore | Action: 1
BLIP2ITMClient.cosine: (480, 640, 3), Seems like there is a couch ahead.
Sticking to last point.
Best value: 19.69%
Step: 167 | Mode: explore | Action: 3
BLIP2ITMClient.cosine: (480, 640, 3), Seems like there is a couch ahead.
Sticking to last point.
Best value: 19.69%
Step: 168 | Mode: explore | Action: 1
BLIP2ITMClient.cosine: (480, 640, 3), Seems like there is a couch ahead.
Sticking to last point.
Best value: 19.69%
Step: 169 | Mode: explore | Action: 1
BLIP2ITMClient.cosine: (480, 640, 3), Seems like there is a couch ahead.
Sticking to last point.
Best value: 19.69%
Step: 170 | Mode: explore | Action: 3
BLIP2ITMClient.cosine: (480, 640, 3), Seems like there is a couch ahead.
Sticking to last point.
Best value: 19.69%
Step: 171 | Mode: explore | Action: 1
BLIP2ITMClient.cosine: (480, 640, 3), Seems like there is a couch ahead.
Sticking to last point.
Best value: 19.69%
Step: 172 | Mode: explore | Action: 3
BLIP2ITMClient.cosine: (480, 640, 3), Seems like there is a couch ahead.
Sticking to last point.
Best value: 19.69%
Step: 173 | Mode: explore | Action: 1
BLIP2ITMClient.cosine: (480, 640, 3), Seems like there is a couch ahead.
Sticking to last point.
Best value: 19.69%
Step: 174 | Mode: explore | Action: 3
BLIP2ITMClient.cosine: (480, 640, 3), Seems like there is a couch ahead.
Sticking to last point.
Best value: 19.69%
Step: 175 | Mode: explore | Action: 1
BLIP2ITMClient.cosine: (480, 640, 3), Seems like there is a couch ahead.
Sticking to last point.
Best value: 19.69%
Step: 176 | Mode: explore | Action: 3
BLIP2ITMClient.cosine: (480, 640, 3), Seems like there is a couch ahead.
Sticking to last point.
Best value: 19.69%
Step: 177 | Mode: explore | Action: 1
BLIP2ITMClient.cosine: (480, 640, 3), Seems like there is a couch ahead.
Sticking to last point.
Best value: 19.69%
Step: 178 | Mode: explore | Action: 2
BLIP2ITMClient.cosine: (480, 640, 3), Seems like there is a couch ahead.
Sticking to last point.
Best value: 19.69%
Step: 179 | Mode: explore | Action: 1
BLIP2ITMClient.cosine: (480, 640, 3), Seems like there is a couch ahead.
BLIP2ITMClient.cosine: (480, 640, 3), Seems like there is a couch ahead.
Sticking to last point.
Best value: 19.69%
Step: 180 | Mode: explore | Action: 2
BLIP2ITMClient.cosine: (480, 640, 3), Seems like there is a couch ahead.
Sticking to last point.
Best value: 19.69%
Step: 181 | Mode: explore | Action: 2
BLIP2ITMClient.cosine: (480, 640, 3), Seems like there is a couch ahead.
Sticking to last point.
Best value: 19.69%
Step: 182 | Mode: explore | Action: 2
BLIP2ITMClient.cosine: (480, 640, 3), Seems like there is a couch ahead.
Sticking to last point.
Best value: 19.69%
Step: 183 | Mode: explore | Action: 1
BLIP2ITMClient.cosine: (480, 640, 3), Seems like there is a couch ahead.
Sticking to last point.
Best value: 19.69%
Step: 184 | Mode: explore | Action: 2
BLIP2ITMClient.cosine: (480, 640, 3), Seems like there is a couch ahead.
Sticking to last point.
Best value: 19.69%
Step: 185 | Mode: explore | Action: 1
BLIP2ITMClient.cosine: (480, 640, 3), Seems like there is a couch ahead.
Sticking to last point.
Best value: 19.69%
Step: 186 | Mode: explore | Action: 1
BLIP2ITMClient.cosine: (480, 640, 3), Seems like there is a couch ahead.
Sticking to last point.
Best value: 19.69%
Step: 187 | Mode: explore | Action: 3
BLIP2ITMClient.cosine: (480, 640, 3), Seems like there is a couch ahead.
Sticking to last point.
Best value: 19.69%
Step: 188 | Mode: explore | Action: 1
BLIP2ITMClient.cosine: (480, 640, 3), Seems like there is a couch ahead.
Sticking to last point.
Best value: 19.69%
Step: 189 | Mode: explore | Action: 3
BLIP2ITMClient.cosine: (480, 640, 3), Seems like there is a couch ahead.
BLIP2ITMClient.cosine: (480, 640, 3), Seems like there is a couch ahead.
Sticking to last point.
Best value: 19.69%
Step: 190 | Mode: explore | Action: 1
BLIP2ITMClient.cosine: (480, 640, 3), Seems like there is a couch ahead.
Sticking to last point.
Best value: 19.69%
Step: 191 | Mode: explore | Action: 2
BLIP2ITMClient.cosine: (480, 640, 3), Seems like there is a couch ahead.
Sticking to last point.
Best value: 19.69%
Step: 192 | Mode: explore | Action: 2
BLIP2ITMClient.cosine: (480, 640, 3), Seems like there is a couch ahead.
Sticking to last point.
Best value: 19.69%
Step: 193 | Mode: explore | Action: 2
BLIP2ITMClient.cosine: (480, 640, 3), Seems like there is a couch ahead.
Sticking to last point.
Best value: 19.69%
Step: 194 | Mode: explore | Action: 1
BLIP2ITMClient.cosine: (480, 640, 3), Seems like there is a couch ahead.
Sticking to last point.
Best value: 19.69%
Step: 195 | Mode: explore | Action: 1
BLIP2ITMClient.cosine: (480, 640, 3), Seems like there is a couch ahead.
Sticking to last point.
Best value: 19.69%
Step: 196 | Mode: explore | Action: 2
BLIP2ITMClient.cosine: (480, 640, 3), Seems like there is a couch ahead.
Sticking to last point.
Best value: 19.69%
Step: 197 | Mode: explore | Action: 1
BLIP2ITMClient.cosine: (480, 640, 3), Seems like there is a couch ahead.
Sticking to last point.
Best value: 19.69%
Step: 198 | Mode: explore | Action: 3
BLIP2ITMClient.cosine: (480, 640, 3), Seems like there is a couch ahead.
Sticking to last point.
Best value: 19.69%
Step: 199 | Mode: explore | Action: 1
BLIP2ITMClient.cosine: (480, 640, 3), Seems like there is a couch ahead.
Sticking to last point.
Best value: 19.69%
Step: 200 | Mode: explore | Action: 1
BLIP2ITMClient.cosine: (480, 640, 3), Seems like there is a couch ahead.
Sticking to last point.
Best value: 19.69%
Step: 201 | Mode: explore | Action: 2
BLIP2ITMClient.cosine: (480, 640, 3), Seems like there is a couch ahead.
Sticking to last point.
Best value: 19.69%
Step: 202 | Mode: explore | Action: 1
BLIP2ITMClient.cosine: (480, 640, 3), Seems like there is a couch ahead.
Sticking to last point.
Best value: 19.69%
Step: 203 | Mode: explore | Action: 1
BLIP2ITMClient.cosine: (480, 640, 3), Seems like there is a couch ahead.
Sticking to last point.
Best value: 19.69%
Step: 204 | Mode: explore | Action: 1
BLIP2ITMClient.cosine: (480, 640, 3), Seems like there is a couch ahead.
Sticking to last point.
Best value: 19.69%
Step: 205 | Mode: explore | Action: 1
BLIP2ITMClient.cosine: (480, 640, 3), Seems like there is a couch ahead.
Sticking to last point.
Best value: 19.69%
Step: 206 | Mode: explore | Action: 3
BLIP2ITMClient.cosine: (480, 640, 3), Seems like there is a couch ahead.
Sticking to last point.
Best value: 19.69%
Step: 207 | Mode: explore | Action: 1
BLIP2ITMClient.cosine: (480, 640, 3), Seems like there is a couch ahead.
Sticking to last point.
Best value: 19.69%
Step: 208 | Mode: explore | Action: 3
  2%|▏         | 6/400 [03:16<4:48:20, 43.91s/it]BLIP2ITMClient.cosine: (480, 640, 3), Seems like there is a couch ahead.
Sticking to last point.
Best value: 19.69%
Step: 209 | Mode: explore | Action: 1
BLIP2ITMClient.cosine: (480, 640, 3), Seems like there is a couch ahead.
Sticking to last point.
Best value: 19.69%
Step: 210 | Mode: explore | Action: 3
BLIP2ITMClient.cosine: (480, 640, 3), Seems like there is a couch ahead.
BLIP2ITMClient.cosine: (480, 640, 3), Seems like there is a couch ahead.
Sticking to last point.
Best value: 19.69%
Step: 211 | Mode: explore | Action: 1
BLIP2ITMClient.cosine: (480, 640, 3), Seems like there is a couch ahead.
Sticking to last point.
Best value: 19.69%
Step: 212 | Mode: explore | Action: 2
BLIP2ITMClient.cosine: (480, 640, 3), Seems like there is a couch ahead.
Sticking to last point.
Best value: 19.69%
Step: 213 | Mode: explore | Action: 2
BLIP2ITMClient.cosine: (480, 640, 3), Seems like there is a couch ahead.
Sticking to last point.
Best value: 19.69%
Step: 214 | Mode: explore | Action: 1
BLIP2ITMClient.cosine: (480, 640, 3), Seems like there is a couch ahead.
Sticking to last point.
Best value: 19.69%
Step: 215 | Mode: explore | Action: 2
BLIP2ITMClient.cosine: (480, 640, 3), Seems like there is a couch ahead.
BLIP2ITMClient.cosine: (480, 640, 3), Seems like there is a couch ahead.
Best value: 19.69%
Step: 216 | Mode: explore | Action: 2
BLIP2ITMClient.cosine: (480, 640, 3), Seems like there is a couch ahead.
Sticking to last point.
Best value: 19.69%
Step: 217 | Mode: explore | Action: 1
BLIP2ITMClient.cosine: (480, 640, 3), Seems like there is a couch ahead.
BLIP2ITMClient.cosine: (480, 640, 3), Seems like there is a couch ahead.
Sticking to last point.
Best value: 19.69%
Step: 218 | Mode: explore | Action: 1
BLIP2ITMClient.cosine: (480, 640, 3), Seems like there is a couch ahead.
BLIP2ITMClient.cosine: (480, 640, 3), Seems like there is a couch ahead.
Sticking to last point.
Best value: 19.69%
Step: 219 | Mode: explore | Action: 1
BLIP2ITMClient.cosine: (480, 640, 3), Seems like there is a couch ahead.
BLIP2ITMClient.cosine: (480, 640, 3), Seems like there is a couch ahead.
Sticking to last point.
Best value: 19.69%
Step: 220 | Mode: explore | Action: 1
BLIP2ITMClient.cosine: (480, 640, 3), Seems like there is a couch ahead.
Sticking to last point.
Best value: 19.69%
Step: 221 | Mode: explore | Action: 1
BLIP2ITMClient.cosine: (480, 640, 3), Seems like there is a couch ahead.
Sticking to last point.
Best value: 19.69%
Step: 222 | Mode: explore | Action: 1
BLIP2ITMClient.cosine: (480, 640, 3), Seems like there is a couch ahead.
Sticking to last point.
Best value: 19.69%
Step: 223 | Mode: explore | Action: 1
BLIP2ITMClient.cosine: (480, 640, 3), Seems like there is a couch ahead.
Sticking to last point.
Best value: 19.69%
Step: 224 | Mode: explore | Action: 1
BLIP2ITMClient.cosine: (480, 640, 3), Seems like there is a couch ahead.
BLIP2ITMClient.cosine: (480, 640, 3), Seems like there is a couch ahead.
Sticking to last point.
Best value: 24.81%
Step: 225 | Mode: explore | Action: 1
BLIP2ITMClient.cosine: (480, 640, 3), Seems like there is a couch ahead.
BLIP2ITMClient.cosine: (480, 640, 3), Seems like there is a couch ahead.
Sticking to last point.
Best value: 24.81%
Step: 226 | Mode: explore | Action: 1
BLIP2ITMClient.cosine: (480, 640, 3), Seems like there is a couch ahead.
BLIP2ITMClient.cosine: (480, 640, 3), Seems like there is a couch ahead.
Sticking to last point.
Best value: 24.81%
Step: 227 | Mode: explore | Action: 1
BLIP2ITMClient.cosine: (480, 640, 3), Seems like there is a couch ahead.
Sticking to last point.
Best value: 24.81%
Step: 228 | Mode: explore | Action: 3
BLIP2ITMClient.cosine: (480, 640, 3), Seems like there is a couch ahead.
BLIP2ITMClient.cosine: (480, 640, 3), Seems like there is a couch ahead.
Sticking to last point.
Best value: 24.81%
Step: 229 | Mode: explore | Action: 1
BLIP2ITMClient.cosine: (480, 640, 3), Seems like there is a couch ahead.
BLIP2ITMClient.cosine: (480, 640, 3), Seems like there is a couch ahead.
Sticking to last point.
Best value: 24.81%
Step: 230 | Mode: explore | Action: 1
BLIP2ITMClient.cosine: (480, 640, 3), Seems like there is a couch ahead.
BLIP2ITMClient.cosine: (480, 640, 3), Seems like there is a couch ahead.
Sticking to last point.
Best value: 24.81%
Step: 231 | Mode: explore | Action: 1
BLIP2ITMClient.cosine: (480, 640, 3), Seems like there is a couch ahead.
BLIP2ITMClient.cosine: (480, 640, 3), Seems like there is a couch ahead.
Sticking to last point.
Best value: 24.81%
Step: 232 | Mode: explore | Action: 1
BLIP2ITMClient.cosine: (480, 640, 3), Seems like there is a couch ahead.
BLIP2ITMClient.cosine: (480, 640, 3), Seems like there is a couch ahead.
Best value: 24.10%
Step: 233 | Mode: explore | Action: 2
BLIP2ITMClient.cosine: (480, 640, 3), Seems like there is a couch ahead.
Best value: 24.00%
Step: 234 | Mode: explore | Action: 1
BLIP2ITMClient.cosine: (480, 640, 3), Seems like there is a couch ahead.
Sticking to last point.
Best value: 24.00%
Step: 235 | Mode: explore | Action: 3
BLIP2ITMClient.cosine: (480, 640, 3), Seems like there is a couch ahead.
Sticking to last point.
Best value: 24.00%
Step: 236 | Mode: explore | Action: 1
BLIP2ITMClient.cosine: (480, 640, 3), Seems like there is a couch ahead.
Sticking to last point.
Best value: 24.00%
Step: 237 | Mode: explore | Action: 3
BLIP2ITMClient.cosine: (480, 640, 3), Seems like there is a couch ahead.
BLIP2ITMClient.cosine: (480, 640, 3), Seems like there is a couch ahead.
Best value: 23.95%
Step: 238 | Mode: explore | Action: 1
BLIP2ITMClient.cosine: (480, 640, 3), Seems like there is a couch ahead.
Sticking to last point.
Best value: 23.95%
Step: 239 | Mode: explore | Action: 1
BLIP2ITMClient.cosine: (480, 640, 3), Seems like there is a couch ahead.
Sticking to last point.
Best value: 23.95%
Step: 240 | Mode: explore | Action: 1
BLIP2ITMClient.cosine: (480, 640, 3), Seems like there is a couch ahead.
Sticking to last point.
Best value: 23.95%
Step: 241 | Mode: explore | Action: 3
BLIP2ITMClient.cosine: (480, 640, 3), Seems like there is a couch ahead.
BLIP2ITMClient.cosine: (480, 640, 3), Seems like there is a couch ahead.
Sticking to last point.
Best value: 23.95%
Step: 242 | Mode: explore | Action: 1
BLIP2ITMClient.cosine: (480, 640, 3), Seems like there is a couch ahead.
Sticking to last point.
Best value: 23.95%
Step: 243 | Mode: explore | Action: 1
BLIP2ITMClient.cosine: (480, 640, 3), Seems like there is a couch ahead.
Sticking to last point.
Best value: 23.95%
Step: 244 | Mode: explore | Action: 1
BLIP2ITMClient.cosine: (480, 640, 3), Seems like there is a couch ahead.
Best value: 26.82%
Step: 245 | Mode: explore | Action: 3
BLIP2ITMClient.cosine: (480, 640, 3), Seems like there is a couch ahead.
Step: 246 | Mode: navigate | Action: 3
BLIP2ITMClient.cosine: (480, 640, 3), Seems like there is a couch ahead.
Step: 247 | Mode: navigate | Action: 2
BLIP2ITMClient.cosine: (480, 640, 3), Seems like there is a couch ahead.
Step: 248 | Mode: navigate | Action: 1
BLIP2ITMClient.cosine: (480, 640, 3), Seems like there is a couch ahead.
Step: 249 | Mode: navigate | Action: 0
[traj] episode 78 — unknown
Episode 164 in scene Darden failed due to 'false_positive'.
[traj] captured failure_cause: false_positive
[traj] value map: max=0.2682, nonzero=25929
[traj] saved episode Darden_164 (250 steps, failed)
BLIP2ITMClient.cosine: (480, 640, 3), Seems like there is a tv ahead.
Step: 0 | Mode: initialize | Action: 2
BLIP2ITMClient.cosine: (480, 640, 3), Seems like there is a tv ahead.
Step: 1 | Mode: initialize | Action: 2
BLIP2ITMClient.cosine: (480, 640, 3), Seems like there is a tv ahead.
Step: 2 | Mode: initialize | Action: 2
BLIP2ITMClient.cosine: (480, 640, 3), Seems like there is a tv ahead.
Step: 3 | Mode: initialize | Action: 2
BLIP2ITMClient.cosine: (480, 640, 3), Seems like there is a tv ahead.
Step: 4 | Mode: initialize | Action: 2
BLIP2ITMClient.cosine: (480, 640, 3), Seems like there is a tv ahead.
Step: 5 | Mode: initialize | Action: 2
BLIP2ITMClient.cosine: (480, 640, 3), Seems like there is a tv ahead.
Step: 6 | Mode: initialize | Action: 2
BLIP2ITMClient.cosine: (480, 640, 3), Seems like there is a tv ahead.
Step: 7 | Mode: initialize | Action: 2
BLIP2ITMClient.cosine: (480, 640, 3), Seems like there is a tv ahead.
Step: 8 | Mode: initialize | Action: 2
BLIP2ITMClient.cosine: (480, 640, 3), Seems like there is a tv ahead.
Step: 9 | Mode: initialize | Action: 2
BLIP2ITMClient.cosine: (480, 640, 3), Seems like there is a tv ahead.
Step: 10 | Mode: initialize | Action: 2
BLIP2ITMClient.cosine: (480, 640, 3), Seems like there is a tv ahead.
Step: 11 | Mode: initialize | Action: 2
BLIP2ITMClient.cosine: (480, 640, 3), Seems like there is a tv ahead.
BLIP2ITMClient.cosine: (480, 640, 3), Seems like there is a tv ahead.
Best value: 11.40%
Step: 12 | Mode: explore | Action: 3
BLIP2ITMClient.cosine: (480, 640, 3), Seems like there is a tv ahead.
Sticking to last point.
Best value: 11.40%
Step: 13 | Mode: explore | Action: 3
BLIP2ITMClient.cosine: (480, 640, 3), Seems like there is a tv ahead.
Sticking to last point.
Best value: 11.40%
Step: 14 | Mode: explore | Action: 3
BLIP2ITMClient.cosine: (480, 640, 3), Seems like there is a tv ahead.
Sticking to last point.
Best value: 11.40%
Step: 15 | Mode: explore | Action: 3
BLIP2ITMClient.cosine: (480, 640, 3), Seems like there is a tv ahead.
Sticking to last point.
Best value: 11.40%
Step: 16 | Mode: explore | Action: 1
BLIP2ITMClient.cosine: (480, 640, 3), Seems like there is a tv ahead.
BLIP2ITMClient.cosine: (480, 640, 3), Seems like there is a tv ahead.
Sticking to last point.
Best value: 16.89%
Step: 17 | Mode: explore | Action: 1
BLIP2ITMClient.cosine: (480, 640, 3), Seems like there is a tv ahead.
Sticking to last point.
Best value: 16.89%
Step: 18 | Mode: explore | Action: 3
BLIP2ITMClient.cosine: (480, 640, 3), Seems like there is a tv ahead.
BLIP2ITMClient.cosine: (480, 640, 3), Seems like there is a tv ahead.
Best value: 19.04%
Step: 19 | Mode: explore | Action: 1
BLIP2ITMClient.cosine: (480, 640, 3), Seems like there is a tv ahead.
BLIP2ITMClient.cosine: (480, 640, 3), Seems like there is a tv ahead.
Sticking to last point.
Best value: 19.04%
Step: 20 | Mode: explore | Action: 3
BLIP2ITMClient.cosine: (480, 640, 3), Seems like there is a tv ahead.
BLIP2ITMClient.cosine: (480, 640, 3), Seems like there is a tv ahead.
Best value: 18.86%
Step: 21 | Mode: explore | Action: 1
BLIP2ITMClient.cosine: (480, 640, 3), Seems like there is a tv ahead.
BLIP2ITMClient.cosine: (480, 640, 3), Seems like there is a tv ahead.
Best value: 17.43%
Step: 22 | Mode: explore | Action: 3
BLIP2ITMClient.cosine: (480, 640, 3), Seems like there is a tv ahead.
BLIP2ITMClient.cosine: (480, 640, 3), Seems like there is a tv ahead.
Best value: 17.03%
Step: 23 | Mode: explore | Action: 2
BLIP2ITMClient.cosine: (480, 640, 3), Seems like there is a tv ahead.
Sticking to last point.
Best value: 17.03%
Step: 24 | Mode: explore | Action: 1
BLIP2ITMClient.cosine: (480, 640, 3), Seems like there is a tv ahead.
BLIP2ITMClient.cosine: (480, 640, 3), Seems like there is a tv ahead.
Sticking to last point.
Best value: 18.58%
Step: 25 | Mode: explore | Action: 1
BLIP2ITMClient.cosine: (480, 640, 3), Seems like there is a tv ahead.
BLIP2ITMClient.cosine: (480, 640, 3), Seems like there is a tv ahead.
Best value: 16.89%
Step: 26 | Mode: explore | Action: 2
BLIP2ITMClient.cosine: (480, 640, 3), Seems like there is a tv ahead.
BLIP2ITMClient.cosine: (480, 640, 3), Seems like there is a tv ahead.
Best value: 14.85%
Step: 27 | Mode: explore | Action: 2
BLIP2ITMClient.cosine: (480, 640, 3), Seems like there is a tv ahead.
BLIP2ITMClient.cosine: (480, 640, 3), Seems like there is a tv ahead.
Sticking to last point.
Best value: 19.82%
Step: 28 | Mode: explore | Action: 2
BLIP2ITMClient.cosine: (480, 640, 3), Seems like there is a tv ahead.
BLIP2ITMClient.cosine: (480, 640, 3), Seems like there is a tv ahead.
Best value: 16.22%
Step: 29 | Mode: explore | Action: 3
BLIP2ITMClient.cosine: (480, 640, 3), Seems like there is a tv ahead.
Sticking to last point.
Best value: 16.22%
Step: 30 | Mode: explore | Action: 1
BLIP2ITMClient.cosine: (480, 640, 3), Seems like there is a tv ahead.
Sticking to last point.
Best value: 16.22%
Step: 31 | Mode: explore | Action: 1
BLIP2ITMClient.cosine: (480, 640, 3), Seems like there is a tv ahead.
Sticking to last point.
Best value: 16.22%
Step: 32 | Mode: explore | Action: 1
BLIP2ITMClient.cosine: (480, 640, 3), Seems like there is a tv ahead.
Sticking to last point.
Best value: 16.22%
Step: 33 | Mode: explore | Action: 1
BLIP2ITMClient.cosine: (480, 640, 3), Seems like there is a tv ahead.
Sticking to last point.
Best value: 16.22%
Step: 34 | Mode: explore | Action: 1
BLIP2ITMClient.cosine: (480, 640, 3), Seems like there is a tv ahead.
Sticking to last point.
Best value: 16.22%
Step: 35 | Mode: explore | Action: 1
BLIP2ITMClient.cosine: (480, 640, 3), Seems like there is a tv ahead.
Sticking to last point.
Best value: 16.22%
Step: 36 | Mode: explore | Action: 2
BLIP2ITMClient.cosine: (480, 640, 3), Seems like there is a tv ahead.
Sticking to last point.
Best value: 16.22%
Step: 37 | Mode: explore | Action: 1
BLIP2ITMClient.cosine: (480, 640, 3), Seems like there is a tv ahead.
Sticking to last point.
Best value: 16.22%
Step: 38 | Mode: explore | Action: 1
BLIP2ITMClient.cosine: (480, 640, 3), Seems like there is a tv ahead.
Sticking to last point.
Best value: 16.22%
Step: 39 | Mode: explore | Action: 1
BLIP2ITMClient.cosine: (480, 640, 3), Seems like there is a tv ahead.
Best value: 14.85%
Step: 40 | Mode: explore | Action: 3
BLIP2ITMClient.cosine: (480, 640, 3), Seems like there is a tv ahead.
Sticking to last point.
Best value: 14.85%
Step: 41 | Mode: explore | Action: 3
BLIP2ITMClient.cosine: (480, 640, 3), Seems like there is a tv ahead.
Sticking to last point.
Best value: 14.85%
Step: 42 | Mode: explore | Action: 3
BLIP2ITMClient.cosine: (480, 640, 3), Seems like there is a tv ahead.
Sticking to last point.
Best value: 14.85%
Step: 43 | Mode: explore | Action: 3
BLIP2ITMClient.cosine: (480, 640, 3), Seems like there is a tv ahead.
BLIP2ITMClient.cosine: (480, 640, 3), Seems like there is a tv ahead.
Best value: 21.52%
Step: 44 | Mode: explore | Action: 3
BLIP2ITMClient.cosine: (480, 640, 3), Seems like there is a tv ahead.
BLIP2ITMClient.cosine: (480, 640, 3), Seems like there is a tv ahead.
Best value: 20.24%
Step: 45 | Mode: explore | Action: 1
BLIP2ITMClient.cosine: (480, 640, 3), Seems like there is a tv ahead.
BLIP2ITMClient.cosine: (480, 640, 3), Seems like there is a tv ahead.
Best value: 20.16%
Step: 46 | Mode: explore | Action: 1
BLIP2ITMClient.cosine: (480, 640, 3), Seems like there is a tv ahead.
BLIP2ITMClient.cosine: (480, 640, 3), Seems like there is a tv ahead.
Best value: 18.72%
Step: 47 | Mode: explore | Action: 1
BLIP2ITMClient.cosine: (480, 640, 3), Seems like there is a tv ahead.
BLIP2ITMClient.cosine: (480, 640, 3), Seems like there is a tv ahead.
Sticking to last point.
Best value: 17.72%
Step: 48 | Mode: explore | Action: 1
BLIP2ITMClient.cosine: (480, 640, 3), Seems like there is a tv ahead.
BLIP2ITMClient.cosine: (480, 640, 3), Seems like there is a tv ahead.
Sticking to last point.
Best value: 17.25%
Step: 49 | Mode: explore | Action: 1
BLIP2ITMClient.cosine: (480, 640, 3), Seems like there is a tv ahead.
BLIP2ITMClient.cosine: (480, 640, 3), Seems like there is a tv ahead.
Sticking to last point.
Best value: 16.52%
Step: 50 | Mode: explore | Action: 1
BLIP2ITMClient.cosine: (480, 640, 3), Seems like there is a tv ahead.
BLIP2ITMClient.cosine: (480, 640, 3), Seems like there is a tv ahead.
Best value: 16.52%
Step: 51 | Mode: explore | Action: 1
BLIP2ITMClient.cosine: (480, 640, 3), Seems like there is a tv ahead.
Sticking to last point.
Best value: 16.52%
Step: 52 | Mode: explore | Action: 1
BLIP2ITMClient.cosine: (480, 640, 3), Seems like there is a tv ahead.
Sticking to last point.
Best value: 16.52%
Step: 53 | Mode: explore | Action: 3
BLIP2ITMClient.cosine: (480, 640, 3), Seems like there is a tv ahead.
Sticking to last point.
Best value: 16.52%
Step: 54 | Mode: explore | Action: 1
BLIP2ITMClient.cosine: (480, 640, 3), Seems like there is a tv ahead.
Sticking to last point.
Best value: 16.52%
Step: 55 | Mode: explore | Action: 1
BLIP2ITMClient.cosine: (480, 640, 3), Seems like there is a tv ahead.
Sticking to last point.
Best value: 16.52%
Step: 56 | Mode: explore | Action: 1
BLIP2ITMClient.cosine: (480, 640, 3), Seems like there is a tv ahead.
Sticking to last point.
Best value: 16.52%
Step: 57 | Mode: explore | Action: 1
BLIP2ITMClient.cosine: (480, 640, 3), Seems like there is a tv ahead.
Sticking to last point.
Best value: 16.52%
Step: 58 | Mode: explore | Action: 1
BLIP2ITMClient.cosine: (480, 640, 3), Seems like there is a tv ahead.
BLIP2ITMClient.cosine: (480, 640, 3), Seems like there is a tv ahead.
Sticking to last point.
Best value: 16.52%
Step: 59 | Mode: explore | Action: 1
BLIP2ITMClient.cosine: (480, 640, 3), Seems like there is a tv ahead.
BLIP2ITMClient.cosine: (480, 640, 3), Seems like there is a tv ahead.
Sticking to last point.
Best value: 16.52%
Step: 60 | Mode: explore | Action: 1
BLIP2ITMClient.cosine: (480, 640, 3), Seems like there is a tv ahead.
BLIP2ITMClient.cosine: (480, 640, 3), Seems like there is a tv ahead.
Sticking to last point.
Best value: 16.52%
Step: 61 | Mode: explore | Action: 1
BLIP2ITMClient.cosine: (480, 640, 3), Seems like there is a tv ahead.
BLIP2ITMClient.cosine: (480, 640, 3), Seems like there is a tv ahead.
Sticking to last point.
Best value: 16.52%
Step: 62 | Mode: explore | Action: 1
BLIP2ITMClient.cosine: (480, 640, 3), Seems like there is a tv ahead.
BLIP2ITMClient.cosine: (480, 640, 3), Seems like there is a tv ahead.
Sticking to last point.
Best value: 16.52%
Step: 63 | Mode: explore | Action: 1
BLIP2ITMClient.cosine: (480, 640, 3), Seems like there is a tv ahead.
BLIP2ITMClient.cosine: (480, 640, 3), Seems like there is a tv ahead.
Sticking to last point.
Best value: 16.52%
Step: 64 | Mode: explore | Action: 2
BLIP2ITMClient.cosine: (480, 640, 3), Seems like there is a tv ahead.
Sticking to last point.
Best value: 16.52%
Step: 65 | Mode: explore | Action: 1
BLIP2ITMClient.cosine: (480, 640, 3), Seems like there is a tv ahead.
BLIP2ITMClient.cosine: (480, 640, 3), Seems like there is a tv ahead.
Best value: 14.68%
Step: 66 | Mode: explore | Action: 1
BLIP2ITMClient.cosine: (480, 640, 3), Seems like there is a tv ahead.
Sticking to last point.
Best value: 14.68%
Step: 67 | Mode: explore | Action: 1
BLIP2ITMClient.cosine: (480, 640, 3), Seems like there is a tv ahead.
BLIP2ITMClient.cosine: (480, 640, 3), Seems like there is a tv ahead.
Sticking to last point.
Best value: 14.68%
Step: 68 | Mode: explore | Action: 1
BLIP2ITMClient.cosine: (480, 640, 3), Seems like there is a tv ahead.
BLIP2ITMClient.cosine: (480, 640, 3), Seems like there is a tv ahead.
Best value: 13.41%
Step: 69 | Mode: explore | Action: 3
BLIP2ITMClient.cosine: (480, 640, 3), Seems like there is a tv ahead.
BLIP2ITMClient.cosine: (480, 640, 3), Seems like there is a tv ahead.
Best value: 12.86%
Step: 70 | Mode: explore | Action: 2
BLIP2ITMClient.cosine: (480, 640, 3), Seems like there is a tv ahead.
Sticking to last point.
Best value: 12.86%
Step: 71 | Mode: explore | Action: 2
BLIP2ITMClient.cosine: (480, 640, 3), Seems like there is a tv ahead.
Best value: 12.86%
Step: 72 | Mode: explore | Action: 1
BLIP2ITMClient.cosine: (480, 640, 3), Seems like there is a tv ahead.
Sticking to last point.
Best value: 12.86%
Step: 73 | Mode: explore | Action: 3
BLIP2ITMClient.cosine: (480, 640, 3), Seems like there is a tv ahead.
BLIP2ITMClient.cosine: (480, 640, 3), Seems like there is a tv ahead.
Sticking to last point.
Best value: 15.80%
Step: 74 | Mode: explore | Action: 1
BLIP2ITMClient.cosine: (480, 640, 3), Seems like there is a tv ahead.
BLIP2ITMClient.cosine: (480, 640, 3), Seems like there is a tv ahead.
Best value: 14.34%
Step: 75 | Mode: explore | Action: 1
BLIP2ITMClient.cosine: (480, 640, 3), Seems like there is a tv ahead.
BLIP2ITMClient.cosine: (480, 640, 3), Seems like there is a tv ahead.
Best value: 15.36%
Step: 76 | Mode: explore | Action: 1
BLIP2ITMClient.cosine: (480, 640, 3), Seems like there is a tv ahead.
BLIP2ITMClient.cosine: (480, 640, 3), Seems like there is a tv ahead.
Sticking to last point.
Best value: 15.24%
Step: 77 | Mode: explore | Action: 1
BLIP2ITMClient.cosine: (480, 640, 3), Seems like there is a tv ahead.
BLIP2ITMClient.cosine: (480, 640, 3), Seems like there is a tv ahead.
Best value: 14.04%
Step: 78 | Mode: explore | Action: 1
BLIP2ITMClient.cosine: (480, 640, 3), Seems like there is a tv ahead.
BLIP2ITMClient.cosine: (480, 640, 3), Seems like there is a tv ahead.
Sticking to last point.
Best value: 15.03%
Step: 79 | Mode: explore | Action: 2
BLIP2ITMClient.cosine: (480, 640, 3), Seems like there is a tv ahead.
Sticking to last point.
Best value: 15.03%
Step: 80 | Mode: explore | Action: 1
BLIP2ITMClient.cosine: (480, 640, 3), Seems like there is a tv ahead.
Sticking to last point.
Best value: 15.03%
Step: 81 | Mode: explore | Action: 3
BLIP2ITMClient.cosine: (480, 640, 3), Seems like there is a tv ahead.
BLIP2ITMClient.cosine: (480, 640, 3), Seems like there is a tv ahead.
Sticking to last point.
Best value: 15.81%
Step: 82 | Mode: explore | Action: 2
BLIP2ITMClient.cosine: (480, 640, 3), Seems like there is a tv ahead.
Sticking to last point.
Best value: 15.81%
Step: 83 | Mode: explore | Action: 3
BLIP2ITMClient.cosine: (480, 640, 3), Seems like there is a tv ahead.
Sticking to last point.
Best value: 15.81%
Step: 84 | Mode: explore | Action: 3
BLIP2ITMClient.cosine: (480, 640, 3), Seems like there is a tv ahead.
BLIP2ITMClient.cosine: (480, 640, 3), Seems like there is a tv ahead.
Best value: 15.81%
Step: 85 | Mode: explore | Action: 2
BLIP2ITMClient.cosine: (480, 640, 3), Seems like there is a tv ahead.
Sticking to last point.
Best value: 15.81%
Step: 86 | Mode: explore | Action: 3
BLIP2ITMClient.cosine: (480, 640, 3), Seems like there is a tv ahead.
Sticking to last point.
Best value: 15.81%
Step: 87 | Mode: explore | Action: 3
BLIP2ITMClient.cosine: (480, 640, 3), Seems like there is a tv ahead.
Sticking to last point.
Best value: 15.81%
Step: 88 | Mode: explore | Action: 3
BLIP2ITMClient.cosine: (480, 640, 3), Seems like there is a tv ahead.
Sticking to last point.
Best value: 15.81%
Step: 89 | Mode: explore | Action: 3
BLIP2ITMClient.cosine: (480, 640, 3), Seems like there is a tv ahead.
BLIP2ITMClient.cosine: (480, 640, 3), Seems like there is a tv ahead.
Sticking to last point.
Best value: 15.81%
Step: 90 | Mode: explore | Action: 3
BLIP2ITMClient.cosine: (480, 640, 3), Seems like there is a tv ahead.
Sticking to last point.
Best value: 15.81%
Step: 91 | Mode: explore | Action: 1
BLIP2ITMClient.cosine: (480, 640, 3), Seems like there is a tv ahead.
BLIP2ITMClient.cosine: (480, 640, 3), Seems like there is a tv ahead.
Sticking to last point.
Best value: 15.81%
Step: 92 | Mode: explore | Action: 1
BLIP2ITMClient.cosine: (480, 640, 3), Seems like there is a tv ahead.
BLIP2ITMClient.cosine: (480, 640, 3), Seems like there is a tv ahead.
Sticking to last point.
Best value: 15.81%
Step: 93 | Mode: explore | Action: 1
BLIP2ITMClient.cosine: (480, 640, 3), Seems like there is a tv ahead.
BLIP2ITMClient.cosine: (480, 640, 3), Seems like there is a tv ahead.
Sticking to last point.
Best value: 15.81%
Step: 94 | Mode: explore | Action: 1
BLIP2ITMClient.cosine: (480, 640, 3), Seems like there is a tv ahead.
BLIP2ITMClient.cosine: (480, 640, 3), Seems like there is a tv ahead.
Sticking to last point.
Best value: 15.81%
Step: 95 | Mode: explore | Action: 1
BLIP2ITMClient.cosine: (480, 640, 3), Seems like there is a tv ahead.
Sticking to last point.
Best value: 15.81%
Step: 96 | Mode: explore | Action: 2
BLIP2ITMClient.cosine: (480, 640, 3), Seems like there is a tv ahead.
BLIP2ITMClient.cosine: (480, 640, 3), Seems like there is a tv ahead.
Sticking to last point.
Best value: 15.81%
Step: 97 | Mode: explore | Action: 2
BLIP2ITMClient.cosine: (480, 640, 3), Seems like there is a tv ahead.
Sticking to last point.
Best value: 15.81%
Step: 98 | Mode: explore | Action: 3
BLIP2ITMClient.cosine: (480, 640, 3), Seems like there is a tv ahead.
Sticking to last point.
Best value: 15.81%
Step: 99 | Mode: explore | Action: 1
BLIP2ITMClient.cosine: (480, 640, 3), Seems like there is a tv ahead.
BLIP2ITMClient.cosine: (480, 640, 3), Seems like there is a tv ahead.
Sticking to last point.
Best value: 15.81%
Step: 100 | Mode: explore | Action: 1
BLIP2ITMClient.cosine: (480, 640, 3), Seems like there is a tv ahead.
Sticking to last point.
Best value: 15.81%
Step: 101 | Mode: explore | Action: 3
BLIP2ITMClient.cosine: (480, 640, 3), Seems like there is a tv ahead.
Sticking to last point.
Best value: 15.81%
Step: 102 | Mode: explore | Action: 1
BLIP2ITMClient.cosine: (480, 640, 3), Seems like there is a tv ahead.
Sticking to last point.
Best value: 15.81%
Step: 103 | Mode: explore | Action: 3
BLIP2ITMClient.cosine: (480, 640, 3), Seems like there is a tv ahead.
Sticking to last point.
Best value: 15.81%
Step: 104 | Mode: explore | Action: 1
BLIP2ITMClient.cosine: (480, 640, 3), Seems like there is a tv ahead.
Sticking to last point.
Best value: 15.81%
Step: 105 | Mode: explore | Action: 2
BLIP2ITMClient.cosine: (480, 640, 3), Seems like there is a tv ahead.
Sticking to last point.
Best value: 15.81%
Step: 106 | Mode: explore | Action: 2
BLIP2ITMClient.cosine: (480, 640, 3), Seems like there is a tv ahead.
Sticking to last point.
Best value: 15.81%
Step: 107 | Mode: explore | Action: 1
BLIP2ITMClient.cosine: (480, 640, 3), Seems like there is a tv ahead.
Sticking to last point.
Best value: 15.81%
Step: 108 | Mode: explore | Action: 2
BLIP2ITMClient.cosine: (480, 640, 3), Seems like there is a tv ahead.
Sticking to last point.
Best value: 15.81%
Step: 109 | Mode: explore | Action: 1
BLIP2ITMClient.cosine: (480, 640, 3), Seems like there is a tv ahead.
Sticking to last point.
Best value: 15.81%
Step: 110 | Mode: explore | Action: 2
BLIP2ITMClient.cosine: (480, 640, 3), Seems like there is a tv ahead.
BLIP2ITMClient.cosine: (480, 640, 3), Seems like there is a tv ahead.
Sticking to last point.
Best value: 15.81%
Step: 111 | Mode: explore | Action: 1
BLIP2ITMClient.cosine: (480, 640, 3), Seems like there is a tv ahead.
Sticking to last point.
Best value: 15.81%
Step: 112 | Mode: explore | Action: 3
BLIP2ITMClient.cosine: (480, 640, 3), Seems like there is a tv ahead.
Sticking to last point.
Best value: 15.81%
Step: 113 | Mode: explore | Action: 3
BLIP2ITMClient.cosine: (480, 640, 3), Seems like there is a tv ahead.
Sticking to last point.
Best value: 15.81%
Step: 114 | Mode: explore | Action: 3
BLIP2ITMClient.cosine: (480, 640, 3), Seems like there is a tv ahead.
Sticking to last point.
Best value: 15.81%
Step: 115 | Mode: explore | Action: 1
BLIP2ITMClient.cosine: (480, 640, 3), Seems like there is a tv ahead.
Sticking to last point.
Best value: 15.81%
Step: 116 | Mode: explore | Action: 3
BLIP2ITMClient.cosine: (480, 640, 3), Seems like there is a tv ahead.
Sticking to last point.
Best value: 15.81%
Step: 117 | Mode: explore | Action: 1
BLIP2ITMClient.cosine: (480, 640, 3), Seems like there is a tv ahead.
Sticking to last point.
Best value: 15.81%
Step: 118 | Mode: explore | Action: 3
BLIP2ITMClient.cosine: (480, 640, 3), Seems like there is a tv ahead.
Sticking to last point.
Best value: 15.81%
Step: 119 | Mode: explore | Action: 1
BLIP2ITMClient.cosine: (480, 640, 3), Seems like there is a tv ahead.
Sticking to last point.
Best value: 15.81%
Step: 120 | Mode: explore | Action: 2
BLIP2ITMClient.cosine: (480, 640, 3), Seems like there is a tv ahead.
Sticking to last point.
Best value: 15.81%
Step: 121 | Mode: explore | Action: 2
BLIP2ITMClient.cosine: (480, 640, 3), Seems like there is a tv ahead.
Sticking to last point.
Best value: 15.81%
Step: 122 | Mode: explore | Action: 2
BLIP2ITMClient.cosine: (480, 640, 3), Seems like there is a tv ahead.
Sticking to last point.
Best value: 15.81%
Step: 123 | Mode: explore | Action: 1
BLIP2ITMClient.cosine: (480, 640, 3), Seems like there is a tv ahead.
Sticking to last point.
Best value: 15.81%
Step: 124 | Mode: explore | Action: 2
BLIP2ITMClient.cosine: (480, 640, 3), Seems like there is a tv ahead.
Sticking to last point.
Best value: 15.81%
Step: 125 | Mode: explore | Action: 1
BLIP2ITMClient.cosine: (480, 640, 3), Seems like there is a tv ahead.
Sticking to last point.
Best value: 15.81%
Step: 126 | Mode: explore | Action: 2
BLIP2ITMClient.cosine: (480, 640, 3), Seems like there is a tv ahead.
Sticking to last point.
Best value: 15.81%
Step: 127 | Mode: explore | Action: 1
BLIP2ITMClient.cosine: (480, 640, 3), Seems like there is a tv ahead.
Sticking to last point.
Best value: 15.81%
Step: 128 | Mode: explore | Action: 3
BLIP2ITMClient.cosine: (480, 640, 3), Seems like there is a tv ahead.
Sticking to last point.
Best value: 15.81%
Step: 129 | Mode: explore | Action: 3
BLIP2ITMClient.cosine: (480, 640, 3), Seems like there is a tv ahead.
Sticking to last point.
Best value: 15.81%
Step: 130 | Mode: explore | Action: 3
BLIP2ITMClient.cosine: (480, 640, 3), Seems like there is a tv ahead.
Sticking to last point.
Best value: 15.81%
Step: 131 | Mode: explore | Action: 1
BLIP2ITMClient.cosine: (480, 640, 3), Seems like there is a tv ahead.
Sticking to last point.
Best value: 15.81%
Step: 132 | Mode: explore | Action: 3
BLIP2ITMClient.cosine: (480, 640, 3), Seems like there is a tv ahead.
Sticking to last point.
Best value: 15.81%
Step: 133 | Mode: explore | Action: 1
BLIP2ITMClient.cosine: (480, 640, 3), Seems like there is a tv ahead.
Sticking to last point.
Best value: 15.81%
Step: 134 | Mode: explore | Action: 3
BLIP2ITMClient.cosine: (480, 640, 3), Seems like there is a tv ahead.
Sticking to last point.
Best value: 15.81%
Step: 135 | Mode: explore | Action: 1
BLIP2ITMClient.cosine: (480, 640, 3), Seems like there is a tv ahead.
Sticking to last point.
Best value: 15.81%
Step: 136 | Mode: explore | Action: 2
BLIP2ITMClient.cosine: (480, 640, 3), Seems like there is a tv ahead.
Sticking to last point.
Best value: 15.81%
Step: 137 | Mode: explore | Action: 2
BLIP2ITMClient.cosine: (480, 640, 3), Seems like there is a tv ahead.
Sticking to last point.
Best value: 15.81%
Step: 138 | Mode: explore | Action: 1
BLIP2ITMClient.cosine: (480, 640, 3), Seems like there is a tv ahead.
Sticking to last point.
Best value: 15.81%
Step: 139 | Mode: explore | Action: 3
BLIP2ITMClient.cosine: (480, 640, 3), Seems like there is a tv ahead.
Sticking to last point.
Best value: 15.81%
Step: 140 | Mode: explore | Action: 1
BLIP2ITMClient.cosine: (480, 640, 3), Seems like there is a tv ahead.
Sticking to last point.
Best value: 15.81%
Step: 141 | Mode: explore | Action: 3
BLIP2ITMClient.cosine: (480, 640, 3), Seems like there is a tv ahead.
Sticking to last point.
Best value: 15.81%
Step: 142 | Mode: explore | Action: 1
BLIP2ITMClient.cosine: (480, 640, 3), Seems like there is a tv ahead.
Sticking to last point.
Best value: 15.81%
Step: 143 | Mode: explore | Action: 3
BLIP2ITMClient.cosine: (480, 640, 3), Seems like there is a tv ahead.
Sticking to last point.
Best value: 15.81%
Step: 144 | Mode: explore | Action: 1
BLIP2ITMClient.cosine: (480, 640, 3), Seems like there is a tv ahead.
Sticking to last point.
Best value: 15.81%
Step: 145 | Mode: explore | Action: 2
BLIP2ITMClient.cosine: (480, 640, 3), Seems like there is a tv ahead.
Sticking to last point.
Best value: 15.81%
Step: 146 | Mode: explore | Action: 1
BLIP2ITMClient.cosine: (480, 640, 3), Seems like there is a tv ahead.
Sticking to last point.
Best value: 15.81%
Step: 147 | Mode: explore | Action: 2
BLIP2ITMClient.cosine: (480, 640, 3), Seems like there is a tv ahead.
Sticking to last point.
Best value: 15.81%
Step: 148 | Mode: explore | Action: 2
BLIP2ITMClient.cosine: (480, 640, 3), Seems like there is a tv ahead.
Sticking to last point.
Best value: 15.81%
Step: 149 | Mode: explore | Action: 2
BLIP2ITMClient.cosine: (480, 640, 3), Seems like there is a tv ahead.
Sticking to last point.
Best value: 15.81%
Step: 150 | Mode: explore | Action: 1
BLIP2ITMClient.cosine: (480, 640, 3), Seems like there is a tv ahead.
Sticking to last point.
Best value: 15.81%
Step: 151 | Mode: explore | Action: 2
BLIP2ITMClient.cosine: (480, 640, 3), Seems like there is a tv ahead.
BLIP2ITMClient.cosine: (480, 640, 3), Seems like there is a tv ahead.
Sticking to last point.
Best value: 15.81%
Step: 152 | Mode: explore | Action: 1
BLIP2ITMClient.cosine: (480, 640, 3), Seems like there is a tv ahead.
BLIP2ITMClient.cosine: (480, 640, 3), Seems like there is a tv ahead.
Sticking to last point.
Best value: 15.81%
Step: 153 | Mode: explore | Action: 1
BLIP2ITMClient.cosine: (480, 640, 3), Seems like there is a tv ahead.
Sticking to last point.
Best value: 15.81%
Step: 154 | Mode: explore | Action: 2
BLIP2ITMClient.cosine: (480, 640, 3), Seems like there is a tv ahead.
BLIP2ITMClient.cosine: (480, 640, 3), Seems like there is a tv ahead.
Sticking to last point.
Best value: 15.81%
Step: 155 | Mode: explore | Action: 1
BLIP2ITMClient.cosine: (480, 640, 3), Seems like there is a tv ahead.
BLIP2ITMClient.cosine: (480, 640, 3), Seems like there is a tv ahead.
Sticking to last point.
Best value: 15.81%
Step: 156 | Mode: explore | Action: 1
BLIP2ITMClient.cosine: (480, 640, 3), Seems like there is a tv ahead.
BLIP2ITMClient.cosine: (480, 640, 3), Seems like there is a tv ahead.
Sticking to last point.
Best value: 15.81%
Step: 157 | Mode: explore | Action: 1
BLIP2ITMClient.cosine: (480, 640, 3), Seems like there is a tv ahead.
BLIP2ITMClient.cosine: (480, 640, 3), Seems like there is a tv ahead.
Sticking to last point.
Best value: 15.81%
Step: 158 | Mode: explore | Action: 2
BLIP2ITMClient.cosine: (480, 640, 3), Seems like there is a tv ahead.
BLIP2ITMClient.cosine: (480, 640, 3), Seems like there is a tv ahead.
Sticking to last point.
Best value: 15.81%
Step: 159 | Mode: explore | Action: 1
BLIP2ITMClient.cosine: (480, 640, 3), Seems like there is a tv ahead.
BLIP2ITMClient.cosine: (480, 640, 3), Seems like there is a tv ahead.
Sticking to last point.
Best value: 15.81%
Step: 160 | Mode: explore | Action: 1
BLIP2ITMClient.cosine: (480, 640, 3), Seems like there is a tv ahead.
BLIP2ITMClient.cosine: (480, 640, 3), Seems like there is a tv ahead.
Sticking to last point.
Best value: 15.81%
Step: 161 | Mode: explore | Action: 1
BLIP2ITMClient.cosine: (480, 640, 3), Seems like there is a tv ahead.
Sticking to last point.
Best value: 15.81%
Step: 162 | Mode: explore | Action: 3
BLIP2ITMClient.cosine: (480, 640, 3), Seems like there is a tv ahead.
Sticking to last point.
Best value: 15.81%
Step: 163 | Mode: explore | Action: 1
BLIP2ITMClient.cosine: (480, 640, 3), Seems like there is a tv ahead.
Sticking to last point.
Best value: 15.81%
Step: 164 | Mode: explore | Action: 3
BLIP2ITMClient.cosine: (480, 640, 3), Seems like there is a tv ahead.
Sticking to last point.
Best value: 15.81%
Step: 165 | Mode: explore | Action: 1
BLIP2ITMClient.cosine: (480, 640, 3), Seems like there is a tv ahead.
Sticking to last point.
Best value: 15.81%
Step: 166 | Mode: explore | Action: 2
BLIP2ITMClient.cosine: (480, 640, 3), Seems like there is a tv ahead.
BLIP2ITMClient.cosine: (480, 640, 3), Seems like there is a tv ahead.
Best value: 16.00%
Step: 167 | Mode: explore | Action: 2
BLIP2ITMClient.cosine: (480, 640, 3), Seems like there is a tv ahead.
BLIP2ITMClient.cosine: (480, 640, 3), Seems like there is a tv ahead.
Sticking to last point.
Best value: 17.65%
Step: 168 | Mode: explore | Action: 1
BLIP2ITMClient.cosine: (480, 640, 3), Seems like there is a tv ahead.
BLIP2ITMClient.cosine: (480, 640, 3), Seems like there is a tv ahead.
Sticking to last point.
Best value: 17.28%
Step: 169 | Mode: explore | Action: 1
BLIP2ITMClient.cosine: (480, 640, 3), Seems like there is a tv ahead.
BLIP2ITMClient.cosine: (480, 640, 3), Seems like there is a tv ahead.
Sticking to last point.
Best value: 17.23%
Step: 170 | Mode: explore | Action: 2
BLIP2ITMClient.cosine: (480, 640, 3), Seems like there is a tv ahead.
Sticking to last point.
Best value: 17.23%
Step: 171 | Mode: explore | Action: 1
BLIP2ITMClient.cosine: (480, 640, 3), Seems like there is a tv ahead.
BLIP2ITMClient.cosine: (480, 640, 3), Seems like there is a tv ahead.
Sticking to last point.
Best value: 19.80%
Step: 172 | Mode: explore | Action: 1
BLIP2ITMClient.cosine: (480, 640, 3), Seems like there is a tv ahead.
BLIP2ITMClient.cosine: (480, 640, 3), Seems like there is a tv ahead.
Best value: 17.91%
Step: 173 | Mode: explore | Action: 1
BLIP2ITMClient.cosine: (480, 640, 3), Seems like there is a tv ahead.
BLIP2ITMClient.cosine: (480, 640, 3), Seems like there is a tv ahead.
Sticking to last point.
Best value: 17.91%
Step: 174 | Mode: explore | Action: 1
BLIP2ITMClient.cosine: (480, 640, 3), Seems like there is a tv ahead.
BLIP2ITMClient.cosine: (480, 640, 3), Seems like there is a tv ahead.
Sticking to last point.
Best value: 17.76%
Step: 175 | Mode: explore | Action: 3
BLIP2ITMClient.cosine: (480, 640, 3), Seems like there is a tv ahead.
Sticking to last point.
Best value: 17.76%
Step: 176 | Mode: explore | Action: 1
BLIP2ITMClient.cosine: (480, 640, 3), Seems like there is a tv ahead.
BLIP2ITMClient.cosine: (480, 640, 3), Seems like there is a tv ahead.
Sticking to last point.
Best value: 17.76%
Step: 177 | Mode: explore | Action: 1
BLIP2ITMClient.cosine: (480, 640, 3), Seems like there is a tv ahead.
BLIP2ITMClient.cosine: (480, 640, 3), Seems like there is a tv ahead.
Sticking to last point.
Best value: 17.76%
Step: 178 | Mode: explore | Action: 1
BLIP2ITMClient.cosine: (480, 640, 3), Seems like there is a tv ahead.
BLIP2ITMClient.cosine: (480, 640, 3), Seems like there is a tv ahead.
Sticking to last point.
Best value: 17.76%
Step: 179 | Mode: explore | Action: 1
BLIP2ITMClient.cosine: (480, 640, 3), Seems like there is a tv ahead.
BLIP2ITMClient.cosine: (480, 640, 3), Seems like there is a tv ahead.
Sticking to last point.
Best value: 17.76%
Step: 180 | Mode: explore | Action: 1
BLIP2ITMClient.cosine: (480, 640, 3), Seems like there is a tv ahead.
BLIP2ITMClient.cosine: (480, 640, 3), Seems like there is a tv ahead.
Sticking to last point.
Best value: 17.30%
Step: 181 | Mode: explore | Action: 1
BLIP2ITMClient.cosine: (480, 640, 3), Seems like there is a tv ahead.
BLIP2ITMClient.cosine: (480, 640, 3), Seems like there is a tv ahead.
Sticking to last point.
Best value: 17.19%
Step: 182 | Mode: explore | Action: 1
BLIP2ITMClient.cosine: (480, 640, 3), Seems like there is a tv ahead.
BLIP2ITMClient.cosine: (480, 640, 3), Seems like there is a tv ahead.
Sticking to last point.
Best value: 17.43%
Step: 183 | Mode: explore | Action: 1
BLIP2ITMClient.cosine: (480, 640, 3), Seems like there is a tv ahead.
BLIP2ITMClient.cosine: (480, 640, 3), Seems like there is a tv ahead.
Sticking to last point.
Best value: 16.67%
Step: 184 | Mode: explore | Action: 1
BLIP2ITMClient.cosine: (480, 640, 3), Seems like there is a tv ahead.
BLIP2ITMClient.cosine: (480, 640, 3), Seems like there is a tv ahead.
Best value: 17.19%
Step: 185 | Mode: explore | Action: 1
BLIP2ITMClient.cosine: (480, 640, 3), Seems like there is a tv ahead.
Sticking to last point.
Best value: 17.19%
Step: 186 | Mode: explore | Action: 3
BLIP2ITMClient.cosine: (480, 640, 3), Seems like there is a tv ahead.
BLIP2ITMClient.cosine: (480, 640, 3), Seems like there is a tv ahead.
Sticking to last point.
Best value: 17.38%
Step: 187 | Mode: explore | Action: 1
BLIP2ITMClient.cosine: (480, 640, 3), Seems like there is a tv ahead.
BLIP2ITMClient.cosine: (480, 640, 3), Seems like there is a tv ahead.
Sticking to last point.
Best value: 17.38%
Step: 188 | Mode: explore | Action: 3
BLIP2ITMClient.cosine: (480, 640, 3), Seems like there is a tv ahead.
BLIP2ITMClient.cosine: (480, 640, 3), Seems like there is a tv ahead.
Best value: 17.38%
Step: 189 | Mode: explore | Action: 2
BLIP2ITMClient.cosine: (480, 640, 3), Seems like there is a tv ahead.
Sticking to last point.
Best value: 17.38%
Step: 190 | Mode: explore | Action: 1
BLIP2ITMClient.cosine: (480, 640, 3), Seems like there is a tv ahead.
BLIP2ITMClient.cosine: (480, 640, 3), Seems like there is a tv ahead.
Sticking to last point.
Best value: 17.38%
Step: 191 | Mode: explore | Action: 3
BLIP2ITMClient.cosine: (480, 640, 3), Seems like there is a tv ahead.
Sticking to last point.
Best value: 17.38%
Step: 192 | Mode: explore | Action: 1
BLIP2ITMClient.cosine: (480, 640, 3), Seems like there is a tv ahead.
Sticking to last point.
Best value: 17.38%
Step: 193 | Mode: explore | Action: 1
BLIP2ITMClient.cosine: (480, 640, 3), Seems like there is a tv ahead.
Sticking to last point.
Best value: 17.38%
Step: 194 | Mode: explore | Action: 1
BLIP2ITMClient.cosine: (480, 640, 3), Seems like there is a tv ahead.
Sticking to last point.
Best value: 17.38%
Step: 195 | Mode: explore | Action: 1
BLIP2ITMClient.cosine: (480, 640, 3), Seems like there is a tv ahead.
Sticking to last point.
Best value: 17.38%
Step: 196 | Mode: explore | Action: 1
BLIP2ITMClient.cosine: (480, 640, 3), Seems like there is a tv ahead.
Sticking to last point.
Best value: 17.38%
Step: 197 | Mode: explore | Action: 1
BLIP2ITMClient.cosine: (480, 640, 3), Seems like there is a tv ahead.
Sticking to last point.
Best value: 17.38%
Step: 198 | Mode: explore | Action: 3
BLIP2ITMClient.cosine: (480, 640, 3), Seems like there is a tv ahead.
Sticking to last point.
Best value: 17.38%
Step: 199 | Mode: explore | Action: 1
BLIP2ITMClient.cosine: (480, 640, 3), Seems like there is a tv ahead.
BLIP2ITMClient.cosine: (480, 640, 3), Seems like there is a tv ahead.
Best value: 19.03%
Step: 200 | Mode: explore | Action: 2
BLIP2ITMClient.cosine: (480, 640, 3), Seems like there is a tv ahead.
Sticking to last point.
Best value: 19.03%
Step: 201 | Mode: explore | Action: 2
BLIP2ITMClient.cosine: (480, 640, 3), Seems like there is a tv ahead.
Sticking to last point.
Best value: 19.03%
Step: 202 | Mode: explore | Action: 2
BLIP2ITMClient.cosine: (480, 640, 3), Seems like there is a tv ahead.
Sticking to last point.
Best value: 19.03%
Step: 203 | Mode: explore | Action: 2
BLIP2ITMClient.cosine: (480, 640, 3), Seems like there is a tv ahead.
Sticking to last point.
Best value: 19.03%
Step: 204 | Mode: explore | Action: 2
BLIP2ITMClient.cosine: (480, 640, 3), Seems like there is a tv ahead.
Sticking to last point.
Best value: 19.03%
Step: 205 | Mode: explore | Action: 2
BLIP2ITMClient.cosine: (480, 640, 3), Seems like there is a tv ahead.
Sticking to last point.
Best value: 19.03%
Step: 206 | Mode: explore | Action: 1
BLIP2ITMClient.cosine: (480, 640, 3), Seems like there is a tv ahead.
Sticking to last point.
Best value: 19.03%
Step: 207 | Mode: explore | Action: 1
BLIP2ITMClient.cosine: (480, 640, 3), Seems like there is a tv ahead.
Sticking to last point.
Best value: 19.03%
Step: 208 | Mode: explore | Action: 1
BLIP2ITMClient.cosine: (480, 640, 3), Seems like there is a tv ahead.
Sticking to last point.
Best value: 19.03%
Step: 209 | Mode: explore | Action: 1
BLIP2ITMClient.cosine: (480, 640, 3), Seems like there is a tv ahead.
Sticking to last point.
Best value: 19.03%
Step: 210 | Mode: explore | Action: 3
BLIP2ITMClient.cosine: (480, 640, 3), Seems like there is a tv ahead.
BLIP2ITMClient.cosine: (480, 640, 3), Seems like there is a tv ahead.
Best value: 17.38%
Step: 211 | Mode: explore | Action: 1
BLIP2ITMClient.cosine: (480, 640, 3), Seems like there is a tv ahead.
Sticking to last point.
Best value: 17.38%
Step: 212 | Mode: explore | Action: 3
BLIP2ITMClient.cosine: (480, 640, 3), Seems like there is a tv ahead.
BLIP2ITMClient.cosine: (480, 640, 3), Seems like there is a tv ahead.
Sticking to last point.
Best value: 17.38%
Step: 213 | Mode: explore | Action: 1
BLIP2ITMClient.cosine: (480, 640, 3), Seems like there is a tv ahead.
Sticking to last point.
Best value: 17.38%
Step: 214 | Mode: explore | Action: 1
BLIP2ITMClient.cosine: (480, 640, 3), Seems like there is a tv ahead.
Sticking to last point.
Best value: 17.38%
Step: 215 | Mode: explore | Action: 1
BLIP2ITMClient.cosine: (480, 640, 3), Seems like there is a tv ahead.
BLIP2ITMClient.cosine: (480, 640, 3), Seems like there is a tv ahead.
Best value: 17.97%
Step: 216 | Mode: explore | Action: 3
BLIP2ITMClient.cosine: (480, 640, 3), Seems like there is a tv ahead.
Sticking to last point.
Best value: 17.97%
Step: 217 | Mode: explore | Action: 1
BLIP2ITMClient.cosine: (480, 640, 3), Seems like there is a tv ahead.
BLIP2ITMClient.cosine: (480, 640, 3), Seems like there is a tv ahead.
Sticking to last point.
Best value: 17.97%
Step: 218 | Mode: explore | Action: 1
BLIP2ITMClient.cosine: (480, 640, 3), Seems like there is a tv ahead.
BLIP2ITMClient.cosine: (480, 640, 3), Seems like there is a tv ahead.
Sticking to last point.
Best value: 17.97%
Step: 219 | Mode: explore | Action: 1
BLIP2ITMClient.cosine: (480, 640, 3), Seems like there is a tv ahead.
BLIP2ITMClient.cosine: (480, 640, 3), Seems like there is a tv ahead.
Sticking to last point.
Best value: 17.97%
Step: 220 | Mode: explore | Action: 1
BLIP2ITMClient.cosine: (480, 640, 3), Seems like there is a tv ahead.
Sticking to last point.
Best value: 17.97%
Step: 221 | Mode: explore | Action: 1
BLIP2ITMClient.cosine: (480, 640, 3), Seems like there is a tv ahead.
Sticking to last point.
Best value: 17.97%
Step: 222 | Mode: explore | Action: 2
BLIP2ITMClient.cosine: (480, 640, 3), Seems like there is a tv ahead.
BLIP2ITMClient.cosine: (480, 640, 3), Seems like there is a tv ahead.
Sticking to last point.
Best value: 17.97%
Step: 223 | Mode: explore | Action: 1
BLIP2ITMClient.cosine: (480, 640, 3), Seems like there is a tv ahead.
Sticking to last point.
Best value: 17.97%
Step: 224 | Mode: explore | Action: 1
BLIP2ITMClient.cosine: (480, 640, 3), Seems like there is a tv ahead.
Best value: 16.46%
Step: 225 | Mode: explore | Action: 2
BLIP2ITMClient.cosine: (480, 640, 3), Seems like there is a tv ahead.
Sticking to last point.
Best value: 16.46%
Step: 226 | Mode: explore | Action: 2
BLIP2ITMClient.cosine: (480, 640, 3), Seems like there is a tv ahead.
Sticking to last point.
Best value: 16.46%
Step: 227 | Mode: explore | Action: 1
BLIP2ITMClient.cosine: (480, 640, 3), Seems like there is a tv ahead.
Sticking to last point.
Best value: 16.46%
Step: 228 | Mode: explore | Action: 2
BLIP2ITMClient.cosine: (480, 640, 3), Seems like there is a tv ahead.
Sticking to last point.
Best value: 16.46%
Step: 229 | Mode: explore | Action: 1
BLIP2ITMClient.cosine: (480, 640, 3), Seems like there is a tv ahead.
Best value: 15.58%
Step: 230 | Mode: explore | Action: 2
BLIP2ITMClient.cosine: (480, 640, 3), Seems like there is a tv ahead.
Sticking to last point.
Best value: 15.58%
Step: 231 | Mode: explore | Action: 2
BLIP2ITMClient.cosine: (480, 640, 3), Seems like there is a tv ahead.
Sticking to last point.
Best value: 15.58%
Step: 232 | Mode: explore | Action: 1
BLIP2ITMClient.cosine: (480, 640, 3), Seems like there is a tv ahead.
Sticking to last point.
Best value: 15.58%
Step: 233 | Mode: explore | Action: 2
BLIP2ITMClient.cosine: (480, 640, 3), Seems like there is a tv ahead.
BLIP2ITMClient.cosine: (480, 640, 3), Seems like there is a tv ahead.
Sticking to last point.
Best value: 14.74%
Step: 234 | Mode: explore | Action: 1
BLIP2ITMClient.cosine: (480, 640, 3), Seems like there is a tv ahead.
Sticking to last point.
Best value: 14.74%
Step: 235 | Mode: explore | Action: 2
BLIP2ITMClient.cosine: (480, 640, 3), Seems like there is a tv ahead.
BLIP2ITMClient.cosine: (480, 640, 3), Seems like there is a tv ahead.
Sticking to last point.
Best value: 13.89%
Step: 236 | Mode: explore | Action: 1
BLIP2ITMClient.cosine: (480, 640, 3), Seems like there is a tv ahead.
Sticking to last point.
Best value: 13.89%
Step: 237 | Mode: explore | Action: 2
BLIP2ITMClient.cosine: (480, 640, 3), Seems like there is a tv ahead.
Best value: 13.98%
Step: 238 | Mode: explore | Action: 3
BLIP2ITMClient.cosine: (480, 640, 3), Seems like there is a tv ahead.
Sticking to last point.
Best value: 13.98%
Step: 239 | Mode: explore | Action: 3
BLIP2ITMClient.cosine: (480, 640, 3), Seems like there is a tv ahead.
Sticking to last point.
Best value: 13.98%
Step: 240 | Mode: explore | Action: 1
BLIP2ITMClient.cosine: (480, 640, 3), Seems like there is a tv ahead.
Sticking to last point.
Best value: 13.98%
Step: 241 | Mode: explore | Action: 1
BLIP2ITMClient.cosine: (480, 640, 3), Seems like there is a tv ahead.
Sticking to last point.
Best value: 13.98%
Step: 242 | Mode: explore | Action: 1
BLIP2ITMClient.cosine: (480, 640, 3), Seems like there is a tv ahead.
Sticking to last point.
Best value: 13.98%
Step: 243 | Mode: explore | Action: 1
BLIP2ITMClient.cosine: (480, 640, 3), Seems like there is a tv ahead.
Sticking to last point.
Best value: 13.98%
Step: 244 | Mode: explore | Action: 1
BLIP2ITMClient.cosine: (480, 640, 3), Seems like there is a tv ahead.
Sticking to last point.
Best value: 13.98%
Step: 245 | Mode: explore | Action: 1
BLIP2ITMClient.cosine: (480, 640, 3), Seems like there is a tv ahead.
Sticking to last point.
Best value: 13.98%
Step: 246 | Mode: explore | Action: 1
BLIP2ITMClient.cosine: (480, 640, 3), Seems like there is a tv ahead.
Sticking to last point.
Best value: 13.98%
Step: 247 | Mode: explore | Action: 1
BLIP2ITMClient.cosine: (480, 640, 3), Seems like there is a tv ahead.
Sticking to last point.
Best value: 13.98%
Step: 248 | Mode: explore | Action: 2
BLIP2ITMClient.cosine: (480, 640, 3), Seems like there is a tv ahead.
Sticking to last point.
Best value: 13.98%
Step: 249 | Mode: explore | Action: 1
BLIP2ITMClient.cosine: (480, 640, 3), Seems like there is a tv ahead.
Sticking to last point.
Best value: 13.98%
Step: 250 | Mode: explore | Action: 2
BLIP2ITMClient.cosine: (480, 640, 3), Seems like there is a tv ahead.
Sticking to last point.
Best value: 13.98%
Step: 251 | Mode: explore | Action: 1
BLIP2ITMClient.cosine: (480, 640, 3), Seems like there is a tv ahead.
Sticking to last point.
Best value: 13.98%
Step: 252 | Mode: explore | Action: 1
BLIP2ITMClient.cosine: (480, 640, 3), Seems like there is a tv ahead.
Sticking to last point.
Best value: 13.98%
Step: 253 | Mode: explore | Action: 1
BLIP2ITMClient.cosine: (480, 640, 3), Seems like there is a tv ahead.
Sticking to last point.
Best value: 13.98%
Step: 254 | Mode: explore | Action: 1
BLIP2ITMClient.cosine: (480, 640, 3), Seems like there is a tv ahead.
Sticking to last point.
Best value: 13.98%
Step: 255 | Mode: explore | Action: 2
BLIP2ITMClient.cosine: (480, 640, 3), Seems like there is a tv ahead.
Best value: 11.40%
Step: 256 | Mode: explore | Action: 3
BLIP2ITMClient.cosine: (480, 640, 3), Seems like there is a tv ahead.
Sticking to last point.
Best value: 11.40%
Step: 257 | Mode: explore | Action: 3
BLIP2ITMClient.cosine: (480, 640, 3), Seems like there is a tv ahead.
Sticking to last point.
Best value: 11.40%
Step: 258 | Mode: explore | Action: 3
BLIP2ITMClient.cosine: (480, 640, 3), Seems like there is a tv ahead.
Sticking to last point.
Best value: 11.40%
Step: 259 | Mode: explore | Action: 3
BLIP2ITMClient.cosine: (480, 640, 3), Seems like there is a tv ahead.
Sticking to last point.
Best value: 11.40%
Step: 260 | Mode: explore | Action: 3
BLIP2ITMClient.cosine: (480, 640, 3), Seems like there is a tv ahead.
Sticking to last point.
Best value: 11.40%
Step: 261 | Mode: explore | Action: 3
BLIP2ITMClient.cosine: (480, 640, 3), Seems like there is a tv ahead.
Sticking to last point.
Best value: 11.40%
Step: 262 | Mode: explore | Action: 1
BLIP2ITMClient.cosine: (480, 640, 3), Seems like there is a tv ahead.
Sticking to last point.
Best value: 11.40%
Step: 263 | Mode: explore | Action: 1
BLIP2ITMClient.cosine: (480, 640, 3), Seems like there is a tv ahead.
Sticking to last point.
Best value: 11.40%
Step: 264 | Mode: explore | Action: 3
BLIP2ITMClient.cosine: (480, 640, 3), Seems like there is a tv ahead.
Sticking to last point.
Best value: 11.40%
Step: 265 | Mode: explore | Action: 1
BLIP2ITMClient.cosine: (480, 640, 3), Seems like there is a tv ahead.
Sticking to last point.
Best value: 11.40%
Step: 266 | Mode: explore | Action: 1
BLIP2ITMClient.cosine: (480, 640, 3), Seems like there is a tv ahead.
Sticking to last point.
Best value: 11.40%
Step: 267 | Mode: explore | Action: 2
BLIP2ITMClient.cosine: (480, 640, 3), Seems like there is a tv ahead.
Sticking to last point.
Best value: 11.40%
Step: 268 | Mode: explore | Action: 1
BLIP2ITMClient.cosine: (480, 640, 3), Seems like there is a tv ahead.
Sticking to last point.
Best value: 11.40%
Step: 269 | Mode: explore | Action: 1
BLIP2ITMClient.cosine: (480, 640, 3), Seems like there is a tv ahead.
Sticking to last point.
Best value: 11.40%
Step: 270 | Mode: explore | Action: 2
BLIP2ITMClient.cosine: (480, 640, 3), Seems like there is a tv ahead.
Sticking to last point.
Best value: 11.40%
Step: 271 | Mode: explore | Action: 1
BLIP2ITMClient.cosine: (480, 640, 3), Seems like there is a tv ahead.
Sticking to last point.
Best value: 11.40%
Step: 272 | Mode: explore | Action: 1
BLIP2ITMClient.cosine: (480, 640, 3), Seems like there is a tv ahead.
Sticking to last point.
Best value: 11.40%
Step: 273 | Mode: explore | Action: 1
BLIP2ITMClient.cosine: (480, 640, 3), Seems like there is a tv ahead.
Sticking to last point.
Best value: 11.40%
Step: 274 | Mode: explore | Action: 1
BLIP2ITMClient.cosine: (480, 640, 3), Seems like there is a tv ahead.
Sticking to last point.
Best value: 11.40%
Step: 275 | Mode: explore | Action: 2
BLIP2ITMClient.cosine: (480, 640, 3), Seems like there is a tv ahead.
Sticking to last point.
Best value: 11.40%
Step: 276 | Mode: explore | Action: 1
BLIP2ITMClient.cosine: (480, 640, 3), Seems like there is a tv ahead.
Sticking to last point.
Best value: 11.40%
Step: 277 | Mode: explore | Action: 1
BLIP2ITMClient.cosine: (480, 640, 3), Seems like there is a tv ahead.
Sticking to last point.
Best value: 11.40%
Step: 278 | Mode: explore | Action: 1
BLIP2ITMClient.cosine: (480, 640, 3), Seems like there is a tv ahead.
Sticking to last point.
Best value: 11.40%
Step: 279 | Mode: explore | Action: 1
BLIP2ITMClient.cosine: (480, 640, 3), Seems like there is a tv ahead.
Sticking to last point.
Best value: 11.40%
Step: 280 | Mode: explore | Action: 1
BLIP2ITMClient.cosine: (480, 640, 3), Seems like there is a tv ahead.
Sticking to last point.
Best value: 11.40%
Step: 281 | Mode: explore | Action: 1
BLIP2ITMClient.cosine: (480, 640, 3), Seems like there is a tv ahead.
Sticking to last point.
Best value: 11.40%
Step: 282 | Mode: explore | Action: 1
BLIP2ITMClient.cosine: (480, 640, 3), Seems like there is a tv ahead.
Sticking to last point.
Best value: 11.40%
Step: 283 | Mode: explore | Action: 1
BLIP2ITMClient.cosine: (480, 640, 3), Seems like there is a tv ahead.
Sticking to last point.
Best value: 11.40%
Step: 284 | Mode: explore | Action: 2
BLIP2ITMClient.cosine: (480, 640, 3), Seems like there is a tv ahead.
Sticking to last point.
Best value: 11.40%
Step: 285 | Mode: explore | Action: 1
BLIP2ITMClient.cosine: (480, 640, 3), Seems like there is a tv ahead.
Sticking to last point.
Best value: 11.40%
Step: 286 | Mode: explore | Action: 3
BLIP2ITMClient.cosine: (480, 640, 3), Seems like there is a tv ahead.
Sticking to last point.
Best value: 11.40%
Step: 287 | Mode: explore | Action: 1
BLIP2ITMClient.cosine: (480, 640, 3), Seems like there is a tv ahead.
Sticking to last point.
Best value: 11.40%
Step: 288 | Mode: explore | Action: 1
BLIP2ITMClient.cosine: (480, 640, 3), Seems like there is a tv ahead.
Sticking to last point.
Best value: 11.40%
Step: 289 | Mode: explore | Action: 1
BLIP2ITMClient.cosine: (480, 640, 3), Seems like there is a tv ahead.
BLIP2ITMClient.cosine: (480, 640, 3), Seems like there is a tv ahead.
Sticking to last point.
Best value: 11.40%
Step: 290 | Mode: explore | Action: 2
BLIP2ITMClient.cosine: (480, 640, 3), Seems like there is a tv ahead.
Sticking to last point.
Best value: 11.40%
Step: 291 | Mode: explore | Action: 1
BLIP2ITMClient.cosine: (480, 640, 3), Seems like there is a tv ahead.
Sticking to last point.
Best value: 11.40%
Step: 292 | Mode: explore | Action: 1
BLIP2ITMClient.cosine: (480, 640, 3), Seems like there is a tv ahead.
Sticking to last point.
Best value: 11.40%
Step: 293 | Mode: explore | Action: 1
BLIP2ITMClient.cosine: (480, 640, 3), Seems like there is a tv ahead.
Sticking to last point.
Best value: 11.40%
Step: 294 | Mode: explore | Action: 1
BLIP2ITMClient.cosine: (480, 640, 3), Seems like there is a tv ahead.
Sticking to last point.
Best value: 11.40%
Step: 295 | Mode: explore | Action: 1
BLIP2ITMClient.cosine: (480, 640, 3), Seems like there is a tv ahead.
Sticking to last point.
Best value: 11.40%
Step: 296 | Mode: explore | Action: 1
BLIP2ITMClient.cosine: (480, 640, 3), Seems like there is a tv ahead.
Sticking to last point.
Best value: 11.40%
Step: 297 | Mode: explore | Action: 2
BLIP2ITMClient.cosine: (480, 640, 3), Seems like there is a tv ahead.
Sticking to last point.
Best value: 11.40%
Step: 298 | Mode: explore | Action: 2
BLIP2ITMClient.cosine: (480, 640, 3), Seems like there is a tv ahead.
Sticking to last point.
Best value: 11.40%
Step: 299 | Mode: explore | Action: 1
BLIP2ITMClient.cosine: (480, 640, 3), Seems like there is a tv ahead.
BLIP2ITMClient.cosine: (480, 640, 3), Seems like there is a tv ahead.
Sticking to last point.
Best value: 21.96%
Step: 300 | Mode: explore | Action: 1
BLIP2ITMClient.cosine: (480, 640, 3), Seems like there is a tv ahead.
Sticking to last point.
Best value: 21.96%
Step: 301 | Mode: explore | Action: 2
BLIP2ITMClient.cosine: (480, 640, 3), Seems like there is a tv ahead.
BLIP2ITMClient.cosine: (480, 640, 3), Seems like there is a tv ahead.
Best value: 17.83%
Step: 302 | Mode: explore | Action: 3
BLIP2ITMClient.cosine: (480, 640, 3), Seems like there is a tv ahead.
Sticking to last point.
Best value: 17.83%
Step: 303 | Mode: explore | Action: 1
BLIP2ITMClient.cosine: (480, 640, 3), Seems like there is a tv ahead.
Sticking to last point.
Best value: 17.83%
Step: 304 | Mode: explore | Action: 3
BLIP2ITMClient.cosine: (480, 640, 3), Seems like there is a tv ahead.
BLIP2ITMClient.cosine: (480, 640, 3), Seems like there is a tv ahead.
Sticking to last point.
Best value: 20.69%
Step: 305 | Mode: explore | Action: 3
BLIP2ITMClient.cosine: (480, 640, 3), Seems like there is a tv ahead.
Sticking to last point.
Best value: 20.69%
Step: 306 | Mode: explore | Action: 1
BLIP2ITMClient.cosine: (480, 640, 3), Seems like there is a tv ahead.
Sticking to last point.
Best value: 20.69%
Step: 307 | Mode: explore | Action: 1
BLIP2ITMClient.cosine: (480, 640, 3), Seems like there is a tv ahead.
Sticking to last point.
Best value: 20.69%
Step: 308 | Mode: explore | Action: 1
BLIP2ITMClient.cosine: (480, 640, 3), Seems like there is a tv ahead.
Sticking to last point.
Best value: 20.69%
Step: 309 | Mode: explore | Action: 1
BLIP2ITMClient.cosine: (480, 640, 3), Seems like there is a tv ahead.
BLIP2ITMClient.cosine: (480, 640, 3), Seems like there is a tv ahead.
Best value: 13.00%
Step: 310 | Mode: explore | Action: 2
BLIP2ITMClient.cosine: (480, 640, 3), Seems like there is a tv ahead.
Sticking to last point.
Best value: 13.00%
Step: 311 | Mode: explore | Action: 2
BLIP2ITMClient.cosine: (480, 640, 3), Seems like there is a tv ahead.
Sticking to last point.
Best value: 13.00%
Step: 312 | Mode: explore | Action: 2
BLIP2ITMClient.cosine: (480, 640, 3), Seems like there is a tv ahead.
Sticking to last point.
Best value: 13.00%
Step: 313 | Mode: explore | Action: 2
BLIP2ITMClient.cosine: (480, 640, 3), Seems like there is a tv ahead.
Sticking to last point.
Best value: 13.00%
Step: 314 | Mode: explore | Action: 2
BLIP2ITMClient.cosine: (480, 640, 3), Seems like there is a tv ahead.
BLIP2ITMClient.cosine: (480, 640, 3), Seems like there is a tv ahead.
Best value: 20.83%
Step: 315 | Mode: explore | Action: 2
BLIP2ITMClient.cosine: (480, 640, 3), Seems like there is a tv ahead.
Sticking to last point.
Best value: 20.83%
Step: 316 | Mode: explore | Action: 1
BLIP2ITMClient.cosine: (480, 640, 3), Seems like there is a tv ahead.
BLIP2ITMClient.cosine: (480, 640, 3), Seems like there is a tv ahead.
Best value: 18.08%
Step: 317 | Mode: explore | Action: 1
BLIP2ITMClient.cosine: (480, 640, 3), Seems like there is a tv ahead.
BLIP2ITMClient.cosine: (480, 640, 3), Seems like there is a tv ahead.
Best value: 15.33%
Step: 318 | Mode: explore | Action: 1
BLIP2ITMClient.cosine: (480, 640, 3), Seems like there is a tv ahead.
BLIP2ITMClient.cosine: (480, 640, 3), Seems like there is a tv ahead.
Sticking to last point.
Best value: 16.65%
Step: 319 | Mode: explore | Action: 1
BLIP2ITMClient.cosine: (480, 640, 3), Seems like there is a tv ahead.
BLIP2ITMClient.cosine: (480, 640, 3), Seems like there is a tv ahead.
Sticking to last point.
Best value: 17.07%
Step: 320 | Mode: explore | Action: 3
BLIP2ITMClient.cosine: (480, 640, 3), Seems like there is a tv ahead.
Sticking to last point.
Best value: 17.07%
Step: 321 | Mode: explore | Action: 1
BLIP2ITMClient.cosine: (480, 640, 3), Seems like there is a tv ahead.
Sticking to last point.
Best value: 17.07%
Step: 322 | Mode: explore | Action: 1
BLIP2ITMClient.cosine: (480, 640, 3), Seems like there is a tv ahead.
BLIP2ITMClient.cosine: (480, 640, 3), Seems like there is a tv ahead.
Sticking to last point.
Best value: 17.07%
Step: 323 | Mode: explore | Action: 1
BLIP2ITMClient.cosine: (480, 640, 3), Seems like there is a tv ahead.
BLIP2ITMClient.cosine: (480, 640, 3), Seems like there is a tv ahead.
Best value: 12.35%
Step: 324 | Mode: explore | Action: 1
BLIP2ITMClient.cosine: (480, 640, 3), Seems like there is a tv ahead.
BLIP2ITMClient.cosine: (480, 640, 3), Seems like there is a tv ahead.
Best value: 12.35%
Step: 325 | Mode: explore | Action: 3
BLIP2ITMClient.cosine: (480, 640, 3), Seems like there is a tv ahead.
BLIP2ITMClient.cosine: (480, 640, 3), Seems like there is a tv ahead.
Best value: 10.92%
Step: 326 | Mode: explore | Action: 3
BLIP2ITMClient.cosine: (480, 640, 3), Seems like there is a tv ahead.
BLIP2ITMClient.cosine: (480, 640, 3), Seems like there is a tv ahead.
Sticking to last point.
Best value: 10.92%
Step: 327 | Mode: explore | Action: 3
BLIP2ITMClient.cosine: (480, 640, 3), Seems like there is a tv ahead.
BLIP2ITMClient.cosine: (480, 640, 3), Seems like there is a tv ahead.
Sticking to last point.
Best value: 10.92%
Step: 328 | Mode: explore | Action: 2
BLIP2ITMClient.cosine: (480, 640, 3), Seems like there is a tv ahead.
Sticking to last point.
Best value: 10.92%
Step: 329 | Mode: explore | Action: 1
BLIP2ITMClient.cosine: (480, 640, 3), Seems like there is a tv ahead.
Sticking to last point.
Best value: 10.92%
Step: 330 | Mode: explore | Action: 3
BLIP2ITMClient.cosine: (480, 640, 3), Seems like there is a tv ahead.
BLIP2ITMClient.cosine: (480, 640, 3), Seems like there is a tv ahead.
Sticking to last point.
Best value: 10.92%
Step: 331 | Mode: explore | Action: 1
BLIP2ITMClient.cosine: (480, 640, 3), Seems like there is a tv ahead.
BLIP2ITMClient.cosine: (480, 640, 3), Seems like there is a tv ahead.
Sticking to last point.
Best value: 10.92%
Step: 332 | Mode: explore | Action: 1
BLIP2ITMClient.cosine: (480, 640, 3), Seems like there is a tv ahead.
BLIP2ITMClient.cosine: (480, 640, 3), Seems like there is a tv ahead.
Sticking to last point.
Best value: 10.92%
Step: 333 | Mode: explore | Action: 1
BLIP2ITMClient.cosine: (480, 640, 3), Seems like there is a tv ahead.
Sticking to last point.
Best value: 10.92%
Step: 334 | Mode: explore | Action: 1
BLIP2ITMClient.cosine: (480, 640, 3), Seems like there is a tv ahead.
BLIP2ITMClient.cosine: (480, 640, 3), Seems like there is a tv ahead.
Sticking to last point.
Best value: 10.92%
Step: 335 | Mode: explore | Action: 1
BLIP2ITMClient.cosine: (480, 640, 3), Seems like there is a tv ahead.
Sticking to last point.
Best value: 10.92%
Step: 336 | Mode: explore | Action: 1
BLIP2ITMClient.cosine: (480, 640, 3), Seems like there is a tv ahead.
Sticking to last point.
Best value: 10.92%
Step: 337 | Mode: explore | Action: 3
BLIP2ITMClient.cosine: (480, 640, 3), Seems like there is a tv ahead.
Sticking to last point.
Best value: 10.92%
Step: 338 | Mode: explore | Action: 3
BLIP2ITMClient.cosine: (480, 640, 3), Seems like there is a tv ahead.
BLIP2ITMClient.cosine: (480, 640, 3), Seems like there is a tv ahead.
Sticking to last point.
Best value: 10.92%
Step: 339 | Mode: explore | Action: 3
BLIP2ITMClient.cosine: (480, 640, 3), Seems like there is a tv ahead.
Sticking to last point.
Best value: 10.92%
Step: 340 | Mode: explore | Action: 3
BLIP2ITMClient.cosine: (480, 640, 3), Seems like there is a tv ahead.
Sticking to last point.
Best value: 10.92%
Step: 341 | Mode: explore | Action: 3
BLIP2ITMClient.cosine: (480, 640, 3), Seems like there is a tv ahead.
Sticking to last point.
Best value: 10.92%
Step: 342 | Mode: explore | Action: 3
BLIP2ITMClient.cosine: (480, 640, 3), Seems like there is a tv ahead.
Sticking to last point.
Best value: 10.92%
Step: 343 | Mode: explore | Action: 1
  2%|▏         | 7/400 [05:54<8:53:03, 81.38s/it]  2%|▏         | 8/400 [06:05<6:23:59, 58.77s/it]BLIP2ITMClient.cosine: (480, 640, 3), Seems like there is a tv ahead.
Sticking to last point.
Best value: 10.92%
Step: 344 | Mode: explore | Action: 1
BLIP2ITMClient.cosine: (480, 640, 3), Seems like there is a tv ahead.
Sticking to last point.
Best value: 10.92%
Step: 345 | Mode: explore | Action: 1
BLIP2ITMClient.cosine: (480, 640, 3), Seems like there is a tv ahead.
Sticking to last point.
Best value: 10.92%
Step: 346 | Mode: explore | Action: 1
BLIP2ITMClient.cosine: (480, 640, 3), Seems like there is a tv ahead.
Sticking to last point.
Best value: 10.92%
Step: 347 | Mode: explore | Action: 1
BLIP2ITMClient.cosine: (480, 640, 3), Seems like there is a tv ahead.
Sticking to last point.
Best value: 10.92%
Step: 348 | Mode: explore | Action: 2
BLIP2ITMClient.cosine: (480, 640, 3), Seems like there is a tv ahead.
Sticking to last point.
Best value: 10.92%
Step: 349 | Mode: explore | Action: 1
BLIP2ITMClient.cosine: (480, 640, 3), Seems like there is a tv ahead.
Sticking to last point.
Best value: 10.92%
Step: 350 | Mode: explore | Action: 1
BLIP2ITMClient.cosine: (480, 640, 3), Seems like there is a tv ahead.
Sticking to last point.
Best value: 10.92%
Step: 351 | Mode: explore | Action: 2
BLIP2ITMClient.cosine: (480, 640, 3), Seems like there is a tv ahead.
Sticking to last point.
Best value: 10.92%
Step: 352 | Mode: explore | Action: 2
BLIP2ITMClient.cosine: (480, 640, 3), Seems like there is a tv ahead.
Sticking to last point.
Best value: 10.92%
Step: 353 | Mode: explore | Action: 1
BLIP2ITMClient.cosine: (480, 640, 3), Seems like there is a tv ahead.
Sticking to last point.
Best value: 10.92%
Step: 354 | Mode: explore | Action: 1
BLIP2ITMClient.cosine: (480, 640, 3), Seems like there is a tv ahead.
Sticking to last point.
Best value: 10.92%
Step: 355 | Mode: explore | Action: 1
BLIP2ITMClient.cosine: (480, 640, 3), Seems like there is a tv ahead.
Sticking to last point.
Best value: 10.92%
Step: 356 | Mode: explore | Action: 1
BLIP2ITMClient.cosine: (480, 640, 3), Seems like there is a tv ahead.
Sticking to last point.
Best value: 10.92%
Step: 357 | Mode: explore | Action: 1
BLIP2ITMClient.cosine: (480, 640, 3), Seems like there is a tv ahead.
Sticking to last point.
Best value: 10.92%
Step: 358 | Mode: explore | Action: 2
BLIP2ITMClient.cosine: (480, 640, 3), Seems like there is a tv ahead.
Sticking to last point.
Best value: 10.92%
Step: 359 | Mode: explore | Action: 1
BLIP2ITMClient.cosine: (480, 640, 3), Seems like there is a tv ahead.
Sticking to last point.
Best value: 10.92%
Step: 360 | Mode: explore | Action: 1
BLIP2ITMClient.cosine: (480, 640, 3), Seems like there is a tv ahead.
BLIP2ITMClient.cosine: (480, 640, 3), Seems like there is a tv ahead.
Sticking to last point.
Best value: 14.00%
Step: 361 | Mode: explore | Action: 2
BLIP2ITMClient.cosine: (480, 640, 3), Seems like there is a tv ahead.
Sticking to last point.
Best value: 14.00%
Step: 362 | Mode: explore | Action: 1
BLIP2ITMClient.cosine: (480, 640, 3), Seems like there is a tv ahead.
BLIP2ITMClient.cosine: (480, 640, 3), Seems like there is a tv ahead.
Best value: 10.42%
Step: 363 | Mode: explore | Action: 2
BLIP2ITMClient.cosine: (480, 640, 3), Seems like there is a tv ahead.
Sticking to last point.
Best value: 10.42%
Step: 364 | Mode: explore | Action: 3
BLIP2ITMClient.cosine: (480, 640, 3), Seems like there is a tv ahead.
Sticking to last point.
Best value: 10.42%
Step: 365 | Mode: explore | Action: 1
BLIP2ITMClient.cosine: (480, 640, 3), Seems like there is a tv ahead.
No frontiers found during exploration, stopping.
Step: 366 | Mode: explore | Action: 0
[traj] episode 45 — unknown
Episode 78 in scene Darden failed due to 'never_saw_target_did_not_travel_stairs_likely_infeasible'.
[traj] captured failure_cause: never_saw_target_did_not_travel_stairs_likely_infeasible
[traj] value map: max=0.2607, nonzero=42963
[traj] saved episode Darden_78 (367 steps, failed)
BLIP2ITMClient.cosine: (480, 640, 3), Seems like there is a couch ahead.
Step: 0 | Mode: initialize | Action: 2
BLIP2ITMClient.cosine: (480, 640, 3), Seems like there is a couch ahead.
Step: 1 | Mode: initialize | Action: 2
BLIP2ITMClient.cosine: (480, 640, 3), Seems like there is a couch ahead.
Step: 2 | Mode: initialize | Action: 2
BLIP2ITMClient.cosine: (480, 640, 3), Seems like there is a couch ahead.
Step: 3 | Mode: initialize | Action: 2
BLIP2ITMClient.cosine: (480, 640, 3), Seems like there is a couch ahead.
Step: 4 | Mode: initialize | Action: 2
BLIP2ITMClient.cosine: (480, 640, 3), Seems like there is a couch ahead.
Step: 5 | Mode: initialize | Action: 2
BLIP2ITMClient.cosine: (480, 640, 3), Seems like there is a couch ahead.
Step: 6 | Mode: initialize | Action: 2
BLIP2ITMClient.cosine: (480, 640, 3), Seems like there is a couch ahead.
Step: 7 | Mode: initialize | Action: 2
BLIP2ITMClient.cosine: (480, 640, 3), Seems like there is a couch ahead.
Step: 8 | Mode: initialize | Action: 2
BLIP2ITMClient.cosine: (480, 640, 3), Seems like there is a couch ahead.
Step: 9 | Mode: initialize | Action: 2
BLIP2ITMClient.cosine: (480, 640, 3), Seems like there is a couch ahead.
Step: 10 | Mode: initialize | Action: 2
BLIP2ITMClient.cosine: (480, 640, 3), Seems like there is a couch ahead.
Step: 11 | Mode: initialize | Action: 2
BLIP2ITMClient.cosine: (480, 640, 3), Seems like there is a couch ahead.
Step: 12 | Mode: navigate | Action: 2
BLIP2ITMClient.cosine: (480, 640, 3), Seems like there is a couch ahead.
Step: 13 | Mode: navigate | Action: 1
BLIP2ITMClient.cosine: (480, 640, 3), Seems like there is a couch ahead.
Step: 14 | Mode: navigate | Action: 1
BLIP2ITMClient.cosine: (480, 640, 3), Seems like there is a couch ahead.
Step: 15 | Mode: navigate | Action: 1
BLIP2ITMClient.cosine: (480, 640, 3), Seems like there is a couch ahead.
Step: 16 | Mode: navigate | Action: 1
BLIP2ITMClient.cosine: (480, 640, 3), Seems like there is a couch ahead.
Step: 17 | Mode: navigate | Action: 1
BLIP2ITMClient.cosine: (480, 640, 3), Seems like there is a couch ahead.
Step: 18 | Mode: navigate | Action: 2
BLIP2ITMClient.cosine: (480, 640, 3), Seems like there is a couch ahead.
Step: 19 | Mode: navigate | Action: 1
BLIP2ITMClient.cosine: (480, 640, 3), Seems like there is a couch ahead.
Step: 20 | Mode: navigate | Action: 0
[traj] episode 156 — unknown
Episode 45 in scene Darden failed due to 'false_positive'.
[traj] captured failure_cause: false_positive
[traj] value map: max=0.2283, nonzero=8019
[traj] saved episode Darden_45 (21 steps, failed)
BLIP2ITMClient.cosine: (480, 640, 3), Seems like there is a chair ahead.
Step: 0 | Mode: initialize | Action: 2
BLIP2ITMClient.cosine: (480, 640, 3), Seems like there is a chair ahead.
Step: 1 | Mode: initialize | Action: 2
BLIP2ITMClient.cosine: (480, 640, 3), Seems like there is a chair ahead.
Step: 2 | Mode: initialize | Action: 2
BLIP2ITMClient.cosine: (480, 640, 3), Seems like there is a chair ahead.
Step: 3 | Mode: initialize | Action: 2
BLIP2ITMClient.cosine: (480, 640, 3), Seems like there is a chair ahead.
Step: 4 | Mode: initialize | Action: 2
BLIP2ITMClient.cosine: (480, 640, 3), Seems like there is a chair ahead.
Step: 5 | Mode: initialize | Action: 2
BLIP2ITMClient.cosine: (480, 640, 3), Seems like there is a chair ahead.
Step: 6 | Mode: initialize | Action: 2
BLIP2ITMClient.cosine: (480, 640, 3), Seems like there is a chair ahead.
Step: 7 | Mode: initialize | Action: 2
BLIP2ITMClient.cosine: (480, 640, 3), Seems like there is a chair ahead.
Step: 8 | Mode: initialize | Action: 2
BLIP2ITMClient.cosine: (480, 640, 3), Seems like there is a chair ahead.
Step: 9 | Mode: initialize | Action: 2
BLIP2ITMClient.cosine: (480, 640, 3), Seems like there is a chair ahead.
Step: 10 | Mode: initialize | Action: 2
BLIP2ITMClient.cosine: (480, 640, 3), Seems like there is a chair ahead.
Step: 11 | Mode: initialize | Action: 2
BLIP2ITMClient.cosine: (480, 640, 3), Seems like there is a chair ahead.
BLIP2ITMClient.cosine: (480, 640, 3), Seems like there is a chair ahead.
Best value: 11.26%
Step: 12 | Mode: explore | Action: 2
BLIP2ITMClient.cosine: (480, 640, 3), Seems like there is a chair ahead.
Sticking to last point.
Best value: 11.26%
Step: 13 | Mode: explore | Action: 2
BLIP2ITMClient.cosine: (480, 640, 3), Seems like there is a chair ahead.
Sticking to last point.
Best value: 11.26%
Step: 14 | Mode: explore | Action: 2
BLIP2ITMClient.cosine: (480, 640, 3), Seems like there is a chair ahead.
Sticking to last point.
Best value: 11.26%
Step: 15 | Mode: explore | Action: 2
BLIP2ITMClient.cosine: (480, 640, 3), Seems like there is a chair ahead.
Sticking to last point.
Best value: 11.26%
Step: 16 | Mode: explore | Action: 1
BLIP2ITMClient.cosine: (480, 640, 3), Seems like there is a chair ahead.
Sticking to last point.
Best value: 11.26%
Step: 17 | Mode: explore | Action: 2
BLIP2ITMClient.cosine: (480, 640, 3), Seems like there is a chair ahead.
Sticking to last point.
Best value: 11.26%
Step: 18 | Mode: explore | Action: 1
BLIP2ITMClient.cosine: (480, 640, 3), Seems like there is a chair ahead.
Sticking to last point.
Best value: 11.26%
Step: 19 | Mode: explore | Action: 2
BLIP2ITMClient.cosine: (480, 640, 3), Seems like there is a chair ahead.
Sticking to last point.
Best value: 11.26%
Step: 20 | Mode: explore | Action: 1
BLIP2ITMClient.cosine: (480, 640, 3), Seems like there is a chair ahead.
Sticking to last point.
Best value: 11.26%
Step: 21 | Mode: explore | Action: 2
BLIP2ITMClient.cosine: (480, 640, 3), Seems like there is a chair ahead.
Sticking to last point.
Best value: 11.26%
Step: 22 | Mode: explore | Action: 1
BLIP2ITMClient.cosine: (480, 640, 3), Seems like there is a chair ahead.
Sticking to last point.
Best value: 11.26%
Step: 23 | Mode: explore | Action: 3
BLIP2ITMClient.cosine: (480, 640, 3), Seems like there is a chair ahead.
Sticking to last point.
Best value: 11.26%
Step: 24 | Mode: explore | Action: 3
BLIP2ITMClient.cosine: (480, 640, 3), Seems like there is a chair ahead.
Sticking to last point.
Best value: 11.26%
Step: 25 | Mode: explore | Action: 3
BLIP2ITMClient.cosine: (480, 640, 3), Seems like there is a chair ahead.
Sticking to last point.
Best value: 11.26%
Step: 26 | Mode: explore | Action: 3
BLIP2ITMClient.cosine: (480, 640, 3), Seems like there is a chair ahead.
Sticking to last point.
Best value: 11.26%
Step: 27 | Mode: explore | Action: 1
BLIP2ITMClient.cosine: (480, 640, 3), Seems like there is a chair ahead.
BLIP2ITMClient.cosine: (480, 640, 3), Seems like there is a chair ahead.
Sticking to last point.
Best value: 11.26%
Step: 28 | Mode: explore | Action: 1
BLIP2ITMClient.cosine: (480, 640, 3), Seems like there is a chair ahead.
Sticking to last point.
Best value: 11.26%
Step: 29 | Mode: explore | Action: 2
BLIP2ITMClient.cosine: (480, 640, 3), Seems like there is a chair ahead.
Sticking to last point.
Best value: 11.26%
Step: 30 | Mode: explore | Action: 1
BLIP2ITMClient.cosine: (480, 640, 3), Seems like there is a chair ahead.
Sticking to last point.
Best value: 11.26%
Step: 31 | Mode: explore | Action: 2
BLIP2ITMClient.cosine: (480, 640, 3), Seems like there is a chair ahead.
Sticking to last point.
Best value: 11.26%
Step: 32 | Mode: explore | Action: 1
BLIP2ITMClient.cosine: (480, 640, 3), Seems like there is a chair ahead.
Sticking to last point.
Best value: 11.26%
Step: 33 | Mode: explore | Action: 3
BLIP2ITMClient.cosine: (480, 640, 3), Seems like there is a chair ahead.
Sticking to last point.
Best value: 11.26%
Step: 34 | Mode: explore | Action: 3
BLIP2ITMClient.cosine: (480, 640, 3), Seems like there is a chair ahead.
BLIP2ITMClient.cosine: (480, 640, 3), Seems like there is a chair ahead.
Sticking to last point.
Best value: 11.26%
Step: 35 | Mode: explore | Action: 1
BLIP2ITMClient.cosine: (480, 640, 3), Seems like there is a chair ahead.
BLIP2ITMClient.cosine: (480, 640, 3), Seems like there is a chair ahead.
Sticking to last point.
Best value: 11.26%
Step: 36 | Mode: explore | Action: 3
BLIP2ITMClient.cosine: (480, 640, 3), Seems like there is a chair ahead.
Sticking to last point.
Best value: 11.26%
Step: 37 | Mode: explore | Action: 1
BLIP2ITMClient.cosine: (480, 640, 3), Seems like there is a chair ahead.
BLIP2ITMClient.cosine: (480, 640, 3), Seems like there is a chair ahead.
Sticking to last point.
Best value: 11.26%
Step: 38 | Mode: explore | Action: 1
BLIP2ITMClient.cosine: (480, 640, 3), Seems like there is a chair ahead.
BLIP2ITMClient.cosine: (480, 640, 3), Seems like there is a chair ahead.
Sticking to last point.
Best value: 11.26%
Step: 39 | Mode: explore | Action: 1
BLIP2ITMClient.cosine: (480, 640, 3), Seems like there is a chair ahead.
BLIP2ITMClient.cosine: (480, 640, 3), Seems like there is a chair ahead.
Sticking to last point.
Best value: 11.26%
Step: 40 | Mode: explore | Action: 2
BLIP2ITMClient.cosine: (480, 640, 3), Seems like there is a chair ahead.
BLIP2ITMClient.cosine: (480, 640, 3), Seems like there is a chair ahead.
Best value: 18.32%
Step: 41 | Mode: explore | Action: 1
BLIP2ITMClient.cosine: (480, 640, 3), Seems like there is a chair ahead.
BLIP2ITMClient.cosine: (480, 640, 3), Seems like there is a chair ahead.
Sticking to last point.
Best value: 18.32%
Step: 42 | Mode: explore | Action: 3
BLIP2ITMClient.cosine: (480, 640, 3), Seems like there is a chair ahead.
BLIP2ITMClient.cosine: (480, 640, 3), Seems like there is a chair ahead.
Best value: 17.35%
Step: 43 | Mode: explore | Action: 2
BLIP2ITMClient.cosine: (480, 640, 3), Seems like there is a chair ahead.
Sticking to last point.
Best value: 17.35%
Step: 44 | Mode: explore | Action: 1
BLIP2ITMClient.cosine: (480, 640, 3), Seems like there is a chair ahead.
Sticking to last point.
Best value: 17.35%
Step: 45 | Mode: explore | Action: 2
BLIP2ITMClient.cosine: (480, 640, 3), Seems like there is a chair ahead.
BLIP2ITMClient.cosine: (480, 640, 3), Seems like there is a chair ahead.
Sticking to last point.
Best value: 17.35%
Step: 46 | Mode: explore | Action: 1
BLIP2ITMClient.cosine: (480, 640, 3), Seems like there is a chair ahead.
BLIP2ITMClient.cosine: (480, 640, 3), Seems like there is a chair ahead.
Sticking to last point.
Best value: 17.35%
Step: 47 | Mode: explore | Action: 1
BLIP2ITMClient.cosine: (480, 640, 3), Seems like there is a chair ahead.
BLIP2ITMClient.cosine: (480, 640, 3), Seems like there is a chair ahead.
Best value: 14.66%
Step: 48 | Mode: explore | Action: 3
BLIP2ITMClient.cosine: (480, 640, 3), Seems like there is a chair ahead.
Sticking to last point.
Best value: 14.66%
Step: 49 | Mode: explore | Action: 3
BLIP2ITMClient.cosine: (480, 640, 3), Seems like there is a chair ahead.
BLIP2ITMClient.cosine: (480, 640, 3), Seems like there is a chair ahead.
Sticking to last point.
Best value: 14.66%
Step: 50 | Mode: explore | Action: 3
BLIP2ITMClient.cosine: (480, 640, 3), Seems like there is a chair ahead.
BLIP2ITMClient.cosine: (480, 640, 3), Seems like there is a chair ahead.
Sticking to last point.
Best value: 14.66%
Step: 51 | Mode: explore | Action: 3
BLIP2ITMClient.cosine: (480, 640, 3), Seems like there is a chair ahead.
BLIP2ITMClient.cosine: (480, 640, 3), Seems like there is a chair ahead.
Sticking to last point.
Best value: 14.66%
Step: 52 | Mode: explore | Action: 1
BLIP2ITMClient.cosine: (480, 640, 3), Seems like there is a chair ahead.
Sticking to last point.
Best value: 14.66%
Step: 53 | Mode: explore | Action: 1
BLIP2ITMClient.cosine: (480, 640, 3), Seems like there is a chair ahead.
BLIP2ITMClient.cosine: (480, 640, 3), Seems like there is a chair ahead.
Sticking to last point.
Best value: 14.66%
Step: 54 | Mode: explore | Action: 1
BLIP2ITMClient.cosine: (480, 640, 3), Seems like there is a chair ahead.
Sticking to last point.
Best value: 14.66%
Step: 55 | Mode: explore | Action: 2
BLIP2ITMClient.cosine: (480, 640, 3), Seems like there is a chair ahead.
BLIP2ITMClient.cosine: (480, 640, 3), Seems like there is a chair ahead.
Sticking to last point.
Best value: 14.66%
Step: 56 | Mode: explore | Action: 1
BLIP2ITMClient.cosine: (480, 640, 3), Seems like there is a chair ahead.
BLIP2ITMClient.cosine: (480, 640, 3), Seems like there is a chair ahead.
Sticking to last point.
Best value: 16.13%
Step: 57 | Mode: explore | Action: 1
BLIP2ITMClient.cosine: (480, 640, 3), Seems like there is a chair ahead.
BLIP2ITMClient.cosine: (480, 640, 3), Seems like there is a chair ahead.
Sticking to last point.
Best value: 16.13%
  2%|▏         | 9/400 [06:48<5:50:51, 53.84s/it]Step: 58 | Mode: explore | Action: 2
BLIP2ITMClient.cosine: (480, 640, 3), Seems like there is a chair ahead.
BLIP2ITMClient.cosine: (480, 640, 3), Seems like there is a chair ahead.
Sticking to last point.
Best value: 16.13%
Step: 59 | Mode: explore | Action: 1
BLIP2ITMClient.cosine: (480, 640, 3), Seems like there is a chair ahead.
BLIP2ITMClient.cosine: (480, 640, 3), Seems like there is a chair ahead.
Sticking to last point.
Best value: 16.13%
Step: 60 | Mode: explore | Action: 1
BLIP2ITMClient.cosine: (480, 640, 3), Seems like there is a chair ahead.
BLIP2ITMClient.cosine: (480, 640, 3), Seems like there is a chair ahead.
Sticking to last point.
Best value: 16.13%
Step: 61 | Mode: explore | Action: 1
BLIP2ITMClient.cosine: (480, 640, 3), Seems like there is a chair ahead.
BLIP2ITMClient.cosine: (480, 640, 3), Seems like there is a chair ahead.
Sticking to last point.
Best value: 16.13%
Step: 62 | Mode: explore | Action: 3
BLIP2ITMClient.cosine: (480, 640, 3), Seems like there is a chair ahead.
BLIP2ITMClient.cosine: (480, 640, 3), Seems like there is a chair ahead.
Sticking to last point.
Best value: 16.13%
Step: 63 | Mode: explore | Action: 1
BLIP2ITMClient.cosine: (480, 640, 3), Seems like there is a chair ahead.
BLIP2ITMClient.cosine: (480, 640, 3), Seems like there is a chair ahead.
Sticking to last point.
Best value: 16.13%
Step: 64 | Mode: explore | Action: 1
BLIP2ITMClient.cosine: (480, 640, 3), Seems like there is a chair ahead.
BLIP2ITMClient.cosine: (480, 640, 3), Seems like there is a chair ahead.
Sticking to last point.
Best value: 16.13%
Step: 65 | Mode: explore | Action: 1
BLIP2ITMClient.cosine: (480, 640, 3), Seems like there is a chair ahead.
BLIP2ITMClient.cosine: (480, 640, 3), Seems like there is a chair ahead.
Sticking to last point.
Best value: 19.32%
Step: 66 | Mode: explore | Action: 1
BLIP2ITMClient.cosine: (480, 640, 3), Seems like there is a chair ahead.
BLIP2ITMClient.cosine: (480, 640, 3), Seems like there is a chair ahead.
Sticking to last point.
Best value: 23.10%
Step: 67 | Mode: explore | Action: 1
BLIP2ITMClient.cosine: (480, 640, 3), Seems like there is a chair ahead.
BLIP2ITMClient.cosine: (480, 640, 3), Seems like there is a chair ahead.
Best value: 21.07%
Step: 68 | Mode: explore | Action: 2
BLIP2ITMClient.cosine: (480, 640, 3), Seems like there is a chair ahead.
Step: 69 | Mode: navigate | Action: 1
BLIP2ITMClient.cosine: (480, 640, 3), Seems like there is a chair ahead.
Step: 70 | Mode: navigate | Action: 1
BLIP2ITMClient.cosine: (480, 640, 3), Seems like there is a chair ahead.
Step: 71 | Mode: navigate | Action: 1
BLIP2ITMClient.cosine: (480, 640, 3), Seems like there is a chair ahead.
Step: 72 | Mode: navigate | Action: 2
BLIP2ITMClient.cosine: (480, 640, 3), Seems like there is a chair ahead.
Step: 73 | Mode: navigate | Action: 2
BLIP2ITMClient.cosine: (480, 640, 3), Seems like there is a chair ahead.
Step: 74 | Mode: navigate | Action: 1
BLIP2ITMClient.cosine: (480, 640, 3), Seems like there is a chair ahead.
Step: 75 | Mode: navigate | Action: 3
BLIP2ITMClient.cosine: (480, 640, 3), Seems like there is a chair ahead.
Step: 76 | Mode: navigate | Action: 1
BLIP2ITMClient.cosine: (480, 640, 3), Seems like there is a chair ahead.
Step: 77 | Mode: navigate | Action: 3
BLIP2ITMClient.cosine: (480, 640, 3), Seems like there is a chair ahead.
Step: 78 | Mode: navigate | Action: 1
BLIP2ITMClient.cosine: (480, 640, 3), Seems like there is a chair ahead.
Step: 79 | Mode: navigate | Action: 2
BLIP2ITMClient.cosine: (480, 640, 3), Seems like there is a chair ahead.
Step: 80 | Mode: navigate | Action: 2
BLIP2ITMClient.cosine: (480, 640, 3), Seems like there is a chair ahead.
Step: 81 | Mode: navigate | Action: 1
BLIP2ITMClient.cosine: (480, 640, 3), Seems like there is a chair ahead.
Step: 82 | Mode: navigate | Action: 3
BLIP2ITMClient.cosine: (480, 640, 3), Seems like there is a chair ahead.
Step: 83 | Mode: navigate | Action: 1
BLIP2ITMClient.cosine: (480, 640, 3), Seems like there is a chair ahead.
Step: 84 | Mode: navigate | Action: 1
BLIP2ITMClient.cosine: (480, 640, 3), Seems like there is a chair ahead.
Step: 85 | Mode: navigate | Action: 2
BLIP2ITMClient.cosine: (480, 640, 3), Seems like there is a chair ahead.
Step: 86 | Mode: navigate | Action: 1
BLIP2ITMClient.cosine: (480, 640, 3), Seems like there is a chair ahead.
Step: 87 | Mode: navigate | Action: 0
[traj] episode 119 — unknown
Episode 156 in scene Darden failed due to 'false_positive'.
[traj] captured failure_cause: false_positive
[traj] value map: max=0.2595, nonzero=22344
[traj] saved episode Darden_156 (88 steps, failed)
BLIP2ITMClient.cosine: (480, 640, 3), Seems like there is a couch ahead.
Step: 0 | Mode: initialize | Action: 2
BLIP2ITMClient.cosine: (480, 640, 3), Seems like there is a couch ahead.
Step: 1 | Mode: initialize | Action: 2
BLIP2ITMClient.cosine: (480, 640, 3), Seems like there is a couch ahead.
Step: 2 | Mode: initialize | Action: 2
BLIP2ITMClient.cosine: (480, 640, 3), Seems like there is a couch ahead.
Step: 3 | Mode: initialize | Action: 2
BLIP2ITMClient.cosine: (480, 640, 3), Seems like there is a couch ahead.
Step: 4 | Mode: initialize | Action: 2
BLIP2ITMClient.cosine: (480, 640, 3), Seems like there is a couch ahead.
Step: 5 | Mode: initialize | Action: 2
BLIP2ITMClient.cosine: (480, 640, 3), Seems like there is a couch ahead.
Step: 6 | Mode: initialize | Action: 2
BLIP2ITMClient.cosine: (480, 640, 3), Seems like there is a couch ahead.
Step: 7 | Mode: initialize | Action: 2
BLIP2ITMClient.cosine: (480, 640, 3), Seems like there is a couch ahead.
Step: 8 | Mode: initialize | Action: 2
BLIP2ITMClient.cosine: (480, 640, 3), Seems like there is a couch ahead.
Step: 9 | Mode: initialize | Action: 2
BLIP2ITMClient.cosine: (480, 640, 3), Seems like there is a couch ahead.
Step: 10 | Mode: initialize | Action: 2
BLIP2ITMClient.cosine: (480, 640, 3), Seems like there is a couch ahead.
Step: 11 | Mode: initialize | Action: 2
BLIP2ITMClient.cosine: (480, 640, 3), Seems like there is a couch ahead.
BLIP2ITMClient.cosine: (480, 640, 3), Seems like there is a couch ahead.
Best value: 19.69%
Step: 12 | Mode: explore | Action: 2
BLIP2ITMClient.cosine: (480, 640, 3), Seems like there is a couch ahead.
Sticking to last point.
Best value: 19.69%
Step: 13 | Mode: explore | Action: 2
BLIP2ITMClient.cosine: (480, 640, 3), Seems like there is a couch ahead.
Sticking to last point.
Best value: 19.69%
Step: 14 | Mode: explore | Action: 2
BLIP2ITMClient.cosine: (480, 640, 3), Seems like there is a couch ahead.
Sticking to last point.
Best value: 19.69%
Step: 15 | Mode: explore | Action: 2
BLIP2ITMClient.cosine: (480, 640, 3), Seems like there is a couch ahead.
Sticking to last point.
Best value: 19.69%
Step: 16 | Mode: explore | Action: 2
BLIP2ITMClient.cosine: (480, 640, 3), Seems like there is a couch ahead.
Sticking to last point.
Best value: 19.69%
Step: 17 | Mode: explore | Action: 2
BLIP2ITMClient.cosine: (480, 640, 3), Seems like there is a couch ahead.
Sticking to last point.
Best value: 19.69%
Step: 18 | Mode: explore | Action: 2
BLIP2ITMClient.cosine: (480, 640, 3), Seems like there is a couch ahead.
Sticking to last point.
Best value: 19.69%
Step: 19 | Mode: explore | Action: 3
BLIP2ITMClient.cosine: (480, 640, 3), Seems like there is a couch ahead.
Sticking to last point.
Best value: 19.69%
Step: 20 | Mode: explore | Action: 3
BLIP2ITMClient.cosine: (480, 640, 3), Seems like there is a couch ahead.
Sticking to last point.
Best value: 19.69%
Step: 21 | Mode: explore | Action: 3
BLIP2ITMClient.cosine: (480, 640, 3), Seems like there is a couch ahead.
Sticking to last point.
Best value: 19.69%
Step: 22 | Mode: explore | Action: 3
BLIP2ITMClient.cosine: (480, 640, 3), Seems like there is a couch ahead.
Sticking to last point.
Best value: 19.69%
Step: 23 | Mode: explore | Action: 3
BLIP2ITMClient.cosine: (480, 640, 3), Seems like there is a couch ahead.
Sticking to last point.
Best value: 19.69%
Step: 24 | Mode: explore | Action: 3
BLIP2ITMClient.cosine: (480, 640, 3), Seems like there is a couch ahead.
Sticking to last point.
Best value: 19.69%
Step: 25 | Mode: explore | Action: 1
BLIP2ITMClient.cosine: (480, 640, 3), Seems like there is a couch ahead.
BLIP2ITMClient.cosine: (480, 640, 3), Seems like there is a couch ahead.
Sticking to last point.
Best value: 19.69%
Step: 26 | Mode: explore | Action: 1
BLIP2ITMClient.cosine: (480, 640, 3), Seems like there is a couch ahead.
BLIP2ITMClient.cosine: (480, 640, 3), Seems like there is a couch ahead.
Sticking to last point.
Best value: 19.69%
Step: 27 | Mode: explore | Action: 1
BLIP2ITMClient.cosine: (480, 640, 3), Seems like there is a couch ahead.
BLIP2ITMClient.cosine: (480, 640, 3), Seems like there is a couch ahead.
Sticking to last point.
Best value: 19.69%
Step: 28 | Mode: explore | Action: 1
BLIP2ITMClient.cosine: (480, 640, 3), Seems like there is a couch ahead.
BLIP2ITMClient.cosine: (480, 640, 3), Seems like there is a couch ahead.
Sticking to last point.
Best value: 19.69%
Step: 29 | Mode: explore | Action: 2
BLIP2ITMClient.cosine: (480, 640, 3), Seems like there is a couch ahead.
Sticking to last point.
Best value: 19.69%
Step: 30 | Mode: explore | Action: 1
BLIP2ITMClient.cosine: (480, 640, 3), Seems like there is a couch ahead.
BLIP2ITMClient.cosine: (480, 640, 3), Seems like there is a couch ahead.
Sticking to last point.
Best value: 19.69%
Step: 31 | Mode: explore | Action: 1
BLIP2ITMClient.cosine: (480, 640, 3), Seems like there is a couch ahead.
BLIP2ITMClient.cosine: (480, 640, 3), Seems like there is a couch ahead.
Sticking to last point.
Best value: 19.69%
Step: 32 | Mode: explore | Action: 2
BLIP2ITMClient.cosine: (480, 640, 3), Seems like there is a couch ahead.
BLIP2ITMClient.cosine: (480, 640, 3), Seems like there is a couch ahead.
Sticking to last point.
Best value: 19.69%
Step: 33 | Mode: explore | Action: 1
BLIP2ITMClient.cosine: (480, 640, 3), Seems like there is a couch ahead.
BLIP2ITMClient.cosine: (480, 640, 3), Seems like there is a couch ahead.
Sticking to last point.
Best value: 19.69%
Step: 34 | Mode: explore | Action: 1
BLIP2ITMClient.cosine: (480, 640, 3), Seems like there is a couch ahead.
BLIP2ITMClient.cosine: (480, 640, 3), Seems like there is a couch ahead.
Sticking to last point.
Best value: 19.69%
Step: 35 | Mode: explore | Action: 2
BLIP2ITMClient.cosine: (480, 640, 3), Seems like there is a couch ahead.
BLIP2ITMClient.cosine: (480, 640, 3), Seems like there is a couch ahead.
Sticking to last point.
Best value: 19.69%
Step: 36 | Mode: explore | Action: 1
BLIP2ITMClient.cosine: (480, 640, 3), Seems like there is a couch ahead.
BLIP2ITMClient.cosine: (480, 640, 3), Seems like there is a couch ahead.
Sticking to last point.
Best value: 19.69%
Step: 37 | Mode: explore | Action: 1
BLIP2ITMClient.cosine: (480, 640, 3), Seems like there is a couch ahead.
BLIP2ITMClient.cosine: (480, 640, 3), Seems like there is a couch ahead.
Sticking to last point.
Best value: 19.69%
Step: 38 | Mode: explore | Action: 1
BLIP2ITMClient.cosine: (480, 640, 3), Seems like there is a couch ahead.
BLIP2ITMClient.cosine: (480, 640, 3), Seems like there is a couch ahead.
Sticking to last point.
Best value: 19.69%
Step: 39 | Mode: explore | Action: 2
BLIP2ITMClient.cosine: (480, 640, 3), Seems like there is a couch ahead.
Sticking to last point.
Best value: 19.69%
Step: 40 | Mode: explore | Action: 1
BLIP2ITMClient.cosine: (480, 640, 3), Seems like there is a couch ahead.
Sticking to last point.
Best value: 19.69%
Step: 41 | Mode: explore | Action: 1
BLIP2ITMClient.cosine: (480, 640, 3), Seems like there is a couch ahead.
Sticking to last point.
Best value: 19.69%
Step: 42 | Mode: explore | Action: 1
BLIP2ITMClient.cosine: (480, 640, 3), Seems like there is a couch ahead.
Sticking to last point.
Best value: 19.69%
Step: 43 | Mode: explore | Action: 1
BLIP2ITMClient.cosine: (480, 640, 3), Seems like there is a couch ahead.
Sticking to last point.
Best value: 19.69%
Step: 44 | Mode: explore | Action: 1
BLIP2ITMClient.cosine: (480, 640, 3), Seems like there is a couch ahead.
Sticking to last point.
Best value: 19.69%
Step: 45 | Mode: explore | Action: 1
BLIP2ITMClient.cosine: (480, 640, 3), Seems like there is a couch ahead.
Sticking to last point.
Best value: 19.69%
Step: 46 | Mode: explore | Action: 2
BLIP2ITMClient.cosine: (480, 640, 3), Seems like there is a couch ahead.
BLIP2ITMClient.cosine: (480, 640, 3), Seems like there is a couch ahead.
Best value: 21.72%
Step: 47 | Mode: explore | Action: 1
BLIP2ITMClient.cosine: (480, 640, 3), Seems like there is a couch ahead.
BLIP2ITMClient.cosine: (480, 640, 3), Seems like there is a couch ahead.
Sticking to last point.
Best value: 21.72%
Step: 48 | Mode: explore | Action: 1
BLIP2ITMClient.cosine: (480, 640, 3), Seems like there is a couch ahead.
BLIP2ITMClient.cosine: (480, 640, 3), Seems like there is a couch ahead.
Best value: 19.69%
Step: 49 | Mode: explore | Action: 2
BLIP2ITMClient.cosine: (480, 640, 3), Seems like there is a couch ahead.
BLIP2ITMClient.cosine: (480, 640, 3), Seems like there is a couch ahead.
Sticking to last point.
Best value: 19.69%
Step: 50 | Mode: explore | Action: 1
BLIP2ITMClient.cosine: (480, 640, 3), Seems like there is a couch ahead.
BLIP2ITMClient.cosine: (480, 640, 3), Seems like there is a couch ahead.
Sticking to last point.
Best value: 19.69%
Step: 51 | Mode: explore | Action: 2
BLIP2ITMClient.cosine: (480, 640, 3), Seems like there is a couch ahead.
Sticking to last point.
Best value: 19.69%
Step: 52 | Mode: explore | Action: 1
BLIP2ITMClient.cosine: (480, 640, 3), Seems like there is a couch ahead.
Sticking to last point.
Best value: 19.69%
Step: 53 | Mode: explore | Action: 1
BLIP2ITMClient.cosine: (480, 640, 3), Seems like there is a couch ahead.
Sticking to last point.
Best value: 19.69%
Step: 54 | Mode: explore | Action: 3
BLIP2ITMClient.cosine: (480, 640, 3), Seems like there is a couch ahead.
Sticking to last point.
Best value: 19.69%
Step: 55 | Mode: explore | Action: 1
BLIP2ITMClient.cosine: (480, 640, 3), Seems like there is a couch ahead.
Sticking to last point.
Best value: 19.69%
Step: 56 | Mode: explore | Action: 3
BLIP2ITMClient.cosine: (480, 640, 3), Seems like there is a couch ahead.
BLIP2ITMClient.cosine: (480, 640, 3), Seems like there is a couch ahead.
Sticking to last point.
Best value: 19.69%
Step: 57 | Mode: explore | Action: 1
BLIP2ITMClient.cosine: (480, 640, 3), Seems like there is a couch ahead.
Sticking to last point.
Best value: 19.69%
Step: 58 | Mode: explore | Action: 3
BLIP2ITMClient.cosine: (480, 640, 3), Seems like there is a couch ahead.
BLIP2ITMClient.cosine: (480, 640, 3), Seems like there is a couch ahead.
Sticking to last point.
Best value: 19.69%
Step: 59 | Mode: explore | Action: 1
BLIP2ITMClient.cosine: (480, 640, 3), Seems like there is a couch ahead.
Sticking to last point.
Best value: 19.69%
Step: 60 | Mode: explore | Action: 2
BLIP2ITMClient.cosine: (480, 640, 3), Seems like there is a couch ahead.
Sticking to last point.
Best value: 19.69%
Step: 61 | Mode: explore | Action: 2
BLIP2ITMClient.cosine: (480, 640, 3), Seems like there is a couch ahead.
Sticking to last point.
Best value: 19.69%
Step: 62 | Mode: explore | Action: 1
BLIP2ITMClient.cosine: (480, 640, 3), Seems like there is a couch ahead.
Sticking to last point.
Best value: 19.69%
Step: 63 | Mode: explore | Action: 2
BLIP2ITMClient.cosine: (480, 640, 3), Seems like there is a couch ahead.
Sticking to last point.
Best value: 19.69%
Step: 64 | Mode: explore | Action: 1
BLIP2ITMClient.cosine: (480, 640, 3), Seems like there is a couch ahead.
Sticking to last point.
Best value: 19.69%
Step: 65 | Mode: explore | Action: 2
BLIP2ITMClient.cosine: (480, 640, 3), Seems like there is a couch ahead.
Sticking to last point.
Best value: 19.69%
Step: 66 | Mode: explore | Action: 1
BLIP2ITMClient.cosine: (480, 640, 3), Seems like there is a couch ahead.
Sticking to last point.
Best value: 19.69%
Step: 67 | Mode: explore | Action: 2
BLIP2ITMClient.cosine: (480, 640, 3), Seems like there is a couch ahead.
Sticking to last point.
Best value: 19.69%
Step: 68 | Mode: explore | Action: 1
BLIP2ITMClient.cosine: (480, 640, 3), Seems like there is a couch ahead.
Sticking to last point.
Best value: 19.69%
Step: 69 | Mode: explore | Action: 3
BLIP2ITMClient.cosine: (480, 640, 3), Seems like there is a couch ahead.
Sticking to last point.
Best value: 19.69%
Step: 70 | Mode: explore | Action: 3
BLIP2ITMClient.cosine: (480, 640, 3), Seems like there is a couch ahead.
Sticking to last point.
Best value: 19.69%
Step: 71 | Mode: explore | Action: 3
BLIP2ITMClient.cosine: (480, 640, 3), Seems like there is a couch ahead.
BLIP2ITMClient.cosine: (480, 640, 3), Seems like there is a couch ahead.
Sticking to last point.
Best value: 19.69%
Step: 72 | Mode: explore | Action: 1
BLIP2ITMClient.cosine: (480, 640, 3), Seems like there is a couch ahead.
Sticking to last point.
Best value: 19.69%
Step: 73 | Mode: explore | Action: 1
BLIP2ITMClient.cosine: (480, 640, 3), Seems like there is a couch ahead.
Sticking to last point.
Best value: 19.69%
Step: 74 | Mode: explore | Action: 3
BLIP2ITMClient.cosine: (480, 640, 3), Seems like there is a couch ahead.
Sticking to last point.
Best value: 19.69%
Step: 75 | Mode: explore | Action: 1
BLIP2ITMClient.cosine: (480, 640, 3), Seems like there is a couch ahead.
Sticking to last point.
Best value: 19.69%
Step: 76 | Mode: explore | Action: 3
BLIP2ITMClient.cosine: (480, 640, 3), Seems like there is a couch ahead.
Sticking to last point.
Best value: 19.69%
Step: 77 | Mode: explore | Action: 1
BLIP2ITMClient.cosine: (480, 640, 3), Seems like there is a couch ahead.
Sticking to last point.
Best value: 19.69%
Step: 78 | Mode: explore | Action: 2
BLIP2ITMClient.cosine: (480, 640, 3), Seems like there is a couch ahead.
Sticking to last point.
Best value: 19.69%
Step: 79 | Mode: explore | Action: 2
BLIP2ITMClient.cosine: (480, 640, 3), Seems like there is a couch ahead.
Sticking to last point.
Best value: 19.69%
Step: 80 | Mode: explore | Action: 1
BLIP2ITMClient.cosine: (480, 640, 3), Seems like there is a couch ahead.
Sticking to last point.
Best value: 19.69%
Step: 81 | Mode: explore | Action: 2
BLIP2ITMClient.cosine: (480, 640, 3), Seems like there is a couch ahead.
Sticking to last point.
Best value: 19.69%
Step: 82 | Mode: explore | Action: 1
BLIP2ITMClient.cosine: (480, 640, 3), Seems like there is a couch ahead.
Sticking to last point.
Best value: 19.69%
Step: 83 | Mode: explore | Action: 3
BLIP2ITMClient.cosine: (480, 640, 3), Seems like there is a couch ahead.
Sticking to last point.
Best value: 19.69%
Step: 84 | Mode: explore | Action: 3
BLIP2ITMClient.cosine: (480, 640, 3), Seems like there is a couch ahead.
Sticking to last point.
Best value: 19.69%
Step: 85 | Mode: explore | Action: 3
BLIP2ITMClient.cosine: (480, 640, 3), Seems like there is a couch ahead.
Sticking to last point.
Best value: 19.69%
Step: 86 | Mode: explore | Action: 1
BLIP2ITMClient.cosine: (480, 640, 3), Seems like there is a couch ahead.
Sticking to last point.
Best value: 19.69%
Step: 87 | Mode: explore | Action: 3
BLIP2ITMClient.cosine: (480, 640, 3), Seems like there is a couch ahead.
Sticking to last point.
Best value: 19.69%
Step: 88 | Mode: explore | Action: 1
BLIP2ITMClient.cosine: (480, 640, 3), Seems like there is a couch ahead.
Sticking to last point.
Best value: 19.69%
Step: 89 | Mode: explore | Action: 3
BLIP2ITMClient.cosine: (480, 640, 3), Seems like there is a couch ahead.
Sticking to last point.
Best value: 19.69%
Step: 90 | Mode: explore | Action: 1
BLIP2ITMClient.cosine: (480, 640, 3), Seems like there is a couch ahead.
Sticking to last point.
Best value: 19.69%
Step: 91 | Mode: explore | Action: 2
BLIP2ITMClient.cosine: (480, 640, 3), Seems like there is a couch ahead.
Sticking to last point.
Best value: 19.69%
Step: 92 | Mode: explore | Action: 2
BLIP2ITMClient.cosine: (480, 640, 3), Seems like there is a couch ahead.
Sticking to last point.
Best value: 19.69%
Step: 93 | Mode: explore | Action: 2
BLIP2ITMClient.cosine: (480, 640, 3), Seems like there is a couch ahead.
Sticking to last point.
Best value: 19.69%
Step: 94 | Mode: explore | Action: 2
BLIP2ITMClient.cosine: (480, 640, 3), Seems like there is a couch ahead.
Sticking to last point.
Best value: 19.69%
Step: 95 | Mode: explore | Action: 1
BLIP2ITMClient.cosine: (480, 640, 3), Seems like there is a couch ahead.
Sticking to last point.
Best value: 19.69%
Step: 96 | Mode: explore | Action: 1
BLIP2ITMClient.cosine: (480, 640, 3), Seems like there is a couch ahead.
Sticking to last point.
Best value: 19.69%
Step: 97 | Mode: explore | Action: 3
BLIP2ITMClient.cosine: (480, 640, 3), Seems like there is a couch ahead.
Sticking to last point.
Best value: 19.69%
Step: 98 | Mode: explore | Action: 1
BLIP2ITMClient.cosine: (480, 640, 3), Seems like there is a couch ahead.
Sticking to last point.
Best value: 19.69%
Step: 99 | Mode: explore | Action: 3
BLIP2ITMClient.cosine: (480, 640, 3), Seems like there is a couch ahead.
Sticking to last point.
Best value: 19.69%
Step: 100 | Mode: explore | Action: 1
BLIP2ITMClient.cosine: (480, 640, 3), Seems like there is a couch ahead.
Sticking to last point.
Best value: 19.69%
Step: 101 | Mode: explore | Action: 3
BLIP2ITMClient.cosine: (480, 640, 3), Seems like there is a couch ahead.
Sticking to last point.
Best value: 19.69%
Step: 102 | Mode: explore | Action: 1
BLIP2ITMClient.cosine: (480, 640, 3), Seems like there is a couch ahead.
Sticking to last point.
Best value: 19.69%
Step: 103 | Mode: explore | Action: 2
BLIP2ITMClient.cosine: (480, 640, 3), Seems like there is a couch ahead.
Sticking to last point.
Best value: 19.69%
Step: 104 | Mode: explore | Action: 2
BLIP2ITMClient.cosine: (480, 640, 3), Seems like there is a couch ahead.
Sticking to last point.
Best value: 19.69%
Step: 105 | Mode: explore | Action: 2
BLIP2ITMClient.cosine: (480, 640, 3), Seems like there is a couch ahead.
Sticking to last point.
Best value: 19.69%
Step: 106 | Mode: explore | Action: 1
BLIP2ITMClient.cosine: (480, 640, 3), Seems like there is a couch ahead.
Sticking to last point.
Best value: 19.69%
Step: 107 | Mode: explore | Action: 3
BLIP2ITMClient.cosine: (480, 640, 3), Seems like there is a couch ahead.
Sticking to last point.
Best value: 19.69%
Step: 108 | Mode: explore | Action: 1
BLIP2ITMClient.cosine: (480, 640, 3), Seems like there is a couch ahead.
Sticking to last point.
Best value: 19.69%
Step: 109 | Mode: explore | Action: 3
BLIP2ITMClient.cosine: (480, 640, 3), Seems like there is a couch ahead.
Sticking to last point.
Best value: 19.69%
Step: 110 | Mode: explore | Action: 1
BLIP2ITMClient.cosine: (480, 640, 3), Seems like there is a couch ahead.
Sticking to last point.
Best value: 19.69%
Step: 111 | Mode: explore | Action: 3
BLIP2ITMClient.cosine: (480, 640, 3), Seems like there is a couch ahead.
Sticking to last point.
Best value: 19.69%
Step: 112 | Mode: explore | Action: 1
BLIP2ITMClient.cosine: (480, 640, 3), Seems like there is a couch ahead.
Sticking to last point.
Best value: 19.69%
Step: 113 | Mode: explore | Action: 2
BLIP2ITMClient.cosine: (480, 640, 3), Seems like there is a couch ahead.
Sticking to last point.
Best value: 19.69%
Step: 114 | Mode: explore | Action: 2
BLIP2ITMClient.cosine: (480, 640, 3), Seems like there is a couch ahead.
Sticking to last point.
Best value: 19.69%
Step: 115 | Mode: explore | Action: 2
BLIP2ITMClient.cosine: (480, 640, 3), Seems like there is a couch ahead.
Sticking to last point.
Best value: 19.69%
Step: 116 | Mode: explore | Action: 1
BLIP2ITMClient.cosine: (480, 640, 3), Seems like there is a couch ahead.
Sticking to last point.
Best value: 19.69%
Step: 117 | Mode: explore | Action: 3
BLIP2ITMClient.cosine: (480, 640, 3), Seems like there is a couch ahead.
Sticking to last point.
Best value: 19.69%
Step: 118 | Mode: explore | Action: 1
BLIP2ITMClient.cosine: (480, 640, 3), Seems like there is a couch ahead.
Sticking to last point.
Best value: 19.69%
Step: 119 | Mode: explore | Action: 3
BLIP2ITMClient.cosine: (480, 640, 3), Seems like there is a couch ahead.
Sticking to last point.
Best value: 19.69%
Step: 120 | Mode: explore | Action: 1
BLIP2ITMClient.cosine: (480, 640, 3), Seems like there is a couch ahead.
Sticking to last point.
Best value: 19.69%
Step: 121 | Mode: explore | Action: 3
BLIP2ITMClient.cosine: (480, 640, 3), Seems like there is a couch ahead.
Sticking to last point.
Best value: 19.69%
Step: 122 | Mode: explore | Action: 1
BLIP2ITMClient.cosine: (480, 640, 3), Seems like there is a couch ahead.
Sticking to last point.
Best value: 19.69%
Step: 123 | Mode: explore | Action: 2
BLIP2ITMClient.cosine: (480, 640, 3), Seems like there is a couch ahead.
Sticking to last point.
Best value: 19.69%
Step: 124 | Mode: explore | Action: 2
BLIP2ITMClient.cosine: (480, 640, 3), Seems like there is a couch ahead.
Sticking to last point.
Best value: 19.69%
Step: 125 | Mode: explore | Action: 2
BLIP2ITMClient.cosine: (480, 640, 3), Seems like there is a couch ahead.
Sticking to last point.
Best value: 19.69%
Step: 126 | Mode: explore | Action: 1
BLIP2ITMClient.cosine: (480, 640, 3), Seems like there is a couch ahead.
Sticking to last point.
Best value: 19.69%
Step: 127 | Mode: explore | Action: 3
BLIP2ITMClient.cosine: (480, 640, 3), Seems like there is a couch ahead.
Sticking to last point.
Best value: 19.69%
Step: 128 | Mode: explore | Action: 1
BLIP2ITMClient.cosine: (480, 640, 3), Seems like there is a couch ahead.
Sticking to last point.
Best value: 19.69%
Step: 129 | Mode: explore | Action: 3
BLIP2ITMClient.cosine: (480, 640, 3), Seems like there is a couch ahead.
Sticking to last point.
Best value: 19.69%
Step: 130 | Mode: explore | Action: 1
BLIP2ITMClient.cosine: (480, 640, 3), Seems like there is a couch ahead.
Sticking to last point.
Best value: 19.69%
Step: 131 | Mode: explore | Action: 3
BLIP2ITMClient.cosine: (480, 640, 3), Seems like there is a couch ahead.
Sticking to last point.
Best value: 19.69%
Step: 132 | Mode: explore | Action: 1
BLIP2ITMClient.cosine: (480, 640, 3), Seems like there is a couch ahead.
Sticking to last point.
Best value: 19.69%
Step: 133 | Mode: explore | Action: 2
BLIP2ITMClient.cosine: (480, 640, 3), Seems like there is a couch ahead.
Sticking to last point.
Best value: 19.69%
Step: 134 | Mode: explore | Action: 2
BLIP2ITMClient.cosine: (480, 640, 3), Seems like there is a couch ahead.
Sticking to last point.
Best value: 19.69%
Step: 135 | Mode: explore | Action: 2
BLIP2ITMClient.cosine: (480, 640, 3), Seems like there is a couch ahead.
Sticking to last point.
Best value: 19.69%
Step: 136 | Mode: explore | Action: 1
BLIP2ITMClient.cosine: (480, 640, 3), Seems like there is a couch ahead.
Sticking to last point.
Best value: 19.69%
Step: 137 | Mode: explore | Action: 3
BLIP2ITMClient.cosine: (480, 640, 3), Seems like there is a couch ahead.
Sticking to last point.
Best value: 19.69%
Step: 138 | Mode: explore | Action: 1
BLIP2ITMClient.cosine: (480, 640, 3), Seems like there is a couch ahead.
Sticking to last point.
Best value: 19.69%
Step: 139 | Mode: explore | Action: 3
BLIP2ITMClient.cosine: (480, 640, 3), Seems like there is a couch ahead.
Sticking to last point.
Best value: 19.69%
Step: 140 | Mode: explore | Action: 1
BLIP2ITMClient.cosine: (480, 640, 3), Seems like there is a couch ahead.
Sticking to last point.
Best value: 19.69%
Step: 141 | Mode: explore | Action: 3
BLIP2ITMClient.cosine: (480, 640, 3), Seems like there is a couch ahead.
Sticking to last point.
Best value: 19.69%
Step: 142 | Mode: explore | Action: 1
BLIP2ITMClient.cosine: (480, 640, 3), Seems like there is a couch ahead.
Sticking to last point.
Best value: 19.69%
Step: 143 | Mode: explore | Action: 2
BLIP2ITMClient.cosine: (480, 640, 3), Seems like there is a couch ahead.
Sticking to last point.
Best value: 19.69%
Step: 144 | Mode: explore | Action: 2
BLIP2ITMClient.cosine: (480, 640, 3), Seems like there is a couch ahead.
Sticking to last point.
Best value: 19.69%
Step: 145 | Mode: explore | Action: 2
BLIP2ITMClient.cosine: (480, 640, 3), Seems like there is a couch ahead.
Sticking to last point.
Best value: 19.69%
Step: 146 | Mode: explore | Action: 1
BLIP2ITMClient.cosine: (480, 640, 3), Seems like there is a couch ahead.
Sticking to last point.
Best value: 19.69%
Step: 147 | Mode: explore | Action: 3
BLIP2ITMClient.cosine: (480, 640, 3), Seems like there is a couch ahead.
Sticking to last point.
Best value: 19.69%
Step: 148 | Mode: explore | Action: 1
BLIP2ITMClient.cosine: (480, 640, 3), Seems like there is a couch ahead.
Sticking to last point.
Best value: 19.69%
Step: 149 | Mode: explore | Action: 3
BLIP2ITMClient.cosine: (480, 640, 3), Seems like there is a couch ahead.
Sticking to last point.
Best value: 19.69%
Step: 150 | Mode: explore | Action: 1
BLIP2ITMClient.cosine: (480, 640, 3), Seems like there is a couch ahead.
Sticking to last point.
Best value: 19.69%
Step: 151 | Mode: explore | Action: 3
BLIP2ITMClient.cosine: (480, 640, 3), Seems like there is a couch ahead.
Sticking to last point.
Best value: 19.69%
Step: 152 | Mode: explore | Action: 1
BLIP2ITMClient.cosine: (480, 640, 3), Seems like there is a couch ahead.
Sticking to last point.
Best value: 19.69%
Step: 153 | Mode: explore | Action: 2
BLIP2ITMClient.cosine: (480, 640, 3), Seems like there is a couch ahead.
Sticking to last point.
Best value: 19.69%
Step: 154 | Mode: explore | Action: 2
BLIP2ITMClient.cosine: (480, 640, 3), Seems like there is a couch ahead.
Sticking to last point.
Best value: 19.69%
Step: 155 | Mode: explore | Action: 1
BLIP2ITMClient.cosine: (480, 640, 3), Seems like there is a couch ahead.
Sticking to last point.
Best value: 19.69%
Step: 156 | Mode: explore | Action: 2
BLIP2ITMClient.cosine: (480, 640, 3), Seems like there is a couch ahead.
Sticking to last point.
Best value: 19.69%
Step: 157 | Mode: explore | Action: 1
BLIP2ITMClient.cosine: (480, 640, 3), Seems like there is a couch ahead.
Sticking to last point.
Best value: 19.69%
Step: 158 | Mode: explore | Action: 2
BLIP2ITMClient.cosine: (480, 640, 3), Seems like there is a couch ahead.
Sticking to last point.
Best value: 19.69%
Step: 159 | Mode: explore | Action: 1
BLIP2ITMClient.cosine: (480, 640, 3), Seems like there is a couch ahead.
Sticking to last point.
Best value: 19.69%
Step: 160 | Mode: explore | Action: 2
BLIP2ITMClient.cosine: (480, 640, 3), Seems like there is a couch ahead.
Sticking to last point.
Best value: 19.69%
Step: 161 | Mode: explore | Action: 1
BLIP2ITMClient.cosine: (480, 640, 3), Seems like there is a couch ahead.
Sticking to last point.
Best value: 19.69%
Step: 162 | Mode: explore | Action: 2
BLIP2ITMClient.cosine: (480, 640, 3), Seems like there is a couch ahead.
Sticking to last point.
Best value: 19.69%
Step: 163 | Mode: explore | Action: 1
BLIP2ITMClient.cosine: (480, 640, 3), Seems like there is a couch ahead.
Sticking to last point.
Best value: 19.69%
Step: 164 | Mode: explore | Action: 3
BLIP2ITMClient.cosine: (480, 640, 3), Seems like there is a couch ahead.
Sticking to last point.
Best value: 19.69%
Step: 165 | Mode: explore | Action: 3
BLIP2ITMClient.cosine: (480, 640, 3), Seems like there is a couch ahead.
Sticking to last point.
Best value: 19.69%
Step: 166 | Mode: explore | Action: 1
BLIP2ITMClient.cosine: (480, 640, 3), Seems like there is a couch ahead.
Sticking to last point.
Best value: 19.69%
Step: 167 | Mode: explore | Action: 3
BLIP2ITMClient.cosine: (480, 640, 3), Seems like there is a couch ahead.
Sticking to last point.
Best value: 19.69%
Step: 168 | Mode: explore | Action: 1
BLIP2ITMClient.cosine: (480, 640, 3), Seems like there is a couch ahead.
Sticking to last point.
Best value: 19.69%
Step: 169 | Mode: explore | Action: 1
BLIP2ITMClient.cosine: (480, 640, 3), Seems like there is a couch ahead.
Sticking to last point.
Best value: 19.69%
Step: 170 | Mode: explore | Action: 3
BLIP2ITMClient.cosine: (480, 640, 3), Seems like there is a couch ahead.
Sticking to last point.
Best value: 19.69%
Step: 171 | Mode: explore | Action: 1
BLIP2ITMClient.cosine: (480, 640, 3), Seems like there is a couch ahead.
Sticking to last point.
Best value: 19.69%
Step: 172 | Mode: explore | Action: 3
BLIP2ITMClient.cosine: (480, 640, 3), Seems like there is a couch ahead.
Sticking to last point.
Best value: 19.69%
Step: 173 | Mode: explore | Action: 1
BLIP2ITMClient.cosine: (480, 640, 3), Seems like there is a couch ahead.
Sticking to last point.
Best value: 19.69%
Step: 174 | Mode: explore | Action: 3
BLIP2ITMClient.cosine: (480, 640, 3), Seems like there is a couch ahead.
Sticking to last point.
Best value: 19.69%
Step: 175 | Mode: explore | Action: 1
BLIP2ITMClient.cosine: (480, 640, 3), Seems like there is a couch ahead.
Sticking to last point.
Best value: 19.69%
Step: 176 | Mode: explore | Action: 3
BLIP2ITMClient.cosine: (480, 640, 3), Seems like there is a couch ahead.
Sticking to last point.
Best value: 19.69%
Step: 177 | Mode: explore | Action: 1
BLIP2ITMClient.cosine: (480, 640, 3), Seems like there is a couch ahead.
Sticking to last point.
Best value: 19.69%
Step: 178 | Mode: explore | Action: 2
BLIP2ITMClient.cosine: (480, 640, 3), Seems like there is a couch ahead.
Sticking to last point.
Best value: 19.69%
Step: 179 | Mode: explore | Action: 1
BLIP2ITMClient.cosine: (480, 640, 3), Seems like there is a couch ahead.
BLIP2ITMClient.cosine: (480, 640, 3), Seems like there is a couch ahead.
Sticking to last point.
Best value: 19.69%
Step: 180 | Mode: explore | Action: 2
BLIP2ITMClient.cosine: (480, 640, 3), Seems like there is a couch ahead.
Sticking to last point.
Best value: 19.69%
Step: 181 | Mode: explore | Action: 2
BLIP2ITMClient.cosine: (480, 640, 3), Seems like there is a couch ahead.
Sticking to last point.
Best value: 19.69%
Step: 182 | Mode: explore | Action: 2
BLIP2ITMClient.cosine: (480, 640, 3), Seems like there is a couch ahead.
Sticking to last point.
Best value: 19.69%
Step: 183 | Mode: explore | Action: 1
BLIP2ITMClient.cosine: (480, 640, 3), Seems like there is a couch ahead.
Sticking to last point.
Best value: 19.69%
Step: 184 | Mode: explore | Action: 2
BLIP2ITMClient.cosine: (480, 640, 3), Seems like there is a couch ahead.
Sticking to last point.
Best value: 19.69%
Step: 185 | Mode: explore | Action: 1
BLIP2ITMClient.cosine: (480, 640, 3), Seems like there is a couch ahead.
Sticking to last point.
Best value: 19.69%
Step: 186 | Mode: explore | Action: 1
BLIP2ITMClient.cosine: (480, 640, 3), Seems like there is a couch ahead.
Sticking to last point.
Best value: 19.69%
Step: 187 | Mode: explore | Action: 3
BLIP2ITMClient.cosine: (480, 640, 3), Seems like there is a couch ahead.
Sticking to last point.
Best value: 19.69%
Step: 188 | Mode: explore | Action: 1
BLIP2ITMClient.cosine: (480, 640, 3), Seems like there is a couch ahead.
Sticking to last point.
Best value: 19.69%
Step: 189 | Mode: explore | Action: 3
BLIP2ITMClient.cosine: (480, 640, 3), Seems like there is a couch ahead.
BLIP2ITMClient.cosine: (480, 640, 3), Seems like there is a couch ahead.
Sticking to last point.
Best value: 19.69%
Step: 190 | Mode: explore | Action: 1
BLIP2ITMClient.cosine: (480, 640, 3), Seems like there is a couch ahead.
Sticking to last point.
Best value: 19.69%
Step: 191 | Mode: explore | Action: 2
BLIP2ITMClient.cosine: (480, 640, 3), Seems like there is a couch ahead.
Sticking to last point.
Best value: 19.69%
Step: 192 | Mode: explore | Action: 2
BLIP2ITMClient.cosine: (480, 640, 3), Seems like there is a couch ahead.
Sticking to last point.
Best value: 19.69%
Step: 193 | Mode: explore | Action: 2
BLIP2ITMClient.cosine: (480, 640, 3), Seems like there is a couch ahead.
Sticking to last point.
Best value: 19.69%
Step: 194 | Mode: explore | Action: 1
BLIP2ITMClient.cosine: (480, 640, 3), Seems like there is a couch ahead.
Sticking to last point.
Best value: 19.69%
Step: 195 | Mode: explore | Action: 1
BLIP2ITMClient.cosine: (480, 640, 3), Seems like there is a couch ahead.
Sticking to last point.
Best value: 19.69%
Step: 196 | Mode: explore | Action: 2
BLIP2ITMClient.cosine: (480, 640, 3), Seems like there is a couch ahead.
Sticking to last point.
Best value: 19.69%
Step: 197 | Mode: explore | Action: 1
BLIP2ITMClient.cosine: (480, 640, 3), Seems like there is a couch ahead.
Sticking to last point.
Best value: 19.69%
Step: 198 | Mode: explore | Action: 3
BLIP2ITMClient.cosine: (480, 640, 3), Seems like there is a couch ahead.
Sticking to last point.
Best value: 19.69%
Step: 199 | Mode: explore | Action: 1
BLIP2ITMClient.cosine: (480, 640, 3), Seems like there is a couch ahead.
Sticking to last point.
Best value: 19.69%
Step: 200 | Mode: explore | Action: 1
BLIP2ITMClient.cosine: (480, 640, 3), Seems like there is a couch ahead.
Sticking to last point.
Best value: 19.69%
Step: 201 | Mode: explore | Action: 2
BLIP2ITMClient.cosine: (480, 640, 3), Seems like there is a couch ahead.
Sticking to last point.
Best value: 19.69%
Step: 202 | Mode: explore | Action: 1
BLIP2ITMClient.cosine: (480, 640, 3), Seems like there is a couch ahead.
Sticking to last point.
Best value: 19.69%
Step: 203 | Mode: explore | Action: 1
BLIP2ITMClient.cosine: (480, 640, 3), Seems like there is a couch ahead.
Sticking to last point.
Best value: 19.69%
Step: 204 | Mode: explore | Action: 1
BLIP2ITMClient.cosine: (480, 640, 3), Seems like there is a couch ahead.
Sticking to last point.
Best value: 19.69%
Step: 205 | Mode: explore | Action: 1
BLIP2ITMClient.cosine: (480, 640, 3), Seems like there is a couch ahead.
Sticking to last point.
Best value: 19.69%
Step: 206 | Mode: explore | Action: 3
BLIP2ITMClient.cosine: (480, 640, 3), Seems like there is a couch ahead.
Sticking to last point.
Best value: 19.69%
Step: 207 | Mode: explore | Action: 1
BLIP2ITMClient.cosine: (480, 640, 3), Seems like there is a couch ahead.
Sticking to last point.
Best value: 19.69%
Step: 208 | Mode: explore | Action: 3
BLIP2ITMClient.cosine: (480, 640, 3), Seems like there is a couch ahead.
Sticking to last point.
Best value: 19.69%
Step: 209 | Mode: explore | Action: 1
BLIP2ITMClient.cosine: (480, 640, 3), Seems like there is a couch ahead.
Sticking to last point.
Best value: 19.69%
Step: 210 | Mode: explore | Action: 3
BLIP2ITMClient.cosine: (480, 640, 3), Seems like there is a couch ahead.
BLIP2ITMClient.cosine: (480, 640, 3), Seems like there is a couch ahead.
Sticking to last point.
Best value: 19.69%
Step: 211 | Mode: explore | Action: 1
BLIP2ITMClient.cosine: (480, 640, 3), Seems like there is a couch ahead.
Sticking to last point.
Best value: 19.69%
Step: 212 | Mode: explore | Action: 2
BLIP2ITMClient.cosine: (480, 640, 3), Seems like there is a couch ahead.
Sticking to last point.
Best value: 19.69%
Step: 213 | Mode: explore | Action: 2
BLIP2ITMClient.cosine: (480, 640, 3), Seems like there is a couch ahead.
Sticking to last point.
Best value: 19.69%
Step: 214 | Mode: explore | Action: 1
BLIP2ITMClient.cosine: (480, 640, 3), Seems like there is a couch ahead.
Sticking to last point.
Best value: 19.69%
Step: 215 | Mode: explore | Action: 2
BLIP2ITMClient.cosine: (480, 640, 3), Seems like there is a couch ahead.
BLIP2ITMClient.cosine: (480, 640, 3), Seems like there is a couch ahead.
Best value: 19.69%
Step: 216 | Mode: explore | Action: 2
BLIP2ITMClient.cosine: (480, 640, 3), Seems like there is a couch ahead.
Sticking to last point.
Best value: 19.69%
Step: 217 | Mode: explore | Action: 1
BLIP2ITMClient.cosine: (480, 640, 3), Seems like there is a couch ahead.
BLIP2ITMClient.cosine: (480, 640, 3), Seems like there is a couch ahead.
Sticking to last point.
Best value: 19.69%
Step: 218 | Mode: explore | Action: 1
BLIP2ITMClient.cosine: (480, 640, 3), Seems like there is a couch ahead.
BLIP2ITMClient.cosine: (480, 640, 3), Seems like there is a couch ahead.
Sticking to last point.
Best value: 19.69%
Step: 219 | Mode: explore | Action: 1
BLIP2ITMClient.cosine: (480, 640, 3), Seems like there is a couch ahead.
BLIP2ITMClient.cosine: (480, 640, 3), Seems like there is a couch ahead.
Sticking to last point.
Best value: 19.69%
Step: 220 | Mode: explore | Action: 1
BLIP2ITMClient.cosine: (480, 640, 3), Seems like there is a couch ahead.
Sticking to last point.
Best value: 19.69%
Step: 221 | Mode: explore | Action: 1
BLIP2ITMClient.cosine: (480, 640, 3), Seems like there is a couch ahead.
Sticking to last point.
Best value: 19.69%
Step: 222 | Mode: explore | Action: 1
BLIP2ITMClient.cosine: (480, 640, 3), Seems like there is a couch ahead.
Sticking to last point.
Best value: 19.69%
Step: 223 | Mode: explore | Action: 1
BLIP2ITMClient.cosine: (480, 640, 3), Seems like there is a couch ahead.
Sticking to last point.
Best value: 19.69%
Step: 224 | Mode: explore | Action: 1
BLIP2ITMClient.cosine: (480, 640, 3), Seems like there is a couch ahead.
  2%|▎         | 10/400 [08:30<7:26:02, 68.62s/it]  3%|▎         | 11/400 [08:30<5:10:29, 47.89s/it]BLIP2ITMClient.cosine: (480, 640, 3), Seems like there is a couch ahead.
Sticking to last point.
Best value: 24.81%
Step: 225 | Mode: explore | Action: 1
BLIP2ITMClient.cosine: (480, 640, 3), Seems like there is a couch ahead.
BLIP2ITMClient.cosine: (480, 640, 3), Seems like there is a couch ahead.
Sticking to last point.
Best value: 24.81%
Step: 226 | Mode: explore | Action: 1
BLIP2ITMClient.cosine: (480, 640, 3), Seems like there is a couch ahead.
BLIP2ITMClient.cosine: (480, 640, 3), Seems like there is a couch ahead.
Sticking to last point.
Best value: 24.81%
Step: 227 | Mode: explore | Action: 1
BLIP2ITMClient.cosine: (480, 640, 3), Seems like there is a couch ahead.
Sticking to last point.
Best value: 24.81%
Step: 228 | Mode: explore | Action: 3
BLIP2ITMClient.cosine: (480, 640, 3), Seems like there is a couch ahead.
BLIP2ITMClient.cosine: (480, 640, 3), Seems like there is a couch ahead.
Sticking to last point.
Best value: 24.81%
Step: 229 | Mode: explore | Action: 1
BLIP2ITMClient.cosine: (480, 640, 3), Seems like there is a couch ahead.
BLIP2ITMClient.cosine: (480, 640, 3), Seems like there is a couch ahead.
Sticking to last point.
Best value: 24.81%
Step: 230 | Mode: explore | Action: 1
BLIP2ITMClient.cosine: (480, 640, 3), Seems like there is a couch ahead.
BLIP2ITMClient.cosine: (480, 640, 3), Seems like there is a couch ahead.
Sticking to last point.
Best value: 24.81%
Step: 231 | Mode: explore | Action: 1
BLIP2ITMClient.cosine: (480, 640, 3), Seems like there is a couch ahead.
BLIP2ITMClient.cosine: (480, 640, 3), Seems like there is a couch ahead.
Sticking to last point.
Best value: 24.81%
Step: 232 | Mode: explore | Action: 1
BLIP2ITMClient.cosine: (480, 640, 3), Seems like there is a couch ahead.
BLIP2ITMClient.cosine: (480, 640, 3), Seems like there is a couch ahead.
Best value: 24.10%
Step: 233 | Mode: explore | Action: 2
BLIP2ITMClient.cosine: (480, 640, 3), Seems like there is a couch ahead.
Best value: 24.00%
Step: 234 | Mode: explore | Action: 1
BLIP2ITMClient.cosine: (480, 640, 3), Seems like there is a couch ahead.
Sticking to last point.
Best value: 24.00%
Step: 235 | Mode: explore | Action: 3
BLIP2ITMClient.cosine: (480, 640, 3), Seems like there is a couch ahead.
Sticking to last point.
Best value: 24.00%
Step: 236 | Mode: explore | Action: 1
BLIP2ITMClient.cosine: (480, 640, 3), Seems like there is a couch ahead.
Sticking to last point.
Best value: 24.00%
Step: 237 | Mode: explore | Action: 3
BLIP2ITMClient.cosine: (480, 640, 3), Seems like there is a couch ahead.
BLIP2ITMClient.cosine: (480, 640, 3), Seems like there is a couch ahead.
Best value: 23.95%
Step: 238 | Mode: explore | Action: 1
BLIP2ITMClient.cosine: (480, 640, 3), Seems like there is a couch ahead.
Sticking to last point.
Best value: 23.95%
Step: 239 | Mode: explore | Action: 1
BLIP2ITMClient.cosine: (480, 640, 3), Seems like there is a couch ahead.
Sticking to last point.
Best value: 23.95%
Step: 240 | Mode: explore | Action: 1
BLIP2ITMClient.cosine: (480, 640, 3), Seems like there is a couch ahead.
Sticking to last point.
Best value: 23.95%
Step: 241 | Mode: explore | Action: 3
BLIP2ITMClient.cosine: (480, 640, 3), Seems like there is a couch ahead.
BLIP2ITMClient.cosine: (480, 640, 3), Seems like there is a couch ahead.
Sticking to last point.
Best value: 23.95%
Step: 242 | Mode: explore | Action: 1
BLIP2ITMClient.cosine: (480, 640, 3), Seems like there is a couch ahead.
Sticking to last point.
Best value: 23.95%
Step: 243 | Mode: explore | Action: 1
BLIP2ITMClient.cosine: (480, 640, 3), Seems like there is a couch ahead.
Sticking to last point.
Best value: 23.95%
Step: 244 | Mode: explore | Action: 1
BLIP2ITMClient.cosine: (480, 640, 3), Seems like there is a couch ahead.
Best value: 26.82%
Step: 245 | Mode: explore | Action: 3
BLIP2ITMClient.cosine: (480, 640, 3), Seems like there is a couch ahead.
Step: 246 | Mode: navigate | Action: 3
BLIP2ITMClient.cosine: (480, 640, 3), Seems like there is a couch ahead.
Step: 247 | Mode: navigate | Action: 2
BLIP2ITMClient.cosine: (480, 640, 3), Seems like there is a couch ahead.
Step: 248 | Mode: navigate | Action: 1
BLIP2ITMClient.cosine: (480, 640, 3), Seems like there is a couch ahead.
Step: 249 | Mode: navigate | Action: 0
[traj] episode 153 — unknown
[traj] captured failure_cause: did_not_fail
[traj] value map: max=0.2682, nonzero=25929
[traj] saved episode Darden_119 (250 steps, success)
BLIP2ITMClient.cosine: (480, 640, 3), Seems like there is a potted plant ahead.
Step: 0 | Mode: initialize | Action: 2
[traj] episode 136 — unknown
Episode 153 in scene Darden failed due to 'never_saw_target_did_not_travel_stairs_likely_infeasible'.
[traj] captured failure_cause: never_saw_target_did_not_travel_stairs_likely_infeasible
[traj] value map: max=0.1863, nonzero=217
[traj] saved episode Darden_153 (1 steps, failed)
BLIP2ITMClient.cosine: (480, 640, 3), Seems like there is a couch ahead.
Step: 0 | Mode: initialize | Action: 2
BLIP2ITMClient.cosine: (480, 640, 3), Seems like there is a couch ahead.
Step: 1 | Mode: initialize | Action: 2
BLIP2ITMClient.cosine: (480, 640, 3), Seems like there is a couch ahead.
Step: 2 | Mode: initialize | Action: 2
BLIP2ITMClient.cosine: (480, 640, 3), Seems like there is a couch ahead.
Step: 3 | Mode: initialize | Action: 2
BLIP2ITMClient.cosine: (480, 640, 3), Seems like there is a couch ahead.
Step: 4 | Mode: initialize | Action: 2
BLIP2ITMClient.cosine: (480, 640, 3), Seems like there is a couch ahead.
Step: 5 | Mode: initialize | Action: 2
BLIP2ITMClient.cosine: (480, 640, 3), Seems like there is a couch ahead.
Step: 6 | Mode: initialize | Action: 2
BLIP2ITMClient.cosine: (480, 640, 3), Seems like there is a couch ahead.
Step: 7 | Mode: initialize | Action: 2
BLIP2ITMClient.cosine: (480, 640, 3), Seems like there is a couch ahead.
Step: 8 | Mode: initialize | Action: 2
BLIP2ITMClient.cosine: (480, 640, 3), Seems like there is a couch ahead.
Step: 9 | Mode: initialize | Action: 2
BLIP2ITMClient.cosine: (480, 640, 3), Seems like there is a couch ahead.
Step: 10 | Mode: initialize | Action: 2
BLIP2ITMClient.cosine: (480, 640, 3), Seems like there is a couch ahead.
Step: 11 | Mode: initialize | Action: 2
BLIP2ITMClient.cosine: (480, 640, 3), Seems like there is a couch ahead.
BLIP2ITMClient.cosine: (480, 640, 3), Seems like there is a couch ahead.
Best value: 12.99%
Step: 12 | Mode: explore | Action: 2
BLIP2ITMClient.cosine: (480, 640, 3), Seems like there is a couch ahead.
Sticking to last point.
Best value: 12.99%
Step: 13 | Mode: explore | Action: 1
BLIP2ITMClient.cosine: (480, 640, 3), Seems like there is a couch ahead.
Sticking to last point.
Best value: 12.99%
Step: 14 | Mode: explore | Action: 2
BLIP2ITMClient.cosine: (480, 640, 3), Seems like there is a couch ahead.
BLIP2ITMClient.cosine: (480, 640, 3), Seems like there is a couch ahead.
Best value: 12.99%
Step: 15 | Mode: explore | Action: 1
BLIP2ITMClient.cosine: (480, 640, 3), Seems like there is a couch ahead.
BLIP2ITMClient.cosine: (480, 640, 3), Seems like there is a couch ahead.
Sticking to last point.
Best value: 12.99%
Step: 16 | Mode: explore | Action: 1
BLIP2ITMClient.cosine: (480, 640, 3), Seems like there is a couch ahead.
BLIP2ITMClient.cosine: (480, 640, 3), Seems like there is a couch ahead.
Best value: 9.71%
Step: 17 | Mode: explore | Action: 2
BLIP2ITMClient.cosine: (480, 640, 3), Seems like there is a couch ahead.
Sticking to last point.
Best value: 9.71%
Step: 18 | Mode: explore | Action: 1
BLIP2ITMClient.cosine: (480, 640, 3), Seems like there is a couch ahead.
BLIP2ITMClient.cosine: (480, 640, 3), Seems like there is a couch ahead.
Sticking to last point.
Best value: 14.15%
Step: 19 | Mode: explore | Action: 1
BLIP2ITMClient.cosine: (480, 640, 3), Seems like there is a couch ahead.
BLIP2ITMClient.cosine: (480, 640, 3), Seems like there is a couch ahead.
Sticking to last point.
Best value: 15.27%
Step: 20 | Mode: explore | Action: 1
BLIP2ITMClient.cosine: (480, 640, 3), Seems like there is a couch ahead.
BLIP2ITMClient.cosine: (480, 640, 3), Seems like there is a couch ahead.
Best value: 12.65%
Step: 21 | Mode: explore | Action: 2
  3%|▎         | 12/400 [08:55<4:24:27, 40.89s/it]  3%|▎         | 13/400 [09:07<3:26:49, 32.07s/it]BLIP2ITMClient.cosine: (480, 640, 3), Seems like there is a couch ahead.
BLIP2ITMClient.cosine: (480, 640, 3), Seems like there is a couch ahead.
Best value: 13.95%
Step: 22 | Mode: explore | Action: 1
BLIP2ITMClient.cosine: (480, 640, 3), Seems like there is a couch ahead.
BLIP2ITMClient.cosine: (480, 640, 3), Seems like there is a couch ahead.
Best value: 12.67%
Step: 23 | Mode: explore | Action: 1
BLIP2ITMClient.cosine: (480, 640, 3), Seems like there is a couch ahead.
BLIP2ITMClient.cosine: (480, 640, 3), Seems like there is a couch ahead.
Best value: 10.34%
Step: 24 | Mode: explore | Action: 1
BLIP2ITMClient.cosine: (480, 640, 3), Seems like there is a couch ahead.
BLIP2ITMClient.cosine: (480, 640, 3), Seems like there is a couch ahead.
Sticking to last point.
Best value: 9.71%
Step: 25 | Mode: explore | Action: 3
BLIP2ITMClient.cosine: (480, 640, 3), Seems like there is a couch ahead.
Sticking to last point.
Best value: 9.71%
Step: 26 | Mode: explore | Action: 1
BLIP2ITMClient.cosine: (480, 640, 3), Seems like there is a couch ahead.
BLIP2ITMClient.cosine: (480, 640, 3), Seems like there is a couch ahead.
Sticking to last point.
Best value: 11.26%
Step: 27 | Mode: explore | Action: 1
BLIP2ITMClient.cosine: (480, 640, 3), Seems like there is a couch ahead.
BLIP2ITMClient.cosine: (480, 640, 3), Seems like there is a couch ahead.
Best value: 9.71%
Step: 28 | Mode: explore | Action: 3
BLIP2ITMClient.cosine: (480, 640, 3), Seems like there is a couch ahead.
BLIP2ITMClient.cosine: (480, 640, 3), Seems like there is a couch ahead.
Sticking to last point.
Best value: 9.71%
Step: 29 | Mode: explore | Action: 3
BLIP2ITMClient.cosine: (480, 640, 3), Seems like there is a couch ahead.
Sticking to last point.
Best value: 9.71%
Step: 30 | Mode: explore | Action: 3
BLIP2ITMClient.cosine: (480, 640, 3), Seems like there is a couch ahead.
Step: 31 | Mode: navigate | Action: 3
BLIP2ITMClient.cosine: (480, 640, 3), Seems like there is a couch ahead.
Step: 32 | Mode: navigate | Action: 1
BLIP2ITMClient.cosine: (480, 640, 3), Seems like there is a couch ahead.
Step: 33 | Mode: navigate | Action: 1
BLIP2ITMClient.cosine: (480, 640, 3), Seems like there is a couch ahead.
Step: 34 | Mode: navigate | Action: 1
BLIP2ITMClient.cosine: (480, 640, 3), Seems like there is a couch ahead.
Step: 35 | Mode: navigate | Action: 1
BLIP2ITMClient.cosine: (480, 640, 3), Seems like there is a couch ahead.
Step: 36 | Mode: navigate | Action: 1
BLIP2ITMClient.cosine: (480, 640, 3), Seems like there is a couch ahead.
Step: 37 | Mode: navigate | Action: 2
BLIP2ITMClient.cosine: (480, 640, 3), Seems like there is a couch ahead.
Step: 38 | Mode: navigate | Action: 1
BLIP2ITMClient.cosine: (480, 640, 3), Seems like there is a couch ahead.
Step: 39 | Mode: navigate | Action: 1
BLIP2ITMClient.cosine: (480, 640, 3), Seems like there is a couch ahead.
Step: 40 | Mode: navigate | Action: 1
BLIP2ITMClient.cosine: (480, 640, 3), Seems like there is a couch ahead.
Step: 41 | Mode: navigate | Action: 1
BLIP2ITMClient.cosine: (480, 640, 3), Seems like there is a couch ahead.
Step: 42 | Mode: navigate | Action: 1
BLIP2ITMClient.cosine: (480, 640, 3), Seems like there is a couch ahead.
Step: 43 | Mode: navigate | Action: 1
BLIP2ITMClient.cosine: (480, 640, 3), Seems like there is a couch ahead.
Step: 44 | Mode: navigate | Action: 2
BLIP2ITMClient.cosine: (480, 640, 3), Seems like there is a couch ahead.
Step: 45 | Mode: navigate | Action: 1
BLIP2ITMClient.cosine: (480, 640, 3), Seems like there is a couch ahead.
Step: 46 | Mode: navigate | Action: 3
BLIP2ITMClient.cosine: (480, 640, 3), Seems like there is a couch ahead.
Step: 47 | Mode: navigate | Action: 1
BLIP2ITMClient.cosine: (480, 640, 3), Seems like there is a couch ahead.
Step: 48 | Mode: navigate | Action: 1
BLIP2ITMClient.cosine: (480, 640, 3), Seems like there is a couch ahead.
Step: 49 | Mode: navigate | Action: 1
BLIP2ITMClient.cosine: (480, 640, 3), Seems like there is a couch ahead.
Step: 50 | Mode: navigate | Action: 1
BLIP2ITMClient.cosine: (480, 640, 3), Seems like there is a couch ahead.
Step: 51 | Mode: navigate | Action: 0
[traj] episode 196 — unknown
Episode 136 in scene Darden failed due to 'false_positive'.
[traj] captured failure_cause: false_positive
[traj] value map: max=0.2412, nonzero=14189
[traj] saved episode Darden_136 (52 steps, failed)
BLIP2ITMClient.cosine: (480, 640, 3), Seems like there is a chair ahead.
Step: 0 | Mode: initialize | Action: 2
BLIP2ITMClient.cosine: (480, 640, 3), Seems like there is a chair ahead.
Step: 1 | Mode: initialize | Action: 2
BLIP2ITMClient.cosine: (480, 640, 3), Seems like there is a chair ahead.
Step: 2 | Mode: initialize | Action: 2
BLIP2ITMClient.cosine: (480, 640, 3), Seems like there is a chair ahead.
Step: 3 | Mode: initialize | Action: 2
BLIP2ITMClient.cosine: (480, 640, 3), Seems like there is a chair ahead.
Step: 4 | Mode: initialize | Action: 2
BLIP2ITMClient.cosine: (480, 640, 3), Seems like there is a chair ahead.
Step: 5 | Mode: initialize | Action: 2
BLIP2ITMClient.cosine: (480, 640, 3), Seems like there is a chair ahead.
Step: 6 | Mode: initialize | Action: 2
BLIP2ITMClient.cosine: (480, 640, 3), Seems like there is a chair ahead.
Step: 7 | Mode: initialize | Action: 2
BLIP2ITMClient.cosine: (480, 640, 3), Seems like there is a chair ahead.
Step: 8 | Mode: initialize | Action: 2
BLIP2ITMClient.cosine: (480, 640, 3), Seems like there is a chair ahead.
Step: 9 | Mode: initialize | Action: 2
BLIP2ITMClient.cosine: (480, 640, 3), Seems like there is a chair ahead.
Step: 10 | Mode: initialize | Action: 2
BLIP2ITMClient.cosine: (480, 640, 3), Seems like there is a chair ahead.
Step: 11 | Mode: initialize | Action: 2
BLIP2ITMClient.cosine: (480, 640, 3), Seems like there is a chair ahead.
Step: 12 | Mode: navigate | Action: 3
BLIP2ITMClient.cosine: (480, 640, 3), Seems like there is a chair ahead.
Step: 13 | Mode: navigate | Action: 2
BLIP2ITMClient.cosine: (480, 640, 3), Seems like there is a chair ahead.
Step: 14 | Mode: navigate | Action: 2
BLIP2ITMClient.cosine: (480, 640, 3), Seems like there is a chair ahead.
Step: 15 | Mode: navigate | Action: 2
BLIP2ITMClient.cosine: (480, 640, 3), Seems like there is a chair ahead.
Step: 16 | Mode: navigate | Action: 2
BLIP2ITMClient.cosine: (480, 640, 3), Seems like there is a chair ahead.
Step: 17 | Mode: navigate | Action: 2
BLIP2ITMClient.cosine: (480, 640, 3), Seems like there is a chair ahead.
Step: 18 | Mode: navigate | Action: 1
BLIP2ITMClient.cosine: (480, 640, 3), Seems like there is a chair ahead.
Step: 19 | Mode: navigate | Action: 1
BLIP2ITMClient.cosine: (480, 640, 3), Seems like there is a chair ahead.
Step: 20 | Mode: navigate | Action: 1
BLIP2ITMClient.cosine: (480, 640, 3), Seems like there is a chair ahead.
Step: 21 | Mode: navigate | Action: 3
BLIP2ITMClient.cosine: (480, 640, 3), Seems like there is a chair ahead.
Step: 22 | Mode: navigate | Action: 1
BLIP2ITMClient.cosine: (480, 640, 3), Seems like there is a chair ahead.
Step: 23 | Mode: navigate | Action: 1
BLIP2ITMClient.cosine: (480, 640, 3), Seems like there is a chair ahead.
Step: 24 | Mode: navigate | Action: 0
[traj] episode 166 — unknown
[traj] captured failure_cause: did_not_fail
[traj] value map: max=0.2769, nonzero=14890
[traj] saved episode Darden_196 (25 steps, success)
BLIP2ITMClient.cosine: (480, 640, 3), Seems like there is a chair ahead.
Step: 0 | Mode: initialize | Action: 2
BLIP2ITMClient.cosine: (480, 640, 3), Seems like there is a chair ahead.
Step: 1 | Mode: initialize | Action: 2
BLIP2ITMClient.cosine: (480, 640, 3), Seems like there is a chair ahead.
Step: 2 | Mode: initialize | Action: 2
BLIP2ITMClient.cosine: (480, 640, 3), Seems like there is a chair ahead.
Step: 3 | Mode: initialize | Action: 2
BLIP2ITMClient.cosine: (480, 640, 3), Seems like there is a chair ahead.
Step: 4 | Mode: initialize | Action: 2
BLIP2ITMClient.cosine: (480, 640, 3), Seems like there is a chair ahead.
Step: 5 | Mode: initialize | Action: 2
BLIP2ITMClient.cosine: (480, 640, 3), Seems like there is a chair ahead.
Step: 6 | Mode: initialize | Action: 2
BLIP2ITMClient.cosine: (480, 640, 3), Seems like there is a chair ahead.
  4%|▎         | 14/400 [09:24<2:56:07, 27.38s/it]  4%|▎         | 14/400 [09:24<4:19:15, 40.30s/it]
Step: 7 | Mode: initialize | Action: 2
BLIP2ITMClient.cosine: (480, 640, 3), Seems like there is a chair ahead.
Step: 8 | Mode: initialize | Action: 2
BLIP2ITMClient.cosine: (480, 640, 3), Seems like there is a chair ahead.
Step: 9 | Mode: initialize | Action: 2
BLIP2ITMClient.cosine: (480, 640, 3), Seems like there is a chair ahead.
Step: 10 | Mode: initialize | Action: 2
BLIP2ITMClient.cosine: (480, 640, 3), Seems like there is a chair ahead.
Step: 11 | Mode: initialize | Action: 2
BLIP2ITMClient.cosine: (480, 640, 3), Seems like there is a chair ahead.
Step: 12 | Mode: navigate | Action: 2
BLIP2ITMClient.cosine: (480, 640, 3), Seems like there is a chair ahead.
Step: 13 | Mode: navigate | Action: 1
BLIP2ITMClient.cosine: (480, 640, 3), Seems like there is a chair ahead.
Step: 14 | Mode: navigate | Action: 1
BLIP2ITMClient.cosine: (480, 640, 3), Seems like there is a chair ahead.
Step: 15 | Mode: navigate | Action: 2
BLIP2ITMClient.cosine: (480, 640, 3), Seems like there is a chair ahead.
Step: 16 | Mode: navigate | Action: 1
BLIP2ITMClient.cosine: (480, 640, 3), Seems like there is a chair ahead.
Step: 17 | Mode: navigate | Action: 1
BLIP2ITMClient.cosine: (480, 640, 3), Seems like there is a chair ahead.
Step: 18 | Mode: navigate | Action: 1
BLIP2ITMClient.cosine: (480, 640, 3), Seems like there is a chair ahead.
Step: 19 | Mode: navigate | Action: 1
BLIP2ITMClient.cosine: (480, 640, 3), Seems like there is a chair ahead.
Step: 20 | Mode: navigate | Action: 1
BLIP2ITMClient.cosine: (480, 640, 3), Seems like there is a chair ahead.
Step: 21 | Mode: navigate | Action: 2
BLIP2ITMClient.cosine: (480, 640, 3), Seems like there is a chair ahead.
Step: 22 | Mode: navigate | Action: 1
BLIP2ITMClient.cosine: (480, 640, 3), Seems like there is a chair ahead.
Step: 23 | Mode: navigate | Action: 1
BLIP2ITMClient.cosine: (480, 640, 3), Seems like there is a chair ahead.
Step: 24 | Mode: navigate | Action: 1
BLIP2ITMClient.cosine: (480, 640, 3), Seems like there is a chair ahead.
Step: 25 | Mode: navigate | Action: 1
BLIP2ITMClient.cosine: (480, 640, 3), Seems like there is a chair ahead.
Step: 26 | Mode: navigate | Action: 1
BLIP2ITMClient.cosine: (480, 640, 3), Seems like there is a chair ahead.
Step: 27 | Mode: navigate | Action: 3
BLIP2ITMClient.cosine: (480, 640, 3), Seems like there is a chair ahead.
Step: 28 | Mode: navigate | Action: 1
BLIP2ITMClient.cosine: (480, 640, 3), Seems like there is a chair ahead.
Step: 29 | Mode: navigate | Action: 1
BLIP2ITMClient.cosine: (480, 640, 3), Seems like there is a chair ahead.
Step: 30 | Mode: navigate | Action: 1
BLIP2ITMClient.cosine: (480, 640, 3), Seems like there is a chair ahead.
Step: 31 | Mode: navigate | Action: 1
BLIP2ITMClient.cosine: (480, 640, 3), Seems like there is a chair ahead.
Step: 32 | Mode: navigate | Action: 0
[traj] episode 196 — unknown
[traj] captured failure_cause: did_not_fail
[traj] value map: max=0.2450, nonzero=16917
[traj] saved episode Darden_166 (33 steps, success)
Error executing job with overrides: ['habitat_baselines.evaluate=True', 'habitat_baselines.test_episode_count=-1', 'habitat.dataset.data_path=data/datasets/objectnav/gibson/v1.1/val/Darden_full.json.gz', 'habitat.dataset.content_scenes=[Darden]', 'habitat_baselines.num_environments=1']
Traceback (most recent call last):
  File "/workspace/vlfm/vlfm/run.py", line 57, in main
    execute_exp(cfg, "eval" if cfg.habitat_baselines.evaluate else "train")
  File "/opt/conda/envs/DCON/lib/python3.9/site-packages/habitat_baselines/run.py", line 62, in execute_exp
    trainer.eval()
  File "/opt/conda/envs/DCON/lib/python3.9/site-packages/habitat_baselines/common/base_trainer.py", line 132, in eval
    self._eval_checkpoint(
  File "/workspace/vlfm/vlfm/utils/vlfm_trainer.py", line 337, in _eval_checkpoint
    assert (
AssertionError: Expected 400 episodes, got 14.

Set the environment variable HYDRA_FULL_ERROR=1 for a complete stack trace.
Exception ignored in: <function VectorEnv.__del__ at 0x7f5cdc7b2790>
Traceback (most recent call last):
  File "/opt/conda/envs/DCON/lib/python3.9/site-packages/habitat/core/vector_env.py", line 589, in __del__
    self.close()
  File "/opt/conda/envs/DCON/lib/python3.9/site-packages/habitat/core/vector_env.py", line 463, in close
    write_fn((CLOSE_COMMAND, None))
  File "/opt/conda/envs/DCON/lib/python3.9/site-packages/habitat/core/vector_env.py", line 129, in __call__
    self.write_fn(data)
  File "/opt/conda/envs/DCON/lib/python3.9/site-packages/habitat/utils/pickle5_multiprocessing.py", line 63, in send
    self.send_bytes(buf.getvalue())
  File "/opt/conda/envs/DCON/lib/python3.9/multiprocessing/connection.py", line 200, in send_bytes
    self._send_bytes(m[offset:offset + size])
  File "/opt/conda/envs/DCON/lib/python3.9/multiprocessing/connection.py", line 411, in _send_bytes
    self._send(header + buf)
  File "/opt/conda/envs/DCON/lib/python3.9/multiprocessing/connection.py", line 368, in _send
    n = write(self._handle, buf)
BrokenPipeError: [Errno 32] Broken pipe
