Gym has been unmaintained since 2022 and does not support NumPy 2.0 amongst other critical functionality.
Please upgrade to Gymnasium, the maintained drop-in replacement of Gym, or contact the authors of your software and request that they upgrade.
See the migration guide at https://gymnasium.farama.org/introduction/migration_guide/ for additional information.
Neither `ifconfig` (`ifconfig -a`) nor `ip` (`ip address show`) commands are available, listing network interfaces is likely to fail
/opt/conda/envs/DCON/lib/python3.9/site-packages/fairscale/experimental/nn/offload.py:19: FutureWarning: `torch.cuda.amp.custom_fwd(args...)` is deprecated. Please use `torch.amp.custom_fwd(args..., device_type='cuda')` instead.
  return torch.cuda.amp.custom_fwd(orig_func)  # type: ignore
/opt/conda/envs/DCON/lib/python3.9/site-packages/fairscale/experimental/nn/offload.py:30: FutureWarning: `torch.cuda.amp.custom_bwd(args...)` is deprecated. Please use `torch.amp.custom_bwd(args..., device_type='cuda')` instead.
  return torch.cuda.amp.custom_bwd(orig_func)  # type: ignore
[traj] RUN_ID = 20260721_185619
2026-07-21 18:56:19,906 env config: habitat_baselines:
  evaluate: true
  trainer_name: vlfm
  updater_name: PPO
  distrib_updater_name: DDPPO
  torch_gpu_id: 0
  tensorboard_dir: tb
  writer_type: tb
  video_dir: video_dir
  video_fps: 10
  test_episode_count: -1
  eval_ckpt_path_dir: data/dummy_policy.pth
  num_environments: 1
  num_processes: -1
  rollout_storage_name: RolloutStorage
  checkpoint_folder: data/new_checkpoints
  num_updates: 270000
  num_checkpoints: 100
  checkpoint_interval: -1
  total_num_steps: -1.0
  log_interval: 10
  log_file: train.log
  force_blind_policy: false
  verbose: true
  eval_keys_to_include_in_name: []
  force_torch_single_threaded: true
  wb:
    project_name: ''
    entity: ''
    group: ''
    run_name: ''
  load_resume_state_config: false
  eval:
    split: val
    use_ckpt_config: true
    should_load_ckpt: false
    evals_per_ep: 1
    video_option: []
    extra_sim_sensors: {}
  profiling:
    capture_start_step: -1
    num_steps_to_capture: -1
  rl:
    agent:
      type: SingleAgentAccessMgr
    preemption:
      append_slurm_job_id: false
      save_resume_state_interval: 100
      save_state_batch_only: false
    policy:
      name: HabitatITMPolicy
      action_distribution_type: categorical
      action_dist:
        use_log_std: true
        use_softplus: false
        std_init: ???
        log_std_init: 0.0
        use_std_param: false
        clamp_std: true
        min_std: 1.0e-06
        max_std: 1
        min_log_std: -5
        max_log_std: 2
        action_activation: tanh
        scheduled_std: false
      obs_transforms: {}
      hierarchical_policy: ???
      text_prompt: Seems like there is a target_object ahead.
      pointnav_policy_path: data/pointnav_weights.pth
      depth_image_shape:
      - 224
      - 224
      pointnav_stop_radius: 0.9
      use_max_confidence: false
      object_map_erosion_size: 5
      exploration_thresh: 0.0
      obstacle_map_area_threshold: 1.5
      min_obstacle_height: 0.61
      max_obstacle_height: 0.88
      hole_area_thresh: 100000
      use_vqa: false
      vqa_prompt: 'Is this '
      coco_threshold: 0.8
      non_coco_threshold: 0.4
      agent_radius: 0.18
    ppo:
      clip_param: 0.2
      ppo_epoch: 4
      num_mini_batch: 2
      value_loss_coef: 0.5
      entropy_coef: 0.01
      lr: 0.00025
      eps: 1.0e-05
      max_grad_norm: 0.2
      num_steps: 64
      use_gae: true
      use_linear_lr_decay: false
      use_linear_clip_decay: false
      gamma: 0.99
      tau: 0.95
      reward_window_size: 50
      use_normalized_advantage: false
      hidden_size: 512
      entropy_target_factor: 0.0
      use_adaptive_entropy_pen: false
      use_clipped_value_loss: true
      use_double_buffered_sampler: false
    ddppo:
      sync_frac: 0.6
      distrib_backend: NCCL
      rnn_type: LSTM
      num_recurrent_layers: 2
      backbone: resnet50
      pretrained_weights: data/ddppo-models/gibson-2plus-resnet50.pth
      pretrained: false
      pretrained_encoder: false
      train_encoder: true
      reset_critic: false
      force_distributed: false
    ver:
      variable_experience: true
      num_inference_workers: 2
      overlap_rollouts_and_learn: false
    auxiliary_losses: {}
habitat:
  seed: 100
  env_task: GymHabitatEnv
  env_task_gym_dependencies: []
  env_task_gym_id: ''
  environment:
    max_episode_steps: 500
    max_episode_seconds: 10000000
    iterator_options:
      cycle: true
      shuffle: true
      group_by_scene: true
      num_episode_sample: -1
      max_scene_repeat_episodes: -1
      max_scene_repeat_steps: 50000
      step_repetition_range: 0.2
  simulator:
    type: Sim-v0
    action_space_config: v1
    action_space_config_arguments: {}
    forward_step_size: 0.25
    create_renderer: false
    requires_textures: true
    auto_sleep: false
    step_physics: true
    concur_render: false
    needs_markers: true
    update_articulated_agent: true
    scene: data/scene_datasets/habitat-test-scenes/van-gogh-room.glb
    scene_dataset: data/scene_datasets/gibson_semantic/gibson.scene_dataset_config.json
    additional_object_paths: []
    seed: ${habitat.seed}
    turn_angle: 30
    tilt_angle: 30
    default_agent_id: 0
    debug_render: false
    debug_render_articulated_agent: false
    kinematic_mode: false
    debug_render_goal: true
    robot_joint_start_noise: 0.0
    ctrl_freq: 120.0
    ac_freq_ratio: 4
    load_objs: true
    hold_thresh: 0.15
    grasp_impulse: 10000.0
    agents:
      main_agent:
        height: 0.88
        radius: 0.18
        grasp_managers: 1
        sim_sensors:
          rgb_sensor:
            type: HabitatSimRGBSensor
            height: 480
            width: 640
            position:
            - 0.0
            - 0.88
            - 0.0
            orientation:
            - 0.0
            - 0.0
            - 0.0
            hfov: 79
            sensor_subtype: PINHOLE
            noise_model: None
            noise_model_kwargs: {}
          depth_sensor:
            type: HabitatSimDepthSensor
            height: 480
            width: 640
            position:
            - 0.0
            - 0.88
            - 0.0
            orientation:
            - 0.0
            - 0.0
            - 0.0
            hfov: 79
            sensor_subtype: PINHOLE
            noise_model: None
            noise_model_kwargs: {}
            min_depth: 0.5
            max_depth: 5.0
            normalize_depth: true
        is_set_start_state: false
        start_position:
        - 0.0
        - 0.0
        - 0.0
        start_rotation:
        - 0.0
        - 0.0
        - 0.0
        - 1.0
        joint_start_noise: 0.1
        articulated_agent_urdf: data/robots/hab_fetch/robots/hab_fetch.urdf
        articulated_agent_type: FetchRobot
        ik_arm_urdf: data/robots/hab_fetch/robots/fetch_onlyarm.urdf
        motion_data_path: ''
    agents_order:
    - main_agent
    habitat_sim_v0:
      gpu_device_id: 0
      gpu_gpu: false
      allow_sliding: false
      frustum_culling: true
      enable_physics: false
      physics_config_file: ./data/default.physics_config.json
      leave_context_with_background_renderer: false
      enable_gfx_replay_save: false
    ep_info: null
    object_ids_start: 100
  task:
    reward_measure: distance_to_goal_reward
    success_measure: spl
    success_reward: 2.5
    slack_reward: -0.001
    end_on_success: true
    type: ObjectNav-v1
    lab_sensors:
      objectgoal_sensor:
        type: ObjectGoalSensor
        goal_spec: TASK_CATEGORY_ID
        goal_spec_max_val: 50
      compass_sensor:
        type: CompassSensor
      gps_sensor:
        type: GPSSensor
        dimensionality: 2
      base_explorer:
        type: BaseExplorer
        ang_vel: 10.0
        area_thresh: 3.0
        forward_step_size: 0.25
        fov: 79
        lin_vel: 0.25
        map_resolution: 256
        minimize_time: true
        success_distance: 0.18
        turn_angle: 10.0
        visibility_dist: 4.5
      heading_sensor:
        type: HeadingSensor
      frontier_sensor:
        type: FrontierSensor
    measurements:
      distance_to_goal:
        type: DistanceToGoal
        distance_to: VIEW_POINTS
      success:
        type: Success
        success_distance: 1.0
      spl:
        type: SPL
      soft_spl:
        type: SoftSPL
      distance_to_goal_reward:
        type: DistanceToGoalReward
      frontier_exploration_map:
        type: FrontierExplorationMap
        max_episode_steps: 1000
        map_padding: 3
        map_resolution: 1024
        draw_source: true
        draw_border: true
        draw_shortest_path: true
        draw_view_points: true
        draw_goal_positions: true
        draw_goal_aabbs: false
        fog_of_war:
          draw: true
          visibility_dist: 5.0
          fov: 90
        draw_waypoints: true
      traveled_stairs:
        type: TraveledStairs
    goal_sensor_uuid: objectgoal
    count_obj_collisions: true
    settle_steps: 5
    constraint_violation_ends_episode: true
    constraint_violation_drops_object: false
    force_regenerate: false
    should_save_to_cache: false
    object_in_hand_sample_prob: 0.167
    min_start_distance: 3.0
    render_target: true
    physics_stability_steps: 1
    num_spawn_attempts: 200
    spawn_max_dist_to_obj: 2.0
    base_angle_noise: 0.523599
    ee_sample_factor: 0.2
    ee_exclude_region: 0.0
    base_noise: 0.05
    spawn_region_scale: 0.2
    joint_max_impulse: -1.0
    desired_resting_position:
    - 0.5
    - 0.0
    - 1.0
    use_marker_t: true
    cache_robot_init: false
    success_state: 0.0
    should_enforce_target_within_reach: false
    task_spec_base_path: habitat/task/rearrange/pddl/
    task_spec: ''
    pddl_domain_def: replica_cad
    obj_succ_thresh: 0.3
    enable_safe_drop: false
    art_succ_thresh: 0.15
    robot_at_thresh: 2.0
    filter_nav_to_tasks: []
    actions:
      stop:
        type: StopAction
        agent_index: 0
      move_forward:
        type: MoveForwardAction
        agent_index: 0
      turn_left:
        type: TurnLeftAction
        agent_index: 0
      turn_right:
        type: TurnRightAction
        agent_index: 0
      look_up:
        type: LookUpAction
        agent_index: 0
      look_down:
        type: LookDownAction
        agent_index: 0
  dataset:
    type: ObjectNav-v1
    split: val
    scenes_dir: data/scene_datasets
    content_scenes:
    - Collierville
    data_path: data/datasets/objectnav/gibson/v1.1/val/Collierville_full.json.gz
  gym:
    obs_keys: null
    action_keys: null
    achieved_goal_keys: []
    desired_goal_keys: []

2026-07-21 18:56:19,906 Initializing dataset ObjectNav-v1
Gym has been unmaintained since 2022 and does not support NumPy 2.0 amongst other critical functionality.
Please upgrade to Gymnasium, the maintained drop-in replacement of Gym, or contact the authors of your software and request that they upgrade.
See the migration guide at https://gymnasium.farama.org/introduction/migration_guide/ for additional information.
Neither `ifconfig` (`ifconfig -a`) nor `ip` (`ip address show`) commands are available, listing network interfaces is likely to fail
FutureWarning: `torch.cuda.amp.custom_fwd(args...)` is deprecated. Please use `torch.amp.custom_fwd(args..., device_type='cuda')` instead.
FutureWarning: `torch.cuda.amp.custom_bwd(args...)` is deprecated. Please use `torch.amp.custom_bwd(args..., device_type='cuda')` instead.
2026-07-21 18:56:26,502 Initializing dataset ObjectNav-v1
2026-07-21 18:56:26,517 initializing sim Sim-v0
[18:56:26:528507]:[Metadata] AttributesManagerBase.h(380)::createFromJsonOrDefaultInternal : <Dataset>: Proposing JSON name : default.scene_dataset_config.json from original name : default| This file does not exist.
[18:56:26:528633]:[Metadata] AssetAttributesManager.cpp(123)::createObject : Asset attributes (capsule3DSolid:capsule3DSolid_hemiRings_4_cylRings_1_segments_12_halfLen_0.75_useTexCoords_false_useTangents_false) created and registered.
[18:56:26:528664]:[Metadata] AssetAttributesManager.cpp(123)::createObject : Asset attributes (capsule3DWireframe:capsule3DWireframe_hemiRings_8_cylRings_1_segments_16_halfLen_1) created and registered.
[18:56:26:528683]:[Metadata] AssetAttributesManager.cpp(123)::createObject : Asset attributes (coneSolid:coneSolid_segments_12_halfLen_1.25_rings_1_useTexCoords_false_useTangents_false_capEnd_true) created and registered.
[18:56:26:528699]:[Metadata] AssetAttributesManager.cpp(123)::createObject : Asset attributes (coneWireframe:coneWireframe_segments_32_halfLen_1.25) created and registered.
[18:56:26:528713]:[Metadata] AssetAttributesManager.cpp(123)::createObject : Asset attributes (cubeSolid:cubeSolid) created and registered.
[18:56:26:528726]:[Metadata] AssetAttributesManager.cpp(123)::createObject : Asset attributes (cubeWireframe:cubeWireframe) created and registered.
[18:56:26:528739]:[Metadata] AssetAttributesManager.cpp(123)::createObject : Asset attributes (cylinderSolid:cylinderSolid_rings_1_segments_12_halfLen_1_useTexCoords_false_useTangents_false_capEnds_true) created and registered.
[18:56:26:528754]:[Metadata] AssetAttributesManager.cpp(123)::createObject : Asset attributes (cylinderWireframe:cylinderWireframe_rings_1_segments_32_halfLen_1) created and registered.
[18:56:26:528767]:[Metadata] AssetAttributesManager.cpp(123)::createObject : Asset attributes (icosphereSolid:icosphereSolid_subdivs_1) created and registered.
[18:56:26:528779]:[Metadata] AssetAttributesManager.cpp(123)::createObject : Asset attributes (icosphereWireframe:icosphereWireframe_subdivs_1) created and registered.
[18:56:26:528794]:[Metadata] AssetAttributesManager.cpp(123)::createObject : Asset attributes (uvSphereSolid:uvSphereSolid_rings_8_segments_16_useTexCoords_false_useTangents_false) created and registered.
[18:56:26:528808]:[Metadata] AssetAttributesManager.cpp(123)::createObject : Asset attributes (uvSphereWireframe:uvSphereWireframe_rings_16_segments_32) created and registered.
[18:56:26:528819]:[Metadata] AssetAttributesManager.cpp(112)::AssetAttributesManager : Built default primitive asset templates : 12
[18:56:26:529017]:[Metadata] SceneDatasetAttributesManager.cpp(37)::createObject : File (default) not found, so new default dataset attributes created  and registered.
[18:56:26:529026]:[Metadata] MetadataMediator.cpp(120)::createSceneDataset : Dataset default successfully created.
[18:56:26:529040]:[Metadata] AttributesManagerBase.h(380)::createFromJsonOrDefaultInternal : <Physics Manager>: Proposing JSON name : ./data/default.physics_config.json from original name : ./data/default.physics_config.json| This file does not exist.
[18:56:26:529054]:[Metadata] PhysicsAttributesManager.cpp(26)::createObject : File (./data/default.physics_config.json) not found, so new default physics manager attributes created and registered.
[18:56:26:529063]:[Metadata] MetadataMediator.cpp(210)::setActiveSceneDatasetName : Attempting to create new dataset data/scene_datasets/gibson_semantic/gibson.scene_dataset_config.json
[18:56:26:529077]:[Metadata] AttributesManagerBase.h(380)::createFromJsonOrDefaultInternal : <Dataset>: Proposing JSON name : data/scene_datasets/gibson_semantic/gibson.scene_dataset_config.json from original name : data/scene_datasets/gibson_semantic/gibson.scene_dataset_config.json| This file exists.
[18:56:26:529121]:[Metadata] AssetAttributesManager.cpp(123)::createObject : Asset attributes (capsule3DSolid:capsule3DSolid_hemiRings_4_cylRings_1_segments_12_halfLen_0.75_useTexCoords_false_useTangents_false) created and registered.
[18:56:26:529139]:[Metadata] AssetAttributesManager.cpp(123)::createObject : Asset attributes (capsule3DWireframe:capsule3DWireframe_hemiRings_8_cylRings_1_segments_16_halfLen_1) created and registered.
[18:56:26:529153]:[Metadata] AssetAttributesManager.cpp(123)::createObject : Asset attributes (coneSolid:coneSolid_segments_12_halfLen_1.25_rings_1_useTexCoords_false_useTangents_false_capEnd_true) created and registered.
[18:56:26:529167]:[Metadata] AssetAttributesManager.cpp(123)::createObject : Asset attributes (coneWireframe:coneWireframe_segments_32_halfLen_1.25) created and registered.
[18:56:26:529180]:[Metadata] AssetAttributesManager.cpp(123)::createObject : Asset attributes (cubeSolid:cubeSolid) created and registered.
[18:56:26:529190]:[Metadata] AssetAttributesManager.cpp(123)::createObject : Asset attributes (cubeWireframe:cubeWireframe) created and registered.
[18:56:26:529201]:[Metadata] AssetAttributesManager.cpp(123)::createObject : Asset attributes (cylinderSolid:cylinderSolid_rings_1_segments_12_halfLen_1_useTexCoords_false_useTangents_false_capEnds_true) created and registered.
[18:56:26:529213]:[Metadata] AssetAttributesManager.cpp(123)::createObject : Asset attributes (cylinderWireframe:cylinderWireframe_rings_1_segments_32_halfLen_1) created and registered.
[18:56:26:529226]:[Metadata] AssetAttributesManager.cpp(123)::createObject : Asset attributes (icosphereSolid:icosphereSolid_subdivs_1) created and registered.
[18:56:26:529238]:[Metadata] AssetAttributesManager.cpp(123)::createObject : Asset attributes (icosphereWireframe:icosphereWireframe_subdivs_1) created and registered.
[18:56:26:529251]:[Metadata] AssetAttributesManager.cpp(123)::createObject : Asset attributes (uvSphereSolid:uvSphereSolid_rings_8_segments_16_useTexCoords_false_useTangents_false) created and registered.
[18:56:26:529263]:[Metadata] AssetAttributesManager.cpp(123)::createObject : Asset attributes (uvSphereWireframe:uvSphereWireframe_rings_16_segments_32) created and registered.
[18:56:26:529273]:[Metadata] AssetAttributesManager.cpp(112)::AssetAttributesManager : Built default primitive asset templates : 12
[18:56:26:529429]:[Metadata] AttributesManagerBase.h(352)::buildAttrSrcPathsFromJSONAndLoad : Glob path result for data/scene_datasets/gibson_semantic/./ : data/scene_datasets/gibson_semantic/./
[18:56:26:529448]:[Metadata] AttributesManagerBase.h(303)::loadAllTemplatesFromPathAndExt : Parsing Stage Template library directory: data/scene_datasets/gibson_semantic/./ for '.glb' files
[18:56:26:530189]:[Metadata] AttributesManagerBase.h(265)::loadAllFileBasedTemplates : Loading 492  Stage Template templates found in data/scene_datasets/gibson_semantic/.
[18:56:26:530203]:[Metadata] AttributesManagerBase.h(380)::createFromJsonOrDefaultInternal : <Stage Template>: Proposing JSON name : data/scene_datasets/gibson_semantic/./Ackermanville.stage_config.json from original name : data/scene_datasets/gibson_semantic/./Ackermanville.glb| This file does not exist.
[18:56:26:530248]:[Metadata] AbstractObjectAttributesManagerBase.h(184)::createObject : File (data/scene_datasets/gibson_semantic/./Ackermanville.glb) exists but is not a recognized config filename extension, so new default Stage Template attributes created and registered.
[18:56:26:530260]:[Metadata] AttributesManagerBase.h(380)::createFromJsonOrDefaultInternal : <Stage Template>: Proposing JSON name : data/scene_datasets/gibson_semantic/./Adairsville.stage_config.json from original name : data/scene_datasets/gibson_semantic/./Adairsville.glb| This file does not exist.
[18:56:26:530301]:[Metadata] AbstractObjectAttributesManagerBase.h(184)::createObject : File (data/scene_datasets/gibson_semantic/./Adairsville.glb) exists but is not a recognized config filename extension, so new default Stage Template attributes created and registered.
[18:56:26:530313]:[Metadata] AttributesManagerBase.h(380)::createFromJsonOrDefaultInternal : <Stage Template>: Proposing JSON name : data/scene_datasets/gibson_semantic/./Adrian.stage_config.json from original name : data/scene_datasets/gibson_semantic/./Adrian.glb| This file does not exist.
[18:56:26:530351]:[Metadata] AbstractObjectAttributesManagerBase.h(184)::createObject : File (data/scene_datasets/gibson_semantic/./Adrian.glb) exists but is not a recognized config filename extension, so new default Stage Template attributes created and registered.
[18:56:26:530362]:[Metadata] AttributesManagerBase.h(380)::createFromJsonOrDefaultInternal : <Stage Template>: Proposing JSON name : data/scene_datasets/gibson_semantic/./Airport.stage_config.json from original name : data/scene_datasets/gibson_semantic/./Airport.glb| This file does not exist.
[18:56:26:530401]:[Metadata] AbstractObjectAttributesManagerBase.h(184)::createObject : File (data/scene_datasets/gibson_semantic/./Airport.glb) exists but is not a recognized config filename extension, so new default Stage Template attributes created and registered.
[18:56:26:530412]:[Metadata] AttributesManagerBase.h(380)::createFromJsonOrDefaultInternal : <Stage Template>: Proposing JSON name : data/scene_datasets/gibson_semantic/./Albertville.stage_config.json from original name : data/scene_datasets/gibson_semantic/./Albertville.glb| This file does not exist.
[18:56:26:530451]:[Metadata] AbstractObjectAttributesManagerBase.h(184)::createObject : File (data/scene_datasets/gibson_semantic/./Albertville.glb) exists but is not a recognized config filename extension, so new default Stage Template attributes created and registered.
[18:56:26:530462]:[Metadata] AttributesManagerBase.h(380)::createFromJsonOrDefaultInternal : <Stage Template>: Proposing JSON name : data/scene_datasets/gibson_semantic/./Aldrich.stage_config.json from original name : data/scene_datasets/gibson_semantic/./Aldrich.glb| This file does not exist.
[18:56:26:530501]:[Metadata] AbstractObjectAttributesManagerBase.h(184)::createObject : File (data/scene_datasets/gibson_semantic/./Aldrich.glb) exists but is not a recognized config filename extension, so new default Stage Template attributes created and registered.
[18:56:26:530512]:[Metadata] AttributesManagerBase.h(380)::createFromJsonOrDefaultInternal : <Stage Template>: Proposing JSON name : data/scene_datasets/gibson_semantic/./Alfred.stage_config.json from original name : data/scene_datasets/gibson_semantic/./Alfred.glb| This file does not exist.
[18:56:26:530549]:[Metadata] AbstractObjectAttributesManagerBase.h(184)::createObject : File (data/scene_datasets/gibson_semantic/./Alfred.glb) exists but is not a recognized config filename extension, so new default Stage Template attributes created and registered.
[18:56:26:530559]:[Metadata] AttributesManagerBase.h(380)::createFromJsonOrDefaultInternal : <Stage Template>: Proposing JSON name : data/scene_datasets/gibson_semantic/./Allensville.stage_config.json from original name : data/scene_datasets/gibson_semantic/./Allensville.glb| This file does not exist.
[18:56:26:530598]:[Metadata] AbstractObjectAttributesManagerBase.h(184)::createObject : File (data/scene_datasets/gibson_semantic/./Allensville.glb) exists but is not a recognized config filename extension, so new default Stage Template attributes created and registered.
[18:56:26:530608]:[Metadata] AttributesManagerBase.h(380)::createFromJsonOrDefaultInternal : <Stage Template>: Proposing JSON name : data/scene_datasets/gibson_semantic/./Almena.stage_config.json from original name : data/scene_datasets/gibson_semantic/./Almena.glb| This file does not exist.
[18:56:26:530650]:[Metadata] AbstractObjectAttributesManagerBase.h(184)::createObject : File (data/scene_datasets/gibson_semantic/./Almena.glb) exists but is not a recognized config filename extension, so new default Stage Template attributes created and registered.
[18:56:26:530661]:[Metadata] AttributesManagerBase.h(380)::createFromJsonOrDefaultInternal : <Stage Template>: Proposing JSON name : data/scene_datasets/gibson_semantic/./Almota.stage_config.json from original name : data/scene_datasets/gibson_semantic/./Almota.glb| This file does not exist.
[18:56:26:530700]:[Metadata] AbstractObjectAttributesManagerBase.h(184)::createObject : File (data/scene_datasets/gibson_semantic/./Almota.glb) exists but is not a recognized config filename extension, so new default Stage Template attributes created and registered.
[18:56:26:530711]:[Metadata] AttributesManagerBase.h(380)::createFromJsonOrDefaultInternal : <Stage Template>: Proposing JSON name : data/scene_datasets/gibson_semantic/./Aloha.stage_config.json from original name : data/scene_datasets/gibson_semantic/./Aloha.glb| This file does not exist.
[18:56:26:530750]:[Metadata] AbstractObjectAttributesManagerBase.h(184)::createObject : File (data/scene_datasets/gibson_semantic/./Aloha.glb) exists but is not a recognized config filename extension, so new default Stage Template attributes created and registered.
[18:56:26:530760]:[Metadata] AttributesManagerBase.h(380)::createFromJsonOrDefaultInternal : <Stage Template>: Proposing JSON name : data/scene_datasets/gibson_semantic/./Alstown.stage_config.json from original name : data/scene_datasets/gibson_semantic/./Alstown.glb| This file does not exist.
[18:56:26:530798]:[Metadata] AbstractObjectAttributesManagerBase.h(184)::createObject : File (data/scene_datasets/gibson_semantic/./Alstown.glb) exists but is not a recognized config filename extension, so new default Stage Template attributes created and registered.
[18:56:26:530808]:[Metadata] AttributesManagerBase.h(380)::createFromJsonOrDefaultInternal : <Stage Template>: Proposing JSON name : data/scene_datasets/gibson_semantic/./American.stage_config.json from original name : data/scene_datasets/gibson_semantic/./American.glb| This file does not exist.
[18:56:26:530848]:[Metadata] AbstractObjectAttributesManagerBase.h(184)::createObject : File (data/scene_datasets/gibson_semantic/./American.glb) exists but is not a recognized config filename extension, so new default Stage Template attributes created and registered.
[18:56:26:530858]:[Metadata] AttributesManagerBase.h(380)::createFromJsonOrDefaultInternal : <Stage Template>: Proposing JSON name : data/scene_datasets/gibson_semantic/./Anaheim.stage_config.json from original name : data/scene_datasets/gibson_semantic/./Anaheim.glb| This file does not exist.
[18:56:26:530897]:[Metadata] AbstractObjectAttributesManagerBase.h(184)::createObject : File (data/scene_datasets/gibson_semantic/./Anaheim.glb) exists but is not a recognized config filename extension, so new default Stage Template attributes created and registered.
[18:56:26:530908]:[Metadata] AttributesManagerBase.h(380)::createFromJsonOrDefaultInternal : <Stage Template>: Proposing JSON name : data/scene_datasets/gibson_semantic/./Ancor.stage_config.json from original name : data/scene_datasets/gibson_semantic/./Ancor.glb| This file does not exist.
[18:56:26:530945]:[Metadata] AbstractObjectAttributesManagerBase.h(184)::createObject : File (data/scene_datasets/gibson_semantic/./Ancor.glb) exists but is not a recognized config filename extension, so new default Stage Template attributes created and registered.
[18:56:26:530955]:[Metadata] AttributesManagerBase.h(380)::createFromJsonOrDefaultInternal : <Stage Template>: Proposing JSON name : data/scene_datasets/gibson_semantic/./Andover.stage_config.json from original name : data/scene_datasets/gibson_semantic/./Andover.glb| This file does not exist.
[18:56:26:530994]:[Metadata] AbstractObjectAttributesManagerBase.h(184)::createObject : File (data/scene_datasets/gibson_semantic/./Andover.glb) exists but is not a recognized config filename extension, so new default Stage Template attributes created and registered.
[18:56:26:531005]:[Metadata] AttributesManagerBase.h(380)::createFromJsonOrDefaultInternal : <Stage Template>: Proposing JSON name : data/scene_datasets/gibson_semantic/./Angiola.stage_config.json from original name : data/scene_datasets/gibson_semantic/./Angiola.glb| This file does not exist.
[18:56:26:531042]:[Metadata] AbstractObjectAttributesManagerBase.h(184)::createObject : File (data/scene_datasets/gibson_semantic/./Angiola.glb) exists but is not a recognized config filename extension, so new default Stage Template attributes created and registered.
[18:56:26:531053]:[Metadata] AttributesManagerBase.h(380)::createFromJsonOrDefaultInternal : <Stage Template>: Proposing JSON name : data/scene_datasets/gibson_semantic/./Annawan.stage_config.json from original name : data/scene_datasets/gibson_semantic/./Annawan.glb| This file does not exist.
[18:56:26:531090]:[Metadata] AbstractObjectAttributesManagerBase.h(184)::createObject : File (data/scene_datasets/gibson_semantic/./Annawan.glb) exists but is not a recognized config filename extension, so new default Stage Template attributes created and registered.
[18:56:26:531101]:[Metadata] AttributesManagerBase.h(380)::createFromJsonOrDefaultInternal : <Stage Template>: Proposing JSON name : data/scene_datasets/gibson_semantic/./Annona.stage_config.json from original name : data/scene_datasets/gibson_semantic/./Annona.glb| This file does not exist.
[18:56:26:531137]:[Metadata] AbstractObjectAttributesManagerBase.h(184)::createObject : File (data/scene_datasets/gibson_semantic/./Annona.glb) exists but is not a recognized config filename extension, so new default Stage Template attributes created and registered.
[18:56:26:531148]:[Metadata] AttributesManagerBase.h(380)::createFromJsonOrDefaultInternal : <Stage Template>: Proposing JSON name : data/scene_datasets/gibson_semantic/./Anthoston.stage_config.json from original name : data/scene_datasets/gibson_semantic/./Anthoston.glb| This file does not exist.
[18:56:26:531186]:[Metadata] AbstractObjectAttributesManagerBase.h(184)::createObject : File (data/scene_datasets/gibson_semantic/./Anthoston.glb) exists but is not a recognized config filename extension, so new default Stage Template attributes created and registered.
[18:56:26:531196]:[Metadata] AttributesManagerBase.h(380)::createFromJsonOrDefaultInternal : <Stage Template>: Proposing JSON name : data/scene_datasets/gibson_semantic/./Apache.stage_config.json from original name : data/scene_datasets/gibson_semantic/./Apache.glb| This file does not exist.
[18:56:26:531236]:[Metadata] AbstractObjectAttributesManagerBase.h(184)::createObject : File (data/scene_datasets/gibson_semantic/./Apache.glb) exists but is not a recognized config filename extension, so new default Stage Template attributes created and registered.
[18:56:26:531246]:[Metadata] AttributesManagerBase.h(380)::createFromJsonOrDefaultInternal : <Stage Template>: Proposing JSON name : data/scene_datasets/gibson_semantic/./Applewold.stage_config.json from original name : data/scene_datasets/gibson_semantic/./Applewold.glb| This file does not exist.
[18:56:26:531286]:[Metadata] AbstractObjectAttributesManagerBase.h(184)::createObject : File (data/scene_datasets/gibson_semantic/./Applewold.glb) exists but is not a recognized config filename extension, so new default Stage Template attributes created and registered.
[18:56:26:531297]:[Metadata] AttributesManagerBase.h(380)::createFromJsonOrDefaultInternal : <Stage Template>: Proposing JSON name : data/scene_datasets/gibson_semantic/./Arbutus.stage_config.json from original name : data/scene_datasets/gibson_semantic/./Arbutus.glb| This file does not exist.
[18:56:26:531335]:[Metadata] AbstractObjectAttributesManagerBase.h(184)::createObject : File (data/scene_datasets/gibson_semantic/./Arbutus.glb) exists but is not a recognized config filename extension, so new default Stage Template attributes created and registered.
[18:56:26:531345]:[Metadata] AttributesManagerBase.h(380)::createFromJsonOrDefaultInternal : <Stage Template>: Proposing JSON name : data/scene_datasets/gibson_semantic/./Archer.stage_config.json from original name : data/scene_datasets/gibson_semantic/./Archer.glb| This file does not exist.
[18:56:26:531384]:[Metadata] AbstractObjectAttributesManagerBase.h(184)::createObject : File (data/scene_datasets/gibson_semantic/./Archer.glb) exists but is not a recognized config filename extension, so new default Stage Template attributes created and registered.
[18:56:26:531394]:[Metadata] AttributesManagerBase.h(380)::createFromJsonOrDefaultInternal : <Stage Template>: Proposing JSON name : data/scene_datasets/gibson_semantic/./Arkansaw.stage_config.json from original name : data/scene_datasets/gibson_semantic/./Arkansaw.glb| This file does not exist.
[18:56:26:531430]:[Metadata] AbstractObjectAttributesManagerBase.h(184)::createObject : File (data/scene_datasets/gibson_semantic/./Arkansaw.glb) exists but is not a recognized config filename extension, so new default Stage Template attributes created and registered.
[18:56:26:531442]:[Metadata] AttributesManagerBase.h(380)::createFromJsonOrDefaultInternal : <Stage Template>: Proposing JSON name : data/scene_datasets/gibson_semantic/./Arona.stage_config.json from original name : data/scene_datasets/gibson_semantic/./Arona.glb| This file does not exist.
[18:56:26:531478]:[Metadata] AbstractObjectAttributesManagerBase.h(184)::createObject : File (data/scene_datasets/gibson_semantic/./Arona.glb) exists but is not a recognized config filename extension, so new default Stage Template attributes created and registered.
[18:56:26:531489]:[Metadata] AttributesManagerBase.h(380)::createFromJsonOrDefaultInternal : <Stage Template>: Proposing JSON name : data/scene_datasets/gibson_semantic/./Artois.stage_config.json from original name : data/scene_datasets/gibson_semantic/./Artois.glb| This file does not exist.
[18:56:26:531527]:[Metadata] AbstractObjectAttributesManagerBase.h(184)::createObject : File (data/scene_datasets/gibson_semantic/./Artois.glb) exists but is not a recognized config filename extension, so new default Stage Template attributes created and registered.
[18:56:26:531539]:[Metadata] AttributesManagerBase.h(380)::createFromJsonOrDefaultInternal : <Stage Template>: Proposing JSON name : data/scene_datasets/gibson_semantic/./Ashport.stage_config.json from original name : data/scene_datasets/gibson_semantic/./Ashport.glb| This file does not exist.
[18:56:26:531575]:[Metadata] AbstractObjectAttributesManagerBase.h(184)::createObject : File (data/scene_datasets/gibson_semantic/./Ashport.glb) exists but is not a recognized config filename extension, so new default Stage Template attributes created and registered.
[18:56:26:531586]:[Metadata] AttributesManagerBase.h(380)::createFromJsonOrDefaultInternal : <Stage Template>: Proposing JSON name : data/scene_datasets/gibson_semantic/./Assinippi.stage_config.json from original name : data/scene_datasets/gibson_semantic/./Assinippi.glb| This file does not exist.
[18:56:26:531624]:[Metadata] AbstractObjectAttributesManagerBase.h(184)::createObject : File (data/scene_datasets/gibson_semantic/./Assinippi.glb) exists but is not a recognized config filename extension, so new default Stage Template attributes created and registered.
[18:56:26:531637]:[Metadata] AttributesManagerBase.h(380)::createFromJsonOrDefaultInternal : <Stage Template>: Proposing JSON name : data/scene_datasets/gibson_semantic/./Athens.stage_config.json from original name : data/scene_datasets/gibson_semantic/./Athens.glb| This file does not exist.
[18:56:26:531674]:[Metadata] AbstractObjectAttributesManagerBase.h(184)::createObject : File (data/scene_datasets/gibson_semantic/./Athens.glb) exists but is not a recognized config filename extension, so new default Stage Template attributes created and registered.
[18:56:26:531683]:[Metadata] AttributesManagerBase.h(380)::createFromJsonOrDefaultInternal : <Stage Template>: Proposing JSON name : data/scene_datasets/gibson_semantic/./Auburn.stage_config.json from original name : data/scene_datasets/gibson_semantic/./Auburn.glb| This file does not exist.
[18:56:26:531719]:[Metadata] AbstractObjectAttributesManagerBase.h(184)::createObject : File (data/scene_datasets/gibson_semantic/./Auburn.glb) exists but is not a recognized config filename extension, so new default Stage Template attributes created and registered.
[18:56:26:531728]:[Metadata] AttributesManagerBase.h(380)::createFromJsonOrDefaultInternal : <Stage Template>: Proposing JSON name : data/scene_datasets/gibson_semantic/./Aulander.stage_config.json from original name : data/scene_datasets/gibson_semantic/./Aulander.glb| This file does not exist.
[18:56:26:531764]:[Metadata] AbstractObjectAttributesManagerBase.h(184)::createObject : File (data/scene_datasets/gibson_semantic/./Aulander.glb) exists but is not a recognized config filename extension, so new default Stage Template attributes created and registered.
[18:56:26:531773]:[Metadata] AttributesManagerBase.h(380)::createFromJsonOrDefaultInternal : <Stage Template>: Proposing JSON name : data/scene_datasets/gibson_semantic/./Avonia.stage_config.json from original name : data/scene_datasets/gibson_semantic/./Avonia.glb| This file does not exist.
[18:56:26:531808]:[Metadata] AbstractObjectAttributesManagerBase.h(184)::createObject : File (data/scene_datasets/gibson_semantic/./Avonia.glb) exists but is not a recognized config filename extension, so new default Stage Template attributes created and registered.
[18:56:26:531818]:[Metadata] AttributesManagerBase.h(380)::createFromJsonOrDefaultInternal : <Stage Template>: Proposing JSON name : data/scene_datasets/gibson_semantic/./Azusa.stage_config.json from original name : data/scene_datasets/gibson_semantic/./Azusa.glb| This file does not exist.
[18:56:26:531854]:[Metadata] AbstractObjectAttributesManagerBase.h(184)::createObject : File (data/scene_datasets/gibson_semantic/./Azusa.glb) exists but is not a recognized config filename extension, so new default Stage Template attributes created and registered.
[18:56:26:531863]:[Metadata] AttributesManagerBase.h(380)::createFromJsonOrDefaultInternal : <Stage Template>: Proposing JSON name : data/scene_datasets/gibson_semantic/./Ballantine.stage_config.json from original name : data/scene_datasets/gibson_semantic/./Ballantine.glb| This file does not exist.
[18:56:26:531899]:[Metadata] AbstractObjectAttributesManagerBase.h(184)::createObject : File (data/scene_datasets/gibson_semantic/./Ballantine.glb) exists but is not a recognized config filename extension, so new default Stage Template attributes created and registered.
[18:56:26:531908]:[Metadata] AttributesManagerBase.h(380)::createFromJsonOrDefaultInternal : <Stage Template>: Proposing JSON name : data/scene_datasets/gibson_semantic/./Ballou.stage_config.json from original name : data/scene_datasets/gibson_semantic/./Ballou.glb| This file does not exist.
[18:56:26:531944]:[Metadata] AbstractObjectAttributesManagerBase.h(184)::createObject : File (data/scene_datasets/gibson_semantic/./Ballou.glb) exists but is not a recognized config filename extension, so new default Stage Template attributes created and registered.
[18:56:26:531954]:[Metadata] AttributesManagerBase.h(380)::createFromJsonOrDefaultInternal : <Stage Template>: Proposing JSON name : data/scene_datasets/gibson_semantic/./Baneberry.stage_config.json from original name : data/scene_datasets/gibson_semantic/./Baneberry.glb| This file does not exist.
[18:56:26:531989]:[Metadata] AbstractObjectAttributesManagerBase.h(184)::createObject : File (data/scene_datasets/gibson_semantic/./Baneberry.glb) exists but is not a recognized config filename extension, so new default Stage Template attributes created and registered.
[18:56:26:531999]:[Metadata] AttributesManagerBase.h(380)::createFromJsonOrDefaultInternal : <Stage Template>: Proposing JSON name : data/scene_datasets/gibson_semantic/./Barboursville.stage_config.json from original name : data/scene_datasets/gibson_semantic/./Barboursville.glb| This file does not exist.
[18:56:26:532035]:[Metadata] AbstractObjectAttributesManagerBase.h(184)::createObject : File (data/scene_datasets/gibson_semantic/./Barboursville.glb) exists but is not a recognized config filename extension, so new default Stage Template attributes created and registered.
[18:56:26:532044]:[Metadata] AttributesManagerBase.h(380)::createFromJsonOrDefaultInternal : <Stage Template>: Proposing JSON name : data/scene_datasets/gibson_semantic/./Barranquitas.stage_config.json from original name : data/scene_datasets/gibson_semantic/./Barranquitas.glb| This file does not exist.
[18:56:26:532080]:[Metadata] AbstractObjectAttributesManagerBase.h(184)::createObject : File (data/scene_datasets/gibson_semantic/./Barranquitas.glb) exists but is not a recognized config filename extension, so new default Stage Template attributes created and registered.
[18:56:26:532090]:[Metadata] AttributesManagerBase.h(380)::createFromJsonOrDefaultInternal : <Stage Template>: Proposing JSON name : data/scene_datasets/gibson_semantic/./Bautista.stage_config.json from original name : data/scene_datasets/gibson_semantic/./Bautista.glb| This file does not exist.
[18:56:26:532125]:[Metadata] AbstractObjectAttributesManagerBase.h(184)::createObject : File (data/scene_datasets/gibson_semantic/./Bautista.glb) exists but is not a recognized config filename extension, so new default Stage Template attributes created and registered.
[18:56:26:532134]:[Metadata] AttributesManagerBase.h(380)::createFromJsonOrDefaultInternal : <Stage Template>: Proposing JSON name : data/scene_datasets/gibson_semantic/./Beach.stage_config.json from original name : data/scene_datasets/gibson_semantic/./Beach.glb| This file does not exist.
[18:56:26:532169]:[Metadata] AbstractObjectAttributesManagerBase.h(184)::createObject : File (data/scene_datasets/gibson_semantic/./Beach.glb) exists but is not a recognized config filename extension, so new default Stage Template attributes created and registered.
[18:56:26:532178]:[Metadata] AttributesManagerBase.h(380)::createFromJsonOrDefaultInternal : <Stage Template>: Proposing JSON name : data/scene_datasets/gibson_semantic/./Beechwood.stage_config.json from original name : data/scene_datasets/gibson_semantic/./Beechwood.glb| This file does not exist.
[18:56:26:532215]:[Metadata] AbstractObjectAttributesManagerBase.h(184)::createObject : File (data/scene_datasets/gibson_semantic/./Beechwood.glb) exists but is not a recognized config filename extension, so new default Stage Template attributes created and registered.
[18:56:26:532225]:[Metadata] AttributesManagerBase.h(380)::createFromJsonOrDefaultInternal : <Stage Template>: Proposing JSON name : data/scene_datasets/gibson_semantic/./Bellwood.stage_config.json from original name : data/scene_datasets/gibson_semantic/./Bellwood.glb| This file does not exist.
[18:56:26:532262]:[Metadata] AbstractObjectAttributesManagerBase.h(184)::createObject : File (data/scene_datasets/gibson_semantic/./Bellwood.glb) exists but is not a recognized config filename extension, so new default Stage Template attributes created and registered.
[18:56:26:532271]:[Metadata] AttributesManagerBase.h(380)::createFromJsonOrDefaultInternal : <Stage Template>: Proposing JSON name : data/scene_datasets/gibson_semantic/./Benevolence.stage_config.json from original name : data/scene_datasets/gibson_semantic/./Benevolence.glb| This file does not exist.
[18:56:26:532307]:[Metadata] AbstractObjectAttributesManagerBase.h(184)::createObject : File (data/scene_datasets/gibson_semantic/./Benevolence.glb) exists but is not a recognized config filename extension, so new default Stage Template attributes created and registered.
[18:56:26:532317]:[Metadata] AttributesManagerBase.h(380)::createFromJsonOrDefaultInternal : <Stage Template>: Proposing JSON name : data/scene_datasets/gibson_semantic/./Bethlehem.stage_config.json from original name : data/scene_datasets/gibson_semantic/./Bethlehem.glb| This file does not exist.
[18:56:26:532352]:[Metadata] AbstractObjectAttributesManagerBase.h(184)::createObject : File (data/scene_datasets/gibson_semantic/./Bethlehem.glb) exists but is not a recognized config filename extension, so new default Stage Template attributes created and registered.
[18:56:26:532361]:[Metadata] AttributesManagerBase.h(380)::createFromJsonOrDefaultInternal : <Stage Template>: Proposing JSON name : data/scene_datasets/gibson_semantic/./Bettendorf.stage_config.json from original name : data/scene_datasets/gibson_semantic/./Bettendorf.glb| This file does not exist.
[18:56:26:532398]:[Metadata] AbstractObjectAttributesManagerBase.h(184)::createObject : File (data/scene_datasets/gibson_semantic/./Bettendorf.glb) exists but is not a recognized config filename extension, so new default Stage Template attributes created and registered.
[18:56:26:532407]:[Metadata] AttributesManagerBase.h(380)::createFromJsonOrDefaultInternal : <Stage Template>: Proposing JSON name : data/scene_datasets/gibson_semantic/./Biltmore.stage_config.json from original name : data/scene_datasets/gibson_semantic/./Biltmore.glb| This file does not exist.
[18:56:26:532443]:[Metadata] AbstractObjectAttributesManagerBase.h(184)::createObject : File (data/scene_datasets/gibson_semantic/./Biltmore.glb) exists but is not a recognized config filename extension, so new default Stage Template attributes created and registered.
[18:56:26:532452]:[Metadata] AttributesManagerBase.h(380)::createFromJsonOrDefaultInternal : <Stage Template>: Proposing JSON name : data/scene_datasets/gibson_semantic/./Blackstone.stage_config.json from original name : data/scene_datasets/gibson_semantic/./Blackstone.glb| This file does not exist.
[18:56:26:532488]:[Metadata] AbstractObjectAttributesManagerBase.h(184)::createObject : File (data/scene_datasets/gibson_semantic/./Blackstone.glb) exists but is not a recognized config filename extension, so new default Stage Template attributes created and registered.
[18:56:26:532497]:[Metadata] AttributesManagerBase.h(380)::createFromJsonOrDefaultInternal : <Stage Template>: Proposing JSON name : data/scene_datasets/gibson_semantic/./Bohemia.stage_config.json from original name : data/scene_datasets/gibson_semantic/./Bohemia.glb| This file does not exist.
[18:56:26:532533]:[Metadata] AbstractObjectAttributesManagerBase.h(184)::createObject : File (data/scene_datasets/gibson_semantic/./Bohemia.glb) exists but is not a recognized config filename extension, so new default Stage Template attributes created and registered.
[18:56:26:532542]:[Metadata] AttributesManagerBase.h(380)::createFromJsonOrDefaultInternal : <Stage Template>: Proposing JSON name : data/scene_datasets/gibson_semantic/./Bolton.stage_config.json from original name : data/scene_datasets/gibson_semantic/./Bolton.glb| This file does not exist.
[18:56:26:532578]:[Metadata] AbstractObjectAttributesManagerBase.h(184)::createObject : File (data/scene_datasets/gibson_semantic/./Bolton.glb) exists but is not a recognized config filename extension, so new default Stage Template attributes created and registered.
[18:56:26:532587]:[Metadata] AttributesManagerBase.h(380)::createFromJsonOrDefaultInternal : <Stage Template>: Proposing JSON name : data/scene_datasets/gibson_semantic/./Bonesteel.stage_config.json from original name : data/scene_datasets/gibson_semantic/./Bonesteel.glb| This file does not exist.
[18:56:26:532622]:[Metadata] AbstractObjectAttributesManagerBase.h(184)::createObject : File (data/scene_datasets/gibson_semantic/./Bonesteel.glb) exists but is not a recognized config filename extension, so new default Stage Template attributes created and registered.
[18:56:26:532632]:[Metadata] AttributesManagerBase.h(380)::createFromJsonOrDefaultInternal : <Stage Template>: Proposing JSON name : data/scene_datasets/gibson_semantic/./Bonnie.stage_config.json from original name : data/scene_datasets/gibson_semantic/./Bonnie.glb| This file does not exist.
[18:56:26:532669]:[Metadata] AbstractObjectAttributesManagerBase.h(184)::createObject : File (data/scene_datasets/gibson_semantic/./Bonnie.glb) exists but is not a recognized config filename extension, so new default Stage Template attributes created and registered.
[18:56:26:532678]:[Metadata] AttributesManagerBase.h(380)::createFromJsonOrDefaultInternal : <Stage Template>: Proposing JSON name : data/scene_datasets/gibson_semantic/./Booth.stage_config.json from original name : data/scene_datasets/gibson_semantic/./Booth.glb| This file does not exist.
[18:56:26:532713]:[Metadata] AbstractObjectAttributesManagerBase.h(184)::createObject : File (data/scene_datasets/gibson_semantic/./Booth.glb) exists but is not a recognized config filename extension, so new default Stage Template attributes created and registered.
[18:56:26:532723]:[Metadata] AttributesManagerBase.h(380)::createFromJsonOrDefaultInternal : <Stage Template>: Proposing JSON name : data/scene_datasets/gibson_semantic/./Bountiful.stage_config.json from original name : data/scene_datasets/gibson_semantic/./Bountiful.glb| This file does not exist.
[18:56:26:532759]:[Metadata] AbstractObjectAttributesManagerBase.h(184)::createObject : File (data/scene_datasets/gibson_semantic/./Bountiful.glb) exists but is not a recognized config filename extension, so new default Stage Template attributes created and registered.
[18:56:26:532770]:[Metadata] AttributesManagerBase.h(380)::createFromJsonOrDefaultInternal : <Stage Template>: Proposing JSON name : data/scene_datasets/gibson_semantic/./Bowlus.stage_config.json from original name : data/scene_datasets/gibson_semantic/./Bowlus.glb| This file does not exist.
[18:56:26:532805]:[Metadata] AbstractObjectAttributesManagerBase.h(184)::createObject : File (data/scene_datasets/gibson_semantic/./Bowlus.glb) exists but is not a recognized config filename extension, so new default Stage Template attributes created and registered.
[18:56:26:532814]:[Metadata] AttributesManagerBase.h(380)::createFromJsonOrDefaultInternal : <Stage Template>: Proposing JSON name : data/scene_datasets/gibson_semantic/./Bowmore.stage_config.json from original name : data/scene_datasets/gibson_semantic/./Bowmore.glb| This file does not exist.
[18:56:26:532851]:[Metadata] AbstractObjectAttributesManagerBase.h(184)::createObject : File (data/scene_datasets/gibson_semantic/./Bowmore.glb) exists but is not a recognized config filename extension, so new default Stage Template attributes created and registered.
[18:56:26:532862]:[Metadata] AttributesManagerBase.h(380)::createFromJsonOrDefaultInternal : <Stage Template>: Proposing JSON name : data/scene_datasets/gibson_semantic/./Branford.stage_config.json from original name : data/scene_datasets/gibson_semantic/./Branford.glb| This file does not exist.
[18:56:26:532898]:[Metadata] AbstractObjectAttributesManagerBase.h(184)::createObject : File (data/scene_datasets/gibson_semantic/./Branford.glb) exists but is not a recognized config filename extension, so new default Stage Template attributes created and registered.
[18:56:26:532908]:[Metadata] AttributesManagerBase.h(380)::createFromJsonOrDefaultInternal : <Stage Template>: Proposing JSON name : data/scene_datasets/gibson_semantic/./Braxton.stage_config.json from original name : data/scene_datasets/gibson_semantic/./Braxton.glb| This file does not exist.
[18:56:26:532944]:[Metadata] AbstractObjectAttributesManagerBase.h(184)::createObject : File (data/scene_datasets/gibson_semantic/./Braxton.glb) exists but is not a recognized config filename extension, so new default Stage Template attributes created and registered.
[18:56:26:532953]:[Metadata] AttributesManagerBase.h(380)::createFromJsonOrDefaultInternal : <Stage Template>: Proposing JSON name : data/scene_datasets/gibson_semantic/./Bremerton.stage_config.json from original name : data/scene_datasets/gibson_semantic/./Bremerton.glb| This file does not exist.
[18:56:26:532991]:[Metadata] AbstractObjectAttributesManagerBase.h(184)::createObject : File (data/scene_datasets/gibson_semantic/./Bremerton.glb) exists but is not a recognized config filename extension, so new default Stage Template attributes created and registered.
[18:56:26:533000]:[Metadata] AttributesManagerBase.h(380)::createFromJsonOrDefaultInternal : <Stage Template>: Proposing JSON name : data/scene_datasets/gibson_semantic/./Brevort.stage_config.json from original name : data/scene_datasets/gibson_semantic/./Brevort.glb| This file does not exist.
[18:56:26:533036]:[Metadata] AbstractObjectAttributesManagerBase.h(184)::createObject : File (data/scene_datasets/gibson_semantic/./Brevort.glb) exists but is not a recognized config filename extension, so new default Stage Template attributes created and registered.
[18:56:26:533046]:[Metadata] AttributesManagerBase.h(380)::createFromJsonOrDefaultInternal : <Stage Template>: Proposing JSON name : data/scene_datasets/gibson_semantic/./Brewton.stage_config.json from original name : data/scene_datasets/gibson_semantic/./Brewton.glb| This file does not exist.
[18:56:26:533083]:[Metadata] AbstractObjectAttributesManagerBase.h(184)::createObject : File (data/scene_datasets/gibson_semantic/./Brewton.glb) exists but is not a recognized config filename extension, so new default Stage Template attributes created and registered.
[18:56:26:533092]:[Metadata] AttributesManagerBase.h(380)::createFromJsonOrDefaultInternal : <Stage Template>: Proposing JSON name : data/scene_datasets/gibson_semantic/./Broseley.stage_config.json from original name : data/scene_datasets/gibson_semantic/./Broseley.glb| This file does not exist.
[18:56:26:533127]:[Metadata] AbstractObjectAttributesManagerBase.h(184)::createObject : File (data/scene_datasets/gibson_semantic/./Broseley.glb) exists but is not a recognized config filename extension, so new default Stage Template attributes created and registered.
[18:56:26:533137]:[Metadata] AttributesManagerBase.h(380)::createFromJsonOrDefaultInternal : <Stage Template>: Proposing JSON name : data/scene_datasets/gibson_semantic/./Brown.stage_config.json from original name : data/scene_datasets/gibson_semantic/./Brown.glb| This file does not exist.
[18:56:26:533172]:[Metadata] AbstractObjectAttributesManagerBase.h(184)::createObject : File (data/scene_datasets/gibson_semantic/./Brown.glb) exists but is not a recognized config filename extension, so new default Stage Template attributes created and registered.
[18:56:26:533182]:[Metadata] AttributesManagerBase.h(380)::createFromJsonOrDefaultInternal : <Stage Template>: Proposing JSON name : data/scene_datasets/gibson_semantic/./Browntown.stage_config.json from original name : data/scene_datasets/gibson_semantic/./Browntown.glb| This file does not exist.
[18:56:26:533218]:[Metadata] AbstractObjectAttributesManagerBase.h(184)::createObject : File (data/scene_datasets/gibson_semantic/./Browntown.glb) exists but is not a recognized config filename extension, so new default Stage Template attributes created and registered.
[18:56:26:533228]:[Metadata] AttributesManagerBase.h(380)::createFromJsonOrDefaultInternal : <Stage Template>: Proposing JSON name : data/scene_datasets/gibson_semantic/./Burien.stage_config.json from original name : data/scene_datasets/gibson_semantic/./Burien.glb| This file does not exist.
[18:56:26:533264]:[Metadata] AbstractObjectAttributesManagerBase.h(184)::createObject : File (data/scene_datasets/gibson_semantic/./Burien.glb) exists but is not a recognized config filename extension, so new default Stage Template attributes created and registered.
[18:56:26:533273]:[Metadata] AttributesManagerBase.h(380)::createFromJsonOrDefaultInternal : <Stage Template>: Proposing JSON name : data/scene_datasets/gibson_semantic/./Bushong.stage_config.json from original name : data/scene_datasets/gibson_semantic/./Bushong.glb| This file does not exist.
[18:56:26:533309]:[Metadata] AbstractObjectAttributesManagerBase.h(184)::createObject : File (data/scene_datasets/gibson_semantic/./Bushong.glb) exists but is not a recognized config filename extension, so new default Stage Template attributes created and registered.
[18:56:26:533318]:[Metadata] AttributesManagerBase.h(380)::createFromJsonOrDefaultInternal : <Stage Template>: Proposing JSON name : data/scene_datasets/gibson_semantic/./Byers.stage_config.json from original name : data/scene_datasets/gibson_semantic/./Byers.glb| This file does not exist.
[18:56:26:533354]:[Metadata] AbstractObjectAttributesManagerBase.h(184)::createObject : File (data/scene_datasets/gibson_semantic/./Byers.glb) exists but is not a recognized config filename extension, so new default Stage Template attributes created and registered.
[18:56:26:533364]:[Metadata] AttributesManagerBase.h(380)::createFromJsonOrDefaultInternal : <Stage Template>: Proposing JSON name : data/scene_datasets/gibson_semantic/./Cabin.stage_config.json from original name : data/scene_datasets/gibson_semantic/./Cabin.glb| This file does not exist.
[18:56:26:533401]:[Metadata] AbstractObjectAttributesManagerBase.h(184)::createObject : File (data/scene_datasets/gibson_semantic/./Cabin.glb) exists but is not a recognized config filename extension, so new default Stage Template attributes created and registered.
[18:56:26:533410]:[Metadata] AttributesManagerBase.h(380)::createFromJsonOrDefaultInternal : <Stage Template>: Proposing JSON name : data/scene_datasets/gibson_semantic/./Callicoon.stage_config.json from original name : data/scene_datasets/gibson_semantic/./Callicoon.glb| This file does not exist.
[18:56:26:533447]:[Metadata] AbstractObjectAttributesManagerBase.h(184)::createObject : File (data/scene_datasets/gibson_semantic/./Callicoon.glb) exists but is not a recognized config filename extension, so new default Stage Template attributes created and registered.
[18:56:26:533456]:[Metadata] AttributesManagerBase.h(380)::createFromJsonOrDefaultInternal : <Stage Template>: Proposing JSON name : data/scene_datasets/gibson_semantic/./Calmar.stage_config.json from original name : data/scene_datasets/gibson_semantic/./Calmar.glb| This file does not exist.
[18:56:26:533492]:[Metadata] AbstractObjectAttributesManagerBase.h(184)::createObject : File (data/scene_datasets/gibson_semantic/./Calmar.glb) exists but is not a recognized config filename extension, so new default Stage Template attributes created and registered.
[18:56:26:533501]:[Metadata] AttributesManagerBase.h(380)::createFromJsonOrDefaultInternal : <Stage Template>: Proposing JSON name : data/scene_datasets/gibson_semantic/./Cantwell.stage_config.json from original name : data/scene_datasets/gibson_semantic/./Cantwell.glb| This file does not exist.
[18:56:26:533537]:[Metadata] AbstractObjectAttributesManagerBase.h(184)::createObject : File (data/scene_datasets/gibson_semantic/./Cantwell.glb) exists but is not a recognized config filename extension, so new default Stage Template attributes created and registered.
[18:56:26:533547]:[Metadata] AttributesManagerBase.h(380)::createFromJsonOrDefaultInternal : <Stage Template>: Proposing JSON name : data/scene_datasets/gibson_semantic/./Capistrano.stage_config.json from original name : data/scene_datasets/gibson_semantic/./Capistrano.glb| This file does not exist.
[18:56:26:533583]:[Metadata] AbstractObjectAttributesManagerBase.h(184)::createObject : File (data/scene_datasets/gibson_semantic/./Capistrano.glb) exists but is not a recognized config filename extension, so new default Stage Template attributes created and registered.
[18:56:26:533592]:[Metadata] AttributesManagerBase.h(380)::createFromJsonOrDefaultInternal : <Stage Template>: Proposing JSON name : data/scene_datasets/gibson_semantic/./Carneiro.stage_config.json from original name : data/scene_datasets/gibson_semantic/./Carneiro.glb| This file does not exist.
[18:56:26:533628]:[Metadata] AbstractObjectAttributesManagerBase.h(184)::createObject : File (data/scene_datasets/gibson_semantic/./Carneiro.glb) exists but is not a recognized config filename extension, so new default Stage Template attributes created and registered.
[18:56:26:533638]:[Metadata] AttributesManagerBase.h(380)::createFromJsonOrDefaultInternal : <Stage Template>: Proposing JSON name : data/scene_datasets/gibson_semantic/./Carpendale.stage_config.json from original name : data/scene_datasets/gibson_semantic/./Carpendale.glb| This file does not exist.
[18:56:26:533675]:[Metadata] AbstractObjectAttributesManagerBase.h(184)::createObject : File (data/scene_datasets/gibson_semantic/./Carpendale.glb) exists but is not a recognized config filename extension, so new default Stage Template attributes created and registered.
[18:56:26:533685]:[Metadata] AttributesManagerBase.h(380)::createFromJsonOrDefaultInternal : <Stage Template>: Proposing JSON name : data/scene_datasets/gibson_semantic/./Carpio.stage_config.json from original name : data/scene_datasets/gibson_semantic/./Carpio.glb| This file does not exist.
[18:56:26:533722]:[Metadata] AbstractObjectAttributesManagerBase.h(184)::createObject : File (data/scene_datasets/gibson_semantic/./Carpio.glb) exists but is not a recognized config filename extension, so new default Stage Template attributes created and registered.
[18:56:26:533731]:[Metadata] AttributesManagerBase.h(380)::createFromJsonOrDefaultInternal : <Stage Template>: Proposing JSON name : data/scene_datasets/gibson_semantic/./Cashel.stage_config.json from original name : data/scene_datasets/gibson_semantic/./Cashel.glb| This file does not exist.
[18:56:26:533767]:[Metadata] AbstractObjectAttributesManagerBase.h(184)::createObject : File (data/scene_datasets/gibson_semantic/./Cashel.glb) exists but is not a recognized config filename extension, so new default Stage Template attributes created and registered.
[18:56:26:533777]:[Metadata] AttributesManagerBase.h(380)::createFromJsonOrDefaultInternal : <Stage Template>: Proposing JSON name : data/scene_datasets/gibson_semantic/./Cason.stage_config.json from original name : data/scene_datasets/gibson_semantic/./Cason.glb| This file does not exist.
[18:56:26:533813]:[Metadata] AbstractObjectAttributesManagerBase.h(184)::createObject : File (data/scene_datasets/gibson_semantic/./Cason.glb) exists but is not a recognized config filename extension, so new default Stage Template attributes created and registered.
[18:56:26:533825]:[Metadata] AttributesManagerBase.h(380)::createFromJsonOrDefaultInternal : <Stage Template>: Proposing JSON name : data/scene_datasets/gibson_semantic/./Castor.stage_config.json from original name : data/scene_datasets/gibson_semantic/./Castor.glb| This file does not exist.
[18:56:26:533862]:[Metadata] AbstractObjectAttributesManagerBase.h(184)::createObject : File (data/scene_datasets/gibson_semantic/./Castor.glb) exists but is not a recognized config filename extension, so new default Stage Template attributes created and registered.
[18:56:26:533872]:[Metadata] AttributesManagerBase.h(380)::createFromJsonOrDefaultInternal : <Stage Template>: Proposing JSON name : data/scene_datasets/gibson_semantic/./Castroville.stage_config.json from original name : data/scene_datasets/gibson_semantic/./Castroville.glb| This file does not exist.
[18:56:26:533910]:[Metadata] AbstractObjectAttributesManagerBase.h(184)::createObject : File (data/scene_datasets/gibson_semantic/./Castroville.glb) exists but is not a recognized config filename extension, so new default Stage Template attributes created and registered.
[18:56:26:533920]:[Metadata] AttributesManagerBase.h(380)::createFromJsonOrDefaultInternal : <Stage Template>: Proposing JSON name : data/scene_datasets/gibson_semantic/./Cayuse.stage_config.json from original name : data/scene_datasets/gibson_semantic/./Cayuse.glb| This file does not exist.
[18:56:26:533956]:[Metadata] AbstractObjectAttributesManagerBase.h(184)::createObject : File (data/scene_datasets/gibson_semantic/./Cayuse.glb) exists but is not a recognized config filename extension, so new default Stage Template attributes created and registered.
[18:56:26:533966]:[Metadata] AttributesManagerBase.h(380)::createFromJsonOrDefaultInternal : <Stage Template>: Proposing JSON name : data/scene_datasets/gibson_semantic/./Cebolla.stage_config.json from original name : data/scene_datasets/gibson_semantic/./Cebolla.glb| This file does not exist.
[18:56:26:534004]:[Metadata] AbstractObjectAttributesManagerBase.h(184)::createObject : File (data/scene_datasets/gibson_semantic/./Cebolla.glb) exists but is not a recognized config filename extension, so new default Stage Template attributes created and registered.
[18:56:26:534014]:[Metadata] AttributesManagerBase.h(380)::createFromJsonOrDefaultInternal : <Stage Template>: Proposing JSON name : data/scene_datasets/gibson_semantic/./Channel.stage_config.json from original name : data/scene_datasets/gibson_semantic/./Channel.glb| This file does not exist.
[18:56:26:534051]:[Metadata] AbstractObjectAttributesManagerBase.h(184)::createObject : File (data/scene_datasets/gibson_semantic/./Channel.glb) exists but is not a recognized config filename extension, so new default Stage Template attributes created and registered.
[18:56:26:534061]:[Metadata] AttributesManagerBase.h(380)::createFromJsonOrDefaultInternal : <Stage Template>: Proposing JSON name : data/scene_datasets/gibson_semantic/./Checotah.stage_config.json from original name : data/scene_datasets/gibson_semantic/./Checotah.glb| This file does not exist.
[18:56:26:534098]:[Metadata] AbstractObjectAttributesManagerBase.h(184)::createObject : File (data/scene_datasets/gibson_semantic/./Checotah.glb) exists but is not a recognized config filename extension, so new default Stage Template attributes created and registered.
[18:56:26:534108]:[Metadata] AttributesManagerBase.h(380)::createFromJsonOrDefaultInternal : <Stage Template>: Proposing JSON name : data/scene_datasets/gibson_semantic/./Chesaning.stage_config.json from original name : data/scene_datasets/gibson_semantic/./Chesaning.glb| This file does not exist.
[18:56:26:534145]:[Metadata] AbstractObjectAttributesManagerBase.h(184)::createObject : File (data/scene_datasets/gibson_semantic/./Chesaning.glb) exists but is not a recognized config filename extension, so new default Stage Template attributes created and registered.
[18:56:26:534158]:[Metadata] AttributesManagerBase.h(380)::createFromJsonOrDefaultInternal : <Stage Template>: Proposing JSON name : data/scene_datasets/gibson_semantic/./Chesterbrook.stage_config.json from original name : data/scene_datasets/gibson_semantic/./Chesterbrook.glb| This file does not exist.
[18:56:26:534196]:[Metadata] AbstractObjectAttributesManagerBase.h(184)::createObject : File (data/scene_datasets/gibson_semantic/./Chesterbrook.glb) exists but is not a recognized config filename extension, so new default Stage Template attributes created and registered.
[18:56:26:534206]:[Metadata] AttributesManagerBase.h(380)::createFromJsonOrDefaultInternal : <Stage Template>: Proposing JSON name : data/scene_datasets/gibson_semantic/./Chilhowie.stage_config.json from original name : data/scene_datasets/gibson_semantic/./Chilhowie.glb| This file does not exist.
[18:56:26:534243]:[Metadata] AbstractObjectAttributesManagerBase.h(184)::createObject : File (data/scene_datasets/gibson_semantic/./Chilhowie.glb) exists but is not a recognized config filename extension, so new default Stage Template attributes created and registered.
[18:56:26:534253]:[Metadata] AttributesManagerBase.h(380)::createFromJsonOrDefaultInternal : <Stage Template>: Proposing JSON name : data/scene_datasets/gibson_semantic/./Chiloquin.stage_config.json from original name : data/scene_datasets/gibson_semantic/./Chiloquin.glb| This file does not exist.
[18:56:26:534291]:[Metadata] AbstractObjectAttributesManagerBase.h(184)::createObject : File (data/scene_datasets/gibson_semantic/./Chiloquin.glb) exists but is not a recognized config filename extension, so new default Stage Template attributes created and registered.
[18:56:26:534301]:[Metadata] AttributesManagerBase.h(380)::createFromJsonOrDefaultInternal : <Stage Template>: Proposing JSON name : data/scene_datasets/gibson_semantic/./Chireno.stage_config.json from original name : data/scene_datasets/gibson_semantic/./Chireno.glb| This file does not exist.
[18:56:26:534339]:[Metadata] AbstractObjectAttributesManagerBase.h(184)::createObject : File (data/scene_datasets/gibson_semantic/./Chireno.glb) exists but is not a recognized config filename extension, so new default Stage Template attributes created and registered.
[18:56:26:534349]:[Metadata] AttributesManagerBase.h(380)::createFromJsonOrDefaultInternal : <Stage Template>: Proposing JSON name : data/scene_datasets/gibson_semantic/./Chrisney.stage_config.json from original name : data/scene_datasets/gibson_semantic/./Chrisney.glb| This file does not exist.
[18:56:26:534386]:[Metadata] AbstractObjectAttributesManagerBase.h(184)::createObject : File (data/scene_datasets/gibson_semantic/./Chrisney.glb) exists but is not a recognized config filename extension, so new default Stage Template attributes created and registered.
[18:56:26:534396]:[Metadata] AttributesManagerBase.h(380)::createFromJsonOrDefaultInternal : <Stage Template>: Proposing JSON name : data/scene_datasets/gibson_semantic/./Churchton.stage_config.json from original name : data/scene_datasets/gibson_semantic/./Churchton.glb| This file does not exist.
[18:56:26:534433]:[Metadata] AbstractObjectAttributesManagerBase.h(184)::createObject : File (data/scene_datasets/gibson_semantic/./Churchton.glb) exists but is not a recognized config filename extension, so new default Stage Template attributes created and registered.
[18:56:26:534443]:[Metadata] AttributesManagerBase.h(380)::createFromJsonOrDefaultInternal : <Stage Template>: Proposing JSON name : data/scene_datasets/gibson_semantic/./Circleville.stage_config.json from original name : data/scene_datasets/gibson_semantic/./Circleville.glb| This file does not exist.
[18:56:26:534480]:[Metadata] AbstractObjectAttributesManagerBase.h(184)::createObject : File (data/scene_datasets/gibson_semantic/./Circleville.glb) exists but is not a recognized config filename extension, so new default Stage Template attributes created and registered.
[18:56:26:534489]:[Metadata] AttributesManagerBase.h(380)::createFromJsonOrDefaultInternal : <Stage Template>: Proposing JSON name : data/scene_datasets/gibson_semantic/./Cisne.stage_config.json from original name : data/scene_datasets/gibson_semantic/./Cisne.glb| This file does not exist.
[18:56:26:534528]:[Metadata] AbstractObjectAttributesManagerBase.h(184)::createObject : File (data/scene_datasets/gibson_semantic/./Cisne.glb) exists but is not a recognized config filename extension, so new default Stage Template attributes created and registered.
[18:56:26:534538]:[Metadata] AttributesManagerBase.h(380)::createFromJsonOrDefaultInternal : <Stage Template>: Proposing JSON name : data/scene_datasets/gibson_semantic/./Clairton.stage_config.json from original name : data/scene_datasets/gibson_semantic/./Clairton.glb| This file does not exist.
[18:56:26:534575]:[Metadata] AbstractObjectAttributesManagerBase.h(184)::createObject : File (data/scene_datasets/gibson_semantic/./Clairton.glb) exists but is not a recognized config filename extension, so new default Stage Template attributes created and registered.
[18:56:26:534585]:[Metadata] AttributesManagerBase.h(380)::createFromJsonOrDefaultInternal : <Stage Template>: Proposing JSON name : data/scene_datasets/gibson_semantic/./Clarkridge.stage_config.json from original name : data/scene_datasets/gibson_semantic/./Clarkridge.glb| This file does not exist.
[18:56:26:534622]:[Metadata] AbstractObjectAttributesManagerBase.h(184)::createObject : File (data/scene_datasets/gibson_semantic/./Clarkridge.glb) exists but is not a recognized config filename extension, so new default Stage Template attributes created and registered.
[18:56:26:534637]:[Metadata] AttributesManagerBase.h(380)::createFromJsonOrDefaultInternal : <Stage Template>: Proposing JSON name : data/scene_datasets/gibson_semantic/./Clive.stage_config.json from original name : data/scene_datasets/gibson_semantic/./Clive.glb| This file does not exist.
[18:56:26:534674]:[Metadata] AbstractObjectAttributesManagerBase.h(184)::createObject : File (data/scene_datasets/gibson_semantic/./Clive.glb) exists but is not a recognized config filename extension, so new default Stage Template attributes created and registered.
[18:56:26:534684]:[Metadata] AttributesManagerBase.h(380)::createFromJsonOrDefaultInternal : <Stage Template>: Proposing JSON name : data/scene_datasets/gibson_semantic/./Cobalt.stage_config.json from original name : data/scene_datasets/gibson_semantic/./Cobalt.glb| This file does not exist.
[18:56:26:534722]:[Metadata] AbstractObjectAttributesManagerBase.h(184)::createObject : File (data/scene_datasets/gibson_semantic/./Cobalt.glb) exists but is not a recognized config filename extension, so new default Stage Template attributes created and registered.
[18:56:26:534731]:[Metadata] AttributesManagerBase.h(380)::createFromJsonOrDefaultInternal : <Stage Template>: Proposing JSON name : data/scene_datasets/gibson_semantic/./Codell.stage_config.json from original name : data/scene_datasets/gibson_semantic/./Codell.glb| This file does not exist.
[18:56:26:534768]:[Metadata] AbstractObjectAttributesManagerBase.h(184)::createObject : File (data/scene_datasets/gibson_semantic/./Codell.glb) exists but is not a recognized config filename extension, so new default Stage Template attributes created and registered.
[18:56:26:534778]:[Metadata] AttributesManagerBase.h(380)::createFromJsonOrDefaultInternal : <Stage Template>: Proposing JSON name : data/scene_datasets/gibson_semantic/./Coffeen.stage_config.json from original name : data/scene_datasets/gibson_semantic/./Coffeen.glb| This file does not exist.
[18:56:26:534815]:[Metadata] AbstractObjectAttributesManagerBase.h(184)::createObject : File (data/scene_datasets/gibson_semantic/./Coffeen.glb) exists but is not a recognized config filename extension, so new default Stage Template attributes created and registered.
[18:56:26:534825]:[Metadata] AttributesManagerBase.h(380)::createFromJsonOrDefaultInternal : <Stage Template>: Proposing JSON name : data/scene_datasets/gibson_semantic/./Cohoes.stage_config.json from original name : data/scene_datasets/gibson_semantic/./Cohoes.glb| This file does not exist.
[18:56:26:534863]:[Metadata] AbstractObjectAttributesManagerBase.h(184)::createObject : File (data/scene_datasets/gibson_semantic/./Cohoes.glb) exists but is not a recognized config filename extension, so new default Stage Template attributes created and registered.
[18:56:26:534872]:[Metadata] AttributesManagerBase.h(380)::createFromJsonOrDefaultInternal : <Stage Template>: Proposing JSON name : data/scene_datasets/gibson_semantic/./Cokeville.stage_config.json from original name : data/scene_datasets/gibson_semantic/./Cokeville.glb| This file does not exist.
[18:56:26:534911]:[Metadata] AbstractObjectAttributesManagerBase.h(184)::createObject : File (data/scene_datasets/gibson_semantic/./Cokeville.glb) exists but is not a recognized config filename extension, so new default Stage Template attributes created and registered.
[18:56:26:534921]:[Metadata] AttributesManagerBase.h(380)::createFromJsonOrDefaultInternal : <Stage Template>: Proposing JSON name : data/scene_datasets/gibson_semantic/./Colebrook.stage_config.json from original name : data/scene_datasets/gibson_semantic/./Colebrook.glb| This file does not exist.
[18:56:26:534958]:[Metadata] AbstractObjectAttributesManagerBase.h(184)::createObject : File (data/scene_datasets/gibson_semantic/./Colebrook.glb) exists but is not a recognized config filename extension, so new default Stage Template attributes created and registered.
[18:56:26:534968]:[Metadata] AttributesManagerBase.h(380)::createFromJsonOrDefaultInternal : <Stage Template>: Proposing JSON name : data/scene_datasets/gibson_semantic/./Collierville.stage_config.json from original name : data/scene_datasets/gibson_semantic/./Collierville.glb| This file does not exist.
[18:56:26:535003]:[Metadata] AbstractObjectAttributesManagerBase.h(184)::createObject : File (data/scene_datasets/gibson_semantic/./Collierville.glb) exists but is not a recognized config filename extension, so new default Stage Template attributes created and registered.
[18:56:26:535013]:[Metadata] AttributesManagerBase.h(380)::createFromJsonOrDefaultInternal : <Stage Template>: Proposing JSON name : data/scene_datasets/gibson_semantic/./Connoquenessing.stage_config.json from original name : data/scene_datasets/gibson_semantic/./Connoquenessing.glb| This file does not exist.
[18:56:26:535050]:[Metadata] AbstractObjectAttributesManagerBase.h(184)::createObject : File (data/scene_datasets/gibson_semantic/./Connoquenessing.glb) exists but is not a recognized config filename extension, so new default Stage Template attributes created and registered.
[18:56:26:535059]:[Metadata] AttributesManagerBase.h(380)::createFromJsonOrDefaultInternal : <Stage Template>: Proposing JSON name : data/scene_datasets/gibson_semantic/./Convoy.stage_config.json from original name : data/scene_datasets/gibson_semantic/./Convoy.glb| This file does not exist.
[18:56:26:535097]:[Metadata] AbstractObjectAttributesManagerBase.h(184)::createObject : File (data/scene_datasets/gibson_semantic/./Convoy.glb) exists but is not a recognized config filename extension, so new default Stage Template attributes created and registered.
[18:56:26:535107]:[Metadata] AttributesManagerBase.h(380)::createFromJsonOrDefaultInternal : <Stage Template>: Proposing JSON name : data/scene_datasets/gibson_semantic/./Cooperstown.stage_config.json from original name : data/scene_datasets/gibson_semantic/./Cooperstown.glb| This file does not exist.
[18:56:26:535144]:[Metadata] AbstractObjectAttributesManagerBase.h(184)::createObject : File (data/scene_datasets/gibson_semantic/./Cooperstown.glb) exists but is not a recognized config filename extension, so new default Stage Template attributes created and registered.
[18:56:26:535154]:[Metadata] AttributesManagerBase.h(380)::createFromJsonOrDefaultInternal : <Stage Template>: Proposing JSON name : data/scene_datasets/gibson_semantic/./Copemish.stage_config.json from original name : data/scene_datasets/gibson_semantic/./Copemish.glb| This file does not exist.
[18:56:26:535190]:[Metadata] AbstractObjectAttributesManagerBase.h(184)::createObject : File (data/scene_datasets/gibson_semantic/./Copemish.glb) exists but is not a recognized config filename extension, so new default Stage Template attributes created and registered.
[18:56:26:535202]:[Metadata] AttributesManagerBase.h(380)::createFromJsonOrDefaultInternal : <Stage Template>: Proposing JSON name : data/scene_datasets/gibson_semantic/./Corder.stage_config.json from original name : data/scene_datasets/gibson_semantic/./Corder.glb| This file does not exist.
[18:56:26:535238]:[Metadata] AbstractObjectAttributesManagerBase.h(184)::createObject : File (data/scene_datasets/gibson_semantic/./Corder.glb) exists but is not a recognized config filename extension, so new default Stage Template attributes created and registered.
[18:56:26:535248]:[Metadata] AttributesManagerBase.h(380)::createFromJsonOrDefaultInternal : <Stage Template>: Proposing JSON name : data/scene_datasets/gibson_semantic/./Cornville.stage_config.json from original name : data/scene_datasets/gibson_semantic/./Cornville.glb| This file does not exist.
[18:56:26:535285]:[Metadata] AbstractObjectAttributesManagerBase.h(184)::createObject : File (data/scene_datasets/gibson_semantic/./Cornville.glb) exists but is not a recognized config filename extension, so new default Stage Template attributes created and registered.
[18:56:26:535295]:[Metadata] AttributesManagerBase.h(380)::createFromJsonOrDefaultInternal : <Stage Template>: Proposing JSON name : data/scene_datasets/gibson_semantic/./Coronado.stage_config.json from original name : data/scene_datasets/gibson_semantic/./Coronado.glb| This file does not exist.
[18:56:26:535332]:[Metadata] AbstractObjectAttributesManagerBase.h(184)::createObject : File (data/scene_datasets/gibson_semantic/./Coronado.glb) exists but is not a recognized config filename extension, so new default Stage Template attributes created and registered.
[18:56:26:535341]:[Metadata] AttributesManagerBase.h(380)::createFromJsonOrDefaultInternal : <Stage Template>: Proposing JSON name : data/scene_datasets/gibson_semantic/./Corozal.stage_config.json from original name : data/scene_datasets/gibson_semantic/./Corozal.glb| This file does not exist.
[18:56:26:535376]:[Metadata] AbstractObjectAttributesManagerBase.h(184)::createObject : File (data/scene_datasets/gibson_semantic/./Corozal.glb) exists but is not a recognized config filename extension, so new default Stage Template attributes created and registered.
[18:56:26:535386]:[Metadata] AttributesManagerBase.h(380)::createFromJsonOrDefaultInternal : <Stage Template>: Proposing JSON name : data/scene_datasets/gibson_semantic/./Cosmos.stage_config.json from original name : data/scene_datasets/gibson_semantic/./Cosmos.glb| This file does not exist.
[18:56:26:535424]:[Metadata] AbstractObjectAttributesManagerBase.h(184)::createObject : File (data/scene_datasets/gibson_semantic/./Cosmos.glb) exists but is not a recognized config filename extension, so new default Stage Template attributes created and registered.
[18:56:26:535433]:[Metadata] AttributesManagerBase.h(380)::createFromJsonOrDefaultInternal : <Stage Template>: Proposing JSON name : data/scene_datasets/gibson_semantic/./Cottonport.stage_config.json from original name : data/scene_datasets/gibson_semantic/./Cottonport.glb| This file does not exist.
[18:56:26:535472]:[Metadata] AbstractObjectAttributesManagerBase.h(184)::createObject : File (data/scene_datasets/gibson_semantic/./Cottonport.glb) exists but is not a recognized config filename extension, so new default Stage Template attributes created and registered.
[18:56:26:535481]:[Metadata] AttributesManagerBase.h(380)::createFromJsonOrDefaultInternal : <Stage Template>: Proposing JSON name : data/scene_datasets/gibson_semantic/./Country.stage_config.json from original name : data/scene_datasets/gibson_semantic/./Country.glb| This file does not exist.
[18:56:26:535519]:[Metadata] AbstractObjectAttributesManagerBase.h(184)::createObject : File (data/scene_datasets/gibson_semantic/./Country.glb) exists but is not a recognized config filename extension, so new default Stage Template attributes created and registered.
[18:56:26:535529]:[Metadata] AttributesManagerBase.h(380)::createFromJsonOrDefaultInternal : <Stage Template>: Proposing JSON name : data/scene_datasets/gibson_semantic/./Crandon.stage_config.json from original name : data/scene_datasets/gibson_semantic/./Crandon.glb| This file does not exist.
[18:56:26:535565]:[Metadata] AbstractObjectAttributesManagerBase.h(184)::createObject : File (data/scene_datasets/gibson_semantic/./Crandon.glb) exists but is not a recognized config filename extension, so new default Stage Template attributes created and registered.
[18:56:26:535575]:[Metadata] AttributesManagerBase.h(380)::createFromJsonOrDefaultInternal : <Stage Template>: Proposing JSON name : data/scene_datasets/gibson_semantic/./Creede.stage_config.json from original name : data/scene_datasets/gibson_semantic/./Creede.glb| This file does not exist.
[18:56:26:535611]:[Metadata] AbstractObjectAttributesManagerBase.h(184)::createObject : File (data/scene_datasets/gibson_semantic/./Creede.glb) exists but is not a recognized config filename extension, so new default Stage Template attributes created and registered.
[18:56:26:535621]:[Metadata] AttributesManagerBase.h(380)::createFromJsonOrDefaultInternal : <Stage Template>: Proposing JSON name : data/scene_datasets/gibson_semantic/./Crookston.stage_config.json from original name : data/scene_datasets/gibson_semantic/./Crookston.glb| This file does not exist.
[18:56:26:535658]:[Metadata] AbstractObjectAttributesManagerBase.h(184)::createObject : File (data/scene_datasets/gibson_semantic/./Crookston.glb) exists but is not a recognized config filename extension, so new default Stage Template attributes created and registered.
[18:56:26:535668]:[Metadata] AttributesManagerBase.h(380)::createFromJsonOrDefaultInternal : <Stage Template>: Proposing JSON name : data/scene_datasets/gibson_semantic/./Crugers.stage_config.json from original name : data/scene_datasets/gibson_semantic/./Crugers.glb| This file does not exist.
[18:56:26:535706]:[Metadata] AbstractObjectAttributesManagerBase.h(184)::createObject : File (data/scene_datasets/gibson_semantic/./Crugers.glb) exists but is not a recognized config filename extension, so new default Stage Template attributes created and registered.
[18:56:26:535716]:[Metadata] AttributesManagerBase.h(380)::createFromJsonOrDefaultInternal : <Stage Template>: Proposing JSON name : data/scene_datasets/gibson_semantic/./Culbertson.stage_config.json from original name : data/scene_datasets/gibson_semantic/./Culbertson.glb| This file does not exist.
[18:56:26:535753]:[Metadata] AbstractObjectAttributesManagerBase.h(184)::createObject : File (data/scene_datasets/gibson_semantic/./Culbertson.glb) exists but is not a recognized config filename extension, so new default Stage Template attributes created and registered.
[18:56:26:535763]:[Metadata] AttributesManagerBase.h(380)::createFromJsonOrDefaultInternal : <Stage Template>: Proposing JSON name : data/scene_datasets/gibson_semantic/./Cullison.stage_config.json from original name : data/scene_datasets/gibson_semantic/./Cullison.glb| This file does not exist.
[18:56:26:535799]:[Metadata] AbstractObjectAttributesManagerBase.h(184)::createObject : File (data/scene_datasets/gibson_semantic/./Cullison.glb) exists but is not a recognized config filename extension, so new default Stage Template attributes created and registered.
[18:56:26:535809]:[Metadata] AttributesManagerBase.h(380)::createFromJsonOrDefaultInternal : <Stage Template>: Proposing JSON name : data/scene_datasets/gibson_semantic/./Cutlerville.stage_config.json from original name : data/scene_datasets/gibson_semantic/./Cutlerville.glb| This file does not exist.
[18:56:26:535845]:[Metadata] AbstractObjectAttributesManagerBase.h(184)::createObject : File (data/scene_datasets/gibson_semantic/./Cutlerville.glb) exists but is not a recognized config filename extension, so new default Stage Template attributes created and registered.
[18:56:26:535855]:[Metadata] AttributesManagerBase.h(380)::createFromJsonOrDefaultInternal : <Stage Template>: Proposing JSON name : data/scene_datasets/gibson_semantic/./Dansville.stage_config.json from original name : data/scene_datasets/gibson_semantic/./Dansville.glb| This file does not exist.
[18:56:26:535893]:[Metadata] AbstractObjectAttributesManagerBase.h(184)::createObject : File (data/scene_datasets/gibson_semantic/./Dansville.glb) exists but is not a recognized config filename extension, so new default Stage Template attributes created and registered.
[18:56:26:535904]:[Metadata] AttributesManagerBase.h(380)::createFromJsonOrDefaultInternal : <Stage Template>: Proposing JSON name : data/scene_datasets/gibson_semantic/./Darden.stage_config.json from original name : data/scene_datasets/gibson_semantic/./Darden.glb| This file does not exist.
[18:56:26:535940]:[Metadata] AbstractObjectAttributesManagerBase.h(184)::createObject : File (data/scene_datasets/gibson_semantic/./Darden.glb) exists but is not a recognized config filename extension, so new default Stage Template attributes created and registered.
[18:56:26:535949]:[Metadata] AttributesManagerBase.h(380)::createFromJsonOrDefaultInternal : <Stage Template>: Proposing JSON name : data/scene_datasets/gibson_semantic/./Darnestown.stage_config.json from original name : data/scene_datasets/gibson_semantic/./Darnestown.glb| This file does not exist.
[18:56:26:535986]:[Metadata] AbstractObjectAttributesManagerBase.h(184)::createObject : File (data/scene_datasets/gibson_semantic/./Darnestown.glb) exists but is not a recognized config filename extension, so new default Stage Template attributes created and registered.
[18:56:26:535996]:[Metadata] AttributesManagerBase.h(380)::createFromJsonOrDefaultInternal : <Stage Template>: Proposing JSON name : data/scene_datasets/gibson_semantic/./Deatsville.stage_config.json from original name : data/scene_datasets/gibson_semantic/./Deatsville.glb| This file does not exist.
[18:56:26:536032]:[Metadata] AbstractObjectAttributesManagerBase.h(184)::createObject : File (data/scene_datasets/gibson_semantic/./Deatsville.glb) exists but is not a recognized config filename extension, so new default Stage Template attributes created and registered.
[18:56:26:536043]:[Metadata] AttributesManagerBase.h(380)::createFromJsonOrDefaultInternal : <Stage Template>: Proposing JSON name : data/scene_datasets/gibson_semantic/./Dedham.stage_config.json from original name : data/scene_datasets/gibson_semantic/./Dedham.glb| This file does not exist.
[18:56:26:536079]:[Metadata] AbstractObjectAttributesManagerBase.h(184)::createObject : File (data/scene_datasets/gibson_semantic/./Dedham.glb) exists but is not a recognized config filename extension, so new default Stage Template attributes created and registered.
[18:56:26:536088]:[Metadata] AttributesManagerBase.h(380)::createFromJsonOrDefaultInternal : <Stage Template>: Proposing JSON name : data/scene_datasets/gibson_semantic/./Deemston.stage_config.json from original name : data/scene_datasets/gibson_semantic/./Deemston.glb| This file does not exist.
[18:56:26:536125]:[Metadata] AbstractObjectAttributesManagerBase.h(184)::createObject : File (data/scene_datasets/gibson_semantic/./Deemston.glb) exists but is not a recognized config filename extension, so new default Stage Template attributes created and registered.
[18:56:26:536135]:[Metadata] AttributesManagerBase.h(380)::createFromJsonOrDefaultInternal : <Stage Template>: Proposing JSON name : data/scene_datasets/gibson_semantic/./Delton.stage_config.json from original name : data/scene_datasets/gibson_semantic/./Delton.glb| This file does not exist.
[18:56:26:536175]:[Metadata] AbstractObjectAttributesManagerBase.h(184)::createObject : File (data/scene_datasets/gibson_semantic/./Delton.glb) exists but is not a recognized config filename extension, so new default Stage Template attributes created and registered.
[18:56:26:536185]:[Metadata] AttributesManagerBase.h(380)::createFromJsonOrDefaultInternal : <Stage Template>: Proposing JSON name : data/scene_datasets/gibson_semantic/./Denmark.stage_config.json from original name : data/scene_datasets/gibson_semantic/./Denmark.glb| This file does not exist.
[18:56:26:536223]:[Metadata] AbstractObjectAttributesManagerBase.h(184)::createObject : File (data/scene_datasets/gibson_semantic/./Denmark.glb) exists but is not a recognized config filename extension, so new default Stage Template attributes created and registered.
[18:56:26:536233]:[Metadata] AttributesManagerBase.h(380)::createFromJsonOrDefaultInternal : <Stage Template>: Proposing JSON name : data/scene_datasets/gibson_semantic/./Divide.stage_config.json from original name : data/scene_datasets/gibson_semantic/./Divide.glb| This file does not exist.
[18:56:26:536269]:[Metadata] AbstractObjectAttributesManagerBase.h(184)::createObject : File (data/scene_datasets/gibson_semantic/./Divide.glb) exists but is not a recognized config filename extension, so new default Stage Template attributes created and registered.
[18:56:26:536279]:[Metadata] AttributesManagerBase.h(380)::createFromJsonOrDefaultInternal : <Stage Template>: Proposing JSON name : data/scene_datasets/gibson_semantic/./Dryville.stage_config.json from original name : data/scene_datasets/gibson_semantic/./Dryville.glb| This file does not exist.
[18:56:26:536317]:[Metadata] AbstractObjectAttributesManagerBase.h(184)::createObject : File (data/scene_datasets/gibson_semantic/./Dryville.glb) exists but is not a recognized config filename extension, so new default Stage Template attributes created and registered.
[18:56:26:536327]:[Metadata] AttributesManagerBase.h(380)::createFromJsonOrDefaultInternal : <Stage Template>: Proposing JSON name : data/scene_datasets/gibson_semantic/./Duarte.stage_config.json from original name : data/scene_datasets/gibson_semantic/./Duarte.glb| This file does not exist.
[18:56:26:536363]:[Metadata] AbstractObjectAttributesManagerBase.h(184)::createObject : File (data/scene_datasets/gibson_semantic/./Duarte.glb) exists but is not a recognized config filename extension, so new default Stage Template attributes created and registered.
[18:56:26:536373]:[Metadata] AttributesManagerBase.h(380)::createFromJsonOrDefaultInternal : <Stage Template>: Proposing JSON name : data/scene_datasets/gibson_semantic/./Duluth.stage_config.json from original name : data/scene_datasets/gibson_semantic/./Duluth.glb| This file does not exist.
[18:56:26:536410]:[Metadata] AbstractObjectAttributesManagerBase.h(184)::createObject : File (data/scene_datasets/gibson_semantic/./Duluth.glb) exists but is not a recognized config filename extension, so new default Stage Template attributes created and registered.
[18:56:26:536419]:[Metadata] AttributesManagerBase.h(380)::createFromJsonOrDefaultInternal : <Stage Template>: Proposing JSON name : data/scene_datasets/gibson_semantic/./Dunmor.stage_config.json from original name : data/scene_datasets/gibson_semantic/./Dunmor.glb| This file does not exist.
[18:56:26:536455]:[Metadata] AbstractObjectAttributesManagerBase.h(184)::createObject : File (data/scene_datasets/gibson_semantic/./Dunmor.glb) exists but is not a recognized config filename extension, so new default Stage Template attributes created and registered.
[18:56:26:536465]:[Metadata] AttributesManagerBase.h(380)::createFromJsonOrDefaultInternal : <Stage Template>: Proposing JSON name : data/scene_datasets/gibson_semantic/./Eagan.stage_config.json from original name : data/scene_datasets/gibson_semantic/./Eagan.glb| This file does not exist.
[18:56:26:536501]:[Metadata] AbstractObjectAttributesManagerBase.h(184)::createObject : File (data/scene_datasets/gibson_semantic/./Eagan.glb) exists but is not a recognized config filename extension, so new default Stage Template attributes created and registered.
[18:56:26:536511]:[Metadata] AttributesManagerBase.h(380)::createFromJsonOrDefaultInternal : <Stage Template>: Proposing JSON name : data/scene_datasets/gibson_semantic/./Eagerville.stage_config.json from original name : data/scene_datasets/gibson_semantic/./Eagerville.glb| This file does not exist.
[18:56:26:536548]:[Metadata] AbstractObjectAttributesManagerBase.h(184)::createObject : File (data/scene_datasets/gibson_semantic/./Eagerville.glb) exists but is not a recognized config filename extension, so new default Stage Template attributes created and registered.
[18:56:26:536558]:[Metadata] AttributesManagerBase.h(380)::createFromJsonOrDefaultInternal : <Stage Template>: Proposing JSON name : data/scene_datasets/gibson_semantic/./Eastville.stage_config.json from original name : data/scene_datasets/gibson_semantic/./Eastville.glb| This file does not exist.
[18:56:26:536595]:[Metadata] AbstractObjectAttributesManagerBase.h(184)::createObject : File (data/scene_datasets/gibson_semantic/./Eastville.glb) exists but is not a recognized config filename extension, so new default Stage Template attributes created and registered.
[18:56:26:536605]:[Metadata] AttributesManagerBase.h(380)::createFromJsonOrDefaultInternal : <Stage Template>: Proposing JSON name : data/scene_datasets/gibson_semantic/./Edgemere.stage_config.json from original name : data/scene_datasets/gibson_semantic/./Edgemere.glb| This file does not exist.
[18:56:26:536641]:[Metadata] AbstractObjectAttributesManagerBase.h(184)::createObject : File (data/scene_datasets/gibson_semantic/./Edgemere.glb) exists but is not a recognized config filename extension, so new default Stage Template attributes created and registered.
[18:56:26:536651]:[Metadata] AttributesManagerBase.h(380)::createFromJsonOrDefaultInternal : <Stage Template>: Proposing JSON name : data/scene_datasets/gibson_semantic/./Ellaville.stage_config.json from original name : data/scene_datasets/gibson_semantic/./Ellaville.glb| This file does not exist.
[18:56:26:536688]:[Metadata] AbstractObjectAttributesManagerBase.h(184)::createObject : File (data/scene_datasets/gibson_semantic/./Ellaville.glb) exists but is not a recognized config filename extension, so new default Stage Template attributes created and registered.
[18:56:26:536698]:[Metadata] AttributesManagerBase.h(380)::createFromJsonOrDefaultInternal : <Stage Template>: Proposing JSON name : data/scene_datasets/gibson_semantic/./Elmira.stage_config.json from original name : data/scene_datasets/gibson_semantic/./Elmira.glb| This file does not exist.
[18:56:26:536736]:[Metadata] AbstractObjectAttributesManagerBase.h(184)::createObject : File (data/scene_datasets/gibson_semantic/./Elmira.glb) exists but is not a recognized config filename extension, so new default Stage Template attributes created and registered.
[18:56:26:536747]:[Metadata] AttributesManagerBase.h(380)::createFromJsonOrDefaultInternal : <Stage Template>: Proposing JSON name : data/scene_datasets/gibson_semantic/./Elton.stage_config.json from original name : data/scene_datasets/gibson_semantic/./Elton.glb| This file does not exist.
[18:56:26:536783]:[Metadata] AbstractObjectAttributesManagerBase.h(184)::createObject : File (data/scene_datasets/gibson_semantic/./Elton.glb) exists but is not a recognized config filename extension, so new default Stage Template attributes created and registered.
[18:56:26:536793]:[Metadata] AttributesManagerBase.h(380)::createFromJsonOrDefaultInternal : <Stage Template>: Proposing JSON name : data/scene_datasets/gibson_semantic/./Emmaus.stage_config.json from original name : data/scene_datasets/gibson_semantic/./Emmaus.glb| This file does not exist.
[18:56:26:536829]:[Metadata] AbstractObjectAttributesManagerBase.h(184)::createObject : File (data/scene_datasets/gibson_semantic/./Emmaus.glb) exists but is not a recognized config filename extension, so new default Stage Template attributes created and registered.
[18:56:26:536839]:[Metadata] AttributesManagerBase.h(380)::createFromJsonOrDefaultInternal : <Stage Template>: Proposing JSON name : data/scene_datasets/gibson_semantic/./Eudora.stage_config.json from original name : data/scene_datasets/gibson_semantic/./Eudora.glb| This file does not exist.
[18:56:26:536875]:[Metadata] AbstractObjectAttributesManagerBase.h(184)::createObject : File (data/scene_datasets/gibson_semantic/./Eudora.glb) exists but is not a recognized config filename extension, so new default Stage Template attributes created and registered.
[18:56:26:536885]:[Metadata] AttributesManagerBase.h(380)::createFromJsonOrDefaultInternal : <Stage Template>: Proposing JSON name : data/scene_datasets/gibson_semantic/./Euharlee.stage_config.json from original name : data/scene_datasets/gibson_semantic/./Euharlee.glb| This file does not exist.
[18:56:26:536921]:[Metadata] AbstractObjectAttributesManagerBase.h(184)::createObject : File (data/scene_datasets/gibson_semantic/./Euharlee.glb) exists but is not a recognized config filename extension, so new default Stage Template attributes created and registered.
[18:56:26:536931]:[Metadata] AttributesManagerBase.h(380)::createFromJsonOrDefaultInternal : <Stage Template>: Proposing JSON name : data/scene_datasets/gibson_semantic/./Everton.stage_config.json from original name : data/scene_datasets/gibson_semantic/./Everton.glb| This file does not exist.
[18:56:26:536967]:[Metadata] AbstractObjectAttributesManagerBase.h(184)::createObject : File (data/scene_datasets/gibson_semantic/./Everton.glb) exists but is not a recognized config filename extension, so new default Stage Template attributes created and registered.
[18:56:26:536978]:[Metadata] AttributesManagerBase.h(380)::createFromJsonOrDefaultInternal : <Stage Template>: Proposing JSON name : data/scene_datasets/gibson_semantic/./Ewell.stage_config.json from original name : data/scene_datasets/gibson_semantic/./Ewell.glb| This file does not exist.
[18:56:26:537014]:[Metadata] AbstractObjectAttributesManagerBase.h(184)::createObject : File (data/scene_datasets/gibson_semantic/./Ewell.glb) exists but is not a recognized config filename extension, so new default Stage Template attributes created and registered.
[18:56:26:537024]:[Metadata] AttributesManagerBase.h(380)::createFromJsonOrDefaultInternal : <Stage Template>: Proposing JSON name : data/scene_datasets/gibson_semantic/./Fedora.stage_config.json from original name : data/scene_datasets/gibson_semantic/./Fedora.glb| This file does not exist.
[18:56:26:537060]:[Metadata] AbstractObjectAttributesManagerBase.h(184)::createObject : File (data/scene_datasets/gibson_semantic/./Fedora.glb) exists but is not a recognized config filename extension, so new default Stage Template attributes created and registered.
[18:56:26:537070]:[Metadata] AttributesManagerBase.h(380)::createFromJsonOrDefaultInternal : <Stage Template>: Proposing JSON name : data/scene_datasets/gibson_semantic/./Fishersville.stage_config.json from original name : data/scene_datasets/gibson_semantic/./Fishersville.glb| This file does not exist.
[18:56:26:537106]:[Metadata] AbstractObjectAttributesManagerBase.h(184)::createObject : File (data/scene_datasets/gibson_semantic/./Fishersville.glb) exists but is not a recognized config filename extension, so new default Stage Template attributes created and registered.
[18:56:26:537116]:[Metadata] AttributesManagerBase.h(380)::createFromJsonOrDefaultInternal : <Stage Template>: Proposing JSON name : data/scene_datasets/gibson_semantic/./Fitchburg.stage_config.json from original name : data/scene_datasets/gibson_semantic/./Fitchburg.glb| This file does not exist.
[18:56:26:537152]:[Metadata] AbstractObjectAttributesManagerBase.h(184)::createObject : File (data/scene_datasets/gibson_semantic/./Fitchburg.glb) exists but is not a recognized config filename extension, so new default Stage Template attributes created and registered.
[18:56:26:537162]:[Metadata] AttributesManagerBase.h(380)::createFromJsonOrDefaultInternal : <Stage Template>: Proposing JSON name : data/scene_datasets/gibson_semantic/./Fleming.stage_config.json from original name : data/scene_datasets/gibson_semantic/./Fleming.glb| This file does not exist.
[18:56:26:537201]:[Metadata] AbstractObjectAttributesManagerBase.h(184)::createObject : File (data/scene_datasets/gibson_semantic/./Fleming.glb) exists but is not a recognized config filename extension, so new default Stage Template attributes created and registered.
[18:56:26:537211]:[Metadata] AttributesManagerBase.h(380)::createFromJsonOrDefaultInternal : <Stage Template>: Proposing JSON name : data/scene_datasets/gibson_semantic/./Fonda.stage_config.json from original name : data/scene_datasets/gibson_semantic/./Fonda.glb| This file does not exist.
[18:56:26:537247]:[Metadata] AbstractObjectAttributesManagerBase.h(184)::createObject : File (data/scene_datasets/gibson_semantic/./Fonda.glb) exists but is not a recognized config filename extension, so new default Stage Template attributes created and registered.
[18:56:26:537257]:[Metadata] AttributesManagerBase.h(380)::createFromJsonOrDefaultInternal : <Stage Template>: Proposing JSON name : data/scene_datasets/gibson_semantic/./Forkland.stage_config.json from original name : data/scene_datasets/gibson_semantic/./Forkland.glb| This file does not exist.
[18:56:26:537293]:[Metadata] AbstractObjectAttributesManagerBase.h(184)::createObject : File (data/scene_datasets/gibson_semantic/./Forkland.glb) exists but is not a recognized config filename extension, so new default Stage Template attributes created and registered.
[18:56:26:537303]:[Metadata] AttributesManagerBase.h(380)::createFromJsonOrDefaultInternal : <Stage Template>: Proposing JSON name : data/scene_datasets/gibson_semantic/./Foyil.stage_config.json from original name : data/scene_datasets/gibson_semantic/./Foyil.glb| This file does not exist.
[18:56:26:537341]:[Metadata] AbstractObjectAttributesManagerBase.h(184)::createObject : File (data/scene_datasets/gibson_semantic/./Foyil.glb) exists but is not a recognized config filename extension, so new default Stage Template attributes created and registered.
[18:56:26:537351]:[Metadata] AttributesManagerBase.h(380)::createFromJsonOrDefaultInternal : <Stage Template>: Proposing JSON name : data/scene_datasets/gibson_semantic/./Frankfort.stage_config.json from original name : data/scene_datasets/gibson_semantic/./Frankfort.glb| This file does not exist.
[18:56:26:537387]:[Metadata] AbstractObjectAttributesManagerBase.h(184)::createObject : File (data/scene_datasets/gibson_semantic/./Frankfort.glb) exists but is not a recognized config filename extension, so new default Stage Template attributes created and registered.
[18:56:26:537397]:[Metadata] AttributesManagerBase.h(380)::createFromJsonOrDefaultInternal : <Stage Template>: Proposing JSON name : data/scene_datasets/gibson_semantic/./Frankton.stage_config.json from original name : data/scene_datasets/gibson_semantic/./Frankton.glb| This file does not exist.
[18:56:26:537432]:[Metadata] AbstractObjectAttributesManagerBase.h(184)::createObject : File (data/scene_datasets/gibson_semantic/./Frankton.glb) exists but is not a recognized config filename extension, so new default Stage Template attributes created and registered.
[18:56:26:537442]:[Metadata] AttributesManagerBase.h(380)::createFromJsonOrDefaultInternal : <Stage Template>: Proposing JSON name : data/scene_datasets/gibson_semantic/./Fredericksburg.stage_config.json from original name : data/scene_datasets/gibson_semantic/./Fredericksburg.glb| This file does not exist.
[18:56:26:537480]:[Metadata] AbstractObjectAttributesManagerBase.h(184)::createObject : File (data/scene_datasets/gibson_semantic/./Fredericksburg.glb) exists but is not a recognized config filename extension, so new default Stage Template attributes created and registered.
[18:56:26:537489]:[Metadata] AttributesManagerBase.h(380)::createFromJsonOrDefaultInternal : <Stage Template>: Proposing JSON name : data/scene_datasets/gibson_semantic/./Freedom.stage_config.json from original name : data/scene_datasets/gibson_semantic/./Freedom.glb| This file does not exist.
[18:56:26:537527]:[Metadata] AbstractObjectAttributesManagerBase.h(184)::createObject : File (data/scene_datasets/gibson_semantic/./Freedom.glb) exists but is not a recognized config filename extension, so new default Stage Template attributes created and registered.
[18:56:26:537537]:[Metadata] AttributesManagerBase.h(380)::createFromJsonOrDefaultInternal : <Stage Template>: Proposing JSON name : data/scene_datasets/gibson_semantic/./Frierson.stage_config.json from original name : data/scene_datasets/gibson_semantic/./Frierson.glb| This file does not exist.
[18:56:26:537574]:[Metadata] AbstractObjectAttributesManagerBase.h(184)::createObject : File (data/scene_datasets/gibson_semantic/./Frierson.glb) exists but is not a recognized config filename extension, so new default Stage Template attributes created and registered.
[18:56:26:537587]:[Metadata] AttributesManagerBase.h(380)::createFromJsonOrDefaultInternal : <Stage Template>: Proposing JSON name : data/scene_datasets/gibson_semantic/./Frontenac.stage_config.json from original name : data/scene_datasets/gibson_semantic/./Frontenac.glb| This file does not exist.
[18:56:26:537623]:[Metadata] AbstractObjectAttributesManagerBase.h(184)::createObject : File (data/scene_datasets/gibson_semantic/./Frontenac.glb) exists but is not a recognized config filename extension, so new default Stage Template attributes created and registered.
[18:56:26:537633]:[Metadata] AttributesManagerBase.h(380)::createFromJsonOrDefaultInternal : <Stage Template>: Proposing JSON name : data/scene_datasets/gibson_semantic/./Funkstown.stage_config.json from original name : data/scene_datasets/gibson_semantic/./Funkstown.glb| This file does not exist.
[18:56:26:537669]:[Metadata] AbstractObjectAttributesManagerBase.h(184)::createObject : File (data/scene_datasets/gibson_semantic/./Funkstown.glb) exists but is not a recognized config filename extension, so new default Stage Template attributes created and registered.
[18:56:26:537679]:[Metadata] AttributesManagerBase.h(380)::createFromJsonOrDefaultInternal : <Stage Template>: Proposing JSON name : data/scene_datasets/gibson_semantic/./Galatia.stage_config.json from original name : data/scene_datasets/gibson_semantic/./Galatia.glb| This file does not exist.
[18:56:26:537715]:[Metadata] AbstractObjectAttributesManagerBase.h(184)::createObject : File (data/scene_datasets/gibson_semantic/./Galatia.glb) exists but is not a recognized config filename extension, so new default Stage Template attributes created and registered.
[18:56:26:537725]:[Metadata] AttributesManagerBase.h(380)::createFromJsonOrDefaultInternal : <Stage Template>: Proposing JSON name : data/scene_datasets/gibson_semantic/./Gasburg.stage_config.json from original name : data/scene_datasets/gibson_semantic/./Gasburg.glb| This file does not exist.
[18:56:26:537761]:[Metadata] AbstractObjectAttributesManagerBase.h(184)::createObject : File (data/scene_datasets/gibson_semantic/./Gasburg.glb) exists but is not a recognized config filename extension, so new default Stage Template attributes created and registered.
[18:56:26:537771]:[Metadata] AttributesManagerBase.h(380)::createFromJsonOrDefaultInternal : <Stage Template>: Proposing JSON name : data/scene_datasets/gibson_semantic/./Gaylord.stage_config.json from original name : data/scene_datasets/gibson_semantic/./Gaylord.glb| This file does not exist.
[18:56:26:537808]:[Metadata] AbstractObjectAttributesManagerBase.h(184)::createObject : File (data/scene_datasets/gibson_semantic/./Gaylord.glb) exists but is not a recognized config filename extension, so new default Stage Template attributes created and registered.
[18:56:26:537818]:[Metadata] AttributesManagerBase.h(380)::createFromJsonOrDefaultInternal : <Stage Template>: Proposing JSON name : data/scene_datasets/gibson_semantic/./Germfask.stage_config.json from original name : data/scene_datasets/gibson_semantic/./Germfask.glb| This file does not exist.
[18:56:26:537856]:[Metadata] AbstractObjectAttributesManagerBase.h(184)::createObject : File (data/scene_datasets/gibson_semantic/./Germfask.glb) exists but is not a recognized config filename extension, so new default Stage Template attributes created and registered.
[18:56:26:537865]:[Metadata] AttributesManagerBase.h(380)::createFromJsonOrDefaultInternal : <Stage Template>: Proposing JSON name : data/scene_datasets/gibson_semantic/./Gilbert.stage_config.json from original name : data/scene_datasets/gibson_semantic/./Gilbert.glb| This file does not exist.
[18:56:26:537901]:[Metadata] AbstractObjectAttributesManagerBase.h(184)::createObject : File (data/scene_datasets/gibson_semantic/./Gilbert.glb) exists but is not a recognized config filename extension, so new default Stage Template attributes created and registered.
[18:56:26:537911]:[Metadata] AttributesManagerBase.h(380)::createFromJsonOrDefaultInternal : <Stage Template>: Proposing JSON name : data/scene_datasets/gibson_semantic/./Gladstone.stage_config.json from original name : data/scene_datasets/gibson_semantic/./Gladstone.glb| This file does not exist.
[18:56:26:537948]:[Metadata] AbstractObjectAttributesManagerBase.h(184)::createObject : File (data/scene_datasets/gibson_semantic/./Gladstone.glb) exists but is not a recognized config filename extension, so new default Stage Template attributes created and registered.
[18:56:26:537958]:[Metadata] AttributesManagerBase.h(380)::createFromJsonOrDefaultInternal : <Stage Template>: Proposing JSON name : data/scene_datasets/gibson_semantic/./Glassboro.stage_config.json from original name : data/scene_datasets/gibson_semantic/./Glassboro.glb| This file does not exist.
[18:56:26:537995]:[Metadata] AbstractObjectAttributesManagerBase.h(184)::createObject : File (data/scene_datasets/gibson_semantic/./Glassboro.glb) exists but is not a recognized config filename extension, so new default Stage Template attributes created and registered.
[18:56:26:538005]:[Metadata] AttributesManagerBase.h(380)::createFromJsonOrDefaultInternal : <Stage Template>: Proposing JSON name : data/scene_datasets/gibson_semantic/./Glenmoor.stage_config.json from original name : data/scene_datasets/gibson_semantic/./Glenmoor.glb| This file does not exist.
[18:56:26:538042]:[Metadata] AbstractObjectAttributesManagerBase.h(184)::createObject : File (data/scene_datasets/gibson_semantic/./Glenmoor.glb) exists but is not a recognized config filename extension, so new default Stage Template attributes created and registered.
[18:56:26:538051]:[Metadata] AttributesManagerBase.h(380)::createFromJsonOrDefaultInternal : <Stage Template>: Proposing JSON name : data/scene_datasets/gibson_semantic/./Globe.stage_config.json from original name : data/scene_datasets/gibson_semantic/./Globe.glb| This file does not exist.
[18:56:26:538088]:[Metadata] AbstractObjectAttributesManagerBase.h(184)::createObject : File (data/scene_datasets/gibson_semantic/./Globe.glb) exists but is not a recognized config filename extension, so new default Stage Template attributes created and registered.
[18:56:26:538097]:[Metadata] AttributesManagerBase.h(380)::createFromJsonOrDefaultInternal : <Stage Template>: Proposing JSON name : data/scene_datasets/gibson_semantic/./Gloria.stage_config.json from original name : data/scene_datasets/gibson_semantic/./Gloria.glb| This file does not exist.
[18:56:26:538135]:[Metadata] AbstractObjectAttributesManagerBase.h(184)::createObject : File (data/scene_datasets/gibson_semantic/./Gloria.glb) exists but is not a recognized config filename extension, so new default Stage Template attributes created and registered.
[18:56:26:538145]:[Metadata] AttributesManagerBase.h(380)::createFromJsonOrDefaultInternal : <Stage Template>: Proposing JSON name : data/scene_datasets/gibson_semantic/./Goffs.stage_config.json from original name : data/scene_datasets/gibson_semantic/./Goffs.glb| This file does not exist.
[18:56:26:538181]:[Metadata] AbstractObjectAttributesManagerBase.h(184)::createObject : File (data/scene_datasets/gibson_semantic/./Goffs.glb) exists but is not a recognized config filename extension, so new default Stage Template attributes created and registered.
[18:56:26:538191]:[Metadata] AttributesManagerBase.h(380)::createFromJsonOrDefaultInternal : <Stage Template>: Proposing JSON name : data/scene_datasets/gibson_semantic/./Goodfield.stage_config.json from original name : data/scene_datasets/gibson_semantic/./Goodfield.glb| This file does not exist.
[18:56:26:538227]:[Metadata] AbstractObjectAttributesManagerBase.h(184)::createObject : File (data/scene_datasets/gibson_semantic/./Goodfield.glb) exists but is not a recognized config filename extension, so new default Stage Template attributes created and registered.
[18:56:26:538237]:[Metadata] AttributesManagerBase.h(380)::createFromJsonOrDefaultInternal : <Stage Template>: Proposing JSON name : data/scene_datasets/gibson_semantic/./Goodwine.stage_config.json from original name : data/scene_datasets/gibson_semantic/./Goodwine.glb| This file does not exist.
[18:56:26:538274]:[Metadata] AbstractObjectAttributesManagerBase.h(184)::createObject : File (data/scene_datasets/gibson_semantic/./Goodwine.glb) exists but is not a recognized config filename extension, so new default Stage Template attributes created and registered.
[18:56:26:538283]:[Metadata] AttributesManagerBase.h(380)::createFromJsonOrDefaultInternal : <Stage Template>: Proposing JSON name : data/scene_datasets/gibson_semantic/./Goodyear.stage_config.json from original name : data/scene_datasets/gibson_semantic/./Goodyear.glb| This file does not exist.
[18:56:26:538319]:[Metadata] AbstractObjectAttributesManagerBase.h(184)::createObject : File (data/scene_datasets/gibson_semantic/./Goodyear.glb) exists but is not a recognized config filename extension, so new default Stage Template attributes created and registered.
[18:56:26:538329]:[Metadata] AttributesManagerBase.h(380)::createFromJsonOrDefaultInternal : <Stage Template>: Proposing JSON name : data/scene_datasets/gibson_semantic/./Gough.stage_config.json from original name : data/scene_datasets/gibson_semantic/./Gough.glb| This file does not exist.
[18:56:26:538365]:[Metadata] AbstractObjectAttributesManagerBase.h(184)::createObject : File (data/scene_datasets/gibson_semantic/./Gough.glb) exists but is not a recognized config filename extension, so new default Stage Template attributes created and registered.
[18:56:26:538374]:[Metadata] AttributesManagerBase.h(380)::createFromJsonOrDefaultInternal : <Stage Template>: Proposing JSON name : data/scene_datasets/gibson_semantic/./Grace.stage_config.json from original name : data/scene_datasets/gibson_semantic/./Grace.glb| This file does not exist.
[18:56:26:538411]:[Metadata] AbstractObjectAttributesManagerBase.h(184)::createObject : File (data/scene_datasets/gibson_semantic/./Grace.glb) exists but is not a recognized config filename extension, so new default Stage Template attributes created and registered.
[18:56:26:538420]:[Metadata] AttributesManagerBase.h(380)::createFromJsonOrDefaultInternal : <Stage Template>: Proposing JSON name : data/scene_datasets/gibson_semantic/./Graceville.stage_config.json from original name : data/scene_datasets/gibson_semantic/./Graceville.glb| This file does not exist.
[18:56:26:538456]:[Metadata] AbstractObjectAttributesManagerBase.h(184)::createObject : File (data/scene_datasets/gibson_semantic/./Graceville.glb) exists but is not a recognized config filename extension, so new default Stage Template attributes created and registered.
[18:56:26:538466]:[Metadata] AttributesManagerBase.h(380)::createFromJsonOrDefaultInternal : <Stage Template>: Proposing JSON name : data/scene_datasets/gibson_semantic/./Gracey.stage_config.json from original name : data/scene_datasets/gibson_semantic/./Gracey.glb| This file does not exist.
[18:56:26:538504]:[Metadata] AbstractObjectAttributesManagerBase.h(184)::createObject : File (data/scene_datasets/gibson_semantic/./Gracey.glb) exists but is not a recognized config filename extension, so new default Stage Template attributes created and registered.
[18:56:26:538514]:[Metadata] AttributesManagerBase.h(380)::createFromJsonOrDefaultInternal : <Stage Template>: Proposing JSON name : data/scene_datasets/gibson_semantic/./Grainola.stage_config.json from original name : data/scene_datasets/gibson_semantic/./Grainola.glb| This file does not exist.
[18:56:26:538549]:[Metadata] AbstractObjectAttributesManagerBase.h(184)::createObject : File (data/scene_datasets/gibson_semantic/./Grainola.glb) exists but is not a recognized config filename extension, so new default Stage Template attributes created and registered.
[18:56:26:538560]:[Metadata] AttributesManagerBase.h(380)::createFromJsonOrDefaultInternal : <Stage Template>: Proposing JSON name : data/scene_datasets/gibson_semantic/./Grangeville.stage_config.json from original name : data/scene_datasets/gibson_semantic/./Grangeville.glb| This file does not exist.
[18:56:26:538596]:[Metadata] AbstractObjectAttributesManagerBase.h(184)::createObject : File (data/scene_datasets/gibson_semantic/./Grangeville.glb) exists but is not a recognized config filename extension, so new default Stage Template attributes created and registered.
[18:56:26:538605]:[Metadata] AttributesManagerBase.h(380)::createFromJsonOrDefaultInternal : <Stage Template>: Proposing JSON name : data/scene_datasets/gibson_semantic/./Grantsville.stage_config.json from original name : data/scene_datasets/gibson_semantic/./Grantsville.glb| This file does not exist.
[18:56:26:538646]:[Metadata] AbstractObjectAttributesManagerBase.h(184)::createObject : File (data/scene_datasets/gibson_semantic/./Grantsville.glb) exists but is not a recognized config filename extension, so new default Stage Template attributes created and registered.
[18:56:26:538656]:[Metadata] AttributesManagerBase.h(380)::createFromJsonOrDefaultInternal : <Stage Template>: Proposing JSON name : data/scene_datasets/gibson_semantic/./Grassy.stage_config.json from original name : data/scene_datasets/gibson_semantic/./Grassy.glb| This file does not exist.
[18:56:26:538692]:[Metadata] AbstractObjectAttributesManagerBase.h(184)::createObject : File (data/scene_datasets/gibson_semantic/./Grassy.glb) exists but is not a recognized config filename extension, so new default Stage Template attributes created and registered.
[18:56:26:538702]:[Metadata] AttributesManagerBase.h(380)::createFromJsonOrDefaultInternal : <Stage Template>: Proposing JSON name : data/scene_datasets/gibson_semantic/./Gratz.stage_config.json from original name : data/scene_datasets/gibson_semantic/./Gratz.glb| This file does not exist.
[18:56:26:538738]:[Metadata] AbstractObjectAttributesManagerBase.h(184)::createObject : File (data/scene_datasets/gibson_semantic/./Gratz.glb) exists but is not a recognized config filename extension, so new default Stage Template attributes created and registered.
[18:56:26:538747]:[Metadata] AttributesManagerBase.h(380)::createFromJsonOrDefaultInternal : <Stage Template>: Proposing JSON name : data/scene_datasets/gibson_semantic/./Gravelly.stage_config.json from original name : data/scene_datasets/gibson_semantic/./Gravelly.glb| This file does not exist.
[18:56:26:538782]:[Metadata] AbstractObjectAttributesManagerBase.h(184)::createObject : File (data/scene_datasets/gibson_semantic/./Gravelly.glb) exists but is not a recognized config filename extension, so new default Stage Template attributes created and registered.
[18:56:26:538792]:[Metadata] AttributesManagerBase.h(380)::createFromJsonOrDefaultInternal : <Stage Template>: Proposing JSON name : data/scene_datasets/gibson_semantic/./Greigsville.stage_config.json from original name : data/scene_datasets/gibson_semantic/./Greigsville.glb| This file does not exist.
[18:56:26:538827]:[Metadata] AbstractObjectAttributesManagerBase.h(184)::createObject : File (data/scene_datasets/gibson_semantic/./Greigsville.glb) exists but is not a recognized config filename extension, so new default Stage Template attributes created and registered.
[18:56:26:538837]:[Metadata] AttributesManagerBase.h(380)::createFromJsonOrDefaultInternal : <Stage Template>: Proposing JSON name : data/scene_datasets/gibson_semantic/./Haaswood.stage_config.json from original name : data/scene_datasets/gibson_semantic/./Haaswood.glb| This file does not exist.
[18:56:26:538873]:[Metadata] AbstractObjectAttributesManagerBase.h(184)::createObject : File (data/scene_datasets/gibson_semantic/./Haaswood.glb) exists but is not a recognized config filename extension, so new default Stage Template attributes created and registered.
[18:56:26:538883]:[Metadata] AttributesManagerBase.h(380)::createFromJsonOrDefaultInternal : <Stage Template>: Proposing JSON name : data/scene_datasets/gibson_semantic/./Hacienda.stage_config.json from original name : data/scene_datasets/gibson_semantic/./Hacienda.glb| This file does not exist.
[18:56:26:538921]:[Metadata] AbstractObjectAttributesManagerBase.h(184)::createObject : File (data/scene_datasets/gibson_semantic/./Hacienda.glb) exists but is not a recognized config filename extension, so new default Stage Template attributes created and registered.
[18:56:26:538930]:[Metadata] AttributesManagerBase.h(380)::createFromJsonOrDefaultInternal : <Stage Template>: Proposing JSON name : data/scene_datasets/gibson_semantic/./Hainesburg.stage_config.json from original name : data/scene_datasets/gibson_semantic/./Hainesburg.glb| This file does not exist.
[18:56:26:538967]:[Metadata] AbstractObjectAttributesManagerBase.h(184)::createObject : File (data/scene_datasets/gibson_semantic/./Hainesburg.glb) exists but is not a recognized config filename extension, so new default Stage Template attributes created and registered.
[18:56:26:538976]:[Metadata] AttributesManagerBase.h(380)::createFromJsonOrDefaultInternal : <Stage Template>: Proposing JSON name : data/scene_datasets/gibson_semantic/./Halfway.stage_config.json from original name : data/scene_datasets/gibson_semantic/./Halfway.glb| This file does not exist.
[18:56:26:539014]:[Metadata] AbstractObjectAttributesManagerBase.h(184)::createObject : File (data/scene_datasets/gibson_semantic/./Halfway.glb) exists but is not a recognized config filename extension, so new default Stage Template attributes created and registered.
[18:56:26:539023]:[Metadata] AttributesManagerBase.h(380)::createFromJsonOrDefaultInternal : <Stage Template>: Proposing JSON name : data/scene_datasets/gibson_semantic/./Hallettsville.stage_config.json from original name : data/scene_datasets/gibson_semantic/./Hallettsville.glb| This file does not exist.
[18:56:26:539060]:[Metadata] AbstractObjectAttributesManagerBase.h(184)::createObject : File (data/scene_datasets/gibson_semantic/./Hallettsville.glb) exists but is not a recognized config filename extension, so new default Stage Template attributes created and registered.
[18:56:26:539069]:[Metadata] AttributesManagerBase.h(380)::createFromJsonOrDefaultInternal : <Stage Template>: Proposing JSON name : data/scene_datasets/gibson_semantic/./Hambleton.stage_config.json from original name : data/scene_datasets/gibson_semantic/./Hambleton.glb| This file does not exist.
[18:56:26:539106]:[Metadata] AbstractObjectAttributesManagerBase.h(184)::createObject : File (data/scene_datasets/gibson_semantic/./Hambleton.glb) exists but is not a recognized config filename extension, so new default Stage Template attributes created and registered.
[18:56:26:539115]:[Metadata] AttributesManagerBase.h(380)::createFromJsonOrDefaultInternal : <Stage Template>: Proposing JSON name : data/scene_datasets/gibson_semantic/./Hanson.stage_config.json from original name : data/scene_datasets/gibson_semantic/./Hanson.glb| This file does not exist.
[18:56:26:539153]:[Metadata] AbstractObjectAttributesManagerBase.h(184)::createObject : File (data/scene_datasets/gibson_semantic/./Hanson.glb) exists but is not a recognized config filename extension, so new default Stage Template attributes created and registered.
[18:56:26:539164]:[Metadata] AttributesManagerBase.h(380)::createFromJsonOrDefaultInternal : <Stage Template>: Proposing JSON name : data/scene_datasets/gibson_semantic/./Harkeyville.stage_config.json from original name : data/scene_datasets/gibson_semantic/./Harkeyville.glb| This file does not exist.
[18:56:26:539201]:[Metadata] AbstractObjectAttributesManagerBase.h(184)::createObject : File (data/scene_datasets/gibson_semantic/./Harkeyville.glb) exists but is not a recognized config filename extension, so new default Stage Template attributes created and registered.
[18:56:26:539211]:[Metadata] AttributesManagerBase.h(380)::createFromJsonOrDefaultInternal : <Stage Template>: Proposing JSON name : data/scene_datasets/gibson_semantic/./Harrellsville.stage_config.json from original name : data/scene_datasets/gibson_semantic/./Harrellsville.glb| This file does not exist.
[18:56:26:539248]:[Metadata] AbstractObjectAttributesManagerBase.h(184)::createObject : File (data/scene_datasets/gibson_semantic/./Harrellsville.glb) exists but is not a recognized config filename extension, so new default Stage Template attributes created and registered.
[18:56:26:539258]:[Metadata] AttributesManagerBase.h(380)::createFromJsonOrDefaultInternal : <Stage Template>: Proposing JSON name : data/scene_datasets/gibson_semantic/./Hartline.stage_config.json from original name : data/scene_datasets/gibson_semantic/./Hartline.glb| This file does not exist.
[18:56:26:539293]:[Metadata] AbstractObjectAttributesManagerBase.h(184)::createObject : File (data/scene_datasets/gibson_semantic/./Hartline.glb) exists but is not a recognized config filename extension, so new default Stage Template attributes created and registered.
[18:56:26:539303]:[Metadata] AttributesManagerBase.h(380)::createFromJsonOrDefaultInternal : <Stage Template>: Proposing JSON name : data/scene_datasets/gibson_semantic/./Hatfield.stage_config.json from original name : data/scene_datasets/gibson_semantic/./Hatfield.glb| This file does not exist.
[18:56:26:539340]:[Metadata] AbstractObjectAttributesManagerBase.h(184)::createObject : File (data/scene_datasets/gibson_semantic/./Hatfield.glb) exists but is not a recognized config filename extension, so new default Stage Template attributes created and registered.
[18:56:26:539349]:[Metadata] AttributesManagerBase.h(380)::createFromJsonOrDefaultInternal : <Stage Template>: Proposing JSON name : data/scene_datasets/gibson_semantic/./Haxtun.stage_config.json from original name : data/scene_datasets/gibson_semantic/./Haxtun.glb| This file does not exist.
[18:56:26:539387]:[Metadata] AbstractObjectAttributesManagerBase.h(184)::createObject : File (data/scene_datasets/gibson_semantic/./Haxtun.glb) exists but is not a recognized config filename extension, so new default Stage Template attributes created and registered.
[18:56:26:539396]:[Metadata] AttributesManagerBase.h(380)::createFromJsonOrDefaultInternal : <Stage Template>: Proposing JSON name : data/scene_datasets/gibson_semantic/./Haymarket.stage_config.json from original name : data/scene_datasets/gibson_semantic/./Haymarket.glb| This file does not exist.
[18:56:26:539433]:[Metadata] AbstractObjectAttributesManagerBase.h(184)::createObject : File (data/scene_datasets/gibson_semantic/./Haymarket.glb) exists but is not a recognized config filename extension, so new default Stage Template attributes created and registered.
[18:56:26:539443]:[Metadata] AttributesManagerBase.h(380)::createFromJsonOrDefaultInternal : <Stage Template>: Proposing JSON name : data/scene_datasets/gibson_semantic/./Helix.stage_config.json from original name : data/scene_datasets/gibson_semantic/./Helix.glb| This file does not exist.
[18:56:26:539480]:[Metadata] AbstractObjectAttributesManagerBase.h(184)::createObject : File (data/scene_datasets/gibson_semantic/./Helix.glb) exists but is not a recognized config filename extension, so new default Stage Template attributes created and registered.
[18:56:26:539489]:[Metadata] AttributesManagerBase.h(380)::createFromJsonOrDefaultInternal : <Stage Template>: Proposing JSON name : data/scene_datasets/gibson_semantic/./Hendrix.stage_config.json from original name : data/scene_datasets/gibson_semantic/./Hendrix.glb| This file does not exist.
[18:56:26:539527]:[Metadata] AbstractObjectAttributesManagerBase.h(184)::createObject : File (data/scene_datasets/gibson_semantic/./Hendrix.glb) exists but is not a recognized config filename extension, so new default Stage Template attributes created and registered.
[18:56:26:539537]:[Metadata] AttributesManagerBase.h(380)::createFromJsonOrDefaultInternal : <Stage Template>: Proposing JSON name : data/scene_datasets/gibson_semantic/./Hennepin.stage_config.json from original name : data/scene_datasets/gibson_semantic/./Hennepin.glb| This file does not exist.
[18:56:26:539574]:[Metadata] AbstractObjectAttributesManagerBase.h(184)::createObject : File (data/scene_datasets/gibson_semantic/./Hennepin.glb) exists but is not a recognized config filename extension, so new default Stage Template attributes created and registered.
[18:56:26:539583]:[Metadata] AttributesManagerBase.h(380)::createFromJsonOrDefaultInternal : <Stage Template>: Proposing JSON name : data/scene_datasets/gibson_semantic/./Hercules.stage_config.json from original name : data/scene_datasets/gibson_semantic/./Hercules.glb| This file does not exist.
[18:56:26:539618]:[Metadata] AbstractObjectAttributesManagerBase.h(184)::createObject : File (data/scene_datasets/gibson_semantic/./Hercules.glb) exists but is not a recognized config filename extension, so new default Stage Template attributes created and registered.
[18:56:26:539627]:[Metadata] AttributesManagerBase.h(380)::createFromJsonOrDefaultInternal : <Stage Template>: Proposing JSON name : data/scene_datasets/gibson_semantic/./Herricks.stage_config.json from original name : data/scene_datasets/gibson_semantic/./Herricks.glb| This file does not exist.
[18:56:26:539664]:[Metadata] AbstractObjectAttributesManagerBase.h(184)::createObject : File (data/scene_datasets/gibson_semantic/./Herricks.glb) exists but is not a recognized config filename extension, so new default Stage Template attributes created and registered.
[18:56:26:539673]:[Metadata] AttributesManagerBase.h(380)::createFromJsonOrDefaultInternal : <Stage Template>: Proposing JSON name : data/scene_datasets/gibson_semantic/./Highspire.stage_config.json from original name : data/scene_datasets/gibson_semantic/./Highspire.glb| This file does not exist.
[18:56:26:539708]:[Metadata] AbstractObjectAttributesManagerBase.h(184)::createObject : File (data/scene_datasets/gibson_semantic/./Highspire.glb) exists but is not a recognized config filename extension, so new default Stage Template attributes created and registered.
[18:56:26:539719]:[Metadata] AttributesManagerBase.h(380)::createFromJsonOrDefaultInternal : <Stage Template>: Proposing JSON name : data/scene_datasets/gibson_semantic/./Hildebran.stage_config.json from original name : data/scene_datasets/gibson_semantic/./Hildebran.glb| This file does not exist.
[18:56:26:539755]:[Metadata] AbstractObjectAttributesManagerBase.h(184)::createObject : File (data/scene_datasets/gibson_semantic/./Hildebran.glb) exists but is not a recognized config filename extension, so new default Stage Template attributes created and registered.
[18:56:26:539764]:[Metadata] AttributesManagerBase.h(380)::createFromJsonOrDefaultInternal : <Stage Template>: Proposing JSON name : data/scene_datasets/gibson_semantic/./Hillsdale.stage_config.json from original name : data/scene_datasets/gibson_semantic/./Hillsdale.glb| This file does not exist.
[18:56:26:539801]:[Metadata] AbstractObjectAttributesManagerBase.h(184)::createObject : File (data/scene_datasets/gibson_semantic/./Hillsdale.glb) exists but is not a recognized config filename extension, so new default Stage Template attributes created and registered.
[18:56:26:539811]:[Metadata] AttributesManagerBase.h(380)::createFromJsonOrDefaultInternal : <Stage Template>: Proposing JSON name : data/scene_datasets/gibson_semantic/./Hindsboro.stage_config.json from original name : data/scene_datasets/gibson_semantic/./Hindsboro.glb| This file does not exist.
[18:56:26:539848]:[Metadata] AbstractObjectAttributesManagerBase.h(184)::createObject : File (data/scene_datasets/gibson_semantic/./Hindsboro.glb) exists but is not a recognized config filename extension, so new default Stage Template attributes created and registered.
[18:56:26:539858]:[Metadata] AttributesManagerBase.h(380)::createFromJsonOrDefaultInternal : <Stage Template>: Proposing JSON name : data/scene_datasets/gibson_semantic/./Hitchland.stage_config.json from original name : data/scene_datasets/gibson_semantic/./Hitchland.glb| This file does not exist.
[18:56:26:539893]:[Metadata] AbstractObjectAttributesManagerBase.h(184)::createObject : File (data/scene_datasets/gibson_semantic/./Hitchland.glb) exists but is not a recognized config filename extension, so new default Stage Template attributes created and registered.
[18:56:26:539903]:[Metadata] AttributesManagerBase.h(380)::createFromJsonOrDefaultInternal : <Stage Template>: Proposing JSON name : data/scene_datasets/gibson_semantic/./Hiteman.stage_config.json from original name : data/scene_datasets/gibson_semantic/./Hiteman.glb| This file does not exist.
[18:56:26:539942]:[Metadata] AbstractObjectAttributesManagerBase.h(184)::createObject : File (data/scene_datasets/gibson_semantic/./Hiteman.glb) exists but is not a recognized config filename extension, so new default Stage Template attributes created and registered.
[18:56:26:539952]:[Metadata] AttributesManagerBase.h(380)::createFromJsonOrDefaultInternal : <Stage Template>: Proposing JSON name : data/scene_datasets/gibson_semantic/./Hobson.stage_config.json from original name : data/scene_datasets/gibson_semantic/./Hobson.glb| This file does not exist.
[18:56:26:539988]:[Metadata] AbstractObjectAttributesManagerBase.h(184)::createObject : File (data/scene_datasets/gibson_semantic/./Hobson.glb) exists but is not a recognized config filename extension, so new default Stage Template attributes created and registered.
[18:56:26:539998]:[Metadata] AttributesManagerBase.h(380)::createFromJsonOrDefaultInternal : <Stage Template>: Proposing JSON name : data/scene_datasets/gibson_semantic/./Holcut.stage_config.json from original name : data/scene_datasets/gibson_semantic/./Holcut.glb| This file does not exist.
[18:56:26:540033]:[Metadata] AbstractObjectAttributesManagerBase.h(184)::createObject : File (data/scene_datasets/gibson_semantic/./Holcut.glb) exists but is not a recognized config filename extension, so new default Stage Template attributes created and registered.
[18:56:26:540043]:[Metadata] AttributesManagerBase.h(380)::createFromJsonOrDefaultInternal : <Stage Template>: Proposing JSON name : data/scene_datasets/gibson_semantic/./Hometown.stage_config.json from original name : data/scene_datasets/gibson_semantic/./Hometown.glb| This file does not exist.
[18:56:26:540080]:[Metadata] AbstractObjectAttributesManagerBase.h(184)::createObject : File (data/scene_datasets/gibson_semantic/./Hometown.glb) exists but is not a recognized config filename extension, so new default Stage Template attributes created and registered.
[18:56:26:540089]:[Metadata] AttributesManagerBase.h(380)::createFromJsonOrDefaultInternal : <Stage Template>: Proposing JSON name : data/scene_datasets/gibson_semantic/./Hominy.stage_config.json from original name : data/scene_datasets/gibson_semantic/./Hominy.glb| This file does not exist.
[18:56:26:540127]:[Metadata] AbstractObjectAttributesManagerBase.h(184)::createObject : File (data/scene_datasets/gibson_semantic/./Hominy.glb) exists but is not a recognized config filename extension, so new default Stage Template attributes created and registered.
[18:56:26:540136]:[Metadata] AttributesManagerBase.h(380)::createFromJsonOrDefaultInternal : <Stage Template>: Proposing JSON name : data/scene_datasets/gibson_semantic/./Hordville.stage_config.json from original name : data/scene_datasets/gibson_semantic/./Hordville.glb| This file does not exist.
[18:56:26:540172]:[Metadata] AbstractObjectAttributesManagerBase.h(184)::createObject : File (data/scene_datasets/gibson_semantic/./Hordville.glb) exists but is not a recognized config filename extension, so new default Stage Template attributes created and registered.
[18:56:26:540182]:[Metadata] AttributesManagerBase.h(380)::createFromJsonOrDefaultInternal : <Stage Template>: Proposing JSON name : data/scene_datasets/gibson_semantic/./Hornsby.stage_config.json from original name : data/scene_datasets/gibson_semantic/./Hornsby.glb| This file does not exist.
[18:56:26:540218]:[Metadata] AbstractObjectAttributesManagerBase.h(184)::createObject : File (data/scene_datasets/gibson_semantic/./Hornsby.glb) exists but is not a recognized config filename extension, so new default Stage Template attributes created and registered.
[18:56:26:540228]:[Metadata] AttributesManagerBase.h(380)::createFromJsonOrDefaultInternal : <Stage Template>: Proposing JSON name : data/scene_datasets/gibson_semantic/./Hortense.stage_config.json from original name : data/scene_datasets/gibson_semantic/./Hortense.glb| This file does not exist.
[18:56:26:540265]:[Metadata] AbstractObjectAttributesManagerBase.h(184)::createObject : File (data/scene_datasets/gibson_semantic/./Hortense.glb) exists but is not a recognized config filename extension, so new default Stage Template attributes created and registered.
[18:56:26:540275]:[Metadata] AttributesManagerBase.h(380)::createFromJsonOrDefaultInternal : <Stage Template>: Proposing JSON name : data/scene_datasets/gibson_semantic/./Howie.stage_config.json from original name : data/scene_datasets/gibson_semantic/./Howie.glb| This file does not exist.
[18:56:26:540312]:[Metadata] AbstractObjectAttributesManagerBase.h(184)::createObject : File (data/scene_datasets/gibson_semantic/./Howie.glb) exists but is not a recognized config filename extension, so new default Stage Template attributes created and registered.
[18:56:26:540322]:[Metadata] AttributesManagerBase.h(380)::createFromJsonOrDefaultInternal : <Stage Template>: Proposing JSON name : data/scene_datasets/gibson_semantic/./Hurley.stage_config.json from original name : data/scene_datasets/gibson_semantic/./Hurley.glb| This file does not exist.
[18:56:26:540358]:[Metadata] AbstractObjectAttributesManagerBase.h(184)::createObject : File (data/scene_datasets/gibson_semantic/./Hurley.glb) exists but is not a recognized config filename extension, so new default Stage Template attributes created and registered.
[18:56:26:540368]:[Metadata] AttributesManagerBase.h(380)::createFromJsonOrDefaultInternal : <Stage Template>: Proposing JSON name : data/scene_datasets/gibson_semantic/./Idanha.stage_config.json from original name : data/scene_datasets/gibson_semantic/./Idanha.glb| This file does not exist.
[18:56:26:540405]:[Metadata] AbstractObjectAttributesManagerBase.h(184)::createObject : File (data/scene_datasets/gibson_semantic/./Idanha.glb) exists but is not a recognized config filename extension, so new default Stage Template attributes created and registered.
[18:56:26:540415]:[Metadata] AttributesManagerBase.h(380)::createFromJsonOrDefaultInternal : <Stage Template>: Proposing JSON name : data/scene_datasets/gibson_semantic/./Inkom.stage_config.json from original name : data/scene_datasets/gibson_semantic/./Inkom.glb| This file does not exist.
[18:56:26:540452]:[Metadata] AbstractObjectAttributesManagerBase.h(184)::createObject : File (data/scene_datasets/gibson_semantic/./Inkom.glb) exists but is not a recognized config filename extension, so new default Stage Template attributes created and registered.
[18:56:26:540462]:[Metadata] AttributesManagerBase.h(380)::createFromJsonOrDefaultInternal : <Stage Template>: Proposing JSON name : data/scene_datasets/gibson_semantic/./Irvine.stage_config.json from original name : data/scene_datasets/gibson_semantic/./Irvine.glb| This file does not exist.
[18:56:26:540499]:[Metadata] AbstractObjectAttributesManagerBase.h(184)::createObject : File (data/scene_datasets/gibson_semantic/./Irvine.glb) exists but is not a recognized config filename extension, so new default Stage Template attributes created and registered.
[18:56:26:540508]:[Metadata] AttributesManagerBase.h(380)::createFromJsonOrDefaultInternal : <Stage Template>: Proposing JSON name : data/scene_datasets/gibson_semantic/./Islandton.stage_config.json from original name : data/scene_datasets/gibson_semantic/./Islandton.glb| This file does not exist.
[18:56:26:540544]:[Metadata] AbstractObjectAttributesManagerBase.h(184)::createObject : File (data/scene_datasets/gibson_semantic/./Islandton.glb) exists but is not a recognized config filename extension, so new default Stage Template attributes created and registered.
[18:56:26:540554]:[Metadata] AttributesManagerBase.h(380)::createFromJsonOrDefaultInternal : <Stage Template>: Proposing JSON name : data/scene_datasets/gibson_semantic/./Jacobus.stage_config.json from original name : data/scene_datasets/gibson_semantic/./Jacobus.glb| This file does not exist.
[18:56:26:540591]:[Metadata] AbstractObjectAttributesManagerBase.h(184)::createObject : File (data/scene_datasets/gibson_semantic/./Jacobus.glb) exists but is not a recognized config filename extension, so new default Stage Template attributes created and registered.
[18:56:26:540601]:[Metadata] AttributesManagerBase.h(380)::createFromJsonOrDefaultInternal : <Stage Template>: Proposing JSON name : data/scene_datasets/gibson_semantic/./Jenners.stage_config.json from original name : data/scene_datasets/gibson_semantic/./Jenners.glb| This file does not exist.
[18:56:26:540637]:[Metadata] AbstractObjectAttributesManagerBase.h(184)::createObject : File (data/scene_datasets/gibson_semantic/./Jenners.glb) exists but is not a recognized config filename extension, so new default Stage Template attributes created and registered.
[18:56:26:540647]:[Metadata] AttributesManagerBase.h(380)::createFromJsonOrDefaultInternal : <Stage Template>: Proposing JSON name : data/scene_datasets/gibson_semantic/./Jennie.stage_config.json from original name : data/scene_datasets/gibson_semantic/./Jennie.glb| This file does not exist.
[18:56:26:540683]:[Metadata] AbstractObjectAttributesManagerBase.h(184)::createObject : File (data/scene_datasets/gibson_semantic/./Jennie.glb) exists but is not a recognized config filename extension, so new default Stage Template attributes created and registered.
[18:56:26:540693]:[Metadata] AttributesManagerBase.h(380)::createFromJsonOrDefaultInternal : <Stage Template>: Proposing JSON name : data/scene_datasets/gibson_semantic/./Judith.stage_config.json from original name : data/scene_datasets/gibson_semantic/./Judith.glb| This file does not exist.
[18:56:26:540728]:[Metadata] AbstractObjectAttributesManagerBase.h(184)::createObject : File (data/scene_datasets/gibson_semantic/./Judith.glb) exists but is not a recognized config filename extension, so new default Stage Template attributes created and registered.
[18:56:26:540739]:[Metadata] AttributesManagerBase.h(380)::createFromJsonOrDefaultInternal : <Stage Template>: Proposing JSON name : data/scene_datasets/gibson_semantic/./Kangley.stage_config.json from original name : data/scene_datasets/gibson_semantic/./Kangley.glb| This file does not exist.
[18:56:26:540776]:[Metadata] AbstractObjectAttributesManagerBase.h(184)::createObject : File (data/scene_datasets/gibson_semantic/./Kangley.glb) exists but is not a recognized config filename extension, so new default Stage Template attributes created and registered.
[18:56:26:540787]:[Metadata] AttributesManagerBase.h(380)::createFromJsonOrDefaultInternal : <Stage Template>: Proposing JSON name : data/scene_datasets/gibson_semantic/./Kankakee.stage_config.json from original name : data/scene_datasets/gibson_semantic/./Kankakee.glb| This file does not exist.
[18:56:26:540823]:[Metadata] AbstractObjectAttributesManagerBase.h(184)::createObject : File (data/scene_datasets/gibson_semantic/./Kankakee.glb) exists but is not a recognized config filename extension, so new default Stage Template attributes created and registered.
[18:56:26:540833]:[Metadata] AttributesManagerBase.h(380)::createFromJsonOrDefaultInternal : <Stage Template>: Proposing JSON name : data/scene_datasets/gibson_semantic/./Kathryn.stage_config.json from original name : data/scene_datasets/gibson_semantic/./Kathryn.glb| This file does not exist.
[18:56:26:540870]:[Metadata] AbstractObjectAttributesManagerBase.h(184)::createObject : File (data/scene_datasets/gibson_semantic/./Kathryn.glb) exists but is not a recognized config filename extension, so new default Stage Template attributes created and registered.
[18:56:26:540880]:[Metadata] AttributesManagerBase.h(380)::createFromJsonOrDefaultInternal : <Stage Template>: Proposing JSON name : data/scene_datasets/gibson_semantic/./Keiser.stage_config.json from original name : data/scene_datasets/gibson_semantic/./Keiser.glb| This file does not exist.
[18:56:26:540916]:[Metadata] AbstractObjectAttributesManagerBase.h(184)::createObject : File (data/scene_datasets/gibson_semantic/./Keiser.glb) exists but is not a recognized config filename extension, so new default Stage Template attributes created and registered.
[18:56:26:540925]:[Metadata] AttributesManagerBase.h(380)::createFromJsonOrDefaultInternal : <Stage Template>: Proposing JSON name : data/scene_datasets/gibson_semantic/./Kemblesville.stage_config.json from original name : data/scene_datasets/gibson_semantic/./Kemblesville.glb| This file does not exist.
[18:56:26:540961]:[Metadata] AbstractObjectAttributesManagerBase.h(184)::createObject : File (data/scene_datasets/gibson_semantic/./Kemblesville.glb) exists but is not a recognized config filename extension, so new default Stage Template attributes created and registered.
[18:56:26:540972]:[Metadata] AttributesManagerBase.h(380)::createFromJsonOrDefaultInternal : <Stage Template>: Proposing JSON name : data/scene_datasets/gibson_semantic/./Kendall.stage_config.json from original name : data/scene_datasets/gibson_semantic/./Kendall.glb| This file does not exist.
[18:56:26:541010]:[Metadata] AbstractObjectAttributesManagerBase.h(184)::createObject : File (data/scene_datasets/gibson_semantic/./Kendall.glb) exists but is not a recognized config filename extension, so new default Stage Template attributes created and registered.
[18:56:26:541020]:[Metadata] AttributesManagerBase.h(380)::createFromJsonOrDefaultInternal : <Stage Template>: Proposing JSON name : data/scene_datasets/gibson_semantic/./Kerrtown.stage_config.json from original name : data/scene_datasets/gibson_semantic/./Kerrtown.glb| This file does not exist.
[18:56:26:541056]:[Metadata] AbstractObjectAttributesManagerBase.h(184)::createObject : File (data/scene_datasets/gibson_semantic/./Kerrtown.glb) exists but is not a recognized config filename extension, so new default Stage Template attributes created and registered.
[18:56:26:541066]:[Metadata] AttributesManagerBase.h(380)::createFromJsonOrDefaultInternal : <Stage Template>: Proposing JSON name : data/scene_datasets/gibson_semantic/./Kettle.stage_config.json from original name : data/scene_datasets/gibson_semantic/./Kettle.glb| This file does not exist.
[18:56:26:541102]:[Metadata] AbstractObjectAttributesManagerBase.h(184)::createObject : File (data/scene_datasets/gibson_semantic/./Kettle.glb) exists but is not a recognized config filename extension, so new default Stage Template attributes created and registered.
[18:56:26:541112]:[Metadata] AttributesManagerBase.h(380)::createFromJsonOrDefaultInternal : <Stage Template>: Proposing JSON name : data/scene_datasets/gibson_semantic/./Kevin.stage_config.json from original name : data/scene_datasets/gibson_semantic/./Kevin.glb| This file does not exist.
[18:56:26:541148]:[Metadata] AbstractObjectAttributesManagerBase.h(184)::createObject : File (data/scene_datasets/gibson_semantic/./Kevin.glb) exists but is not a recognized config filename extension, so new default Stage Template attributes created and registered.
[18:56:26:541158]:[Metadata] AttributesManagerBase.h(380)::createFromJsonOrDefaultInternal : <Stage Template>: Proposing JSON name : data/scene_datasets/gibson_semantic/./Keweenaw.stage_config.json from original name : data/scene_datasets/gibson_semantic/./Keweenaw.glb| This file does not exist.
[18:56:26:541195]:[Metadata] AbstractObjectAttributesManagerBase.h(184)::createObject : File (data/scene_datasets/gibson_semantic/./Keweenaw.glb) exists but is not a recognized config filename extension, so new default Stage Template attributes created and registered.
[18:56:26:541205]:[Metadata] AttributesManagerBase.h(380)::createFromJsonOrDefaultInternal : <Stage Template>: Proposing JSON name : data/scene_datasets/gibson_semantic/./Kildare.stage_config.json from original name : data/scene_datasets/gibson_semantic/./Kildare.glb| This file does not exist.
[18:56:26:541242]:[Metadata] AbstractObjectAttributesManagerBase.h(184)::createObject : File (data/scene_datasets/gibson_semantic/./Kildare.glb) exists but is not a recognized config filename extension, so new default Stage Template attributes created and registered.
[18:56:26:541251]:[Metadata] AttributesManagerBase.h(380)::createFromJsonOrDefaultInternal : <Stage Template>: Proposing JSON name : data/scene_datasets/gibson_semantic/./Kinde.stage_config.json from original name : data/scene_datasets/gibson_semantic/./Kinde.glb| This file does not exist.
[18:56:26:541287]:[Metadata] AbstractObjectAttributesManagerBase.h(184)::createObject : File (data/scene_datasets/gibson_semantic/./Kinde.glb) exists but is not a recognized config filename extension, so new default Stage Template attributes created and registered.
[18:56:26:541296]:[Metadata] AttributesManagerBase.h(380)::createFromJsonOrDefaultInternal : <Stage Template>: Proposing JSON name : data/scene_datasets/gibson_semantic/./Kingdom.stage_config.json from original name : data/scene_datasets/gibson_semantic/./Kingdom.glb| This file does not exist.
[18:56:26:541332]:[Metadata] AbstractObjectAttributesManagerBase.h(184)::createObject : File (data/scene_datasets/gibson_semantic/./Kingdom.glb) exists but is not a recognized config filename extension, so new default Stage Template attributes created and registered.
[18:56:26:541342]:[Metadata] AttributesManagerBase.h(380)::createFromJsonOrDefaultInternal : <Stage Template>: Proposing JSON name : data/scene_datasets/gibson_semantic/./Kinney.stage_config.json from original name : data/scene_datasets/gibson_semantic/./Kinney.glb| This file does not exist.
[18:56:26:541377]:[Metadata] AbstractObjectAttributesManagerBase.h(184)::createObject : File (data/scene_datasets/gibson_semantic/./Kinney.glb) exists but is not a recognized config filename extension, so new default Stage Template attributes created and registered.
[18:56:26:541387]:[Metadata] AttributesManagerBase.h(380)::createFromJsonOrDefaultInternal : <Stage Template>: Proposing JSON name : data/scene_datasets/gibson_semantic/./Kirksville.stage_config.json from original name : data/scene_datasets/gibson_semantic/./Kirksville.glb| This file does not exist.
[18:56:26:541424]:[Metadata] AbstractObjectAttributesManagerBase.h(184)::createObject : File (data/scene_datasets/gibson_semantic/./Kirksville.glb) exists but is not a recognized config filename extension, so new default Stage Template attributes created and registered.
[18:56:26:541433]:[Metadata] AttributesManagerBase.h(380)::createFromJsonOrDefaultInternal : <Stage Template>: Proposing JSON name : data/scene_datasets/gibson_semantic/./Kirwin.stage_config.json from original name : data/scene_datasets/gibson_semantic/./Kirwin.glb| This file does not exist.
[18:56:26:541470]:[Metadata] AbstractObjectAttributesManagerBase.h(184)::createObject : File (data/scene_datasets/gibson_semantic/./Kirwin.glb) exists but is not a recognized config filename extension, so new default Stage Template attributes created and registered.
[18:56:26:541480]:[Metadata] AttributesManagerBase.h(380)::createFromJsonOrDefaultInternal : <Stage Template>: Proposing JSON name : data/scene_datasets/gibson_semantic/./Klickitat.stage_config.json from original name : data/scene_datasets/gibson_semantic/./Klickitat.glb| This file does not exist.
[18:56:26:541516]:[Metadata] AbstractObjectAttributesManagerBase.h(184)::createObject : File (data/scene_datasets/gibson_semantic/./Klickitat.glb) exists but is not a recognized config filename extension, so new default Stage Template attributes created and registered.
[18:56:26:541527]:[Metadata] AttributesManagerBase.h(380)::createFromJsonOrDefaultInternal : <Stage Template>: Proposing JSON name : data/scene_datasets/gibson_semantic/./Kobuk.stage_config.json from original name : data/scene_datasets/gibson_semantic/./Kobuk.glb| This file does not exist.
[18:56:26:541563]:[Metadata] AbstractObjectAttributesManagerBase.h(184)::createObject : File (data/scene_datasets/gibson_semantic/./Kobuk.glb) exists but is not a recognized config filename extension, so new default Stage Template attributes created and registered.
[18:56:26:541572]:[Metadata] AttributesManagerBase.h(380)::createFromJsonOrDefaultInternal : <Stage Template>: Proposing JSON name : data/scene_datasets/gibson_semantic/./Kopperl.stage_config.json from original name : data/scene_datasets/gibson_semantic/./Kopperl.glb| This file does not exist.
[18:56:26:541608]:[Metadata] AbstractObjectAttributesManagerBase.h(184)::createObject : File (data/scene_datasets/gibson_semantic/./Kopperl.glb) exists but is not a recognized config filename extension, so new default Stage Template attributes created and registered.
[18:56:26:541617]:[Metadata] AttributesManagerBase.h(380)::createFromJsonOrDefaultInternal : <Stage Template>: Proposing JSON name : data/scene_datasets/gibson_semantic/./Kremlin.stage_config.json from original name : data/scene_datasets/gibson_semantic/./Kremlin.glb| This file does not exist.
[18:56:26:541653]:[Metadata] AbstractObjectAttributesManagerBase.h(184)::createObject : File (data/scene_datasets/gibson_semantic/./Kremlin.glb) exists but is not a recognized config filename extension, so new default Stage Template attributes created and registered.
[18:56:26:541664]:[Metadata] AttributesManagerBase.h(380)::createFromJsonOrDefaultInternal : <Stage Template>: Proposing JSON name : data/scene_datasets/gibson_semantic/./Kronborg.stage_config.json from original name : data/scene_datasets/gibson_semantic/./Kronborg.glb| This file does not exist.
[18:56:26:541701]:[Metadata] AbstractObjectAttributesManagerBase.h(184)::createObject : File (data/scene_datasets/gibson_semantic/./Kronborg.glb) exists but is not a recognized config filename extension, so new default Stage Template attributes created and registered.
[18:56:26:541711]:[Metadata] AttributesManagerBase.h(380)::createFromJsonOrDefaultInternal : <Stage Template>: Proposing JSON name : data/scene_datasets/gibson_semantic/./Lacon.stage_config.json from original name : data/scene_datasets/gibson_semantic/./Lacon.glb| This file does not exist.
[18:56:26:541747]:[Metadata] AbstractObjectAttributesManagerBase.h(184)::createObject : File (data/scene_datasets/gibson_semantic/./Lacon.glb) exists but is not a recognized config filename extension, so new default Stage Template attributes created and registered.
[18:56:26:541757]:[Metadata] AttributesManagerBase.h(380)::createFromJsonOrDefaultInternal : <Stage Template>: Proposing JSON name : data/scene_datasets/gibson_semantic/./Lajas.stage_config.json from original name : data/scene_datasets/gibson_semantic/./Lajas.glb| This file does not exist.
[18:56:26:541793]:[Metadata] AbstractObjectAttributesManagerBase.h(184)::createObject : File (data/scene_datasets/gibson_semantic/./Lajas.glb) exists but is not a recognized config filename extension, so new default Stage Template attributes created and registered.
[18:56:26:541803]:[Metadata] AttributesManagerBase.h(380)::createFromJsonOrDefaultInternal : <Stage Template>: Proposing JSON name : data/scene_datasets/gibson_semantic/./Lakeville.stage_config.json from original name : data/scene_datasets/gibson_semantic/./Lakeville.glb| This file does not exist.
[18:56:26:541840]:[Metadata] AbstractObjectAttributesManagerBase.h(184)::createObject : File (data/scene_datasets/gibson_semantic/./Lakeville.glb) exists but is not a recognized config filename extension, so new default Stage Template attributes created and registered.
[18:56:26:541850]:[Metadata] AttributesManagerBase.h(380)::createFromJsonOrDefaultInternal : <Stage Template>: Proposing JSON name : data/scene_datasets/gibson_semantic/./Laupahoehoe.stage_config.json from original name : data/scene_datasets/gibson_semantic/./Laupahoehoe.glb| This file does not exist.
[18:56:26:541886]:[Metadata] AbstractObjectAttributesManagerBase.h(184)::createObject : File (data/scene_datasets/gibson_semantic/./Laupahoehoe.glb) exists but is not a recognized config filename extension, so new default Stage Template attributes created and registered.
[18:56:26:541896]:[Metadata] AttributesManagerBase.h(380)::createFromJsonOrDefaultInternal : <Stage Template>: Proposing JSON name : data/scene_datasets/gibson_semantic/./Laytonsville.stage_config.json from original name : data/scene_datasets/gibson_semantic/./Laytonsville.glb| This file does not exist.
[18:56:26:541932]:[Metadata] AbstractObjectAttributesManagerBase.h(184)::createObject : File (data/scene_datasets/gibson_semantic/./Laytonsville.glb) exists but is not a recognized config filename extension, so new default Stage Template attributes created and registered.
[18:56:26:541942]:[Metadata] AttributesManagerBase.h(380)::createFromJsonOrDefaultInternal : <Stage Template>: Proposing JSON name : data/scene_datasets/gibson_semantic/./Leavittsburg.stage_config.json from original name : data/scene_datasets/gibson_semantic/./Leavittsburg.glb| This file does not exist.
[18:56:26:541978]:[Metadata] AbstractObjectAttributesManagerBase.h(184)::createObject : File (data/scene_datasets/gibson_semantic/./Leavittsburg.glb) exists but is not a recognized config filename extension, so new default Stage Template attributes created and registered.
[18:56:26:541987]:[Metadata] AttributesManagerBase.h(380)::createFromJsonOrDefaultInternal : <Stage Template>: Proposing JSON name : data/scene_datasets/gibson_semantic/./Lenoir.stage_config.json from original name : data/scene_datasets/gibson_semantic/./Lenoir.glb| This file does not exist.
[18:56:26:542023]:[Metadata] AbstractObjectAttributesManagerBase.h(184)::createObject : File (data/scene_datasets/gibson_semantic/./Lenoir.glb) exists but is not a recognized config filename extension, so new default Stage Template attributes created and registered.
[18:56:26:542033]:[Metadata] AttributesManagerBase.h(380)::createFromJsonOrDefaultInternal : <Stage Template>: Proposing JSON name : data/scene_datasets/gibson_semantic/./Leonardo.stage_config.json from original name : data/scene_datasets/gibson_semantic/./Leonardo.glb| This file does not exist.
[18:56:26:542069]:[Metadata] AbstractObjectAttributesManagerBase.h(184)::createObject : File (data/scene_datasets/gibson_semantic/./Leonardo.glb) exists but is not a recognized config filename extension, so new default Stage Template attributes created and registered.
[18:56:26:542079]:[Metadata] AttributesManagerBase.h(380)::createFromJsonOrDefaultInternal : <Stage Template>: Proposing JSON name : data/scene_datasets/gibson_semantic/./Lessley.stage_config.json from original name : data/scene_datasets/gibson_semantic/./Lessley.glb| This file does not exist.
[18:56:26:542115]:[Metadata] AbstractObjectAttributesManagerBase.h(184)::createObject : File (data/scene_datasets/gibson_semantic/./Lessley.glb) exists but is not a recognized config filename extension, so new default Stage Template attributes created and registered.
[18:56:26:542125]:[Metadata] AttributesManagerBase.h(380)::createFromJsonOrDefaultInternal : <Stage Template>: Proposing JSON name : data/scene_datasets/gibson_semantic/./Lincolnwood.stage_config.json from original name : data/scene_datasets/gibson_semantic/./Lincolnwood.glb| This file does not exist.
[18:56:26:542164]:[Metadata] AbstractObjectAttributesManagerBase.h(184)::createObject : File (data/scene_datasets/gibson_semantic/./Lincolnwood.glb) exists but is not a recognized config filename extension, so new default Stage Template attributes created and registered.
[18:56:26:542173]:[Metadata] AttributesManagerBase.h(380)::createFromJsonOrDefaultInternal : <Stage Template>: Proposing JSON name : data/scene_datasets/gibson_semantic/./Lindberg.stage_config.json from original name : data/scene_datasets/gibson_semantic/./Lindberg.glb| This file does not exist.
[18:56:26:542218]:[Metadata] AbstractObjectAttributesManagerBase.h(184)::createObject : File (data/scene_datasets/gibson_semantic/./Lindberg.glb) exists but is not a recognized config filename extension, so new default Stage Template attributes created and registered.
[18:56:26:542228]:[Metadata] AttributesManagerBase.h(380)::createFromJsonOrDefaultInternal : <Stage Template>: Proposing JSON name : data/scene_datasets/gibson_semantic/./Lindenwood.stage_config.json from original name : data/scene_datasets/gibson_semantic/./Lindenwood.glb| This file does not exist.
[18:56:26:542265]:[Metadata] AbstractObjectAttributesManagerBase.h(184)::createObject : File (data/scene_datasets/gibson_semantic/./Lindenwood.glb) exists but is not a recognized config filename extension, so new default Stage Template attributes created and registered.
[18:56:26:542274]:[Metadata] AttributesManagerBase.h(380)::createFromJsonOrDefaultInternal : <Stage Template>: Proposing JSON name : data/scene_datasets/gibson_semantic/./Lindsborg.stage_config.json from original name : data/scene_datasets/gibson_semantic/./Lindsborg.glb| This file does not exist.
[18:56:26:542310]:[Metadata] AbstractObjectAttributesManagerBase.h(184)::createObject : File (data/scene_datasets/gibson_semantic/./Lindsborg.glb) exists but is not a recognized config filename extension, so new default Stage Template attributes created and registered.
[18:56:26:542320]:[Metadata] AttributesManagerBase.h(380)::createFromJsonOrDefaultInternal : <Stage Template>: Proposing JSON name : data/scene_datasets/gibson_semantic/./Lineville.stage_config.json from original name : data/scene_datasets/gibson_semantic/./Lineville.glb| This file does not exist.
[18:56:26:542357]:[Metadata] AbstractObjectAttributesManagerBase.h(184)::createObject : File (data/scene_datasets/gibson_semantic/./Lineville.glb) exists but is not a recognized config filename extension, so new default Stage Template attributes created and registered.
[18:56:26:542367]:[Metadata] AttributesManagerBase.h(380)::createFromJsonOrDefaultInternal : <Stage Template>: Proposing JSON name : data/scene_datasets/gibson_semantic/./Lluveras.stage_config.json from original name : data/scene_datasets/gibson_semantic/./Lluveras.glb| This file does not exist.
[18:56:26:542403]:[Metadata] AbstractObjectAttributesManagerBase.h(184)::createObject : File (data/scene_datasets/gibson_semantic/./Lluveras.glb) exists but is not a recognized config filename extension, so new default Stage Template attributes created and registered.
[18:56:26:542413]:[Metadata] AttributesManagerBase.h(380)::createFromJsonOrDefaultInternal : <Stage Template>: Proposing JSON name : data/scene_datasets/gibson_semantic/./Lucan.stage_config.json from original name : data/scene_datasets/gibson_semantic/./Lucan.glb| This file does not exist.
[18:56:26:542449]:[Metadata] AbstractObjectAttributesManagerBase.h(184)::createObject : File (data/scene_datasets/gibson_semantic/./Lucan.glb) exists but is not a recognized config filename extension, so new default Stage Template attributes created and registered.
[18:56:26:542459]:[Metadata] AttributesManagerBase.h(380)::createFromJsonOrDefaultInternal : <Stage Template>: Proposing JSON name : data/scene_datasets/gibson_semantic/./Ludlowville.stage_config.json from original name : data/scene_datasets/gibson_semantic/./Ludlowville.glb| This file does not exist.
[18:56:26:542494]:[Metadata] AbstractObjectAttributesManagerBase.h(184)::createObject : File (data/scene_datasets/gibson_semantic/./Ludlowville.glb) exists but is not a recognized config filename extension, so new default Stage Template attributes created and registered.
[18:56:26:542504]:[Metadata] AttributesManagerBase.h(380)::createFromJsonOrDefaultInternal : <Stage Template>: Proposing JSON name : data/scene_datasets/gibson_semantic/./Lynchburg.stage_config.json from original name : data/scene_datasets/gibson_semantic/./Lynchburg.glb| This file does not exist.
[18:56:26:542542]:[Metadata] AbstractObjectAttributesManagerBase.h(184)::createObject : File (data/scene_datasets/gibson_semantic/./Lynchburg.glb) exists but is not a recognized config filename extension, so new default Stage Template attributes created and registered.
[18:56:26:542551]:[Metadata] AttributesManagerBase.h(380)::createFromJsonOrDefaultInternal : <Stage Template>: Proposing JSON name : data/scene_datasets/gibson_semantic/./Lynxville.stage_config.json from original name : data/scene_datasets/gibson_semantic/./Lynxville.glb| This file does not exist.
[18:56:26:542589]:[Metadata] AbstractObjectAttributesManagerBase.h(184)::createObject : File (data/scene_datasets/gibson_semantic/./Lynxville.glb) exists but is not a recognized config filename extension, so new default Stage Template attributes created and registered.
[18:56:26:542598]:[Metadata] AttributesManagerBase.h(380)::createFromJsonOrDefaultInternal : <Stage Template>: Proposing JSON name : data/scene_datasets/gibson_semantic/./MacArthur.stage_config.json from original name : data/scene_datasets/gibson_semantic/./MacArthur.glb| This file does not exist.
[18:56:26:542643]:[Metadata] AbstractObjectAttributesManagerBase.h(184)::createObject : File (data/scene_datasets/gibson_semantic/./MacArthur.glb) exists but is not a recognized config filename extension, so new default Stage Template attributes created and registered.
[18:56:26:542653]:[Metadata] AttributesManagerBase.h(380)::createFromJsonOrDefaultInternal : <Stage Template>: Proposing JSON name : data/scene_datasets/gibson_semantic/./Macedon.stage_config.json from original name : data/scene_datasets/gibson_semantic/./Macedon.glb| This file does not exist.
[18:56:26:542689]:[Metadata] AbstractObjectAttributesManagerBase.h(184)::createObject : File (data/scene_datasets/gibson_semantic/./Macedon.glb) exists but is not a recognized config filename extension, so new default Stage Template attributes created and registered.
[18:56:26:542699]:[Metadata] AttributesManagerBase.h(380)::createFromJsonOrDefaultInternal : <Stage Template>: Proposing JSON name : data/scene_datasets/gibson_semantic/./Macksville.stage_config.json from original name : data/scene_datasets/gibson_semantic/./Macksville.glb| This file does not exist.
[18:56:26:542733]:[Metadata] AbstractObjectAttributesManagerBase.h(184)::createObject : File (data/scene_datasets/gibson_semantic/./Macksville.glb) exists but is not a recognized config filename extension, so new default Stage Template attributes created and registered.
[18:56:26:542743]:[Metadata] AttributesManagerBase.h(380)::createFromJsonOrDefaultInternal : <Stage Template>: Proposing JSON name : data/scene_datasets/gibson_semantic/./Maguayo.stage_config.json from original name : data/scene_datasets/gibson_semantic/./Maguayo.glb| This file does not exist.
[18:56:26:542777]:[Metadata] AbstractObjectAttributesManagerBase.h(184)::createObject : File (data/scene_datasets/gibson_semantic/./Maguayo.glb) exists but is not a recognized config filename extension, so new default Stage Template attributes created and registered.
[18:56:26:542787]:[Metadata] AttributesManagerBase.h(380)::createFromJsonOrDefaultInternal : <Stage Template>: Proposing JSON name : data/scene_datasets/gibson_semantic/./Mahtomedi.stage_config.json from original name : data/scene_datasets/gibson_semantic/./Mahtomedi.glb| This file does not exist.
[18:56:26:542822]:[Metadata] AbstractObjectAttributesManagerBase.h(184)::createObject : File (data/scene_datasets/gibson_semantic/./Mahtomedi.glb) exists but is not a recognized config filename extension, so new default Stage Template attributes created and registered.
[18:56:26:542832]:[Metadata] AttributesManagerBase.h(380)::createFromJsonOrDefaultInternal : <Stage Template>: Proposing JSON name : data/scene_datasets/gibson_semantic/./Maida.stage_config.json from original name : data/scene_datasets/gibson_semantic/./Maida.glb| This file does not exist.
[18:56:26:542866]:[Metadata] AbstractObjectAttributesManagerBase.h(184)::createObject : File (data/scene_datasets/gibson_semantic/./Maida.glb) exists but is not a recognized config filename extension, so new default Stage Template attributes created and registered.
[18:56:26:542876]:[Metadata] AttributesManagerBase.h(380)::createFromJsonOrDefaultInternal : <Stage Template>: Proposing JSON name : data/scene_datasets/gibson_semantic/./Maiden.stage_config.json from original name : data/scene_datasets/gibson_semantic/./Maiden.glb| This file does not exist.
[18:56:26:542912]:[Metadata] AbstractObjectAttributesManagerBase.h(184)::createObject : File (data/scene_datasets/gibson_semantic/./Maiden.glb) exists but is not a recognized config filename extension, so new default Stage Template attributes created and registered.
[18:56:26:542921]:[Metadata] AttributesManagerBase.h(380)::createFromJsonOrDefaultInternal : <Stage Template>: Proposing JSON name : data/scene_datasets/gibson_semantic/./Maitland.stage_config.json from original name : data/scene_datasets/gibson_semantic/./Maitland.glb| This file does not exist.
[18:56:26:542958]:[Metadata] AbstractObjectAttributesManagerBase.h(184)::createObject : File (data/scene_datasets/gibson_semantic/./Maitland.glb) exists but is not a recognized config filename extension, so new default Stage Template attributes created and registered.
[18:56:26:542968]:[Metadata] AttributesManagerBase.h(380)::createFromJsonOrDefaultInternal : <Stage Template>: Proposing JSON name : data/scene_datasets/gibson_semantic/./Mammoth.stage_config.json from original name : data/scene_datasets/gibson_semantic/./Mammoth.glb| This file does not exist.
[18:56:26:543004]:[Metadata] AbstractObjectAttributesManagerBase.h(184)::createObject : File (data/scene_datasets/gibson_semantic/./Mammoth.glb) exists but is not a recognized config filename extension, so new default Stage Template attributes created and registered.
[18:56:26:543015]:[Metadata] AttributesManagerBase.h(380)::createFromJsonOrDefaultInternal : <Stage Template>: Proposing JSON name : data/scene_datasets/gibson_semantic/./Maricopa.stage_config.json from original name : data/scene_datasets/gibson_semantic/./Maricopa.glb| This file does not exist.
[18:56:26:543052]:[Metadata] AbstractObjectAttributesManagerBase.h(184)::createObject : File (data/scene_datasets/gibson_semantic/./Maricopa.glb) exists but is not a recognized config filename extension, so new default Stage Template attributes created and registered.
[18:56:26:543062]:[Metadata] AttributesManagerBase.h(380)::createFromJsonOrDefaultInternal : <Stage Template>: Proposing JSON name : data/scene_datasets/gibson_semantic/./Markleeville.stage_config.json from original name : data/scene_datasets/gibson_semantic/./Markleeville.glb| This file does not exist.
[18:56:26:543096]:[Metadata] AbstractObjectAttributesManagerBase.h(184)::createObject : File (data/scene_datasets/gibson_semantic/./Markleeville.glb) exists but is not a recognized config filename extension, so new default Stage Template attributes created and registered.
[18:56:26:543106]:[Metadata] AttributesManagerBase.h(380)::createFromJsonOrDefaultInternal : <Stage Template>: Proposing JSON name : data/scene_datasets/gibson_semantic/./Marksville.stage_config.json from original name : data/scene_datasets/gibson_semantic/./Marksville.glb| This file does not exist.
[18:56:26:543143]:[Metadata] AbstractObjectAttributesManagerBase.h(184)::createObject : File (data/scene_datasets/gibson_semantic/./Marksville.glb) exists but is not a recognized config filename extension, so new default Stage Template attributes created and registered.
[18:56:26:543154]:[Metadata] AttributesManagerBase.h(380)::createFromJsonOrDefaultInternal : <Stage Template>: Proposing JSON name : data/scene_datasets/gibson_semantic/./Marland.stage_config.json from original name : data/scene_datasets/gibson_semantic/./Marland.glb| This file does not exist.
[18:56:26:543190]:[Metadata] AbstractObjectAttributesManagerBase.h(184)::createObject : File (data/scene_datasets/gibson_semantic/./Marland.glb) exists but is not a recognized config filename extension, so new default Stage Template attributes created and registered.
[18:56:26:543200]:[Metadata] AttributesManagerBase.h(380)::createFromJsonOrDefaultInternal : <Stage Template>: Proposing JSON name : data/scene_datasets/gibson_semantic/./Marstons.stage_config.json from original name : data/scene_datasets/gibson_semantic/./Marstons.glb| This file does not exist.
[18:56:26:543237]:[Metadata] AbstractObjectAttributesManagerBase.h(184)::createObject : File (data/scene_datasets/gibson_semantic/./Marstons.glb) exists but is not a recognized config filename extension, so new default Stage Template attributes created and registered.
[18:56:26:543247]:[Metadata] AttributesManagerBase.h(380)::createFromJsonOrDefaultInternal : <Stage Template>: Proposing JSON name : data/scene_datasets/gibson_semantic/./Martinville.stage_config.json from original name : data/scene_datasets/gibson_semantic/./Martinville.glb| This file does not exist.
[18:56:26:543285]:[Metadata] AbstractObjectAttributesManagerBase.h(184)::createObject : File (data/scene_datasets/gibson_semantic/./Martinville.glb) exists but is not a recognized config filename extension, so new default Stage Template attributes created and registered.
[18:56:26:543297]:[Metadata] AttributesManagerBase.h(380)::createFromJsonOrDefaultInternal : <Stage Template>: Proposing JSON name : data/scene_datasets/gibson_semantic/./Maryhill.stage_config.json from original name : data/scene_datasets/gibson_semantic/./Maryhill.glb| This file does not exist.
[18:56:26:543333]:[Metadata] AbstractObjectAttributesManagerBase.h(184)::createObject : File (data/scene_datasets/gibson_semantic/./Maryhill.glb) exists but is not a recognized config filename extension, so new default Stage Template attributes created and registered.
[18:56:26:543343]:[Metadata] AttributesManagerBase.h(380)::createFromJsonOrDefaultInternal : <Stage Template>: Proposing JSON name : data/scene_datasets/gibson_semantic/./Mashulaville.stage_config.json from original name : data/scene_datasets/gibson_semantic/./Mashulaville.glb| This file does not exist.
[18:56:26:543378]:[Metadata] AbstractObjectAttributesManagerBase.h(184)::createObject : File (data/scene_datasets/gibson_semantic/./Mashulaville.glb) exists but is not a recognized config filename extension, so new default Stage Template attributes created and registered.
[18:56:26:543388]:[Metadata] AttributesManagerBase.h(380)::createFromJsonOrDefaultInternal : <Stage Template>: Proposing JSON name : data/scene_datasets/gibson_semantic/./Maugansville.stage_config.json from original name : data/scene_datasets/gibson_semantic/./Maugansville.glb| This file does not exist.
[18:56:26:543424]:[Metadata] AbstractObjectAttributesManagerBase.h(184)::createObject : File (data/scene_datasets/gibson_semantic/./Maugansville.glb) exists but is not a recognized config filename extension, so new default Stage Template attributes created and registered.
[18:56:26:543433]:[Metadata] AttributesManagerBase.h(380)::createFromJsonOrDefaultInternal : <Stage Template>: Proposing JSON name : data/scene_datasets/gibson_semantic/./Maunawili.stage_config.json from original name : data/scene_datasets/gibson_semantic/./Maunawili.glb| This file does not exist.
[18:56:26:543469]:[Metadata] AbstractObjectAttributesManagerBase.h(184)::createObject : File (data/scene_datasets/gibson_semantic/./Maunawili.glb) exists but is not a recognized config filename extension, so new default Stage Template attributes created and registered.
[18:56:26:543478]:[Metadata] AttributesManagerBase.h(380)::createFromJsonOrDefaultInternal : <Stage Template>: Proposing JSON name : data/scene_datasets/gibson_semantic/./Mayesville.stage_config.json from original name : data/scene_datasets/gibson_semantic/./Mayesville.glb| This file does not exist.
[18:56:26:543516]:[Metadata] AbstractObjectAttributesManagerBase.h(184)::createObject : File (data/scene_datasets/gibson_semantic/./Mayesville.glb) exists but is not a recognized config filename extension, so new default Stage Template attributes created and registered.
[18:56:26:543526]:[Metadata] AttributesManagerBase.h(380)::createFromJsonOrDefaultInternal : <Stage Template>: Proposing JSON name : data/scene_datasets/gibson_semantic/./Mazomanie.stage_config.json from original name : data/scene_datasets/gibson_semantic/./Mazomanie.glb| This file does not exist.
[18:56:26:543562]:[Metadata] AbstractObjectAttributesManagerBase.h(184)::createObject : File (data/scene_datasets/gibson_semantic/./Mazomanie.glb) exists but is not a recognized config filename extension, so new default Stage Template attributes created and registered.
[18:56:26:543571]:[Metadata] AttributesManagerBase.h(380)::createFromJsonOrDefaultInternal : <Stage Template>: Proposing JSON name : data/scene_datasets/gibson_semantic/./McCloud.stage_config.json from original name : data/scene_datasets/gibson_semantic/./McCloud.glb| This file does not exist.
[18:56:26:543609]:[Metadata] AbstractObjectAttributesManagerBase.h(184)::createObject : File (data/scene_datasets/gibson_semantic/./McCloud.glb) exists but is not a recognized config filename extension, so new default Stage Template attributes created and registered.
[18:56:26:543619]:[Metadata] AttributesManagerBase.h(380)::createFromJsonOrDefaultInternal : <Stage Template>: Proposing JSON name : data/scene_datasets/gibson_semantic/./McEwen.stage_config.json from original name : data/scene_datasets/gibson_semantic/./McEwen.glb| This file does not exist.
[18:56:26:543656]:[Metadata] AbstractObjectAttributesManagerBase.h(184)::createObject : File (data/scene_datasets/gibson_semantic/./McEwen.glb) exists but is not a recognized config filename extension, so new default Stage Template attributes created and registered.
[18:56:26:543666]:[Metadata] AttributesManagerBase.h(380)::createFromJsonOrDefaultInternal : <Stage Template>: Proposing JSON name : data/scene_datasets/gibson_semantic/./McKeesport.stage_config.json from original name : data/scene_datasets/gibson_semantic/./McKeesport.glb| This file does not exist.
[18:56:26:543702]:[Metadata] AbstractObjectAttributesManagerBase.h(184)::createObject : File (data/scene_datasets/gibson_semantic/./McKeesport.glb) exists but is not a recognized config filename extension, so new default Stage Template attributes created and registered.
[18:56:26:543712]:[Metadata] AttributesManagerBase.h(380)::createFromJsonOrDefaultInternal : <Stage Template>: Proposing JSON name : data/scene_datasets/gibson_semantic/./Melstone.stage_config.json from original name : data/scene_datasets/gibson_semantic/./Melstone.glb| This file does not exist.
[18:56:26:543749]:[Metadata] AbstractObjectAttributesManagerBase.h(184)::createObject : File (data/scene_datasets/gibson_semantic/./Melstone.glb) exists but is not a recognized config filename extension, so new default Stage Template attributes created and registered.
[18:56:26:543759]:[Metadata] AttributesManagerBase.h(380)::createFromJsonOrDefaultInternal : <Stage Template>: Proposing JSON name : data/scene_datasets/gibson_semantic/./Mentasta.stage_config.json from original name : data/scene_datasets/gibson_semantic/./Mentasta.glb| This file does not exist.
[18:56:26:543794]:[Metadata] AbstractObjectAttributesManagerBase.h(184)::createObject : File (data/scene_datasets/gibson_semantic/./Mentasta.glb) exists but is not a recognized config filename extension, so new default Stage Template attributes created and registered.
[18:56:26:543804]:[Metadata] AttributesManagerBase.h(380)::createFromJsonOrDefaultInternal : <Stage Template>: Proposing JSON name : data/scene_datasets/gibson_semantic/./Mentmore.stage_config.json from original name : data/scene_datasets/gibson_semantic/./Mentmore.glb| This file does not exist.
[18:56:26:543840]:[Metadata] AbstractObjectAttributesManagerBase.h(184)::createObject : File (data/scene_datasets/gibson_semantic/./Mentmore.glb) exists but is not a recognized config filename extension, so new default Stage Template attributes created and registered.
[18:56:26:543851]:[Metadata] AttributesManagerBase.h(380)::createFromJsonOrDefaultInternal : <Stage Template>: Proposing JSON name : data/scene_datasets/gibson_semantic/./Merchantville.stage_config.json from original name : data/scene_datasets/gibson_semantic/./Merchantville.glb| This file does not exist.
[18:56:26:543887]:[Metadata] AbstractObjectAttributesManagerBase.h(184)::createObject : File (data/scene_datasets/gibson_semantic/./Merchantville.glb) exists but is not a recognized config filename extension, so new default Stage Template attributes created and registered.
[18:56:26:543898]:[Metadata] AttributesManagerBase.h(380)::createFromJsonOrDefaultInternal : <Stage Template>: Proposing JSON name : data/scene_datasets/gibson_semantic/./Merlin.stage_config.json from original name : data/scene_datasets/gibson_semantic/./Merlin.glb| This file does not exist.
[18:56:26:543935]:[Metadata] AbstractObjectAttributesManagerBase.h(184)::createObject : File (data/scene_datasets/gibson_semantic/./Merlin.glb) exists but is not a recognized config filename extension, so new default Stage Template attributes created and registered.
[18:56:26:543947]:[Metadata] AttributesManagerBase.h(380)::createFromJsonOrDefaultInternal : <Stage Template>: Proposing JSON name : data/scene_datasets/gibson_semantic/./Merom.stage_config.json from original name : data/scene_datasets/gibson_semantic/./Merom.glb| This file does not exist.
[18:56:26:543982]:[Metadata] AbstractObjectAttributesManagerBase.h(184)::createObject : File (data/scene_datasets/gibson_semantic/./Merom.glb) exists but is not a recognized config filename extension, so new default Stage Template attributes created and registered.
[18:56:26:543992]:[Metadata] AttributesManagerBase.h(380)::createFromJsonOrDefaultInternal : <Stage Template>: Proposing JSON name : data/scene_datasets/gibson_semantic/./Mesic.stage_config.json from original name : data/scene_datasets/gibson_semantic/./Mesic.glb| This file does not exist.
[18:56:26:544028]:[Metadata] AbstractObjectAttributesManagerBase.h(184)::createObject : File (data/scene_datasets/gibson_semantic/./Mesic.glb) exists but is not a recognized config filename extension, so new default Stage Template attributes created and registered.
[18:56:26:544038]:[Metadata] AttributesManagerBase.h(380)::createFromJsonOrDefaultInternal : <Stage Template>: Proposing JSON name : data/scene_datasets/gibson_semantic/./Micanopy.stage_config.json from original name : data/scene_datasets/gibson_semantic/./Micanopy.glb| This file does not exist.
[18:56:26:544075]:[Metadata] AbstractObjectAttributesManagerBase.h(184)::createObject : File (data/scene_datasets/gibson_semantic/./Micanopy.glb) exists but is not a recognized config filename extension, so new default Stage Template attributes created and registered.
[18:56:26:544084]:[Metadata] AttributesManagerBase.h(380)::createFromJsonOrDefaultInternal : <Stage Template>: Proposing JSON name : data/scene_datasets/gibson_semantic/./Michiana.stage_config.json from original name : data/scene_datasets/gibson_semantic/./Michiana.glb| This file does not exist.
[18:56:26:544120]:[Metadata] AbstractObjectAttributesManagerBase.h(184)::createObject : File (data/scene_datasets/gibson_semantic/./Michiana.glb) exists but is not a recognized config filename extension, so new default Stage Template attributes created and registered.
[18:56:26:544130]:[Metadata] AttributesManagerBase.h(380)::createFromJsonOrDefaultInternal : <Stage Template>: Proposing JSON name : data/scene_datasets/gibson_semantic/./Mifflinburg.stage_config.json from original name : data/scene_datasets/gibson_semantic/./Mifflinburg.glb| This file does not exist.
[18:56:26:544166]:[Metadata] AbstractObjectAttributesManagerBase.h(184)::createObject : File (data/scene_datasets/gibson_semantic/./Mifflinburg.glb) exists but is not a recognized config filename extension, so new default Stage Template attributes created and registered.
[18:56:26:544176]:[Metadata] AttributesManagerBase.h(380)::createFromJsonOrDefaultInternal : <Stage Template>: Proposing JSON name : data/scene_datasets/gibson_semantic/./Mifflintown.stage_config.json from original name : data/scene_datasets/gibson_semantic/./Mifflintown.glb| This file does not exist.
[18:56:26:544212]:[Metadata] AbstractObjectAttributesManagerBase.h(184)::createObject : File (data/scene_datasets/gibson_semantic/./Mifflintown.glb) exists but is not a recognized config filename extension, so new default Stage Template attributes created and registered.
[18:56:26:544222]:[Metadata] AttributesManagerBase.h(380)::createFromJsonOrDefaultInternal : <Stage Template>: Proposing JSON name : data/scene_datasets/gibson_semantic/./Milaca.stage_config.json from original name : data/scene_datasets/gibson_semantic/./Milaca.glb| This file does not exist.
[18:56:26:544258]:[Metadata] AbstractObjectAttributesManagerBase.h(184)::createObject : File (data/scene_datasets/gibson_semantic/./Milaca.glb) exists but is not a recognized config filename extension, so new default Stage Template attributes created and registered.
[18:56:26:544267]:[Metadata] AttributesManagerBase.h(380)::createFromJsonOrDefaultInternal : <Stage Template>: Proposing JSON name : data/scene_datasets/gibson_semantic/./Milford.stage_config.json from original name : data/scene_datasets/gibson_semantic/./Milford.glb| This file does not exist.
[18:56:26:544303]:[Metadata] AbstractObjectAttributesManagerBase.h(184)::createObject : File (data/scene_datasets/gibson_semantic/./Milford.glb) exists but is not a recognized config filename extension, so new default Stage Template attributes created and registered.
[18:56:26:544313]:[Metadata] AttributesManagerBase.h(380)::createFromJsonOrDefaultInternal : <Stage Template>: Proposing JSON name : data/scene_datasets/gibson_semantic/./Millbury.stage_config.json from original name : data/scene_datasets/gibson_semantic/./Millbury.glb| This file does not exist.
[18:56:26:544349]:[Metadata] AbstractObjectAttributesManagerBase.h(184)::createObject : File (data/scene_datasets/gibson_semantic/./Millbury.glb) exists but is not a recognized config filename extension, so new default Stage Template attributes created and registered.
[18:56:26:544359]:[Metadata] AttributesManagerBase.h(380)::createFromJsonOrDefaultInternal : <Stage Template>: Proposing JSON name : data/scene_datasets/gibson_semantic/./Moark.stage_config.json from original name : data/scene_datasets/gibson_semantic/./Moark.glb| This file does not exist.
[18:56:26:544396]:[Metadata] AbstractObjectAttributesManagerBase.h(184)::createObject : File (data/scene_datasets/gibson_semantic/./Moark.glb) exists but is not a recognized config filename extension, so new default Stage Template attributes created and registered.
[18:56:26:544405]:[Metadata] AttributesManagerBase.h(380)::createFromJsonOrDefaultInternal : <Stage Template>: Proposing JSON name : data/scene_datasets/gibson_semantic/./Moberly.stage_config.json from original name : data/scene_datasets/gibson_semantic/./Moberly.glb| This file does not exist.
[18:56:26:544442]:[Metadata] AbstractObjectAttributesManagerBase.h(184)::createObject : File (data/scene_datasets/gibson_semantic/./Moberly.glb) exists but is not a recognized config filename extension, so new default Stage Template attributes created and registered.
[18:56:26:544452]:[Metadata] AttributesManagerBase.h(380)::createFromJsonOrDefaultInternal : <Stage Template>: Proposing JSON name : data/scene_datasets/gibson_semantic/./Mobridge.stage_config.json from original name : data/scene_datasets/gibson_semantic/./Mobridge.glb| This file does not exist.
[18:56:26:544487]:[Metadata] AbstractObjectAttributesManagerBase.h(184)::createObject : File (data/scene_datasets/gibson_semantic/./Mobridge.glb) exists but is not a recognized config filename extension, so new default Stage Template attributes created and registered.
[18:56:26:544497]:[Metadata] AttributesManagerBase.h(380)::createFromJsonOrDefaultInternal : <Stage Template>: Proposing JSON name : data/scene_datasets/gibson_semantic/./Model.stage_config.json from original name : data/scene_datasets/gibson_semantic/./Model.glb| This file does not exist.
[18:56:26:544533]:[Metadata] AbstractObjectAttributesManagerBase.h(184)::createObject : File (data/scene_datasets/gibson_semantic/./Model.glb) exists but is not a recognized config filename extension, so new default Stage Template attributes created and registered.
[18:56:26:544543]:[Metadata] AttributesManagerBase.h(380)::createFromJsonOrDefaultInternal : <Stage Template>: Proposing JSON name : data/scene_datasets/gibson_semantic/./Mogadore.stage_config.json from original name : data/scene_datasets/gibson_semantic/./Mogadore.glb| This file does not exist.
[18:56:26:544580]:[Metadata] AbstractObjectAttributesManagerBase.h(184)::createObject : File (data/scene_datasets/gibson_semantic/./Mogadore.glb) exists but is not a recognized config filename extension, so new default Stage Template attributes created and registered.
[18:56:26:544590]:[Metadata] AttributesManagerBase.h(380)::createFromJsonOrDefaultInternal : <Stage Template>: Proposing JSON name : data/scene_datasets/gibson_semantic/./Mogote.stage_config.json from original name : data/scene_datasets/gibson_semantic/./Mogote.glb| This file does not exist.
[18:56:26:544625]:[Metadata] AbstractObjectAttributesManagerBase.h(184)::createObject : File (data/scene_datasets/gibson_semantic/./Mogote.glb) exists but is not a recognized config filename extension, so new default Stage Template attributes created and registered.
[18:56:26:544634]:[Metadata] AttributesManagerBase.h(380)::createFromJsonOrDefaultInternal : <Stage Template>: Proposing JSON name : data/scene_datasets/gibson_semantic/./Monson.stage_config.json from original name : data/scene_datasets/gibson_semantic/./Monson.glb| This file does not exist.
[18:56:26:544671]:[Metadata] AbstractObjectAttributesManagerBase.h(184)::createObject : File (data/scene_datasets/gibson_semantic/./Monson.glb) exists but is not a recognized config filename extension, so new default Stage Template attributes created and registered.
[18:56:26:544680]:[Metadata] AttributesManagerBase.h(380)::createFromJsonOrDefaultInternal : <Stage Template>: Proposing JSON name : data/scene_datasets/gibson_semantic/./Monticello.stage_config.json from original name : data/scene_datasets/gibson_semantic/./Monticello.glb| This file does not exist.
[18:56:26:544716]:[Metadata] AbstractObjectAttributesManagerBase.h(184)::createObject : File (data/scene_datasets/gibson_semantic/./Monticello.glb) exists but is not a recognized config filename extension, so new default Stage Template attributes created and registered.
[18:56:26:544726]:[Metadata] AttributesManagerBase.h(380)::createFromJsonOrDefaultInternal : <Stage Template>: Proposing JSON name : data/scene_datasets/gibson_semantic/./Montreal.stage_config.json from original name : data/scene_datasets/gibson_semantic/./Montreal.glb| This file does not exist.
[18:56:26:544762]:[Metadata] AbstractObjectAttributesManagerBase.h(184)::createObject : File (data/scene_datasets/gibson_semantic/./Montreal.glb) exists but is not a recognized config filename extension, so new default Stage Template attributes created and registered.
[18:56:26:544772]:[Metadata] AttributesManagerBase.h(380)::createFromJsonOrDefaultInternal : <Stage Template>: Proposing JSON name : data/scene_datasets/gibson_semantic/./Moonachie.stage_config.json from original name : data/scene_datasets/gibson_semantic/./Moonachie.glb| This file does not exist.
[18:56:26:544808]:[Metadata] AbstractObjectAttributesManagerBase.h(184)::createObject : File (data/scene_datasets/gibson_semantic/./Moonachie.glb) exists but is not a recognized config filename extension, so new default Stage Template attributes created and registered.
[18:56:26:544818]:[Metadata] AttributesManagerBase.h(380)::createFromJsonOrDefaultInternal : <Stage Template>: Proposing JSON name : data/scene_datasets/gibson_semantic/./Mosinee.stage_config.json from original name : data/scene_datasets/gibson_semantic/./Mosinee.glb| This file does not exist.
[18:56:26:544854]:[Metadata] AbstractObjectAttributesManagerBase.h(184)::createObject : File (data/scene_datasets/gibson_semantic/./Mosinee.glb) exists but is not a recognized config filename extension, so new default Stage Template attributes created and registered.
[18:56:26:544863]:[Metadata] AttributesManagerBase.h(380)::createFromJsonOrDefaultInternal : <Stage Template>: Proposing JSON name : data/scene_datasets/gibson_semantic/./Mosquito.stage_config.json from original name : data/scene_datasets/gibson_semantic/./Mosquito.glb| This file does not exist.
[18:56:26:544901]:[Metadata] AbstractObjectAttributesManagerBase.h(184)::createObject : File (data/scene_datasets/gibson_semantic/./Mosquito.glb) exists but is not a recognized config filename extension, so new default Stage Template attributes created and registered.
[18:56:26:544911]:[Metadata] AttributesManagerBase.h(380)::createFromJsonOrDefaultInternal : <Stage Template>: Proposing JSON name : data/scene_datasets/gibson_semantic/./Mullica.stage_config.json from original name : data/scene_datasets/gibson_semantic/./Mullica.glb| This file does not exist.
[18:56:26:544947]:[Metadata] AbstractObjectAttributesManagerBase.h(184)::createObject : File (data/scene_datasets/gibson_semantic/./Mullica.glb) exists but is not a recognized config filename extension, so new default Stage Template attributes created and registered.
[18:56:26:544956]:[Metadata] AttributesManagerBase.h(380)::createFromJsonOrDefaultInternal : <Stage Template>: Proposing JSON name : data/scene_datasets/gibson_semantic/./Munsons.stage_config.json from original name : data/scene_datasets/gibson_semantic/./Munsons.glb| This file does not exist.
[18:56:26:544993]:[Metadata] AbstractObjectAttributesManagerBase.h(184)::createObject : File (data/scene_datasets/gibson_semantic/./Munsons.glb) exists but is not a recognized config filename extension, so new default Stage Template attributes created and registered.
[18:56:26:545003]:[Metadata] AttributesManagerBase.h(380)::createFromJsonOrDefaultInternal : <Stage Template>: Proposing JSON name : data/scene_datasets/gibson_semantic/./Murchison.stage_config.json from original name : data/scene_datasets/gibson_semantic/./Murchison.glb| This file does not exist.
[18:56:26:545040]:[Metadata] AbstractObjectAttributesManagerBase.h(184)::createObject : File (data/scene_datasets/gibson_semantic/./Murchison.glb) exists but is not a recognized config filename extension, so new default Stage Template attributes created and registered.
[18:56:26:545049]:[Metadata] AttributesManagerBase.h(380)::createFromJsonOrDefaultInternal : <Stage Template>: Proposing JSON name : data/scene_datasets/gibson_semantic/./Musicks.stage_config.json from original name : data/scene_datasets/gibson_semantic/./Musicks.glb| This file does not exist.
[18:56:26:545085]:[Metadata] AbstractObjectAttributesManagerBase.h(184)::createObject : File (data/scene_datasets/gibson_semantic/./Musicks.glb) exists but is not a recognized config filename extension, so new default Stage Template attributes created and registered.
[18:56:26:545095]:[Metadata] AttributesManagerBase.h(380)::createFromJsonOrDefaultInternal : <Stage Template>: Proposing JSON name : data/scene_datasets/gibson_semantic/./Neibert.stage_config.json from original name : data/scene_datasets/gibson_semantic/./Neibert.glb| This file does not exist.
[18:56:26:545132]:[Metadata] AbstractObjectAttributesManagerBase.h(184)::createObject : File (data/scene_datasets/gibson_semantic/./Neibert.glb) exists but is not a recognized config filename extension, so new default Stage Template attributes created and registered.
[18:56:26:545141]:[Metadata] AttributesManagerBase.h(380)::createFromJsonOrDefaultInternal : <Stage Template>: Proposing JSON name : data/scene_datasets/gibson_semantic/./Nemacolin.stage_config.json from original name : data/scene_datasets/gibson_semantic/./Nemacolin.glb| This file does not exist.
[18:56:26:545178]:[Metadata] AbstractObjectAttributesManagerBase.h(184)::createObject : File (data/scene_datasets/gibson_semantic/./Nemacolin.glb) exists but is not a recognized config filename extension, so new default Stage Template attributes created and registered.
[18:56:26:545188]:[Metadata] AttributesManagerBase.h(380)::createFromJsonOrDefaultInternal : <Stage Template>: Proposing JSON name : data/scene_datasets/gibson_semantic/./Neshkoro.stage_config.json from original name : data/scene_datasets/gibson_semantic/./Neshkoro.glb| This file does not exist.
[18:56:26:545224]:[Metadata] AbstractObjectAttributesManagerBase.h(184)::createObject : File (data/scene_datasets/gibson_semantic/./Neshkoro.glb) exists but is not a recognized config filename extension, so new default Stage Template attributes created and registered.
[18:56:26:545233]:[Metadata] AttributesManagerBase.h(380)::createFromJsonOrDefaultInternal : <Stage Template>: Proposing JSON name : data/scene_datasets/gibson_semantic/./Newcomb.stage_config.json from original name : data/scene_datasets/gibson_semantic/./Newcomb.glb| This file does not exist.
[18:56:26:545270]:[Metadata] AbstractObjectAttributesManagerBase.h(184)::createObject : File (data/scene_datasets/gibson_semantic/./Newcomb.glb) exists but is not a recognized config filename extension, so new default Stage Template attributes created and registered.
[18:56:26:545282]:[Metadata] AttributesManagerBase.h(380)::createFromJsonOrDefaultInternal : <Stage Template>: Proposing JSON name : data/scene_datasets/gibson_semantic/./Newfields.stage_config.json from original name : data/scene_datasets/gibson_semantic/./Newfields.glb| This file does not exist.
[18:56:26:545319]:[Metadata] AbstractObjectAttributesManagerBase.h(184)::createObject : File (data/scene_datasets/gibson_semantic/./Newfields.glb) exists but is not a recognized config filename extension, so new default Stage Template attributes created and registered.
[18:56:26:545328]:[Metadata] AttributesManagerBase.h(380)::createFromJsonOrDefaultInternal : <Stage Template>: Proposing JSON name : data/scene_datasets/gibson_semantic/./Nicut.stage_config.json from original name : data/scene_datasets/gibson_semantic/./Nicut.glb| This file does not exist.
[18:56:26:545364]:[Metadata] AbstractObjectAttributesManagerBase.h(184)::createObject : File (data/scene_datasets/gibson_semantic/./Nicut.glb) exists but is not a recognized config filename extension, so new default Stage Template attributes created and registered.
[18:56:26:545374]:[Metadata] AttributesManagerBase.h(380)::createFromJsonOrDefaultInternal : <Stage Template>: Proposing JSON name : data/scene_datasets/gibson_semantic/./Nimmons.stage_config.json from original name : data/scene_datasets/gibson_semantic/./Nimmons.glb| This file does not exist.
[18:56:26:545409]:[Metadata] AbstractObjectAttributesManagerBase.h(184)::createObject : File (data/scene_datasets/gibson_semantic/./Nimmons.glb) exists but is not a recognized config filename extension, so new default Stage Template attributes created and registered.
[18:56:26:545419]:[Metadata] AttributesManagerBase.h(380)::createFromJsonOrDefaultInternal : <Stage Template>: Proposing JSON name : data/scene_datasets/gibson_semantic/./Noonday.stage_config.json from original name : data/scene_datasets/gibson_semantic/./Noonday.glb| This file does not exist.
[18:56:26:545456]:[Metadata] AbstractObjectAttributesManagerBase.h(184)::createObject : File (data/scene_datasets/gibson_semantic/./Noonday.glb) exists but is not a recognized config filename extension, so new default Stage Template attributes created and registered.
[18:56:26:545465]:[Metadata] AttributesManagerBase.h(380)::createFromJsonOrDefaultInternal : <Stage Template>: Proposing JSON name : data/scene_datasets/gibson_semantic/./Northgate.stage_config.json from original name : data/scene_datasets/gibson_semantic/./Northgate.glb| This file does not exist.
[18:56:26:545502]:[Metadata] AbstractObjectAttributesManagerBase.h(184)::createObject : File (data/scene_datasets/gibson_semantic/./Northgate.glb) exists but is not a recognized config filename extension, so new default Stage Template attributes created and registered.
[18:56:26:545512]:[Metadata] AttributesManagerBase.h(380)::createFromJsonOrDefaultInternal : <Stage Template>: Proposing JSON name : data/scene_datasets/gibson_semantic/./Nuevo.stage_config.json from original name : data/scene_datasets/gibson_semantic/./Nuevo.glb| This file does not exist.
[18:56:26:545548]:[Metadata] AbstractObjectAttributesManagerBase.h(184)::createObject : File (data/scene_datasets/gibson_semantic/./Nuevo.glb) exists but is not a recognized config filename extension, so new default Stage Template attributes created and registered.
[18:56:26:545557]:[Metadata] AttributesManagerBase.h(380)::createFromJsonOrDefaultInternal : <Stage Template>: Proposing JSON name : data/scene_datasets/gibson_semantic/./Ogilvie.stage_config.json from original name : data/scene_datasets/gibson_semantic/./Ogilvie.glb| This file does not exist.
[18:56:26:545594]:[Metadata] AbstractObjectAttributesManagerBase.h(184)::createObject : File (data/scene_datasets/gibson_semantic/./Ogilvie.glb) exists but is not a recognized config filename extension, so new default Stage Template attributes created and registered.
[18:56:26:545604]:[Metadata] AttributesManagerBase.h(380)::createFromJsonOrDefaultInternal : <Stage Template>: Proposing JSON name : data/scene_datasets/gibson_semantic/./Okabena.stage_config.json from original name : data/scene_datasets/gibson_semantic/./Okabena.glb| This file does not exist.
[18:56:26:545639]:[Metadata] AbstractObjectAttributesManagerBase.h(184)::createObject : File (data/scene_datasets/gibson_semantic/./Okabena.glb) exists but is not a recognized config filename extension, so new default Stage Template attributes created and registered.
[18:56:26:545648]:[Metadata] AttributesManagerBase.h(380)::createFromJsonOrDefaultInternal : <Stage Template>: Proposing JSON name : data/scene_datasets/gibson_semantic/./Onaga.stage_config.json from original name : data/scene_datasets/gibson_semantic/./Onaga.glb| This file does not exist.
[18:56:26:545684]:[Metadata] AbstractObjectAttributesManagerBase.h(184)::createObject : File (data/scene_datasets/gibson_semantic/./Onaga.glb) exists but is not a recognized config filename extension, so new default Stage Template attributes created and registered.
[18:56:26:545694]:[Metadata] AttributesManagerBase.h(380)::createFromJsonOrDefaultInternal : <Stage Template>: Proposing JSON name : data/scene_datasets/gibson_semantic/./Ooltewah.stage_config.json from original name : data/scene_datasets/gibson_semantic/./Ooltewah.glb| This file does not exist.
[18:56:26:545731]:[Metadata] AbstractObjectAttributesManagerBase.h(184)::createObject : File (data/scene_datasets/gibson_semantic/./Ooltewah.glb) exists but is not a recognized config filename extension, so new default Stage Template attributes created and registered.
[18:56:26:545740]:[Metadata] AttributesManagerBase.h(380)::createFromJsonOrDefaultInternal : <Stage Template>: Proposing JSON name : data/scene_datasets/gibson_semantic/./Ophir.stage_config.json from original name : data/scene_datasets/gibson_semantic/./Ophir.glb| This file does not exist.
[18:56:26:545776]:[Metadata] AbstractObjectAttributesManagerBase.h(184)::createObject : File (data/scene_datasets/gibson_semantic/./Ophir.glb) exists but is not a recognized config filename extension, so new default Stage Template attributes created and registered.
[18:56:26:545786]:[Metadata] AttributesManagerBase.h(380)::createFromJsonOrDefaultInternal : <Stage Template>: Proposing JSON name : data/scene_datasets/gibson_semantic/./Orangeburg.stage_config.json from original name : data/scene_datasets/gibson_semantic/./Orangeburg.glb| This file does not exist.
[18:56:26:545821]:[Metadata] AbstractObjectAttributesManagerBase.h(184)::createObject : File (data/scene_datasets/gibson_semantic/./Orangeburg.glb) exists but is not a recognized config filename extension, so new default Stage Template attributes created and registered.
[18:56:26:545831]:[Metadata] AttributesManagerBase.h(380)::createFromJsonOrDefaultInternal : <Stage Template>: Proposing JSON name : data/scene_datasets/gibson_semantic/./Orason.stage_config.json from original name : data/scene_datasets/gibson_semantic/./Orason.glb| This file does not exist.
[18:56:26:545868]:[Metadata] AbstractObjectAttributesManagerBase.h(184)::createObject : File (data/scene_datasets/gibson_semantic/./Orason.glb) exists but is not a recognized config filename extension, so new default Stage Template attributes created and registered.
[18:56:26:545878]:[Metadata] AttributesManagerBase.h(380)::createFromJsonOrDefaultInternal : <Stage Template>: Proposing JSON name : data/scene_datasets/gibson_semantic/./Oriole.stage_config.json from original name : data/scene_datasets/gibson_semantic/./Oriole.glb| This file does not exist.
[18:56:26:545914]:[Metadata] AbstractObjectAttributesManagerBase.h(184)::createObject : File (data/scene_datasets/gibson_semantic/./Oriole.glb) exists but is not a recognized config filename extension, so new default Stage Template attributes created and registered.
[18:56:26:545923]:[Metadata] AttributesManagerBase.h(380)::createFromJsonOrDefaultInternal : <Stage Template>: Proposing JSON name : data/scene_datasets/gibson_semantic/./Ossipee.stage_config.json from original name : data/scene_datasets/gibson_semantic/./Ossipee.glb| This file does not exist.
[18:56:26:545960]:[Metadata] AbstractObjectAttributesManagerBase.h(184)::createObject : File (data/scene_datasets/gibson_semantic/./Ossipee.glb) exists but is not a recognized config filename extension, so new default Stage Template attributes created and registered.
[18:56:26:545971]:[Metadata] AttributesManagerBase.h(380)::createFromJsonOrDefaultInternal : <Stage Template>: Proposing JSON name : data/scene_datasets/gibson_semantic/./Ovalo.stage_config.json from original name : data/scene_datasets/gibson_semantic/./Ovalo.glb| This file does not exist.
[18:56:26:546007]:[Metadata] AbstractObjectAttributesManagerBase.h(184)::createObject : File (data/scene_datasets/gibson_semantic/./Ovalo.glb) exists but is not a recognized config filename extension, so new default Stage Template attributes created and registered.
[18:56:26:546017]:[Metadata] AttributesManagerBase.h(380)::createFromJsonOrDefaultInternal : <Stage Template>: Proposing JSON name : data/scene_datasets/gibson_semantic/./Oyens.stage_config.json from original name : data/scene_datasets/gibson_semantic/./Oyens.glb| This file does not exist.
[18:56:26:546053]:[Metadata] AbstractObjectAttributesManagerBase.h(184)::createObject : File (data/scene_datasets/gibson_semantic/./Oyens.glb) exists but is not a recognized config filename extension, so new default Stage Template attributes created and registered.
[18:56:26:546062]:[Metadata] AttributesManagerBase.h(380)::createFromJsonOrDefaultInternal : <Stage Template>: Proposing JSON name : data/scene_datasets/gibson_semantic/./Pablo.stage_config.json from original name : data/scene_datasets/gibson_semantic/./Pablo.glb| This file does not exist.
[18:56:26:546099]:[Metadata] AbstractObjectAttributesManagerBase.h(184)::createObject : File (data/scene_datasets/gibson_semantic/./Pablo.glb) exists but is not a recognized config filename extension, so new default Stage Template attributes created and registered.
[18:56:26:546108]:[Metadata] AttributesManagerBase.h(380)::createFromJsonOrDefaultInternal : <Stage Template>: Proposing JSON name : data/scene_datasets/gibson_semantic/./Pamelia.stage_config.json from original name : data/scene_datasets/gibson_semantic/./Pamelia.glb| This file does not exist.
[18:56:26:546143]:[Metadata] AbstractObjectAttributesManagerBase.h(184)::createObject : File (data/scene_datasets/gibson_semantic/./Pamelia.glb) exists but is not a recognized config filename extension, so new default Stage Template attributes created and registered.
[18:56:26:546153]:[Metadata] AttributesManagerBase.h(380)::createFromJsonOrDefaultInternal : <Stage Template>: Proposing JSON name : data/scene_datasets/gibson_semantic/./Parole.stage_config.json from original name : data/scene_datasets/gibson_semantic/./Parole.glb| This file does not exist.
[18:56:26:546191]:[Metadata] AbstractObjectAttributesManagerBase.h(184)::createObject : File (data/scene_datasets/gibson_semantic/./Parole.glb) exists but is not a recognized config filename extension, so new default Stage Template attributes created and registered.
[18:56:26:546201]:[Metadata] AttributesManagerBase.h(380)::createFromJsonOrDefaultInternal : <Stage Template>: Proposing JSON name : data/scene_datasets/gibson_semantic/./Pasatiempo.stage_config.json from original name : data/scene_datasets/gibson_semantic/./Pasatiempo.glb| This file does not exist.
[18:56:26:546237]:[Metadata] AbstractObjectAttributesManagerBase.h(184)::createObject : File (data/scene_datasets/gibson_semantic/./Pasatiempo.glb) exists but is not a recognized config filename extension, so new default Stage Template attributes created and registered.
[18:56:26:546247]:[Metadata] AttributesManagerBase.h(380)::createFromJsonOrDefaultInternal : <Stage Template>: Proposing JSON name : data/scene_datasets/gibson_semantic/./Peacock.stage_config.json from original name : data/scene_datasets/gibson_semantic/./Peacock.glb| This file does not exist.
[18:56:26:546283]:[Metadata] AbstractObjectAttributesManagerBase.h(184)::createObject : File (data/scene_datasets/gibson_semantic/./Peacock.glb) exists but is not a recognized config filename extension, so new default Stage Template attributes created and registered.
[18:56:26:546292]:[Metadata] AttributesManagerBase.h(380)::createFromJsonOrDefaultInternal : <Stage Template>: Proposing JSON name : data/scene_datasets/gibson_semantic/./Pearce.stage_config.json from original name : data/scene_datasets/gibson_semantic/./Pearce.glb| This file does not exist.
[18:56:26:546328]:[Metadata] AbstractObjectAttributesManagerBase.h(184)::createObject : File (data/scene_datasets/gibson_semantic/./Pearce.glb) exists but is not a recognized config filename extension, so new default Stage Template attributes created and registered.
[18:56:26:546338]:[Metadata] AttributesManagerBase.h(380)::createFromJsonOrDefaultInternal : <Stage Template>: Proposing JSON name : data/scene_datasets/gibson_semantic/./Peden.stage_config.json from original name : data/scene_datasets/gibson_semantic/./Peden.glb| This file does not exist.
[18:56:26:546374]:[Metadata] AbstractObjectAttributesManagerBase.h(184)::createObject : File (data/scene_datasets/gibson_semantic/./Peden.glb) exists but is not a recognized config filename extension, so new default Stage Template attributes created and registered.
[18:56:26:546383]:[Metadata] AttributesManagerBase.h(380)::createFromJsonOrDefaultInternal : <Stage Template>: Proposing JSON name : data/scene_datasets/gibson_semantic/./Pettigrew.stage_config.json from original name : data/scene_datasets/gibson_semantic/./Pettigrew.glb| This file does not exist.
[18:56:26:546421]:[Metadata] AbstractObjectAttributesManagerBase.h(184)::createObject : File (data/scene_datasets/gibson_semantic/./Pettigrew.glb) exists but is not a recognized config filename extension, so new default Stage Template attributes created and registered.
[18:56:26:546431]:[Metadata] AttributesManagerBase.h(380)::createFromJsonOrDefaultInternal : <Stage Template>: Proposing JSON name : data/scene_datasets/gibson_semantic/./Pinesdale.stage_config.json from original name : data/scene_datasets/gibson_semantic/./Pinesdale.glb| This file does not exist.
[18:56:26:546466]:[Metadata] AbstractObjectAttributesManagerBase.h(184)::createObject : File (data/scene_datasets/gibson_semantic/./Pinesdale.glb) exists but is not a recognized config filename extension, so new default Stage Template attributes created and registered.
[18:56:26:546475]:[Metadata] AttributesManagerBase.h(380)::createFromJsonOrDefaultInternal : <Stage Template>: Proposing JSON name : data/scene_datasets/gibson_semantic/./Pittsburg.stage_config.json from original name : data/scene_datasets/gibson_semantic/./Pittsburg.glb| This file does not exist.
[18:56:26:546514]:[Metadata] AbstractObjectAttributesManagerBase.h(184)::createObject : File (data/scene_datasets/gibson_semantic/./Pittsburg.glb) exists but is not a recognized config filename extension, so new default Stage Template attributes created and registered.
[18:56:26:546523]:[Metadata] AttributesManagerBase.h(380)::createFromJsonOrDefaultInternal : <Stage Template>: Proposing JSON name : data/scene_datasets/gibson_semantic/./Placida.stage_config.json from original name : data/scene_datasets/gibson_semantic/./Placida.glb| This file does not exist.
[18:56:26:546558]:[Metadata] AbstractObjectAttributesManagerBase.h(184)::createObject : File (data/scene_datasets/gibson_semantic/./Placida.glb) exists but is not a recognized config filename extension, so new default Stage Template attributes created and registered.
[18:56:26:546568]:[Metadata] AttributesManagerBase.h(380)::createFromJsonOrDefaultInternal : <Stage Template>: Proposing JSON name : data/scene_datasets/gibson_semantic/./Pleasant.stage_config.json from original name : data/scene_datasets/gibson_semantic/./Pleasant.glb| This file does not exist.
[18:56:26:546609]:[Metadata] AbstractObjectAttributesManagerBase.h(184)::createObject : File (data/scene_datasets/gibson_semantic/./Pleasant.glb) exists but is not a recognized config filename extension, so new default Stage Template attributes created and registered.
[18:56:26:546620]:[Metadata] AttributesManagerBase.h(380)::createFromJsonOrDefaultInternal : <Stage Template>: Proposing JSON name : data/scene_datasets/gibson_semantic/./Plumerville.stage_config.json from original name : data/scene_datasets/gibson_semantic/./Plumerville.glb| This file does not exist.
[18:56:26:546672]:[Metadata] AbstractObjectAttributesManagerBase.h(184)::createObject : File (data/scene_datasets/gibson_semantic/./Plumerville.glb) exists but is not a recognized config filename extension, so new default Stage Template attributes created and registered.
[18:56:26:546682]:[Metadata] AttributesManagerBase.h(380)::createFromJsonOrDefaultInternal : <Stage Template>: Proposing JSON name : data/scene_datasets/gibson_semantic/./Pocasset.stage_config.json from original name : data/scene_datasets/gibson_semantic/./Pocasset.glb| This file does not exist.
[18:56:26:546728]:[Metadata] AbstractObjectAttributesManagerBase.h(184)::createObject : File (data/scene_datasets/gibson_semantic/./Pocasset.glb) exists but is not a recognized config filename extension, so new default Stage Template attributes created and registered.
[18:56:26:546738]:[Metadata] AttributesManagerBase.h(380)::createFromJsonOrDefaultInternal : <Stage Template>: Proposing JSON name : data/scene_datasets/gibson_semantic/./Pocopson.stage_config.json from original name : data/scene_datasets/gibson_semantic/./Pocopson.glb| This file does not exist.
[18:56:26:546781]:[Metadata] AbstractObjectAttributesManagerBase.h(184)::createObject : File (data/scene_datasets/gibson_semantic/./Pocopson.glb) exists but is not a recognized config filename extension, so new default Stage Template attributes created and registered.
[18:56:26:546791]:[Metadata] AttributesManagerBase.h(380)::createFromJsonOrDefaultInternal : <Stage Template>: Proposing JSON name : data/scene_datasets/gibson_semantic/./Pomaria.stage_config.json from original name : data/scene_datasets/gibson_semantic/./Pomaria.glb| This file does not exist.
[18:56:26:546828]:[Metadata] AbstractObjectAttributesManagerBase.h(184)::createObject : File (data/scene_datasets/gibson_semantic/./Pomaria.glb) exists but is not a recognized config filename extension, so new default Stage Template attributes created and registered.
[18:56:26:546839]:[Metadata] AttributesManagerBase.h(380)::createFromJsonOrDefaultInternal : <Stage Template>: Proposing JSON name : data/scene_datasets/gibson_semantic/./Portal.stage_config.json from original name : data/scene_datasets/gibson_semantic/./Portal.glb| This file does not exist.
[18:56:26:546879]:[Metadata] AbstractObjectAttributesManagerBase.h(184)::createObject : File (data/scene_datasets/gibson_semantic/./Portal.glb) exists but is not a recognized config filename extension, so new default Stage Template attributes created and registered.
[18:56:26:546889]:[Metadata] AttributesManagerBase.h(380)::createFromJsonOrDefaultInternal : <Stage Template>: Proposing JSON name : data/scene_datasets/gibson_semantic/./Portola.stage_config.json from original name : data/scene_datasets/gibson_semantic/./Portola.glb| This file does not exist.
[18:56:26:546929]:[Metadata] AbstractObjectAttributesManagerBase.h(184)::createObject : File (data/scene_datasets/gibson_semantic/./Portola.glb) exists but is not a recognized config filename extension, so new default Stage Template attributes created and registered.
[18:56:26:546939]:[Metadata] AttributesManagerBase.h(380)::createFromJsonOrDefaultInternal : <Stage Template>: Proposing JSON name : data/scene_datasets/gibson_semantic/./Potosi.stage_config.json from original name : data/scene_datasets/gibson_semantic/./Potosi.glb| This file does not exist.
[18:56:26:546980]:[Metadata] AbstractObjectAttributesManagerBase.h(184)::createObject : File (data/scene_datasets/gibson_semantic/./Potosi.glb) exists but is not a recognized config filename extension, so new default Stage Template attributes created and registered.
[18:56:26:546989]:[Metadata] AttributesManagerBase.h(380)::createFromJsonOrDefaultInternal : <Stage Template>: Proposing JSON name : data/scene_datasets/gibson_semantic/./Potterville.stage_config.json from original name : data/scene_datasets/gibson_semantic/./Potterville.glb| This file does not exist.
[18:56:26:547032]:[Metadata] AbstractObjectAttributesManagerBase.h(184)::createObject : File (data/scene_datasets/gibson_semantic/./Potterville.glb) exists but is not a recognized config filename extension, so new default Stage Template attributes created and registered.
[18:56:26:547042]:[Metadata] AttributesManagerBase.h(380)::createFromJsonOrDefaultInternal : <Stage Template>: Proposing JSON name : data/scene_datasets/gibson_semantic/./Poyen.stage_config.json from original name : data/scene_datasets/gibson_semantic/./Poyen.glb| This file does not exist.
[18:56:26:547087]:[Metadata] AbstractObjectAttributesManagerBase.h(184)::createObject : File (data/scene_datasets/gibson_semantic/./Poyen.glb) exists but is not a recognized config filename extension, so new default Stage Template attributes created and registered.
[18:56:26:547097]:[Metadata] AttributesManagerBase.h(380)::createFromJsonOrDefaultInternal : <Stage Template>: Proposing JSON name : data/scene_datasets/gibson_semantic/./Quantico.stage_config.json from original name : data/scene_datasets/gibson_semantic/./Quantico.glb| This file does not exist.
[18:56:26:547142]:[Metadata] AbstractObjectAttributesManagerBase.h(184)::createObject : File (data/scene_datasets/gibson_semantic/./Quantico.glb) exists but is not a recognized config filename extension, so new default Stage Template attributes created and registered.
[18:56:26:547152]:[Metadata] AttributesManagerBase.h(380)::createFromJsonOrDefaultInternal : <Stage Template>: Proposing JSON name : data/scene_datasets/gibson_semantic/./Ranchester.stage_config.json from original name : data/scene_datasets/gibson_semantic/./Ranchester.glb| This file does not exist.
[18:56:26:547193]:[Metadata] AbstractObjectAttributesManagerBase.h(184)::createObject : File (data/scene_datasets/gibson_semantic/./Ranchester.glb) exists but is not a recognized config filename extension, so new default Stage Template attributes created and registered.
[18:56:26:547204]:[Metadata] AttributesManagerBase.h(380)::createFromJsonOrDefaultInternal : <Stage Template>: Proposing JSON name : data/scene_datasets/gibson_semantic/./Rancocas.stage_config.json from original name : data/scene_datasets/gibson_semantic/./Rancocas.glb| This file does not exist.
[18:56:26:547244]:[Metadata] AbstractObjectAttributesManagerBase.h(184)::createObject : File (data/scene_datasets/gibson_semantic/./Rancocas.glb) exists but is not a recognized config filename extension, so new default Stage Template attributes created and registered.
[18:56:26:547254]:[Metadata] AttributesManagerBase.h(380)::createFromJsonOrDefaultInternal : <Stage Template>: Proposing JSON name : data/scene_datasets/gibson_semantic/./Random.stage_config.json from original name : data/scene_datasets/gibson_semantic/./Random.glb| This file does not exist.
[18:56:26:547298]:[Metadata] AbstractObjectAttributesManagerBase.h(184)::createObject : File (data/scene_datasets/gibson_semantic/./Random.glb) exists but is not a recognized config filename extension, so new default Stage Template attributes created and registered.
[18:56:26:547308]:[Metadata] AttributesManagerBase.h(380)::createFromJsonOrDefaultInternal : <Stage Template>: Proposing JSON name : data/scene_datasets/gibson_semantic/./Readsboro.stage_config.json from original name : data/scene_datasets/gibson_semantic/./Readsboro.glb| This file does not exist.
[18:56:26:547351]:[Metadata] AbstractObjectAttributesManagerBase.h(184)::createObject : File (data/scene_datasets/gibson_semantic/./Readsboro.glb) exists but is not a recognized config filename extension, so new default Stage Template attributes created and registered.
[18:56:26:547361]:[Metadata] AttributesManagerBase.h(380)::createFromJsonOrDefaultInternal : <Stage Template>: Proposing JSON name : data/scene_datasets/gibson_semantic/./Redbank.stage_config.json from original name : data/scene_datasets/gibson_semantic/./Redbank.glb| This file does not exist.
[18:56:26:547402]:[Metadata] AbstractObjectAttributesManagerBase.h(184)::createObject : File (data/scene_datasets/gibson_semantic/./Redbank.glb) exists but is not a recognized config filename extension, so new default Stage Template attributes created and registered.
[18:56:26:547412]:[Metadata] AttributesManagerBase.h(380)::createFromJsonOrDefaultInternal : <Stage Template>: Proposing JSON name : data/scene_datasets/gibson_semantic/./Reserve.stage_config.json from original name : data/scene_datasets/gibson_semantic/./Reserve.glb| This file does not exist.
[18:56:26:547457]:[Metadata] AbstractObjectAttributesManagerBase.h(184)::createObject : File (data/scene_datasets/gibson_semantic/./Reserve.glb) exists but is not a recognized config filename extension, so new default Stage Template attributes created and registered.
[18:56:26:547467]:[Metadata] AttributesManagerBase.h(380)::createFromJsonOrDefaultInternal : <Stage Template>: Proposing JSON name : data/scene_datasets/gibson_semantic/./Retsof.stage_config.json from original name : data/scene_datasets/gibson_semantic/./Retsof.glb| This file does not exist.
[18:56:26:547512]:[Metadata] AbstractObjectAttributesManagerBase.h(184)::createObject : File (data/scene_datasets/gibson_semantic/./Retsof.glb) exists but is not a recognized config filename extension, so new default Stage Template attributes created and registered.
[18:56:26:547522]:[Metadata] AttributesManagerBase.h(380)::createFromJsonOrDefaultInternal : <Stage Template>: Proposing JSON name : data/scene_datasets/gibson_semantic/./Reyno.stage_config.json from original name : data/scene_datasets/gibson_semantic/./Reyno.glb| This file does not exist.
[18:56:26:547565]:[Metadata] AbstractObjectAttributesManagerBase.h(184)::createObject : File (data/scene_datasets/gibson_semantic/./Reyno.glb) exists but is not a recognized config filename extension, so new default Stage Template attributes created and registered.
[18:56:26:547576]:[Metadata] AttributesManagerBase.h(380)::createFromJsonOrDefaultInternal : <Stage Template>: Proposing JSON name : data/scene_datasets/gibson_semantic/./Ribera.stage_config.json from original name : data/scene_datasets/gibson_semantic/./Ribera.glb| This file does not exist.
[18:56:26:547620]:[Metadata] AbstractObjectAttributesManagerBase.h(184)::createObject : File (data/scene_datasets/gibson_semantic/./Ribera.glb) exists but is not a recognized config filename extension, so new default Stage Template attributes created and registered.
[18:56:26:547631]:[Metadata] AttributesManagerBase.h(380)::createFromJsonOrDefaultInternal : <Stage Template>: Proposing JSON name : data/scene_datasets/gibson_semantic/./Roane.stage_config.json from original name : data/scene_datasets/gibson_semantic/./Roane.glb| This file does not exist.
[18:56:26:547671]:[Metadata] AbstractObjectAttributesManagerBase.h(184)::createObject : File (data/scene_datasets/gibson_semantic/./Roane.glb) exists but is not a recognized config filename extension, so new default Stage Template attributes created and registered.
[18:56:26:547681]:[Metadata] AttributesManagerBase.h(380)::createFromJsonOrDefaultInternal : <Stage Template>: Proposing JSON name : data/scene_datasets/gibson_semantic/./Roeville.stage_config.json from original name : data/scene_datasets/gibson_semantic/./Roeville.glb| This file does not exist.
[18:56:26:547724]:[Metadata] AbstractObjectAttributesManagerBase.h(184)::createObject : File (data/scene_datasets/gibson_semantic/./Roeville.glb) exists but is not a recognized config filename extension, so new default Stage Template attributes created and registered.
[18:56:26:547734]:[Metadata] AttributesManagerBase.h(380)::createFromJsonOrDefaultInternal : <Stage Template>: Proposing JSON name : data/scene_datasets/gibson_semantic/./Rogue.stage_config.json from original name : data/scene_datasets/gibson_semantic/./Rogue.glb| This file does not exist.
[18:56:26:547774]:[Metadata] AbstractObjectAttributesManagerBase.h(184)::createObject : File (data/scene_datasets/gibson_semantic/./Rogue.glb) exists but is not a recognized config filename extension, so new default Stage Template attributes created and registered.
[18:56:26:547784]:[Metadata] AttributesManagerBase.h(380)::createFromJsonOrDefaultInternal : <Stage Template>: Proposing JSON name : data/scene_datasets/gibson_semantic/./Rosser.stage_config.json from original name : data/scene_datasets/gibson_semantic/./Rosser.glb| This file does not exist.
[18:56:26:547827]:[Metadata] AbstractObjectAttributesManagerBase.h(184)::createObject : File (data/scene_datasets/gibson_semantic/./Rosser.glb) exists but is not a recognized config filename extension, so new default Stage Template attributes created and registered.
[18:56:26:547838]:[Metadata] AttributesManagerBase.h(380)::createFromJsonOrDefaultInternal : <Stage Template>: Proposing JSON name : data/scene_datasets/gibson_semantic/./Rough.stage_config.json from original name : data/scene_datasets/gibson_semantic/./Rough.glb| This file does not exist.
[18:56:26:547882]:[Metadata] AbstractObjectAttributesManagerBase.h(184)::createObject : File (data/scene_datasets/gibson_semantic/./Rough.glb) exists but is not a recognized config filename extension, so new default Stage Template attributes created and registered.
[18:56:26:547892]:[Metadata] AttributesManagerBase.h(380)::createFromJsonOrDefaultInternal : <Stage Template>: Proposing JSON name : data/scene_datasets/gibson_semantic/./Roxboro.stage_config.json from original name : data/scene_datasets/gibson_semantic/./Roxboro.glb| This file does not exist.
[18:56:26:547939]:[Metadata] AbstractObjectAttributesManagerBase.h(184)::createObject : File (data/scene_datasets/gibson_semantic/./Roxboro.glb) exists but is not a recognized config filename extension, so new default Stage Template attributes created and registered.
[18:56:26:547950]:[Metadata] AttributesManagerBase.h(380)::createFromJsonOrDefaultInternal : <Stage Template>: Proposing JSON name : data/scene_datasets/gibson_semantic/./Ruckersville.stage_config.json from original name : data/scene_datasets/gibson_semantic/./Ruckersville.glb| This file does not exist.
[18:56:26:547992]:[Metadata] AbstractObjectAttributesManagerBase.h(184)::createObject : File (data/scene_datasets/gibson_semantic/./Ruckersville.glb) exists but is not a recognized config filename extension, so new default Stage Template attributes created and registered.
[18:56:26:548002]:[Metadata] AttributesManagerBase.h(380)::createFromJsonOrDefaultInternal : <Stage Template>: Proposing JSON name : data/scene_datasets/gibson_semantic/./Rutherford.stage_config.json from original name : data/scene_datasets/gibson_semantic/./Rutherford.glb| This file does not exist.
[18:56:26:548042]:[Metadata] AbstractObjectAttributesManagerBase.h(184)::createObject : File (data/scene_datasets/gibson_semantic/./Rutherford.glb) exists but is not a recognized config filename extension, so new default Stage Template attributes created and registered.
[18:56:26:548052]:[Metadata] AttributesManagerBase.h(380)::createFromJsonOrDefaultInternal : <Stage Template>: Proposing JSON name : data/scene_datasets/gibson_semantic/./Sagerton.stage_config.json from original name : data/scene_datasets/gibson_semantic/./Sagerton.glb| This file does not exist.
[18:56:26:548094]:[Metadata] AbstractObjectAttributesManagerBase.h(184)::createObject : File (data/scene_datasets/gibson_semantic/./Sagerton.glb) exists but is not a recognized config filename extension, so new default Stage Template attributes created and registered.
[18:56:26:548104]:[Metadata] AttributesManagerBase.h(380)::createFromJsonOrDefaultInternal : <Stage Template>: Proposing JSON name : data/scene_datasets/gibson_semantic/./Sanctuary.stage_config.json from original name : data/scene_datasets/gibson_semantic/./Sanctuary.glb| This file does not exist.
[18:56:26:548144]:[Metadata] AbstractObjectAttributesManagerBase.h(184)::createObject : File (data/scene_datasets/gibson_semantic/./Sanctuary.glb) exists but is not a recognized config filename extension, so new default Stage Template attributes created and registered.
[18:56:26:548154]:[Metadata] AttributesManagerBase.h(380)::createFromJsonOrDefaultInternal : <Stage Template>: Proposing JSON name : data/scene_datasets/gibson_semantic/./Sands.stage_config.json from original name : data/scene_datasets/gibson_semantic/./Sands.glb| This file does not exist.
[18:56:26:548194]:[Metadata] AbstractObjectAttributesManagerBase.h(184)::createObject : File (data/scene_datasets/gibson_semantic/./Sands.glb) exists but is not a recognized config filename extension, so new default Stage Template attributes created and registered.
[18:56:26:548205]:[Metadata] AttributesManagerBase.h(380)::createFromJsonOrDefaultInternal : <Stage Template>: Proposing JSON name : data/scene_datasets/gibson_semantic/./Sarcoxie.stage_config.json from original name : data/scene_datasets/gibson_semantic/./Sarcoxie.glb| This file does not exist.
[18:56:26:548250]:[Metadata] AbstractObjectAttributesManagerBase.h(184)::createObject : File (data/scene_datasets/gibson_semantic/./Sarcoxie.glb) exists but is not a recognized config filename extension, so new default Stage Template attributes created and registered.
[18:56:26:548260]:[Metadata] AttributesManagerBase.h(380)::createFromJsonOrDefaultInternal : <Stage Template>: Proposing JSON name : data/scene_datasets/gibson_semantic/./Sargents.stage_config.json from original name : data/scene_datasets/gibson_semantic/./Sargents.glb| This file does not exist.
[18:56:26:548304]:[Metadata] AbstractObjectAttributesManagerBase.h(184)::createObject : File (data/scene_datasets/gibson_semantic/./Sargents.glb) exists but is not a recognized config filename extension, so new default Stage Template attributes created and registered.
[18:56:26:548314]:[Metadata] AttributesManagerBase.h(380)::createFromJsonOrDefaultInternal : <Stage Template>: Proposing JSON name : data/scene_datasets/gibson_semantic/./Sasakwa.stage_config.json from original name : data/scene_datasets/gibson_semantic/./Sasakwa.glb| This file does not exist.
[18:56:26:548356]:[Metadata] AbstractObjectAttributesManagerBase.h(184)::createObject : File (data/scene_datasets/gibson_semantic/./Sasakwa.glb) exists but is not a recognized config filename extension, so new default Stage Template attributes created and registered.
[18:56:26:548366]:[Metadata] AttributesManagerBase.h(380)::createFromJsonOrDefaultInternal : <Stage Template>: Proposing JSON name : data/scene_datasets/gibson_semantic/./Sawpit.stage_config.json from original name : data/scene_datasets/gibson_semantic/./Sawpit.glb| This file does not exist.
[18:56:26:548407]:[Metadata] AbstractObjectAttributesManagerBase.h(184)::createObject : File (data/scene_datasets/gibson_semantic/./Sawpit.glb) exists but is not a recognized config filename extension, so new default Stage Template attributes created and registered.
[18:56:26:548417]:[Metadata] AttributesManagerBase.h(380)::createFromJsonOrDefaultInternal : <Stage Template>: Proposing JSON name : data/scene_datasets/gibson_semantic/./Scandinavia.stage_config.json from original name : data/scene_datasets/gibson_semantic/./Scandinavia.glb| This file does not exist.
[18:56:26:548457]:[Metadata] AbstractObjectAttributesManagerBase.h(184)::createObject : File (data/scene_datasets/gibson_semantic/./Scandinavia.glb) exists but is not a recognized config filename extension, so new default Stage Template attributes created and registered.
[18:56:26:548467]:[Metadata] AttributesManagerBase.h(380)::createFromJsonOrDefaultInternal : <Stage Template>: Proposing JSON name : data/scene_datasets/gibson_semantic/./Schiller.stage_config.json from original name : data/scene_datasets/gibson_semantic/./Schiller.glb| This file does not exist.
[18:56:26:548508]:[Metadata] AbstractObjectAttributesManagerBase.h(184)::createObject : File (data/scene_datasets/gibson_semantic/./Schiller.glb) exists but is not a recognized config filename extension, so new default Stage Template attributes created and registered.
[18:56:26:548517]:[Metadata] AttributesManagerBase.h(380)::createFromJsonOrDefaultInternal : <Stage Template>: Proposing JSON name : data/scene_datasets/gibson_semantic/./Schoolcraft.stage_config.json from original name : data/scene_datasets/gibson_semantic/./Schoolcraft.glb| This file does not exist.
[18:56:26:548562]:[Metadata] AbstractObjectAttributesManagerBase.h(184)::createObject : File (data/scene_datasets/gibson_semantic/./Schoolcraft.glb) exists but is not a recognized config filename extension, so new default Stage Template attributes created and registered.
[18:56:26:548572]:[Metadata] AttributesManagerBase.h(380)::createFromJsonOrDefaultInternal : <Stage Template>: Proposing JSON name : data/scene_datasets/gibson_semantic/./Scioto.stage_config.json from original name : data/scene_datasets/gibson_semantic/./Scioto.glb| This file does not exist.
[18:56:26:548614]:[Metadata] AbstractObjectAttributesManagerBase.h(184)::createObject : File (data/scene_datasets/gibson_semantic/./Scioto.glb) exists but is not a recognized config filename extension, so new default Stage Template attributes created and registered.
[18:56:26:548624]:[Metadata] AttributesManagerBase.h(380)::createFromJsonOrDefaultInternal : <Stage Template>: Proposing JSON name : data/scene_datasets/gibson_semantic/./Scottsmoor.stage_config.json from original name : data/scene_datasets/gibson_semantic/./Scottsmoor.glb| This file does not exist.
[18:56:26:548668]:[Metadata] AbstractObjectAttributesManagerBase.h(184)::createObject : File (data/scene_datasets/gibson_semantic/./Scottsmoor.glb) exists but is not a recognized config filename extension, so new default Stage Template attributes created and registered.
[18:56:26:548678]:[Metadata] AttributesManagerBase.h(380)::createFromJsonOrDefaultInternal : <Stage Template>: Proposing JSON name : data/scene_datasets/gibson_semantic/./Seatonville.stage_config.json from original name : data/scene_datasets/gibson_semantic/./Seatonville.glb| This file does not exist.
[18:56:26:548723]:[Metadata] AbstractObjectAttributesManagerBase.h(184)::createObject : File (data/scene_datasets/gibson_semantic/./Seatonville.glb) exists but is not a recognized config filename extension, so new default Stage Template attributes created and registered.
[18:56:26:548733]:[Metadata] AttributesManagerBase.h(380)::createFromJsonOrDefaultInternal : <Stage Template>: Proposing JSON name : data/scene_datasets/gibson_semantic/./Seeley.stage_config.json from original name : data/scene_datasets/gibson_semantic/./Seeley.glb| This file does not exist.
[18:56:26:548775]:[Metadata] AbstractObjectAttributesManagerBase.h(184)::createObject : File (data/scene_datasets/gibson_semantic/./Seeley.glb) exists but is not a recognized config filename extension, so new default Stage Template attributes created and registered.
[18:56:26:548786]:[Metadata] AttributesManagerBase.h(380)::createFromJsonOrDefaultInternal : <Stage Template>: Proposing JSON name : data/scene_datasets/gibson_semantic/./Seiling.stage_config.json from original name : data/scene_datasets/gibson_semantic/./Seiling.glb| This file does not exist.
[18:56:26:548831]:[Metadata] AbstractObjectAttributesManagerBase.h(184)::createObject : File (data/scene_datasets/gibson_semantic/./Seiling.glb) exists but is not a recognized config filename extension, so new default Stage Template attributes created and registered.
[18:56:26:548841]:[Metadata] AttributesManagerBase.h(380)::createFromJsonOrDefaultInternal : <Stage Template>: Proposing JSON name : data/scene_datasets/gibson_semantic/./Seward.stage_config.json from original name : data/scene_datasets/gibson_semantic/./Seward.glb| This file does not exist.
[18:56:26:548881]:[Metadata] AbstractObjectAttributesManagerBase.h(184)::createObject : File (data/scene_datasets/gibson_semantic/./Seward.glb) exists but is not a recognized config filename extension, so new default Stage Template attributes created and registered.
[18:56:26:548891]:[Metadata] AttributesManagerBase.h(380)::createFromJsonOrDefaultInternal : <Stage Template>: Proposing JSON name : data/scene_datasets/gibson_semantic/./Sharon.stage_config.json from original name : data/scene_datasets/gibson_semantic/./Sharon.glb| This file does not exist.
[18:56:26:548930]:[Metadata] AbstractObjectAttributesManagerBase.h(184)::createObject : File (data/scene_datasets/gibson_semantic/./Sharon.glb) exists but is not a recognized config filename extension, so new default Stage Template attributes created and registered.
[18:56:26:548940]:[Metadata] AttributesManagerBase.h(380)::createFromJsonOrDefaultInternal : <Stage Template>: Proposing JSON name : data/scene_datasets/gibson_semantic/./Shauck.stage_config.json from original name : data/scene_datasets/gibson_semantic/./Shauck.glb| This file does not exist.
[18:56:26:548981]:[Metadata] AbstractObjectAttributesManagerBase.h(184)::createObject : File (data/scene_datasets/gibson_semantic/./Shauck.glb) exists but is not a recognized config filename extension, so new default Stage Template attributes created and registered.
[18:56:26:548991]:[Metadata] AttributesManagerBase.h(380)::createFromJsonOrDefaultInternal : <Stage Template>: Proposing JSON name : data/scene_datasets/gibson_semantic/./Shelbiana.stage_config.json from original name : data/scene_datasets/gibson_semantic/./Shelbiana.glb| This file does not exist.
[18:56:26:549033]:[Metadata] AbstractObjectAttributesManagerBase.h(184)::createObject : File (data/scene_datasets/gibson_semantic/./Shelbiana.glb) exists but is not a recognized config filename extension, so new default Stage Template attributes created and registered.
[18:56:26:549043]:[Metadata] AttributesManagerBase.h(380)::createFromJsonOrDefaultInternal : <Stage Template>: Proposing JSON name : data/scene_datasets/gibson_semantic/./Shelbyville.stage_config.json from original name : data/scene_datasets/gibson_semantic/./Shelbyville.glb| This file does not exist.
[18:56:26:549087]:[Metadata] AbstractObjectAttributesManagerBase.h(184)::createObject : File (data/scene_datasets/gibson_semantic/./Shelbyville.glb) exists but is not a recognized config filename extension, so new default Stage Template attributes created and registered.
[18:56:26:549097]:[Metadata] AttributesManagerBase.h(380)::createFromJsonOrDefaultInternal : <Stage Template>: Proposing JSON name : data/scene_datasets/gibson_semantic/./Shellsburg.stage_config.json from original name : data/scene_datasets/gibson_semantic/./Shellsburg.glb| This file does not exist.
[18:56:26:549138]:[Metadata] AbstractObjectAttributesManagerBase.h(184)::createObject : File (data/scene_datasets/gibson_semantic/./Shellsburg.glb) exists but is not a recognized config filename extension, so new default Stage Template attributes created and registered.
[18:56:26:549148]:[Metadata] AttributesManagerBase.h(380)::createFromJsonOrDefaultInternal : <Stage Template>: Proposing JSON name : data/scene_datasets/gibson_semantic/./Sherrill.stage_config.json from original name : data/scene_datasets/gibson_semantic/./Sherrill.glb| This file does not exist.
[18:56:26:549190]:[Metadata] AbstractObjectAttributesManagerBase.h(184)::createObject : File (data/scene_datasets/gibson_semantic/./Sherrill.glb) exists but is not a recognized config filename extension, so new default Stage Template attributes created and registered.
[18:56:26:549200]:[Metadata] AttributesManagerBase.h(380)::createFromJsonOrDefaultInternal : <Stage Template>: Proposing JSON name : data/scene_datasets/gibson_semantic/./Shumway.stage_config.json from original name : data/scene_datasets/gibson_semantic/./Shumway.glb| This file does not exist.
[18:56:26:549242]:[Metadata] AbstractObjectAttributesManagerBase.h(184)::createObject : File (data/scene_datasets/gibson_semantic/./Shumway.glb) exists but is not a recognized config filename extension, so new default Stage Template attributes created and registered.
[18:56:26:549252]:[Metadata] AttributesManagerBase.h(380)::createFromJsonOrDefaultInternal : <Stage Template>: Proposing JSON name : data/scene_datasets/gibson_semantic/./Silas.stage_config.json from original name : data/scene_datasets/gibson_semantic/./Silas.glb| This file does not exist.
[18:56:26:549296]:[Metadata] AbstractObjectAttributesManagerBase.h(184)::createObject : File (data/scene_datasets/gibson_semantic/./Silas.glb) exists but is not a recognized config filename extension, so new default Stage Template attributes created and registered.
[18:56:26:549306]:[Metadata] AttributesManagerBase.h(380)::createFromJsonOrDefaultInternal : <Stage Template>: Proposing JSON name : data/scene_datasets/gibson_semantic/./Silerton.stage_config.json from original name : data/scene_datasets/gibson_semantic/./Silerton.glb| This file does not exist.
[18:56:26:549347]:[Metadata] AbstractObjectAttributesManagerBase.h(184)::createObject : File (data/scene_datasets/gibson_semantic/./Silerton.glb) exists but is not a recognized config filename extension, so new default Stage Template attributes created and registered.
[18:56:26:549357]:[Metadata] AttributesManagerBase.h(380)::createFromJsonOrDefaultInternal : <Stage Template>: Proposing JSON name : data/scene_datasets/gibson_semantic/./Silva.stage_config.json from original name : data/scene_datasets/gibson_semantic/./Silva.glb| This file does not exist.
[18:56:26:549399]:[Metadata] AbstractObjectAttributesManagerBase.h(184)::createObject : File (data/scene_datasets/gibson_semantic/./Silva.glb) exists but is not a recognized config filename extension, so new default Stage Template attributes created and registered.
[18:56:26:549409]:[Metadata] AttributesManagerBase.h(380)::createFromJsonOrDefaultInternal : <Stage Template>: Proposing JSON name : data/scene_datasets/gibson_semantic/./Siren.stage_config.json from original name : data/scene_datasets/gibson_semantic/./Siren.glb| This file does not exist.
[18:56:26:549453]:[Metadata] AbstractObjectAttributesManagerBase.h(184)::createObject : File (data/scene_datasets/gibson_semantic/./Siren.glb) exists but is not a recognized config filename extension, so new default Stage Template attributes created and registered.
[18:56:26:549463]:[Metadata] AttributesManagerBase.h(380)::createFromJsonOrDefaultInternal : <Stage Template>: Proposing JSON name : data/scene_datasets/gibson_semantic/./Sisters.stage_config.json from original name : data/scene_datasets/gibson_semantic/./Sisters.glb| This file does not exist.
[18:56:26:549508]:[Metadata] AbstractObjectAttributesManagerBase.h(184)::createObject : File (data/scene_datasets/gibson_semantic/./Sisters.glb) exists but is not a recognized config filename extension, so new default Stage Template attributes created and registered.
[18:56:26:549517]:[Metadata] AttributesManagerBase.h(380)::createFromJsonOrDefaultInternal : <Stage Template>: Proposing JSON name : data/scene_datasets/gibson_semantic/./Smoketown.stage_config.json from original name : data/scene_datasets/gibson_semantic/./Smoketown.glb| This file does not exist.
[18:56:26:549558]:[Metadata] AbstractObjectAttributesManagerBase.h(184)::createObject : File (data/scene_datasets/gibson_semantic/./Smoketown.glb) exists but is not a recognized config filename extension, so new default Stage Template attributes created and registered.
[18:56:26:549568]:[Metadata] AttributesManagerBase.h(380)::createFromJsonOrDefaultInternal : <Stage Template>: Proposing JSON name : data/scene_datasets/gibson_semantic/./Sodaville.stage_config.json from original name : data/scene_datasets/gibson_semantic/./Sodaville.glb| This file does not exist.
[18:56:26:549605]:[Metadata] AbstractObjectAttributesManagerBase.h(184)::createObject : File (data/scene_datasets/gibson_semantic/./Sodaville.glb) exists but is not a recognized config filename extension, so new default Stage Template attributes created and registered.
[18:56:26:549614]:[Metadata] AttributesManagerBase.h(380)::createFromJsonOrDefaultInternal : <Stage Template>: Proposing JSON name : data/scene_datasets/gibson_semantic/./Soldier.stage_config.json from original name : data/scene_datasets/gibson_semantic/./Soldier.glb| This file does not exist.
[18:56:26:549655]:[Metadata] AbstractObjectAttributesManagerBase.h(184)::createObject : File (data/scene_datasets/gibson_semantic/./Soldier.glb) exists but is not a recognized config filename extension, so new default Stage Template attributes created and registered.
[18:56:26:549665]:[Metadata] AttributesManagerBase.h(380)::createFromJsonOrDefaultInternal : <Stage Template>: Proposing JSON name : data/scene_datasets/gibson_semantic/./Southfield.stage_config.json from original name : data/scene_datasets/gibson_semantic/./Southfield.glb| This file does not exist.
[18:56:26:549706]:[Metadata] AbstractObjectAttributesManagerBase.h(184)::createObject : File (data/scene_datasets/gibson_semantic/./Southfield.glb) exists but is not a recognized config filename extension, so new default Stage Template attributes created and registered.
[18:56:26:549716]:[Metadata] AttributesManagerBase.h(380)::createFromJsonOrDefaultInternal : <Stage Template>: Proposing JSON name : data/scene_datasets/gibson_semantic/./Spencerville.stage_config.json from original name : data/scene_datasets/gibson_semantic/./Spencerville.glb| This file does not exist.
[18:56:26:549754]:[Metadata] AbstractObjectAttributesManagerBase.h(184)::createObject : File (data/scene_datasets/gibson_semantic/./Spencerville.glb) exists but is not a recognized config filename extension, so new default Stage Template attributes created and registered.
[18:56:26:549764]:[Metadata] AttributesManagerBase.h(380)::createFromJsonOrDefaultInternal : <Stage Template>: Proposing JSON name : data/scene_datasets/gibson_semantic/./Spotswood.stage_config.json from original name : data/scene_datasets/gibson_semantic/./Spotswood.glb| This file does not exist.
[18:56:26:549809]:[Metadata] AbstractObjectAttributesManagerBase.h(184)::createObject : File (data/scene_datasets/gibson_semantic/./Spotswood.glb) exists but is not a recognized config filename extension, so new default Stage Template attributes created and registered.
[18:56:26:549819]:[Metadata] AttributesManagerBase.h(380)::createFromJsonOrDefaultInternal : <Stage Template>: Proposing JSON name : data/scene_datasets/gibson_semantic/./Spread.stage_config.json from original name : data/scene_datasets/gibson_semantic/./Spread.glb| This file does not exist.
[18:56:26:549863]:[Metadata] AbstractObjectAttributesManagerBase.h(184)::createObject : File (data/scene_datasets/gibson_semantic/./Spread.glb) exists but is not a recognized config filename extension, so new default Stage Template attributes created and registered.
[18:56:26:549874]:[Metadata] AttributesManagerBase.h(380)::createFromJsonOrDefaultInternal : <Stage Template>: Proposing JSON name : data/scene_datasets/gibson_semantic/./Springerville.stage_config.json from original name : data/scene_datasets/gibson_semantic/./Springerville.glb| This file does not exist.
[18:56:26:549916]:[Metadata] AbstractObjectAttributesManagerBase.h(184)::createObject : File (data/scene_datasets/gibson_semantic/./Springerville.glb) exists but is not a recognized config filename extension, so new default Stage Template attributes created and registered.
[18:56:26:549926]:[Metadata] AttributesManagerBase.h(380)::createFromJsonOrDefaultInternal : <Stage Template>: Proposing JSON name : data/scene_datasets/gibson_semantic/./Springhill.stage_config.json from original name : data/scene_datasets/gibson_semantic/./Springhill.glb| This file does not exist.
[18:56:26:549967]:[Metadata] AbstractObjectAttributesManagerBase.h(184)::createObject : File (data/scene_datasets/gibson_semantic/./Springhill.glb) exists but is not a recognized config filename extension, so new default Stage Template attributes created and registered.
[18:56:26:549977]:[Metadata] AttributesManagerBase.h(380)::createFromJsonOrDefaultInternal : <Stage Template>: Proposing JSON name : data/scene_datasets/gibson_semantic/./Stanleyville.stage_config.json from original name : data/scene_datasets/gibson_semantic/./Stanleyville.glb| This file does not exist.
[18:56:26:550019]:[Metadata] AbstractObjectAttributesManagerBase.h(184)::createObject : File (data/scene_datasets/gibson_semantic/./Stanleyville.glb) exists but is not a recognized config filename extension, so new default Stage Template attributes created and registered.
[18:56:26:550029]:[Metadata] AttributesManagerBase.h(380)::createFromJsonOrDefaultInternal : <Stage Template>: Proposing JSON name : data/scene_datasets/gibson_semantic/./Starks.stage_config.json from original name : data/scene_datasets/gibson_semantic/./Starks.glb| This file does not exist.
[18:56:26:550069]:[Metadata] AbstractObjectAttributesManagerBase.h(184)::createObject : File (data/scene_datasets/gibson_semantic/./Starks.glb) exists but is not a recognized config filename extension, so new default Stage Template attributes created and registered.
[18:56:26:550080]:[Metadata] AttributesManagerBase.h(380)::createFromJsonOrDefaultInternal : <Stage Template>: Proposing JSON name : data/scene_datasets/gibson_semantic/./Stigler.stage_config.json from original name : data/scene_datasets/gibson_semantic/./Stigler.glb| This file does not exist.
[18:56:26:550119]:[Metadata] AbstractObjectAttributesManagerBase.h(184)::createObject : File (data/scene_datasets/gibson_semantic/./Stigler.glb) exists but is not a recognized config filename extension, so new default Stage Template attributes created and registered.
[18:56:26:550130]:[Metadata] AttributesManagerBase.h(380)::createFromJsonOrDefaultInternal : <Stage Template>: Proposing JSON name : data/scene_datasets/gibson_semantic/./Stilwell.stage_config.json from original name : data/scene_datasets/gibson_semantic/./Stilwell.glb| This file does not exist.
[18:56:26:550173]:[Metadata] AbstractObjectAttributesManagerBase.h(184)::createObject : File (data/scene_datasets/gibson_semantic/./Stilwell.glb) exists but is not a recognized config filename extension, so new default Stage Template attributes created and registered.
[18:56:26:550183]:[Metadata] AttributesManagerBase.h(380)::createFromJsonOrDefaultInternal : <Stage Template>: Proposing JSON name : data/scene_datasets/gibson_semantic/./Stockertown.stage_config.json from original name : data/scene_datasets/gibson_semantic/./Stockertown.glb| This file does not exist.
[18:56:26:550227]:[Metadata] AbstractObjectAttributesManagerBase.h(184)::createObject : File (data/scene_datasets/gibson_semantic/./Stockertown.glb) exists but is not a recognized config filename extension, so new default Stage Template attributes created and registered.
[18:56:26:550237]:[Metadata] AttributesManagerBase.h(380)::createFromJsonOrDefaultInternal : <Stage Template>: Proposing JSON name : data/scene_datasets/gibson_semantic/./Stockman.stage_config.json from original name : data/scene_datasets/gibson_semantic/./Stockman.glb| This file does not exist.
[18:56:26:550282]:[Metadata] AbstractObjectAttributesManagerBase.h(184)::createObject : File (data/scene_datasets/gibson_semantic/./Stockman.glb) exists but is not a recognized config filename extension, so new default Stage Template attributes created and registered.
[18:56:26:550292]:[Metadata] AttributesManagerBase.h(380)::createFromJsonOrDefaultInternal : <Stage Template>: Proposing JSON name : data/scene_datasets/gibson_semantic/./Stockwell.stage_config.json from original name : data/scene_datasets/gibson_semantic/./Stockwell.glb| This file does not exist.
[18:56:26:550328]:[Metadata] AbstractObjectAttributesManagerBase.h(184)::createObject : File (data/scene_datasets/gibson_semantic/./Stockwell.glb) exists but is not a recognized config filename extension, so new default Stage Template attributes created and registered.
[18:56:26:550338]:[Metadata] AttributesManagerBase.h(380)::createFromJsonOrDefaultInternal : <Stage Template>: Proposing JSON name : data/scene_datasets/gibson_semantic/./Stokes.stage_config.json from original name : data/scene_datasets/gibson_semantic/./Stokes.glb| This file does not exist.
[18:56:26:550375]:[Metadata] AbstractObjectAttributesManagerBase.h(184)::createObject : File (data/scene_datasets/gibson_semantic/./Stokes.glb) exists but is not a recognized config filename extension, so new default Stage Template attributes created and registered.
[18:56:26:550385]:[Metadata] AttributesManagerBase.h(380)::createFromJsonOrDefaultInternal : <Stage Template>: Proposing JSON name : data/scene_datasets/gibson_semantic/./Sugarville.stage_config.json from original name : data/scene_datasets/gibson_semantic/./Sugarville.glb| This file does not exist.
[18:56:26:550430]:[Metadata] AbstractObjectAttributesManagerBase.h(184)::createObject : File (data/scene_datasets/gibson_semantic/./Sugarville.glb) exists but is not a recognized config filename extension, so new default Stage Template attributes created and registered.
[18:56:26:550439]:[Metadata] AttributesManagerBase.h(380)::createFromJsonOrDefaultInternal : <Stage Template>: Proposing JSON name : data/scene_datasets/gibson_semantic/./Sultan.stage_config.json from original name : data/scene_datasets/gibson_semantic/./Sultan.glb| This file does not exist.
[18:56:26:550483]:[Metadata] AbstractObjectAttributesManagerBase.h(184)::createObject : File (data/scene_datasets/gibson_semantic/./Sultan.glb) exists but is not a recognized config filename extension, so new default Stage Template attributes created and registered.
[18:56:26:550493]:[Metadata] AttributesManagerBase.h(380)::createFromJsonOrDefaultInternal : <Stage Template>: Proposing JSON name : data/scene_datasets/gibson_semantic/./Sumas.stage_config.json from original name : data/scene_datasets/gibson_semantic/./Sumas.glb| This file does not exist.
[18:56:26:550533]:[Metadata] AbstractObjectAttributesManagerBase.h(184)::createObject : File (data/scene_datasets/gibson_semantic/./Sumas.glb) exists but is not a recognized config filename extension, so new default Stage Template attributes created and registered.
[18:56:26:550543]:[Metadata] AttributesManagerBase.h(380)::createFromJsonOrDefaultInternal : <Stage Template>: Proposing JSON name : data/scene_datasets/gibson_semantic/./Sundown.stage_config.json from original name : data/scene_datasets/gibson_semantic/./Sundown.glb| This file does not exist.
[18:56:26:550583]:[Metadata] AbstractObjectAttributesManagerBase.h(184)::createObject : File (data/scene_datasets/gibson_semantic/./Sundown.glb) exists but is not a recognized config filename extension, so new default Stage Template attributes created and registered.
[18:56:26:550593]:[Metadata] AttributesManagerBase.h(380)::createFromJsonOrDefaultInternal : <Stage Template>: Proposing JSON name : data/scene_datasets/gibson_semantic/./Sunshine.stage_config.json from original name : data/scene_datasets/gibson_semantic/./Sunshine.glb| This file does not exist.
[18:56:26:550638]:[Metadata] AbstractObjectAttributesManagerBase.h(184)::createObject : File (data/scene_datasets/gibson_semantic/./Sunshine.glb) exists but is not a recognized config filename extension, so new default Stage Template attributes created and registered.
[18:56:26:550649]:[Metadata] AttributesManagerBase.h(380)::createFromJsonOrDefaultInternal : <Stage Template>: Proposing JSON name : data/scene_datasets/gibson_semantic/./Superior.stage_config.json from original name : data/scene_datasets/gibson_semantic/./Superior.glb| This file does not exist.
[18:56:26:550690]:[Metadata] AbstractObjectAttributesManagerBase.h(184)::createObject : File (data/scene_datasets/gibson_semantic/./Superior.glb) exists but is not a recognized config filename extension, so new default Stage Template attributes created and registered.
[18:56:26:550700]:[Metadata] AttributesManagerBase.h(380)::createFromJsonOrDefaultInternal : <Stage Template>: Proposing JSON name : data/scene_datasets/gibson_semantic/./Sussex.stage_config.json from original name : data/scene_datasets/gibson_semantic/./Sussex.glb| This file does not exist.
[18:56:26:550739]:[Metadata] AbstractObjectAttributesManagerBase.h(184)::createObject : File (data/scene_datasets/gibson_semantic/./Sussex.glb) exists but is not a recognized config filename extension, so new default Stage Template attributes created and registered.
[18:56:26:550748]:[Metadata] AttributesManagerBase.h(380)::createFromJsonOrDefaultInternal : <Stage Template>: Proposing JSON name : data/scene_datasets/gibson_semantic/./Sweatman.stage_config.json from original name : data/scene_datasets/gibson_semantic/./Sweatman.glb| This file does not exist.
[18:56:26:550785]:[Metadata] AbstractObjectAttributesManagerBase.h(184)::createObject : File (data/scene_datasets/gibson_semantic/./Sweatman.glb) exists but is not a recognized config filename extension, so new default Stage Template attributes created and registered.
[18:56:26:550794]:[Metadata] AttributesManagerBase.h(380)::createFromJsonOrDefaultInternal : <Stage Template>: Proposing JSON name : data/scene_datasets/gibson_semantic/./Swisshome.stage_config.json from original name : data/scene_datasets/gibson_semantic/./Swisshome.glb| This file does not exist.
[18:56:26:550836]:[Metadata] AbstractObjectAttributesManagerBase.h(184)::createObject : File (data/scene_datasets/gibson_semantic/./Swisshome.glb) exists but is not a recognized config filename extension, so new default Stage Template attributes created and registered.
[18:56:26:550847]:[Metadata] AttributesManagerBase.h(380)::createFromJsonOrDefaultInternal : <Stage Template>: Proposing JSON name : data/scene_datasets/gibson_semantic/./Swormville.stage_config.json from original name : data/scene_datasets/gibson_semantic/./Swormville.glb| This file does not exist.
[18:56:26:550887]:[Metadata] AbstractObjectAttributesManagerBase.h(184)::createObject : File (data/scene_datasets/gibson_semantic/./Swormville.glb) exists but is not a recognized config filename extension, so new default Stage Template attributes created and registered.
[18:56:26:550897]:[Metadata] AttributesManagerBase.h(380)::createFromJsonOrDefaultInternal : <Stage Template>: Proposing JSON name : data/scene_datasets/gibson_semantic/./Tallmadge.stage_config.json from original name : data/scene_datasets/gibson_semantic/./Tallmadge.glb| This file does not exist.
[18:56:26:550938]:[Metadata] AbstractObjectAttributesManagerBase.h(184)::createObject : File (data/scene_datasets/gibson_semantic/./Tallmadge.glb) exists but is not a recognized config filename extension, so new default Stage Template attributes created and registered.
[18:56:26:550948]:[Metadata] AttributesManagerBase.h(380)::createFromJsonOrDefaultInternal : <Stage Template>: Proposing JSON name : data/scene_datasets/gibson_semantic/./Tansboro.stage_config.json from original name : data/scene_datasets/gibson_semantic/./Tansboro.glb| This file does not exist.
[18:56:26:550990]:[Metadata] AbstractObjectAttributesManagerBase.h(184)::createObject : File (data/scene_datasets/gibson_semantic/./Tansboro.glb) exists but is not a recognized config filename extension, so new default Stage Template attributes created and registered.
[18:56:26:551000]:[Metadata] AttributesManagerBase.h(380)::createFromJsonOrDefaultInternal : <Stage Template>: Proposing JSON name : data/scene_datasets/gibson_semantic/./Tariffville.stage_config.json from original name : data/scene_datasets/gibson_semantic/./Tariffville.glb| This file does not exist.
[18:56:26:551038]:[Metadata] AbstractObjectAttributesManagerBase.h(184)::createObject : File (data/scene_datasets/gibson_semantic/./Tariffville.glb) exists but is not a recognized config filename extension, so new default Stage Template attributes created and registered.
[18:56:26:551048]:[Metadata] AttributesManagerBase.h(380)::createFromJsonOrDefaultInternal : <Stage Template>: Proposing JSON name : data/scene_datasets/gibson_semantic/./Terrell.stage_config.json from original name : data/scene_datasets/gibson_semantic/./Terrell.glb| This file does not exist.
[18:56:26:551087]:[Metadata] AbstractObjectAttributesManagerBase.h(184)::createObject : File (data/scene_datasets/gibson_semantic/./Terrell.glb) exists but is not a recognized config filename extension, so new default Stage Template attributes created and registered.
[18:56:26:551098]:[Metadata] AttributesManagerBase.h(380)::createFromJsonOrDefaultInternal : <Stage Template>: Proposing JSON name : data/scene_datasets/gibson_semantic/./Texasville.stage_config.json from original name : data/scene_datasets/gibson_semantic/./Texasville.glb| This file does not exist.
[18:56:26:551134]:[Metadata] AbstractObjectAttributesManagerBase.h(184)::createObject : File (data/scene_datasets/gibson_semantic/./Texasville.glb) exists but is not a recognized config filename extension, so new default Stage Template attributes created and registered.
[18:56:26:551144]:[Metadata] AttributesManagerBase.h(380)::createFromJsonOrDefaultInternal : <Stage Template>: Proposing JSON name : data/scene_datasets/gibson_semantic/./Thrall.stage_config.json from original name : data/scene_datasets/gibson_semantic/./Thrall.glb| This file does not exist.
[18:56:26:551186]:[Metadata] AbstractObjectAttributesManagerBase.h(184)::createObject : File (data/scene_datasets/gibson_semantic/./Thrall.glb) exists but is not a recognized config filename extension, so new default Stage Template attributes created and registered.
[18:56:26:551197]:[Metadata] AttributesManagerBase.h(380)::createFromJsonOrDefaultInternal : <Stage Template>: Proposing JSON name : data/scene_datasets/gibson_semantic/./Tilghmanton.stage_config.json from original name : data/scene_datasets/gibson_semantic/./Tilghmanton.glb| This file does not exist.
[18:56:26:551240]:[Metadata] AbstractObjectAttributesManagerBase.h(184)::createObject : File (data/scene_datasets/gibson_semantic/./Tilghmanton.glb) exists but is not a recognized config filename extension, so new default Stage Template attributes created and registered.
[18:56:26:551249]:[Metadata] AttributesManagerBase.h(380)::createFromJsonOrDefaultInternal : <Stage Template>: Proposing JSON name : data/scene_datasets/gibson_semantic/./Tillman.stage_config.json from original name : data/scene_datasets/gibson_semantic/./Tillman.glb| This file does not exist.
[18:56:26:551286]:[Metadata] AbstractObjectAttributesManagerBase.h(184)::createObject : File (data/scene_datasets/gibson_semantic/./Tillman.glb) exists but is not a recognized config filename extension, so new default Stage Template attributes created and registered.
[18:56:26:551296]:[Metadata] AttributesManagerBase.h(380)::createFromJsonOrDefaultInternal : <Stage Template>: Proposing JSON name : data/scene_datasets/gibson_semantic/./Timberon.stage_config.json from original name : data/scene_datasets/gibson_semantic/./Timberon.glb| This file does not exist.
[18:56:26:551334]:[Metadata] AbstractObjectAttributesManagerBase.h(184)::createObject : File (data/scene_datasets/gibson_semantic/./Timberon.glb) exists but is not a recognized config filename extension, so new default Stage Template attributes created and registered.
[18:56:26:551343]:[Metadata] AttributesManagerBase.h(380)::createFromJsonOrDefaultInternal : <Stage Template>: Proposing JSON name : data/scene_datasets/gibson_semantic/./Tippecanoe.stage_config.json from original name : data/scene_datasets/gibson_semantic/./Tippecanoe.glb| This file does not exist.
[18:56:26:551382]:[Metadata] AbstractObjectAttributesManagerBase.h(184)::createObject : File (data/scene_datasets/gibson_semantic/./Tippecanoe.glb) exists but is not a recognized config filename extension, so new default Stage Template attributes created and registered.
[18:56:26:551392]:[Metadata] AttributesManagerBase.h(380)::createFromJsonOrDefaultInternal : <Stage Template>: Proposing JSON name : data/scene_datasets/gibson_semantic/./Tokeland.stage_config.json from original name : data/scene_datasets/gibson_semantic/./Tokeland.glb| This file does not exist.
[18:56:26:551431]:[Metadata] AbstractObjectAttributesManagerBase.h(184)::createObject : File (data/scene_datasets/gibson_semantic/./Tokeland.glb) exists but is not a recognized config filename extension, so new default Stage Template attributes created and registered.
[18:56:26:551441]:[Metadata] AttributesManagerBase.h(380)::createFromJsonOrDefaultInternal : <Stage Template>: Proposing JSON name : data/scene_datasets/gibson_semantic/./Tolstoy.stage_config.json from original name : data/scene_datasets/gibson_semantic/./Tolstoy.glb| This file does not exist.
[18:56:26:551479]:[Metadata] AbstractObjectAttributesManagerBase.h(184)::createObject : File (data/scene_datasets/gibson_semantic/./Tolstoy.glb) exists but is not a recognized config filename extension, so new default Stage Template attributes created and registered.
[18:56:26:551488]:[Metadata] AttributesManagerBase.h(380)::createFromJsonOrDefaultInternal : <Stage Template>: Proposing JSON name : data/scene_datasets/gibson_semantic/./Tomales.stage_config.json from original name : data/scene_datasets/gibson_semantic/./Tomales.glb| This file does not exist.
[18:56:26:551526]:[Metadata] AbstractObjectAttributesManagerBase.h(184)::createObject : File (data/scene_datasets/gibson_semantic/./Tomales.glb) exists but is not a recognized config filename extension, so new default Stage Template attributes created and registered.
[18:56:26:551539]:[Metadata] AttributesManagerBase.h(380)::createFromJsonOrDefaultInternal : <Stage Template>: Proposing JSON name : data/scene_datasets/gibson_semantic/./Tomkins.stage_config.json from original name : data/scene_datasets/gibson_semantic/./Tomkins.glb| This file does not exist.
[18:56:26:551584]:[Metadata] AbstractObjectAttributesManagerBase.h(184)::createObject : File (data/scene_datasets/gibson_semantic/./Tomkins.glb) exists but is not a recognized config filename extension, so new default Stage Template attributes created and registered.
[18:56:26:551594]:[Metadata] AttributesManagerBase.h(380)::createFromJsonOrDefaultInternal : <Stage Template>: Proposing JSON name : data/scene_datasets/gibson_semantic/./Torrington.stage_config.json from original name : data/scene_datasets/gibson_semantic/./Torrington.glb| This file does not exist.
[18:56:26:551634]:[Metadata] AbstractObjectAttributesManagerBase.h(184)::createObject : File (data/scene_datasets/gibson_semantic/./Torrington.glb) exists but is not a recognized config filename extension, so new default Stage Template attributes created and registered.
[18:56:26:551644]:[Metadata] AttributesManagerBase.h(380)::createFromJsonOrDefaultInternal : <Stage Template>: Proposing JSON name : data/scene_datasets/gibson_semantic/./Touhy.stage_config.json from original name : data/scene_datasets/gibson_semantic/./Touhy.glb| This file does not exist.
[18:56:26:551684]:[Metadata] AbstractObjectAttributesManagerBase.h(184)::createObject : File (data/scene_datasets/gibson_semantic/./Touhy.glb) exists but is not a recognized config filename extension, so new default Stage Template attributes created and registered.
[18:56:26:551694]:[Metadata] AttributesManagerBase.h(380)::createFromJsonOrDefaultInternal : <Stage Template>: Proposing JSON name : data/scene_datasets/gibson_semantic/./Tradewinds.stage_config.json from original name : data/scene_datasets/gibson_semantic/./Tradewinds.glb| This file does not exist.
[18:56:26:551737]:[Metadata] AbstractObjectAttributesManagerBase.h(184)::createObject : File (data/scene_datasets/gibson_semantic/./Tradewinds.glb) exists but is not a recognized config filename extension, so new default Stage Template attributes created and registered.
[18:56:26:551747]:[Metadata] AttributesManagerBase.h(380)::createFromJsonOrDefaultInternal : <Stage Template>: Proposing JSON name : data/scene_datasets/gibson_semantic/./Trail.stage_config.json from original name : data/scene_datasets/gibson_semantic/./Trail.glb| This file does not exist.
[18:56:26:551790]:[Metadata] AbstractObjectAttributesManagerBase.h(184)::createObject : File (data/scene_datasets/gibson_semantic/./Trail.glb) exists but is not a recognized config filename extension, so new default Stage Template attributes created and registered.
[18:56:26:551800]:[Metadata] AttributesManagerBase.h(380)::createFromJsonOrDefaultInternal : <Stage Template>: Proposing JSON name : data/scene_datasets/gibson_semantic/./Traver.stage_config.json from original name : data/scene_datasets/gibson_semantic/./Traver.glb| This file does not exist.
[18:56:26:551842]:[Metadata] AbstractObjectAttributesManagerBase.h(184)::createObject : File (data/scene_datasets/gibson_semantic/./Traver.glb) exists but is not a recognized config filename extension, so new default Stage Template attributes created and registered.
[18:56:26:551852]:[Metadata] AttributesManagerBase.h(380)::createFromJsonOrDefaultInternal : <Stage Template>: Proposing JSON name : data/scene_datasets/gibson_semantic/./Tyler.stage_config.json from original name : data/scene_datasets/gibson_semantic/./Tyler.glb| This file does not exist.
[18:56:26:551892]:[Metadata] AbstractObjectAttributesManagerBase.h(184)::createObject : File (data/scene_datasets/gibson_semantic/./Tyler.glb) exists but is not a recognized config filename extension, so new default Stage Template attributes created and registered.
[18:56:26:551901]:[Metadata] AttributesManagerBase.h(380)::createFromJsonOrDefaultInternal : <Stage Template>: Proposing JSON name : data/scene_datasets/gibson_semantic/./Umpqua.stage_config.json from original name : data/scene_datasets/gibson_semantic/./Umpqua.glb| This file does not exist.
[18:56:26:551943]:[Metadata] AbstractObjectAttributesManagerBase.h(184)::createObject : File (data/scene_datasets/gibson_semantic/./Umpqua.glb) exists but is not a recognized config filename extension, so new default Stage Template attributes created and registered.
[18:56:26:551953]:[Metadata] AttributesManagerBase.h(380)::createFromJsonOrDefaultInternal : <Stage Template>: Proposing JSON name : data/scene_datasets/gibson_semantic/./Uncertain.stage_config.json from original name : data/scene_datasets/gibson_semantic/./Uncertain.glb| This file does not exist.
[18:56:26:551996]:[Metadata] AbstractObjectAttributesManagerBase.h(184)::createObject : File (data/scene_datasets/gibson_semantic/./Uncertain.glb) exists but is not a recognized config filename extension, so new default Stage Template attributes created and registered.
[18:56:26:552006]:[Metadata] AttributesManagerBase.h(380)::createFromJsonOrDefaultInternal : <Stage Template>: Proposing JSON name : data/scene_datasets/gibson_semantic/./Upham.stage_config.json from original name : data/scene_datasets/gibson_semantic/./Upham.glb| This file does not exist.
[18:56:26:552047]:[Metadata] AbstractObjectAttributesManagerBase.h(184)::createObject : File (data/scene_datasets/gibson_semantic/./Upham.glb) exists but is not a recognized config filename extension, so new default Stage Template attributes created and registered.
[18:56:26:552057]:[Metadata] AttributesManagerBase.h(380)::createFromJsonOrDefaultInternal : <Stage Template>: Proposing JSON name : data/scene_datasets/gibson_semantic/./Vails.stage_config.json from original name : data/scene_datasets/gibson_semantic/./Vails.glb| This file does not exist.
[18:56:26:552101]:[Metadata] AbstractObjectAttributesManagerBase.h(184)::createObject : File (data/scene_datasets/gibson_semantic/./Vails.glb) exists but is not a recognized config filename extension, so new default Stage Template attributes created and registered.
[18:56:26:552111]:[Metadata] AttributesManagerBase.h(380)::createFromJsonOrDefaultInternal : <Stage Template>: Proposing JSON name : data/scene_datasets/gibson_semantic/./Victorville.stage_config.json from original name : data/scene_datasets/gibson_semantic/./Victorville.glb| This file does not exist.
[18:56:26:552151]:[Metadata] AbstractObjectAttributesManagerBase.h(184)::createObject : File (data/scene_datasets/gibson_semantic/./Victorville.glb) exists but is not a recognized config filename extension, so new default Stage Template attributes created and registered.
[18:56:26:552161]:[Metadata] AttributesManagerBase.h(380)::createFromJsonOrDefaultInternal : <Stage Template>: Proposing JSON name : data/scene_datasets/gibson_semantic/./Voorhees.stage_config.json from original name : data/scene_datasets/gibson_semantic/./Voorhees.glb| This file does not exist.
[18:56:26:552200]:[Metadata] AbstractObjectAttributesManagerBase.h(184)::createObject : File (data/scene_datasets/gibson_semantic/./Voorhees.glb) exists but is not a recognized config filename extension, so new default Stage Template attributes created and registered.
[18:56:26:552210]:[Metadata] AttributesManagerBase.h(380)::createFromJsonOrDefaultInternal : <Stage Template>: Proposing JSON name : data/scene_datasets/gibson_semantic/./Waimea.stage_config.json from original name : data/scene_datasets/gibson_semantic/./Waimea.glb| This file does not exist.
[18:56:26:552250]:[Metadata] AbstractObjectAttributesManagerBase.h(184)::createObject : File (data/scene_datasets/gibson_semantic/./Waimea.glb) exists but is not a recognized config filename extension, so new default Stage Template attributes created and registered.
[18:56:26:552260]:[Metadata] AttributesManagerBase.h(380)::createFromJsonOrDefaultInternal : <Stage Template>: Proposing JSON name : data/scene_datasets/gibson_semantic/./Wainscott.stage_config.json from original name : data/scene_datasets/gibson_semantic/./Wainscott.glb| This file does not exist.
[18:56:26:552297]:[Metadata] AbstractObjectAttributesManagerBase.h(184)::createObject : File (data/scene_datasets/gibson_semantic/./Wainscott.glb) exists but is not a recognized config filename extension, so new default Stage Template attributes created and registered.
[18:56:26:552307]:[Metadata] AttributesManagerBase.h(380)::createFromJsonOrDefaultInternal : <Stage Template>: Proposing JSON name : data/scene_datasets/gibson_semantic/./Waipahu.stage_config.json from original name : data/scene_datasets/gibson_semantic/./Waipahu.glb| This file does not exist.
[18:56:26:552348]:[Metadata] AbstractObjectAttributesManagerBase.h(184)::createObject : File (data/scene_datasets/gibson_semantic/./Waipahu.glb) exists but is not a recognized config filename extension, so new default Stage Template attributes created and registered.
[18:56:26:552358]:[Metadata] AttributesManagerBase.h(380)::createFromJsonOrDefaultInternal : <Stage Template>: Proposing JSON name : data/scene_datasets/gibson_semantic/./Waldenburg.stage_config.json from original name : data/scene_datasets/gibson_semantic/./Waldenburg.glb| This file does not exist.
[18:56:26:552401]:[Metadata] AbstractObjectAttributesManagerBase.h(184)::createObject : File (data/scene_datasets/gibson_semantic/./Waldenburg.glb) exists but is not a recognized config filename extension, so new default Stage Template attributes created and registered.
[18:56:26:552415]:[Metadata] AttributesManagerBase.h(380)::createFromJsonOrDefaultInternal : <Stage Template>: Proposing JSON name : data/scene_datasets/gibson_semantic/./Warrenville.stage_config.json from original name : data/scene_datasets/gibson_semantic/./Warrenville.glb| This file does not exist.
[18:56:26:552459]:[Metadata] AbstractObjectAttributesManagerBase.h(184)::createObject : File (data/scene_datasets/gibson_semantic/./Warrenville.glb) exists but is not a recognized config filename extension, so new default Stage Template attributes created and registered.
[18:56:26:552469]:[Metadata] AttributesManagerBase.h(380)::createFromJsonOrDefaultInternal : <Stage Template>: Proposing JSON name : data/scene_datasets/gibson_semantic/./Wattsville.stage_config.json from original name : data/scene_datasets/gibson_semantic/./Wattsville.glb| This file does not exist.
[18:56:26:552511]:[Metadata] AbstractObjectAttributesManagerBase.h(184)::createObject : File (data/scene_datasets/gibson_semantic/./Wattsville.glb) exists but is not a recognized config filename extension, so new default Stage Template attributes created and registered.
[18:56:26:552521]:[Metadata] AttributesManagerBase.h(380)::createFromJsonOrDefaultInternal : <Stage Template>: Proposing JSON name : data/scene_datasets/gibson_semantic/./Waucousta.stage_config.json from original name : data/scene_datasets/gibson_semantic/./Waucousta.glb| This file does not exist.
[18:56:26:552563]:[Metadata] AbstractObjectAttributesManagerBase.h(184)::createObject : File (data/scene_datasets/gibson_semantic/./Waucousta.glb) exists but is not a recognized config filename extension, so new default Stage Template attributes created and registered.
[18:56:26:552573]:[Metadata] AttributesManagerBase.h(380)::createFromJsonOrDefaultInternal : <Stage Template>: Proposing JSON name : data/scene_datasets/gibson_semantic/./Waukeenah.stage_config.json from original name : data/scene_datasets/gibson_semantic/./Waukeenah.glb| This file does not exist.
[18:56:26:552612]:[Metadata] AbstractObjectAttributesManagerBase.h(184)::createObject : File (data/scene_datasets/gibson_semantic/./Waukeenah.glb) exists but is not a recognized config filename extension, so new default Stage Template attributes created and registered.
[18:56:26:552622]:[Metadata] AttributesManagerBase.h(380)::createFromJsonOrDefaultInternal : <Stage Template>: Proposing JSON name : data/scene_datasets/gibson_semantic/./Webster.stage_config.json from original name : data/scene_datasets/gibson_semantic/./Webster.glb| This file does not exist.
[18:56:26:552663]:[Metadata] AbstractObjectAttributesManagerBase.h(184)::createObject : File (data/scene_datasets/gibson_semantic/./Webster.glb) exists but is not a recognized config filename extension, so new default Stage Template attributes created and registered.
[18:56:26:552673]:[Metadata] AttributesManagerBase.h(380)::createFromJsonOrDefaultInternal : <Stage Template>: Proposing JSON name : data/scene_datasets/gibson_semantic/./Weleetka.stage_config.json from original name : data/scene_datasets/gibson_semantic/./Weleetka.glb| This file does not exist.
[18:56:26:552717]:[Metadata] AbstractObjectAttributesManagerBase.h(184)::createObject : File (data/scene_datasets/gibson_semantic/./Weleetka.glb) exists but is not a recognized config filename extension, so new default Stage Template attributes created and registered.
[18:56:26:552727]:[Metadata] AttributesManagerBase.h(380)::createFromJsonOrDefaultInternal : <Stage Template>: Proposing JSON name : data/scene_datasets/gibson_semantic/./Wells.stage_config.json from original name : data/scene_datasets/gibson_semantic/./Wells.glb| This file does not exist.
[18:56:26:552770]:[Metadata] AbstractObjectAttributesManagerBase.h(184)::createObject : File (data/scene_datasets/gibson_semantic/./Wells.glb) exists but is not a recognized config filename extension, so new default Stage Template attributes created and registered.
[18:56:26:552780]:[Metadata] AttributesManagerBase.h(380)::createFromJsonOrDefaultInternal : <Stage Template>: Proposing JSON name : data/scene_datasets/gibson_semantic/./Wesley.stage_config.json from original name : data/scene_datasets/gibson_semantic/./Wesley.glb| This file does not exist.
[18:56:26:552825]:[Metadata] AbstractObjectAttributesManagerBase.h(184)::createObject : File (data/scene_datasets/gibson_semantic/./Wesley.glb) exists but is not a recognized config filename extension, so new default Stage Template attributes created and registered.
[18:56:26:552835]:[Metadata] AttributesManagerBase.h(380)::createFromJsonOrDefaultInternal : <Stage Template>: Proposing JSON name : data/scene_datasets/gibson_semantic/./Westerville.stage_config.json from original name : data/scene_datasets/gibson_semantic/./Westerville.glb| This file does not exist.
[18:56:26:552877]:[Metadata] AbstractObjectAttributesManagerBase.h(184)::createObject : File (data/scene_datasets/gibson_semantic/./Westerville.glb) exists but is not a recognized config filename extension, so new default Stage Template attributes created and registered.
[18:56:26:552887]:[Metadata] AttributesManagerBase.h(380)::createFromJsonOrDefaultInternal : <Stage Template>: Proposing JSON name : data/scene_datasets/gibson_semantic/./Westfield.stage_config.json from original name : data/scene_datasets/gibson_semantic/./Westfield.glb| This file does not exist.
[18:56:26:552933]:[Metadata] AbstractObjectAttributesManagerBase.h(184)::createObject : File (data/scene_datasets/gibson_semantic/./Westfield.glb) exists but is not a recognized config filename extension, so new default Stage Template attributes created and registered.
[18:56:26:552943]:[Metadata] AttributesManagerBase.h(380)::createFromJsonOrDefaultInternal : <Stage Template>: Proposing JSON name : data/scene_datasets/gibson_semantic/./Whiteriver.stage_config.json from original name : data/scene_datasets/gibson_semantic/./Whiteriver.glb| This file does not exist.
[18:56:26:552984]:[Metadata] AbstractObjectAttributesManagerBase.h(184)::createObject : File (data/scene_datasets/gibson_semantic/./Whiteriver.glb) exists but is not a recognized config filename extension, so new default Stage Template attributes created and registered.
[18:56:26:552994]:[Metadata] AttributesManagerBase.h(380)::createFromJsonOrDefaultInternal : <Stage Template>: Proposing JSON name : data/scene_datasets/gibson_semantic/./Whitethorn.stage_config.json from original name : data/scene_datasets/gibson_semantic/./Whitethorn.glb| This file does not exist.
[18:56:26:553034]:[Metadata] AbstractObjectAttributesManagerBase.h(184)::createObject : File (data/scene_datasets/gibson_semantic/./Whitethorn.glb) exists but is not a recognized config filename extension, so new default Stage Template attributes created and registered.
[18:56:26:553044]:[Metadata] AttributesManagerBase.h(380)::createFromJsonOrDefaultInternal : <Stage Template>: Proposing JSON name : data/scene_datasets/gibson_semantic/./Wiconisco.stage_config.json from original name : data/scene_datasets/gibson_semantic/./Wiconisco.glb| This file does not exist.
[18:56:26:553084]:[Metadata] AbstractObjectAttributesManagerBase.h(184)::createObject : File (data/scene_datasets/gibson_semantic/./Wiconisco.glb) exists but is not a recognized config filename extension, so new default Stage Template attributes created and registered.
[18:56:26:553095]:[Metadata] AttributesManagerBase.h(380)::createFromJsonOrDefaultInternal : <Stage Template>: Proposing JSON name : data/scene_datasets/gibson_semantic/./Wilbraham.stage_config.json from original name : data/scene_datasets/gibson_semantic/./Wilbraham.glb| This file does not exist.
[18:56:26:553136]:[Metadata] AbstractObjectAttributesManagerBase.h(184)::createObject : File (data/scene_datasets/gibson_semantic/./Wilbraham.glb) exists but is not a recognized config filename extension, so new default Stage Template attributes created and registered.
[18:56:26:553145]:[Metadata] AttributesManagerBase.h(380)::createFromJsonOrDefaultInternal : <Stage Template>: Proposing JSON name : data/scene_datasets/gibson_semantic/./Wilkinsburg.stage_config.json from original name : data/scene_datasets/gibson_semantic/./Wilkinsburg.glb| This file does not exist.
[18:56:26:553190]:[Metadata] AbstractObjectAttributesManagerBase.h(184)::createObject : File (data/scene_datasets/gibson_semantic/./Wilkinsburg.glb) exists but is not a recognized config filename extension, so new default Stage Template attributes created and registered.
[18:56:26:553200]:[Metadata] AttributesManagerBase.h(380)::createFromJsonOrDefaultInternal : <Stage Template>: Proposing JSON name : data/scene_datasets/gibson_semantic/./Willow.stage_config.json from original name : data/scene_datasets/gibson_semantic/./Willow.glb| This file does not exist.
[18:56:26:553243]:[Metadata] AbstractObjectAttributesManagerBase.h(184)::createObject : File (data/scene_datasets/gibson_semantic/./Willow.glb) exists but is not a recognized config filename extension, so new default Stage Template attributes created and registered.
[18:56:26:553253]:[Metadata] AttributesManagerBase.h(380)::createFromJsonOrDefaultInternal : <Stage Template>: Proposing JSON name : data/scene_datasets/gibson_semantic/./Wilseyville.stage_config.json from original name : data/scene_datasets/gibson_semantic/./Wilseyville.glb| This file does not exist.
[18:56:26:553294]:[Metadata] AbstractObjectAttributesManagerBase.h(184)::createObject : File (data/scene_datasets/gibson_semantic/./Wilseyville.glb) exists but is not a recognized config filename extension, so new default Stage Template attributes created and registered.
[18:56:26:553304]:[Metadata] AttributesManagerBase.h(380)::createFromJsonOrDefaultInternal : <Stage Template>: Proposing JSON name : data/scene_datasets/gibson_semantic/./Windhorst.stage_config.json from original name : data/scene_datasets/gibson_semantic/./Windhorst.glb| This file does not exist.
[18:56:26:553347]:[Metadata] AbstractObjectAttributesManagerBase.h(184)::createObject : File (data/scene_datasets/gibson_semantic/./Windhorst.glb) exists but is not a recognized config filename extension, so new default Stage Template attributes created and registered.
[18:56:26:553357]:[Metadata] AttributesManagerBase.h(380)::createFromJsonOrDefaultInternal : <Stage Template>: Proposing JSON name : data/scene_datasets/gibson_semantic/./Winfield.stage_config.json from original name : data/scene_datasets/gibson_semantic/./Winfield.glb| This file does not exist.
[18:56:26:553395]:[Metadata] AbstractObjectAttributesManagerBase.h(184)::createObject : File (data/scene_datasets/gibson_semantic/./Winfield.glb) exists but is not a recognized config filename extension, so new default Stage Template attributes created and registered.
[18:56:26:553405]:[Metadata] AttributesManagerBase.h(380)::createFromJsonOrDefaultInternal : <Stage Template>: Proposing JSON name : data/scene_datasets/gibson_semantic/./Winooski.stage_config.json from original name : data/scene_datasets/gibson_semantic/./Winooski.glb| This file does not exist.
[18:56:26:553447]:[Metadata] AbstractObjectAttributesManagerBase.h(184)::createObject : File (data/scene_datasets/gibson_semantic/./Winooski.glb) exists but is not a recognized config filename extension, so new default Stage Template attributes created and registered.
[18:56:26:553457]:[Metadata] AttributesManagerBase.h(380)::createFromJsonOrDefaultInternal : <Stage Template>: Proposing JSON name : data/scene_datasets/gibson_semantic/./Winthrop.stage_config.json from original name : data/scene_datasets/gibson_semantic/./Winthrop.glb| This file does not exist.
[18:56:26:553499]:[Metadata] AbstractObjectAttributesManagerBase.h(184)::createObject : File (data/scene_datasets/gibson_semantic/./Winthrop.glb) exists but is not a recognized config filename extension, so new default Stage Template attributes created and registered.
[18:56:26:553509]:[Metadata] AttributesManagerBase.h(380)::createFromJsonOrDefaultInternal : <Stage Template>: Proposing JSON name : data/scene_datasets/gibson_semantic/./Woodbine.stage_config.json from original name : data/scene_datasets/gibson_semantic/./Woodbine.glb| This file does not exist.
[18:56:26:553550]:[Metadata] AbstractObjectAttributesManagerBase.h(184)::createObject : File (data/scene_datasets/gibson_semantic/./Woodbine.glb) exists but is not a recognized config filename extension, so new default Stage Template attributes created and registered.
[18:56:26:553560]:[Metadata] AttributesManagerBase.h(380)::createFromJsonOrDefaultInternal : <Stage Template>: Proposing JSON name : data/scene_datasets/gibson_semantic/./Woonsocket.stage_config.json from original name : data/scene_datasets/gibson_semantic/./Woonsocket.glb| This file does not exist.
[18:56:26:553605]:[Metadata] AbstractObjectAttributesManagerBase.h(184)::createObject : File (data/scene_datasets/gibson_semantic/./Woonsocket.glb) exists but is not a recognized config filename extension, so new default Stage Template attributes created and registered.
[18:56:26:553615]:[Metadata] AttributesManagerBase.h(380)::createFromJsonOrDefaultInternal : <Stage Template>: Proposing JSON name : data/scene_datasets/gibson_semantic/./Wyatt.stage_config.json from original name : data/scene_datasets/gibson_semantic/./Wyatt.glb| This file does not exist.
[18:56:26:553657]:[Metadata] AbstractObjectAttributesManagerBase.h(184)::createObject : File (data/scene_datasets/gibson_semantic/./Wyatt.glb) exists but is not a recognized config filename extension, so new default Stage Template attributes created and registered.
[18:56:26:553667]:[Metadata] AttributesManagerBase.h(380)::createFromJsonOrDefaultInternal : <Stage Template>: Proposing JSON name : data/scene_datasets/gibson_semantic/./Wyldwood.stage_config.json from original name : data/scene_datasets/gibson_semantic/./Wyldwood.glb| This file does not exist.
[18:56:26:553707]:[Metadata] AbstractObjectAttributesManagerBase.h(184)::createObject : File (data/scene_datasets/gibson_semantic/./Wyldwood.glb) exists but is not a recognized config filename extension, so new default Stage Template attributes created and registered.
[18:56:26:553717]:[Metadata] AttributesManagerBase.h(380)::createFromJsonOrDefaultInternal : <Stage Template>: Proposing JSON name : data/scene_datasets/gibson_semantic/./Yadkinville.stage_config.json from original name : data/scene_datasets/gibson_semantic/./Yadkinville.glb| This file does not exist.
[18:56:26:553754]:[Metadata] AbstractObjectAttributesManagerBase.h(184)::createObject : File (data/scene_datasets/gibson_semantic/./Yadkinville.glb) exists but is not a recognized config filename extension, so new default Stage Template attributes created and registered.
[18:56:26:553763]:[Metadata] AttributesManagerBase.h(380)::createFromJsonOrDefaultInternal : <Stage Template>: Proposing JSON name : data/scene_datasets/gibson_semantic/./Yankeetown.stage_config.json from original name : data/scene_datasets/gibson_semantic/./Yankeetown.glb| This file does not exist.
[18:56:26:553803]:[Metadata] AbstractObjectAttributesManagerBase.h(184)::createObject : File (data/scene_datasets/gibson_semantic/./Yankeetown.glb) exists but is not a recognized config filename extension, so new default Stage Template attributes created and registered.
[18:56:26:553812]:[Metadata] AttributesManagerBase.h(380)::createFromJsonOrDefaultInternal : <Stage Template>: Proposing JSON name : data/scene_datasets/gibson_semantic/./Yscloskey.stage_config.json from original name : data/scene_datasets/gibson_semantic/./Yscloskey.glb| This file does not exist.
[18:56:26:553852]:[Metadata] AbstractObjectAttributesManagerBase.h(184)::createObject : File (data/scene_datasets/gibson_semantic/./Yscloskey.glb) exists but is not a recognized config filename extension, so new default Stage Template attributes created and registered.
[18:56:26:553860]:[Metadata] AttributesManagerBase.h(285)::loadAllFileBasedTemplates : <Stage Template> : Loaded file-based templates: 492
[18:56:26:553872]:[Metadata] AttributesManagerBase.h(360)::buildAttrSrcPathsFromJSONAndLoad : <Stage Template>:1paths specified in JSON doc forStage Templatetemplates.
[18:56:26:553880]:[Metadata] SceneDatasetAttributesManager.cpp(283)::readDatasetJSONCell : "scene_instances" cell in JSON config not appropriately configured. Skipping.
[18:56:26:553891]:[IO] JsonStlTypes.h(124)::readMember<std::map<std::__cxx11::basic_string<char>, std::__cxx11::basic_string<char> > > : Invalid JSON Object value specified in JSON config at semantic_scene_descriptor_instances ; Unable to populate std::map.
[18:56:26:553912]:[Metadata] SceneDatasetAttributesManager.cpp(37)::createObject : JSON Configuration File (data/scene_datasets/gibson_semantic/gibson.scene_dataset_config.json) based dataset attributes created  and registered.
[18:56:26:553919]:[Metadata] MetadataMediator.cpp(120)::createSceneDataset : Dataset data/scene_datasets/gibson_semantic/gibson.scene_dataset_config.json successfully created.
[18:56:26:553926]:[Metadata] MetadataMediator.cpp(217)::setActiveSceneDatasetName : Attempt to create new dataset data/scene_datasets/gibson_semantic/gibson.scene_dataset_config.json   succeeded. Currently active dataset : data/scene_datasets/gibson_semantic/gibson.scene_dataset_config.json
[18:56:26:553933]:[Metadata] MetadataMediator.cpp(175)::setCurrPhysicsAttributesHandle : Old physics manager attributes  changed to ./data/default.physics_config.json successfully.
[18:56:26:553940]:[Metadata] MetadataMediator.cpp(66)::setSimulatorConfiguration : Set new simulator config for scene/stage : data/scene_datasets/gibson_semantic/Collierville.glb and dataset : data/scene_datasets/gibson_semantic/gibson.scene_dataset_config.json which is currently active dataset.
Renderer: NVIDIA L40S/PCIe/SSE2 by NVIDIA Corporation
OpenGL version: 4.6.0 NVIDIA 580.159.04
Using optional features:
    GL_ARB_vertex_array_object
    GL_ARB_separate_shader_objects
    GL_ARB_robustness
    GL_ARB_texture_storage
    GL_ARB_texture_view
    GL_ARB_framebuffer_no_attachments
    GL_ARB_invalidate_subdata
    GL_ARB_texture_storage_multisample
    GL_ARB_multi_bind
    GL_ARB_direct_state_access
    GL_ARB_get_texture_sub_image
    GL_ARB_texture_filter_anisotropic
    GL_KHR_debug
    GL_KHR_parallel_shader_compile
    GL_NV_depth_buffer_float
Using driver workarounds:
    no-forward-compatible-core-context
    nv-egl-incorrect-gl11-function-pointers
    no-layout-qualifiers-on-old-glsl
    nv-zero-context-profile-mask
    nv-implementation-color-read-format-dsa-broken
    nv-cubemap-inconsistent-compressed-image-size
    nv-cubemap-broken-full-compressed-image-query
    nv-compressed-block-size-in-bits
[18:56:26:800586]:[Metadata] MetadataMediator.cpp(297)::getSceneInstanceAttributesByName : Dataset : data/scene_datasets/gibson_semantic/gibson.scene_dataset_config.json has no preloaded SceneInstanceAttributes or StageAttributes named : data/scene_datasets/gibson_semantic/Collierville.glb so loading/creating a new StageAttributes with this name, and then creating a SceneInstanceAttributes with the same name that references this stage.
[18:56:26:800622]:[Metadata] AttributesManagerBase.h(380)::createFromJsonOrDefaultInternal : <Stage Template>: Proposing JSON name : data/scene_datasets/gibson_semantic/Collierville.stage_config.json from original name : data/scene_datasets/gibson_semantic/Collierville.glb| This file does not exist.
[18:56:26:800699]:[Metadata] AbstractObjectAttributesManagerBase.h(184)::createObject : File (data/scene_datasets/gibson_semantic/Collierville.glb) exists but is not a recognized config filename extension, so new default Stage Template attributes created and registered.
[18:56:26:800770]:[Metadata] SceneDatasetAttributes.cpp(47)::addNewSceneInstanceToDataset : Dataset : 'gibson' : Stage Attributes 'data/scene_datasets/gibson_semantic/Collierville.glb' specified in Scene Attributes exists in dataset library.
[18:56:26:800781]:[Metadata] SceneDatasetAttributes.cpp(84)::addNewSceneInstanceToDataset : Dataset : 'gibson' : Lighting Layout Attributes 'no_lights' specified in Scene Attributes but does not exist in dataset, so creating.
[18:56:26:800795]:[Metadata] AttributesManagerBase.h(380)::createFromJsonOrDefaultInternal : <Lighting Layout>: Proposing JSON name : no_lights.lighting_config.json from original name : no_lights| This file does not exist.
[18:56:26:800812]:[Metadata] LightLayoutAttributesManager.cpp(38)::createObject : File (no_lights) not found, so new default light layout attributes created and registered.
[18:56:26:800823]:[Sim] Simulator.cpp(235)::createSceneInstance : Navmesh file location in scene instance : data/scene_datasets/gibson_semantic/Collierville.navmesh
[18:56:26:800840]:[Sim] Simulator.cpp(240)::createSceneInstance : Loading navmesh from data/scene_datasets/gibson_semantic/Collierville.navmesh
[18:56:26:800863]:[Nav] PathFinder.cpp(1035)::loadNavMesh : NavMeshSettings aren't present, guessing that they are the default
[18:56:26:800925]:[Sim] Simulator.cpp(242)::createSceneInstance : Navmesh Loaded.
[18:56:26:800953]:[Scene] SceneGraph.h(85)::createDrawableGroup : Created DrawableGroup: 
[18:56:26:800964]:[Assets] ResourceManager.cpp(308)::loadSemanticSceneDescriptor : SceneInstance : data/scene_datasets/gibson_semantic/Collierville.glb proposed Semantic Scene Descriptor filename : data/scene_datasets/gibson_semantic/Collierville.scn
[18:56:26:801118]:[Assets] ResourceManager.cpp(319)::loadSemanticSceneDescriptor : SSD with SceneInstanceAttributes-provided name  data/scene_datasets/gibson_semantic/Collierville.scn successfully found and loaded
[18:56:26:801157]:[Assets] ResourceManager.cpp(1666)::configureImporterManagerGLExtensions : Importing Basis files as BC7.
[18:56:26:801452]:[Sim] Simulator.cpp(309)::createSceneInstance : Using scene instance-specified Light key : - no_lights -
[18:56:26:801478]:[Metadata] MetadataMediator.cpp(66)::setSimulatorConfiguration : Set new simulator config for scene/stage : data/scene_datasets/gibson_semantic/Collierville.glb and dataset : data/scene_datasets/gibson_semantic/gibson.scene_dataset_config.json which is currently active dataset.
[18:56:26:801527]:[Sim] Simulator.cpp(419)::instanceStageForSceneAttributes : Start to load stage named : data/scene_datasets/gibson_semantic/Collierville.glb with render asset : data/scene_datasets/gibson_semantic/Collierville.glb and collision asset : data/scene_datasets/gibson_semantic/Collierville.glb
[18:56:26:801600]:[Assets] ResourceManager.cpp(702)::createStageAssetInfosFromAttributes : Frame :{"up":[0,0,1],"front":[0,1,0],"origin":[0,0,0]} for render mesh named : data/scene_datasets/gibson_semantic/Collierville.glb|{"up":[0,0,1],"front":[0,1,0],"origin":[0,0,0]} for semantic mesh named : data/scene_datasets/gibson_semantic/Collierville_semantic.ply with type specified as semantic|Semantic Txtrs : False
[18:56:26:801613]:[Assets] ResourceManager.cpp(442)::loadStage : Loading Semantic Stage mesh : data/scene_datasets/gibson_semantic/Collierville_semantic.ply
[18:56:26:801620]:[Scene] SceneGraph.h(85)::createDrawableGroup : Created DrawableGroup: 
[18:56:26:801627]:[Assets] ResourceManager.cpp(984)::loadStageInternal : Attempting to load stage data/scene_datasets/gibson_semantic/Collierville_semantic.ply 
[18:56:26:801637]:[Assets] ResourceManager.cpp(863)::loadRenderAsset : Loading Semantic Mesh asset named: data/scene_datasets/gibson_semantic/Collierville_semantic.ply
[18:56:26:801644]:[Assets] ResourceManager.cpp(1666)::configureImporterManagerGLExtensions : Importing Basis files as BC7.
[18:56:26:912753]:[Assets] ResourceManager.cpp(475)::loadStage : Semantic Stage mesh : data/scene_datasets/gibson_semantic/Collierville_semantic.ply loaded.
[18:56:26:912797]:[Assets] ResourceManager.cpp(518)::loadStage : Start load render asset data/scene_datasets/gibson_semantic/Collierville.glb .
[18:56:26:912804]:[Assets] ResourceManager.cpp(984)::loadStageInternal : Attempting to load stage data/scene_datasets/gibson_semantic/Collierville.glb 
[18:56:26:912824]:[Assets] ResourceManager.cpp(866)::loadRenderAsset : Loading general asset named: data/scene_datasets/gibson_semantic/Collierville.glb
[18:56:26:912833]:[Assets] ResourceManager.cpp(1666)::configureImporterManagerGLExtensions : Importing Basis files as BC7.
[18:56:29:302936]:[Assets] ResourceManager.cpp(2105)::loadMaterials : Building 2 materials for asset named 'Collierville.glb' : 
[18:56:29:303056]:[Assets] ResourceManager.cpp(2210)::loadMaterials : Idx 00:Flat.
[18:56:29:303079]:[Assets] ResourceManager.cpp(2210)::loadMaterials : Idx 01:Flat.
[18:56:29:324924]:[Sim] Simulator.cpp(446)::instanceStageForSceneAttributes : Successfully loaded stage named : data/scene_datasets/gibson_semantic/Collierville.glb
[18:56:29:325024]:[Sim] Simulator.cpp(203)::reconfigure : CreateSceneInstance success == true for active scene name : data/scene_datasets/gibson_semantic/Collierville.glb  with renderer.
[18:56:29:341519]:[Nav] PathFinder.cpp(571)::build : Building navmesh with 108 x 202 cells
[18:56:29:427933]:[Nav] PathFinder.cpp(845)::build : Created navmesh with 246 vertices 126 polygons
[18:56:29:428071]:[Sim] Simulator.cpp(908)::recomputeNavMesh : reconstruct navmesh successful
2026-07-21 18:56:29,432 Initializing task ObjectNav-v1
2026-07-21 18:56:30,570 agent number of parameters: 0
[traj] episode 125 — unknown
[traj] reset #1 -> episode 125
  0%|          | 0/400 [00:00<?, ?it/s]BLIP2ITMClient.cosine: (480, 640, 3), Seems like there is a couch ahead.
Step: 0 | Mode: initialize | Action: 2
BLIP2ITMClient.cosine: (480, 640, 3), Seems like there is a couch ahead.
Step: 1 | Mode: initialize | Action: 2
BLIP2ITMClient.cosine: (480, 640, 3), Seems like there is a couch ahead.
Step: 2 | Mode: initialize | Action: 2
BLIP2ITMClient.cosine: (480, 640, 3), Seems like there is a couch ahead.
Step: 3 | Mode: initialize | Action: 2
BLIP2ITMClient.cosine: (480, 640, 3), Seems like there is a couch ahead.
Step: 4 | Mode: initialize | Action: 2
BLIP2ITMClient.cosine: (480, 640, 3), Seems like there is a couch ahead.
Step: 5 | Mode: initialize | Action: 2
BLIP2ITMClient.cosine: (480, 640, 3), Seems like there is a couch ahead.
Step: 6 | Mode: initialize | Action: 2
BLIP2ITMClient.cosine: (480, 640, 3), Seems like there is a couch ahead.
Step: 7 | Mode: initialize | Action: 2
BLIP2ITMClient.cosine: (480, 640, 3), Seems like there is a couch ahead.
Step: 8 | Mode: initialize | Action: 2
BLIP2ITMClient.cosine: (480, 640, 3), Seems like there is a couch ahead.
Step: 9 | Mode: initialize | Action: 2
BLIP2ITMClient.cosine: (480, 640, 3), Seems like there is a couch ahead.
Step: 10 | Mode: initialize | Action: 2
BLIP2ITMClient.cosine: (480, 640, 3), Seems like there is a couch ahead.
Step: 11 | Mode: initialize | Action: 2
BLIP2ITMClient.cosine: (480, 640, 3), Seems like there is a couch ahead.
BLIP2ITMClient.cosine: (480, 640, 3), Seems like there is a couch ahead.
Best value: 11.06%
Step: 12 | Mode: explore | Action: 2
BLIP2ITMClient.cosine: (480, 640, 3), Seems like there is a couch ahead.
Sticking to last point.
Best value: 11.06%
Step: 13 | Mode: explore | Action: 1
BLIP2ITMClient.cosine: (480, 640, 3), Seems like there is a couch ahead.
BLIP2ITMClient.cosine: (480, 640, 3), Seems like there is a couch ahead.
Sticking to last point.
Best value: 12.53%
Step: 14 | Mode: explore | Action: 1
BLIP2ITMClient.cosine: (480, 640, 3), Seems like there is a couch ahead.
BLIP2ITMClient.cosine: (480, 640, 3), Seems like there is a couch ahead.
Best value: 13.90%
Step: 15 | Mode: explore | Action: 2
BLIP2ITMClient.cosine: (480, 640, 3), Seems like there is a couch ahead.
Sticking to last point.
Best value: 13.90%
Step: 16 | Mode: explore | Action: 3
BLIP2ITMClient.cosine: (480, 640, 3), Seems like there is a couch ahead.
Sticking to last point.
Best value: 13.90%
Step: 17 | Mode: explore | Action: 1
BLIP2ITMClient.cosine: (480, 640, 3), Seems like there is a couch ahead.
BLIP2ITMClient.cosine: (480, 640, 3), Seems like there is a couch ahead.
Sticking to last point.
Best value: 14.46%
Step: 18 | Mode: explore | Action: 2
BLIP2ITMClient.cosine: (480, 640, 3), Seems like there is a couch ahead.
BLIP2ITMClient.cosine: (480, 640, 3), Seems like there is a couch ahead.
Sticking to last point.
Best value: 17.83%
Step: 19 | Mode: explore | Action: 1
BLIP2ITMClient.cosine: (480, 640, 3), Seems like there is a couch ahead.
BLIP2ITMClient.cosine: (480, 640, 3), Seems like there is a couch ahead.
Sticking to last point.
Best value: 18.16%
Step: 20 | Mode: explore | Action: 2
BLIP2ITMClient.cosine: (480, 640, 3), Seems like there is a couch ahead.
Sticking to last point.
Best value: 18.16%
Step: 21 | Mode: explore | Action: 3
BLIP2ITMClient.cosine: (480, 640, 3), Seems like there is a couch ahead.
Sticking to last point.
Best value: 18.16%
Step: 22 | Mode: explore | Action: 1
BLIP2ITMClient.cosine: (480, 640, 3), Seems like there is a couch ahead.
BLIP2ITMClient.cosine: (480, 640, 3), Seems like there is a couch ahead.
Sticking to last point.
Best value: 21.18%
Step: 23 | Mode: explore | Action: 2
BLIP2ITMClient.cosine: (480, 640, 3), Seems like there is a couch ahead.
BLIP2ITMClient.cosine: (480, 640, 3), Seems like there is a couch ahead.
Best value: 16.80%
Step: 24 | Mode: explore | Action: 2
BLIP2ITMClient.cosine: (480, 640, 3), Seems like there is a couch ahead.
Sticking to last point.
Best value: 16.80%
Step: 25 | Mode: explore | Action: 3
BLIP2ITMClient.cosine: (480, 640, 3), Seems like there is a couch ahead.
Sticking to last point.
Best value: 16.80%
Step: 26 | Mode: explore | Action: 1
BLIP2ITMClient.cosine: (480, 640, 3), Seems like there is a couch ahead.
BLIP2ITMClient.cosine: (480, 640, 3), Seems like there is a couch ahead.
Sticking to last point.
Best value: 18.26%
Step: 27 | Mode: explore | Action: 2
BLIP2ITMClient.cosine: (480, 640, 3), Seems like there is a couch ahead.
BLIP2ITMClient.cosine: (480, 640, 3), Seems like there is a couch ahead.
Best value: 16.80%
Step: 28 | Mode: explore | Action: 3
BLIP2ITMClient.cosine: (480, 640, 3), Seems like there is a couch ahead.
Sticking to last point.
Best value: 16.80%
Step: 29 | Mode: explore | Action: 3
BLIP2ITMClient.cosine: (480, 640, 3), Seems like there is a couch ahead.
BLIP2ITMClient.cosine: (480, 640, 3), Seems like there is a couch ahead.
Sticking to last point.
Best value: 21.36%
Step: 30 | Mode: explore | Action: 3
BLIP2ITMClient.cosine: (480, 640, 3), Seems like there is a couch ahead.
BLIP2ITMClient.cosine: (480, 640, 3), Seems like there is a couch ahead.
Best value: 20.60%
Step: 31 | Mode: explore | Action: 1
BLIP2ITMClient.cosine: (480, 640, 3), Seems like there is a couch ahead.
Sticking to last point.
Best value: 20.60%
Step: 32 | Mode: explore | Action: 3
BLIP2ITMClient.cosine: (480, 640, 3), Seems like there is a couch ahead.
BLIP2ITMClient.cosine: (480, 640, 3), Seems like there is a couch ahead.
Best value: 12.10%
Step: 33 | Mode: explore | Action: 1
BLIP2ITMClient.cosine: (480, 640, 3), Seems like there is a couch ahead.
Sticking to last point.
Best value: 12.10%
Step: 34 | Mode: explore | Action: 2
BLIP2ITMClient.cosine: (480, 640, 3), Seems like there is a couch ahead.
Sticking to last point.
Best value: 12.10%
Step: 35 | Mode: explore | Action: 2
BLIP2ITMClient.cosine: (480, 640, 3), Seems like there is a couch ahead.
Sticking to last point.
Best value: 12.10%
Step: 36 | Mode: explore | Action: 2
BLIP2ITMClient.cosine: (480, 640, 3), Seems like there is a couch ahead.
Sticking to last point.
Best value: 12.10%
Step: 37 | Mode: explore | Action: 2
BLIP2ITMClient.cosine: (480, 640, 3), Seems like there is a couch ahead.
BLIP2ITMClient.cosine: (480, 640, 3), Seems like there is a couch ahead.
Sticking to last point.
Best value: 14.60%
Step: 38 | Mode: explore | Action: 2
BLIP2ITMClient.cosine: (480, 640, 3), Seems like there is a couch ahead.
Best value: 11.50%
Step: 39 | Mode: explore | Action: 3
BLIP2ITMClient.cosine: (480, 640, 3), Seems like there is a couch ahead.
Sticking to last point.
Best value: 11.50%
Step: 40 | Mode: explore | Action: 3
BLIP2ITMClient.cosine: (480, 640, 3), Seems like there is a couch ahead.
Sticking to last point.
Best value: 11.50%
Step: 41 | Mode: explore | Action: 3
BLIP2ITMClient.cosine: (480, 640, 3), Seems like there is a couch ahead.
Sticking to last point.
Best value: 11.50%
Step: 42 | Mode: explore | Action: 3
BLIP2ITMClient.cosine: (480, 640, 3), Seems like there is a couch ahead.
Sticking to last point.
Best value: 11.50%
Step: 43 | Mode: explore | Action: 3
BLIP2ITMClient.cosine: (480, 640, 3), Seems like there is a couch ahead.
Sticking to last point.
Best value: 11.50%
Step: 44 | Mode: explore | Action: 1
BLIP2ITMClient.cosine: (480, 640, 3), Seems like there is a couch ahead.
Sticking to last point.
Best value: 11.50%
Step: 45 | Mode: explore | Action: 3
BLIP2ITMClient.cosine: (480, 640, 3), Seems like there is a couch ahead.
Sticking to last point.
Best value: 11.50%
Step: 46 | Mode: explore | Action: 1
BLIP2ITMClient.cosine: (480, 640, 3), Seems like there is a couch ahead.
BLIP2ITMClient.cosine: (480, 640, 3), Seems like there is a couch ahead.
Sticking to last point.
Best value: 14.52%
Step: 47 | Mode: explore | Action: 2
BLIP2ITMClient.cosine: (480, 640, 3), Seems like there is a couch ahead.
Sticking to last point.
Best value: 14.52%
Step: 48 | Mode: explore | Action: 1
BLIP2ITMClient.cosine: (480, 640, 3), Seems like there is a couch ahead.
Sticking to last point.
Best value: 14.52%
Step: 49 | Mode: explore | Action: 2
BLIP2ITMClient.cosine: (480, 640, 3), Seems like there is a couch ahead.
Sticking to last point.
Best value: 14.52%
Step: 50 | Mode: explore | Action: 1
BLIP2ITMClient.cosine: (480, 640, 3), Seems like there is a couch ahead.
Sticking to last point.
Best value: 14.52%
Step: 51 | Mode: explore | Action: 3
BLIP2ITMClient.cosine: (480, 640, 3), Seems like there is a couch ahead.
BLIP2ITMClient.cosine: (480, 640, 3), Seems like there is a couch ahead.
Best value: 13.06%
Step: 52 | Mode: explore | Action: 1
BLIP2ITMClient.cosine: (480, 640, 3), Seems like there is a couch ahead.
BLIP2ITMClient.cosine: (480, 640, 3), Seems like there is a couch ahead.
Sticking to last point.
Best value: 12.75%
Step: 53 | Mode: explore | Action: 3
BLIP2ITMClient.cosine: (480, 640, 3), Seems like there is a couch ahead.
Sticking to last point.
Best value: 12.75%
Step: 54 | Mode: explore | Action: 1
BLIP2ITMClient.cosine: (480, 640, 3), Seems like there is a couch ahead.
Sticking to last point.
Best value: 12.75%
Step: 55 | Mode: explore | Action: 1
BLIP2ITMClient.cosine: (480, 640, 3), Seems like there is a couch ahead.
BLIP2ITMClient.cosine: (480, 640, 3), Seems like there is a couch ahead.
Best value: 11.46%
Step: 56 | Mode: explore | Action: 1
BLIP2ITMClient.cosine: (480, 640, 3), Seems like there is a couch ahead.
BLIP2ITMClient.cosine: (480, 640, 3), Seems like there is a couch ahead.
Best value: 11.06%
Step: 57 | Mode: explore | Action: 2
BLIP2ITMClient.cosine: (480, 640, 3), Seems like there is a couch ahead.
Sticking to last point.
Best value: 11.06%
Step: 58 | Mode: explore | Action: 3
BLIP2ITMClient.cosine: (480, 640, 3), Seems like there is a couch ahead.
Sticking to last point.
Best value: 11.06%
Step: 59 | Mode: explore | Action: 3
BLIP2ITMClient.cosine: (480, 640, 3), Seems like there is a couch ahead.
Sticking to last point.
Best value: 11.06%
Step: 60 | Mode: explore | Action: 1
BLIP2ITMClient.cosine: (480, 640, 3), Seems like there is a couch ahead.
BLIP2ITMClient.cosine: (480, 640, 3), Seems like there is a couch ahead.
Sticking to last point.
Best value: 11.06%
Step: 61 | Mode: explore | Action: 3
BLIP2ITMClient.cosine: (480, 640, 3), Seems like there is a couch ahead.
Sticking to last point.
Best value: 11.06%
Step: 62 | Mode: explore | Action: 2
BLIP2ITMClient.cosine: (480, 640, 3), Seems like there is a couch ahead.
Sticking to last point.
Best value: 11.06%
Step: 63 | Mode: explore | Action: 2
BLIP2ITMClient.cosine: (480, 640, 3), Seems like there is a couch ahead.
Sticking to last point.
Best value: 11.06%
Step: 64 | Mode: explore | Action: 1
BLIP2ITMClient.cosine: (480, 640, 3), Seems like there is a couch ahead.
Sticking to last point.
Best value: 11.06%
Step: 65 | Mode: explore | Action: 2
BLIP2ITMClient.cosine: (480, 640, 3), Seems like there is a couch ahead.
Sticking to last point.
Best value: 11.06%
Step: 66 | Mode: explore | Action: 1
BLIP2ITMClient.cosine: (480, 640, 3), Seems like there is a couch ahead.
Sticking to last point.
Best value: 11.06%
Step: 67 | Mode: explore | Action: 3
BLIP2ITMClient.cosine: (480, 640, 3), Seems like there is a couch ahead.
Sticking to last point.
Best value: 11.06%
Step: 68 | Mode: explore | Action: 3
BLIP2ITMClient.cosine: (480, 640, 3), Seems like there is a couch ahead.
BLIP2ITMClient.cosine: (480, 640, 3), Seems like there is a couch ahead.
Sticking to last point.
Best value: 11.06%
Step: 69 | Mode: explore | Action: 1
BLIP2ITMClient.cosine: (480, 640, 3), Seems like there is a couch ahead.
Sticking to last point.
Best value: 11.06%
Step: 70 | Mode: explore | Action: 3
BLIP2ITMClient.cosine: (480, 640, 3), Seems like there is a couch ahead.
BLIP2ITMClient.cosine: (480, 640, 3), Seems like there is a couch ahead.
Sticking to last point.
Best value: 11.06%
Step: 71 | Mode: explore | Action: 1
BLIP2ITMClient.cosine: (480, 640, 3), Seems like there is a couch ahead.
BLIP2ITMClient.cosine: (480, 640, 3), Seems like there is a couch ahead.
Sticking to last point.
Best value: 11.06%
Step: 72 | Mode: explore | Action: 3
BLIP2ITMClient.cosine: (480, 640, 3), Seems like there is a couch ahead.
Sticking to last point.
Best value: 11.06%
Step: 73 | Mode: explore | Action: 1
BLIP2ITMClient.cosine: (480, 640, 3), Seems like there is a couch ahead.
BLIP2ITMClient.cosine: (480, 640, 3), Seems like there is a couch ahead.
Sticking to last point.
Best value: 11.06%
Step: 74 | Mode: explore | Action: 1
BLIP2ITMClient.cosine: (480, 640, 3), Seems like there is a couch ahead.
BLIP2ITMClient.cosine: (480, 640, 3), Seems like there is a couch ahead.
Sticking to last point.
Best value: 11.06%
Step: 75 | Mode: explore | Action: 1
BLIP2ITMClient.cosine: (480, 640, 3), Seems like there is a couch ahead.
Sticking to last point.
Best value: 11.06%
Step: 76 | Mode: explore | Action: 2
BLIP2ITMClient.cosine: (480, 640, 3), Seems like there is a couch ahead.
Sticking to last point.
Best value: 11.06%
Step: 77 | Mode: explore | Action: 1
BLIP2ITMClient.cosine: (480, 640, 3), Seems like there is a couch ahead.
BLIP2ITMClient.cosine: (480, 640, 3), Seems like there is a couch ahead.
Sticking to last point.
Best value: 11.06%
Step: 78 | Mode: explore | Action: 1
BLIP2ITMClient.cosine: (480, 640, 3), Seems like there is a couch ahead.
BLIP2ITMClient.cosine: (480, 640, 3), Seems like there is a couch ahead.
Sticking to last point.
Best value: 11.06%
Step: 79 | Mode: explore | Action: 1
BLIP2ITMClient.cosine: (480, 640, 3), Seems like there is a couch ahead.
BLIP2ITMClient.cosine: (480, 640, 3), Seems like there is a couch ahead.
Sticking to last point.
Best value: 11.06%
Step: 80 | Mode: explore | Action: 3
BLIP2ITMClient.cosine: (480, 640, 3), Seems like there is a couch ahead.
BLIP2ITMClient.cosine: (480, 640, 3), Seems like there is a couch ahead.
Sticking to last point.
Best value: 11.06%
Step: 81 | Mode: explore | Action: 1
BLIP2ITMClient.cosine: (480, 640, 3), Seems like there is a couch ahead.
Sticking to last point.
Best value: 11.06%
Step: 82 | Mode: explore | Action: 1
BLIP2ITMClient.cosine: (480, 640, 3), Seems like there is a couch ahead.
BLIP2ITMClient.cosine: (480, 640, 3), Seems like there is a couch ahead.
Sticking to last point.
Best value: 11.06%
Step: 83 | Mode: explore | Action: 1
BLIP2ITMClient.cosine: (480, 640, 3), Seems like there is a couch ahead.
Sticking to last point.
Best value: 11.06%
Step: 84 | Mode: explore | Action: 1
BLIP2ITMClient.cosine: (480, 640, 3), Seems like there is a couch ahead.
BLIP2ITMClient.cosine: (480, 640, 3), Seems like there is a couch ahead.
Sticking to last point.
Best value: 11.06%
Step: 85 | Mode: explore | Action: 1
BLIP2ITMClient.cosine: (480, 640, 3), Seems like there is a couch ahead.
BLIP2ITMClient.cosine: (480, 640, 3), Seems like there is a couch ahead.
Sticking to last point.
Best value: 11.06%
Step: 86 | Mode: explore | Action: 1
BLIP2ITMClient.cosine: (480, 640, 3), Seems like there is a couch ahead.
BLIP2ITMClient.cosine: (480, 640, 3), Seems like there is a couch ahead.
Sticking to last point.
Best value: 11.06%
Step: 87 | Mode: explore | Action: 3
BLIP2ITMClient.cosine: (480, 640, 3), Seems like there is a couch ahead.
BLIP2ITMClient.cosine: (480, 640, 3), Seems like there is a couch ahead.
Sticking to last point.
Best value: 11.06%
Step: 88 | Mode: explore | Action: 1
BLIP2ITMClient.cosine: (480, 640, 3), Seems like there is a couch ahead.
BLIP2ITMClient.cosine: (480, 640, 3), Seems like there is a couch ahead.
Sticking to last point.
Best value: 11.06%
Step: 89 | Mode: explore | Action: 1
BLIP2ITMClient.cosine: (480, 640, 3), Seems like there is a couch ahead.
Sticking to last point.
Best value: 11.06%
Step: 90 | Mode: explore | Action: 3
BLIP2ITMClient.cosine: (480, 640, 3), Seems like there is a couch ahead.
Best value: 12.66%
Step: 91 | Mode: explore | Action: 3
BLIP2ITMClient.cosine: (480, 640, 3), Seems like there is a couch ahead.
Sticking to last point.
Best value: 12.66%
Step: 92 | Mode: explore | Action: 3
BLIP2ITMClient.cosine: (480, 640, 3), Seems like there is a couch ahead.
Sticking to last point.
Best value: 12.66%
Step: 93 | Mode: explore | Action: 3
BLIP2ITMClient.cosine: (480, 640, 3), Seems like there is a couch ahead.
BLIP2ITMClient.cosine: (480, 640, 3), Seems like there is a couch ahead.
Sticking to last point.
Best value: 12.89%
  0%|          | 1/400 [01:00<6:44:31, 60.83s/it]  0%|          | 2/400 [01:11<3:26:54, 31.19s/it]Step: 94 | Mode: explore | Action: 3
BLIP2ITMClient.cosine: (480, 640, 3), Seems like there is a couch ahead.
Sticking to last point.
Best value: 12.89%
Step: 95 | Mode: explore | Action: 3
BLIP2ITMClient.cosine: (480, 640, 3), Seems like there is a couch ahead.
Sticking to last point.
Best value: 12.89%
Step: 96 | Mode: explore | Action: 1
BLIP2ITMClient.cosine: (480, 640, 3), Seems like there is a couch ahead.
Sticking to last point.
Best value: 12.89%
Step: 97 | Mode: explore | Action: 1
BLIP2ITMClient.cosine: (480, 640, 3), Seems like there is a couch ahead.
Sticking to last point.
Best value: 12.89%
Step: 98 | Mode: explore | Action: 2
BLIP2ITMClient.cosine: (480, 640, 3), Seems like there is a couch ahead.
Sticking to last point.
Best value: 12.89%
Step: 99 | Mode: explore | Action: 1
BLIP2ITMClient.cosine: (480, 640, 3), Seems like there is a couch ahead.
Sticking to last point.
Best value: 12.89%
Step: 100 | Mode: explore | Action: 1
BLIP2ITMClient.cosine: (480, 640, 3), Seems like there is a couch ahead.
Sticking to last point.
Best value: 12.89%
Step: 101 | Mode: explore | Action: 1
BLIP2ITMClient.cosine: (480, 640, 3), Seems like there is a couch ahead.
Sticking to last point.
Best value: 12.89%
Step: 102 | Mode: explore | Action: 1
BLIP2ITMClient.cosine: (480, 640, 3), Seems like there is a couch ahead.
Sticking to last point.
Best value: 12.89%
Step: 103 | Mode: explore | Action: 2
BLIP2ITMClient.cosine: (480, 640, 3), Seems like there is a couch ahead.
Sticking to last point.
Best value: 12.89%
Step: 104 | Mode: explore | Action: 1
BLIP2ITMClient.cosine: (480, 640, 3), Seems like there is a couch ahead.
Sticking to last point.
Best value: 12.89%
Step: 105 | Mode: explore | Action: 3
BLIP2ITMClient.cosine: (480, 640, 3), Seems like there is a couch ahead.
Sticking to last point.
Best value: 12.89%
Step: 106 | Mode: explore | Action: 1
BLIP2ITMClient.cosine: (480, 640, 3), Seems like there is a couch ahead.
Sticking to last point.
Best value: 12.89%
Step: 107 | Mode: explore | Action: 1
BLIP2ITMClient.cosine: (480, 640, 3), Seems like there is a couch ahead.
Sticking to last point.
Best value: 12.89%
Step: 108 | Mode: explore | Action: 1
BLIP2ITMClient.cosine: (480, 640, 3), Seems like there is a couch ahead.
BLIP2ITMClient.cosine: (480, 640, 3), Seems like there is a couch ahead.
Sticking to last point.
Best value: 14.27%
Step: 109 | Mode: explore | Action: 3
BLIP2ITMClient.cosine: (480, 640, 3), Seems like there is a couch ahead.
BLIP2ITMClient.cosine: (480, 640, 3), Seems like there is a couch ahead.
Sticking to last point.
Best value: 13.45%
Step: 110 | Mode: explore | Action: 3
BLIP2ITMClient.cosine: (480, 640, 3), Seems like there is a couch ahead.
Sticking to last point.
Best value: 13.45%
Step: 111 | Mode: explore | Action: 1
BLIP2ITMClient.cosine: (480, 640, 3), Seems like there is a couch ahead.
BLIP2ITMClient.cosine: (480, 640, 3), Seems like there is a couch ahead.
Best value: 9.91%
Step: 112 | Mode: explore | Action: 1
BLIP2ITMClient.cosine: (480, 640, 3), Seems like there is a couch ahead.
Sticking to last point.
Best value: 9.91%
Step: 113 | Mode: explore | Action: 2
BLIP2ITMClient.cosine: (480, 640, 3), Seems like there is a couch ahead.
Sticking to last point.
Best value: 9.91%
Step: 114 | Mode: explore | Action: 1
BLIP2ITMClient.cosine: (480, 640, 3), Seems like there is a couch ahead.
Sticking to last point.
Best value: 9.91%
Step: 115 | Mode: explore | Action: 3
BLIP2ITMClient.cosine: (480, 640, 3), Seems like there is a couch ahead.
BLIP2ITMClient.cosine: (480, 640, 3), Seems like there is a couch ahead.
Sticking to last point.
Best value: 10.98%
Step: 116 | Mode: explore | Action: 3
BLIP2ITMClient.cosine: (480, 640, 3), Seems like there is a couch ahead.
BLIP2ITMClient.cosine: (480, 640, 3), Seems like there is a couch ahead.
Sticking to last point.
Best value: 10.65%
Step: 117 | Mode: explore | Action: 3
BLIP2ITMClient.cosine: (480, 640, 3), Seems like there is a couch ahead.
Sticking to last point.
Best value: 10.65%
Step: 118 | Mode: explore | Action: 1
BLIP2ITMClient.cosine: (480, 640, 3), Seems like there is a couch ahead.
BLIP2ITMClient.cosine: (480, 640, 3), Seems like there is a couch ahead.
Best value: 11.26%
Step: 119 | Mode: explore | Action: 3
BLIP2ITMClient.cosine: (480, 640, 3), Seems like there is a couch ahead.
No frontiers found during exploration, stopping.
Step: 120 | Mode: explore | Action: 0
[traj] episode 86 — unknown
Episode 125 in scene Collierville failed due to 'never_saw_target_did_not_travel_stairs_likely_infeasible'.
[traj] captured failure_cause: never_saw_target_did_not_travel_stairs_likely_infeasible
[traj] value map: max=0.2577, nonzero=14860
[traj] saved episode Collierville_125 (121 steps, failed)
BLIP2ITMClient.cosine: (480, 640, 3), Seems like there is a chair ahead.
Step: 0 | Mode: initialize | Action: 2
BLIP2ITMClient.cosine: (480, 640, 3), Seems like there is a chair ahead.
Step: 1 | Mode: initialize | Action: 2
BLIP2ITMClient.cosine: (480, 640, 3), Seems like there is a chair ahead.
Step: 2 | Mode: initialize | Action: 2
BLIP2ITMClient.cosine: (480, 640, 3), Seems like there is a chair ahead.
Step: 3 | Mode: initialize | Action: 2
BLIP2ITMClient.cosine: (480, 640, 3), Seems like there is a chair ahead.
Step: 4 | Mode: initialize | Action: 2
BLIP2ITMClient.cosine: (480, 640, 3), Seems like there is a chair ahead.
Step: 5 | Mode: initialize | Action: 2
BLIP2ITMClient.cosine: (480, 640, 3), Seems like there is a chair ahead.
Step: 6 | Mode: initialize | Action: 2
BLIP2ITMClient.cosine: (480, 640, 3), Seems like there is a chair ahead.
Step: 7 | Mode: initialize | Action: 2
BLIP2ITMClient.cosine: (480, 640, 3), Seems like there is a chair ahead.
Step: 8 | Mode: initialize | Action: 2
BLIP2ITMClient.cosine: (480, 640, 3), Seems like there is a chair ahead.
Step: 9 | Mode: initialize | Action: 2
BLIP2ITMClient.cosine: (480, 640, 3), Seems like there is a chair ahead.
Step: 10 | Mode: initialize | Action: 2
BLIP2ITMClient.cosine: (480, 640, 3), Seems like there is a chair ahead.
Step: 11 | Mode: initialize | Action: 2
BLIP2ITMClient.cosine: (480, 640, 3), Seems like there is a chair ahead.
Step: 12 | Mode: navigate | Action: 2
BLIP2ITMClient.cosine: (480, 640, 3), Seems like there is a chair ahead.
Step: 13 | Mode: navigate | Action: 2
BLIP2ITMClient.cosine: (480, 640, 3), Seems like there is a chair ahead.
Step: 14 | Mode: navigate | Action: 1
BLIP2ITMClient.cosine: (480, 640, 3), Seems like there is a chair ahead.
Step: 15 | Mode: navigate | Action: 1
BLIP2ITMClient.cosine: (480, 640, 3), Seems like there is a chair ahead.
Step: 16 | Mode: navigate | Action: 1
BLIP2ITMClient.cosine: (480, 640, 3), Seems like there is a chair ahead.
Step: 17 | Mode: navigate | Action: 1
BLIP2ITMClient.cosine: (480, 640, 3), Seems like there is a chair ahead.
Step: 18 | Mode: navigate | Action: 1
BLIP2ITMClient.cosine: (480, 640, 3), Seems like there is a chair ahead.
Step: 19 | Mode: navigate | Action: 1
BLIP2ITMClient.cosine: (480, 640, 3), Seems like there is a chair ahead.
Step: 20 | Mode: navigate | Action: 0
[traj] episode 132 — unknown
Episode 86 in scene Collierville failed due to 'false_positive'.
[traj] captured failure_cause: false_positive
[traj] value map: max=0.2186, nonzero=13644
[traj] saved episode Collierville_86 (21 steps, failed)
BLIP2ITMClient.cosine: (480, 640, 3), Seems like there is a tv ahead.
Step: 0 | Mode: initialize | Action: 2
BLIP2ITMClient.cosine: (480, 640, 3), Seems like there is a tv ahead.
Step: 1 | Mode: initialize | Action: 2
BLIP2ITMClient.cosine: (480, 640, 3), Seems like there is a tv ahead.
Step: 2 | Mode: initialize | Action: 2
BLIP2ITMClient.cosine: (480, 640, 3), Seems like there is a tv ahead.
Step: 3 | Mode: initialize | Action: 2
BLIP2ITMClient.cosine: (480, 640, 3), Seems like there is a tv ahead.
Step: 4 | Mode: initialize | Action: 2
BLIP2ITMClient.cosine: (480, 640, 3), Seems like there is a tv ahead.
Step: 5 | Mode: initialize | Action: 2
BLIP2ITMClient.cosine: (480, 640, 3), Seems like there is a tv ahead.
Step: 6 | Mode: initialize | Action: 2
BLIP2ITMClient.cosine: (480, 640, 3), Seems like there is a tv ahead.
Step: 7 | Mode: initialize | Action: 2
BLIP2ITMClient.cosine: (480, 640, 3), Seems like there is a tv ahead.
Step: 8 | Mode: initialize | Action: 2
BLIP2ITMClient.cosine: (480, 640, 3), Seems like there is a tv ahead.
Step: 9 | Mode: initialize | Action: 2
BLIP2ITMClient.cosine: (480, 640, 3), Seems like there is a tv ahead.
Step: 10 | Mode: initialize | Action: 2
BLIP2ITMClient.cosine: (480, 640, 3), Seems like there is a tv ahead.
Step: 11 | Mode: initialize | Action: 2
BLIP2ITMClient.cosine: (480, 640, 3), Seems like there is a tv ahead.
BLIP2ITMClient.cosine: (480, 640, 3), Seems like there is a tv ahead.
Best value: 11.89%
Step: 12 | Mode: explore | Action: 2
BLIP2ITMClient.cosine: (480, 640, 3), Seems like there is a tv ahead.
Sticking to last point.
Best value: 11.89%
Step: 13 | Mode: explore | Action: 2
BLIP2ITMClient.cosine: (480, 640, 3), Seems like there is a tv ahead.
Sticking to last point.
Best value: 11.89%
Step: 14 | Mode: explore | Action: 2
BLIP2ITMClient.cosine: (480, 640, 3), Seems like there is a tv ahead.
Sticking to last point.
Best value: 11.89%
Step: 15 | Mode: explore | Action: 2
BLIP2ITMClient.cosine: (480, 640, 3), Seems like there is a tv ahead.
Sticking to last point.
Best value: 11.89%
Step: 16 | Mode: explore | Action: 1
BLIP2ITMClient.cosine: (480, 640, 3), Seems like there is a tv ahead.
BLIP2ITMClient.cosine: (480, 640, 3), Seems like there is a tv ahead.
Sticking to last point.
Best value: 13.33%
Step: 17 | Mode: explore | Action: 1
BLIP2ITMClient.cosine: (480, 640, 3), Seems like there is a tv ahead.
BLIP2ITMClient.cosine: (480, 640, 3), Seems like there is a tv ahead.
Sticking to last point.
Best value: 13.17%
Step: 18 | Mode: explore | Action: 2
BLIP2ITMClient.cosine: (480, 640, 3), Seems like there is a tv ahead.
BLIP2ITMClient.cosine: (480, 640, 3), Seems like there is a tv ahead.
Best value: 11.89%
Step: 19 | Mode: explore | Action: 1
BLIP2ITMClient.cosine: (480, 640, 3), Seems like there is a tv ahead.
BLIP2ITMClient.cosine: (480, 640, 3), Seems like there is a tv ahead.
Sticking to last point.
Best value: 11.89%
Step: 20 | Mode: explore | Action: 1
BLIP2ITMClient.cosine: (480, 640, 3), Seems like there is a tv ahead.
BLIP2ITMClient.cosine: (480, 640, 3), Seems like there is a tv ahead.
Sticking to last point.
Best value: 11.89%
Step: 21 | Mode: explore | Action: 1
BLIP2ITMClient.cosine: (480, 640, 3), Seems like there is a tv ahead.
BLIP2ITMClient.cosine: (480, 640, 3), Seems like there is a tv ahead.
Sticking to last point.
Best value: 11.89%
Step: 22 | Mode: explore | Action: 3
BLIP2ITMClient.cosine: (480, 640, 3), Seems like there is a tv ahead.
BLIP2ITMClient.cosine: (480, 640, 3), Seems like there is a tv ahead.
Sticking to last point.
Best value: 11.89%
Step: 23 | Mode: explore | Action: 1
BLIP2ITMClient.cosine: (480, 640, 3), Seems like there is a tv ahead.
BLIP2ITMClient.cosine: (480, 640, 3), Seems like there is a tv ahead.
Sticking to last point.
Best value: 11.89%
Step: 24 | Mode: explore | Action: 1
BLIP2ITMClient.cosine: (480, 640, 3), Seems like there is a tv ahead.
BLIP2ITMClient.cosine: (480, 640, 3), Seems like there is a tv ahead.
Sticking to last point.
Best value: 11.89%
Step: 25 | Mode: explore | Action: 1
BLIP2ITMClient.cosine: (480, 640, 3), Seems like there is a tv ahead.
BLIP2ITMClient.cosine: (480, 640, 3), Seems like there is a tv ahead.
Sticking to last point.
Best value: 11.89%
Step: 26 | Mode: explore | Action: 1
BLIP2ITMClient.cosine: (480, 640, 3), Seems like there is a tv ahead.
BLIP2ITMClient.cosine: (480, 640, 3), Seems like there is a tv ahead.
Sticking to last point.
Best value: 11.89%
Step: 27 | Mode: explore | Action: 1
BLIP2ITMClient.cosine: (480, 640, 3), Seems like there is a tv ahead.
BLIP2ITMClient.cosine: (480, 640, 3), Seems like there is a tv ahead.
Sticking to last point.
Best value: 17.35%
Step: 28 | Mode: explore | Action: 1
BLIP2ITMClient.cosine: (480, 640, 3), Seems like there is a tv ahead.
BLIP2ITMClient.cosine: (480, 640, 3), Seems like there is a tv ahead.
Sticking to last point.
Best value: 18.17%
Step: 29 | Mode: explore | Action: 1
BLIP2ITMClient.cosine: (480, 640, 3), Seems like there is a tv ahead.
BLIP2ITMClient.cosine: (480, 640, 3), Seems like there is a tv ahead.
Best value: 15.97%
Step: 30 | Mode: explore | Action: 1
BLIP2ITMClient.cosine: (480, 640, 3), Seems like there is a tv ahead.
BLIP2ITMClient.cosine: (480, 640, 3), Seems like there is a tv ahead.
Sticking to last point.
Best value: 18.43%
Step: 31 | Mode: explore | Action: 1
BLIP2ITMClient.cosine: (480, 640, 3), Seems like there is a tv ahead.
BLIP2ITMClient.cosine: (480, 640, 3), Seems like there is a tv ahead.
Best value: 18.43%
Step: 32 | Mode: explore | Action: 1
BLIP2ITMClient.cosine: (480, 640, 3), Seems like there is a tv ahead.
BLIP2ITMClient.cosine: (480, 640, 3), Seems like there is a tv ahead.
Sticking to last point.
Best value: 18.43%
Step: 33 | Mode: explore | Action: 1
BLIP2ITMClient.cosine: (480, 640, 3), Seems like there is a tv ahead.
BLIP2ITMClient.cosine: (480, 640, 3), Seems like there is a tv ahead.
Sticking to last point.
Best value: 18.43%
Step: 34 | Mode: explore | Action: 2
BLIP2ITMClient.cosine: (480, 640, 3), Seems like there is a tv ahead.
BLIP2ITMClient.cosine: (480, 640, 3), Seems like there is a tv ahead.
Best value: 19.32%
Step: 35 | Mode: explore | Action: 1
BLIP2ITMClient.cosine: (480, 640, 3), Seems like there is a tv ahead.
BLIP2ITMClient.cosine: (480, 640, 3), Seems like there is a tv ahead.
Sticking to last point.
Best value: 19.32%
Step: 36 | Mode: explore | Action: 1
BLIP2ITMClient.cosine: (480, 640, 3), Seems like there is a tv ahead.
Sticking to last point.
Best value: 19.32%
Step: 37 | Mode: explore | Action: 3
BLIP2ITMClient.cosine: (480, 640, 3), Seems like there is a tv ahead.
Sticking to last point.
Best value: 19.32%
Step: 38 | Mode: explore | Action: 1
BLIP2ITMClient.cosine: (480, 640, 3), Seems like there is a tv ahead.
Sticking to last point.
Best value: 19.32%
Step: 39 | Mode: explore | Action: 3
BLIP2ITMClient.cosine: (480, 640, 3), Seems like there is a tv ahead.
BLIP2ITMClient.cosine: (480, 640, 3), Seems like there is a tv ahead.
Best value: 19.32%
Step: 40 | Mode: explore | Action: 1
BLIP2ITMClient.cosine: (480, 640, 3), Seems like there is a tv ahead.
Sticking to last point.
Best value: 19.32%
Step: 41 | Mode: explore | Action: 1
BLIP2ITMClient.cosine: (480, 640, 3), Seems like there is a tv ahead.
Sticking to last point.
Best value: 19.32%
Step: 42 | Mode: explore | Action: 2
BLIP2ITMClient.cosine: (480, 640, 3), Seems like there is a tv ahead.
BLIP2ITMClient.cosine: (480, 640, 3), Seems like there is a tv ahead.
Best value: 13.40%
Step: 43 | Mode: explore | Action: 2
BLIP2ITMClient.cosine: (480, 640, 3), Seems like there is a tv ahead.
BLIP2ITMClient.cosine: (480, 640, 3), Seems like there is a tv ahead.
Sticking to last point.
Best value: 13.40%
Step: 44 | Mode: explore | Action: 2
BLIP2ITMClient.cosine: (480, 640, 3), Seems like there is a tv ahead.
Sticking to last point.
Best value: 13.40%
Step: 45 | Mode: explore | Action: 2
BLIP2ITMClient.cosine: (480, 640, 3), Seems like there is a tv ahead.
Sticking to last point.
Best value: 13.40%
Step: 46 | Mode: explore | Action: 2
BLIP2ITMClient.cosine: (480, 640, 3), Seems like there is a tv ahead.
BLIP2ITMClient.cosine: (480, 640, 3), Seems like there is a tv ahead.
Best value: 13.92%
Step: 47 | Mode: explore | Action: 1
BLIP2ITMClient.cosine: (480, 640, 3), Seems like there is a tv ahead.
Sticking to last point.
Best value: 13.92%
Step: 48 | Mode: explore | Action: 2
BLIP2ITMClient.cosine: (480, 640, 3), Seems like there is a tv ahead.
BLIP2ITMClient.cosine: (480, 640, 3), Seems like there is a tv ahead.
Sticking to last point.
Best value: 17.66%
Step: 49 | Mode: explore | Action: 1
BLIP2ITMClient.cosine: (480, 640, 3), Seems like there is a tv ahead.
Step: 50 | Mode: navigate | Action: 2
BLIP2ITMClient.cosine: (480, 640, 3), Seems like there is a tv ahead.
Step: 51 | Mode: navigate | Action: 1
BLIP2ITMClient.cosine: (480, 640, 3), Seems like there is a tv ahead.
Step: 52 | Mode: navigate | Action: 1
  1%|          | 3/400 [01:56<4:10:02, 37.79s/it]  1%|          | 4/400 [01:57<2:32:37, 23.12s/it]BLIP2ITMClient.cosine: (480, 640, 3), Seems like there is a tv ahead.
Step: 53 | Mode: navigate | Action: 1
BLIP2ITMClient.cosine: (480, 640, 3), Seems like there is a tv ahead.
Step: 54 | Mode: navigate | Action: 1
BLIP2ITMClient.cosine: (480, 640, 3), Seems like there is a tv ahead.
Step: 55 | Mode: navigate | Action: 1
BLIP2ITMClient.cosine: (480, 640, 3), Seems like there is a tv ahead.
Step: 56 | Mode: navigate | Action: 1
BLIP2ITMClient.cosine: (480, 640, 3), Seems like there is a tv ahead.
Step: 57 | Mode: navigate | Action: 1
BLIP2ITMClient.cosine: (480, 640, 3), Seems like there is a tv ahead.
Step: 58 | Mode: navigate | Action: 1
BLIP2ITMClient.cosine: (480, 640, 3), Seems like there is a tv ahead.
Step: 59 | Mode: navigate | Action: 1
BLIP2ITMClient.cosine: (480, 640, 3), Seems like there is a tv ahead.
Step: 60 | Mode: navigate | Action: 2
BLIP2ITMClient.cosine: (480, 640, 3), Seems like there is a tv ahead.
Step: 61 | Mode: navigate | Action: 1
BLIP2ITMClient.cosine: (480, 640, 3), Seems like there is a tv ahead.
Step: 62 | Mode: navigate | Action: 1
BLIP2ITMClient.cosine: (480, 640, 3), Seems like there is a tv ahead.
Step: 63 | Mode: navigate | Action: 3
BLIP2ITMClient.cosine: (480, 640, 3), Seems like there is a tv ahead.
Step: 64 | Mode: navigate | Action: 3
BLIP2ITMClient.cosine: (480, 640, 3), Seems like there is a tv ahead.
Step: 65 | Mode: navigate | Action: 3
BLIP2ITMClient.cosine: (480, 640, 3), Seems like there is a tv ahead.
Step: 66 | Mode: navigate | Action: 1
BLIP2ITMClient.cosine: (480, 640, 3), Seems like there is a tv ahead.
Step: 67 | Mode: navigate | Action: 3
BLIP2ITMClient.cosine: (480, 640, 3), Seems like there is a tv ahead.
Step: 68 | Mode: navigate | Action: 1
BLIP2ITMClient.cosine: (480, 640, 3), Seems like there is a tv ahead.
Step: 69 | Mode: navigate | Action: 1
BLIP2ITMClient.cosine: (480, 640, 3), Seems like there is a tv ahead.
Step: 70 | Mode: navigate | Action: 1
BLIP2ITMClient.cosine: (480, 640, 3), Seems like there is a tv ahead.
Step: 71 | Mode: navigate | Action: 1
BLIP2ITMClient.cosine: (480, 640, 3), Seems like there is a tv ahead.
Step: 72 | Mode: navigate | Action: 2
BLIP2ITMClient.cosine: (480, 640, 3), Seems like there is a tv ahead.
Step: 73 | Mode: navigate | Action: 1
BLIP2ITMClient.cosine: (480, 640, 3), Seems like there is a tv ahead.
Step: 74 | Mode: navigate | Action: 2
BLIP2ITMClient.cosine: (480, 640, 3), Seems like there is a tv ahead.
Step: 75 | Mode: navigate | Action: 2
BLIP2ITMClient.cosine: (480, 640, 3), Seems like there is a tv ahead.
Step: 76 | Mode: navigate | Action: 3
BLIP2ITMClient.cosine: (480, 640, 3), Seems like there is a tv ahead.
Step: 77 | Mode: navigate | Action: 1
BLIP2ITMClient.cosine: (480, 640, 3), Seems like there is a tv ahead.
Step: 78 | Mode: navigate | Action: 2
BLIP2ITMClient.cosine: (480, 640, 3), Seems like there is a tv ahead.
Step: 79 | Mode: navigate | Action: 2
BLIP2ITMClient.cosine: (480, 640, 3), Seems like there is a tv ahead.
Step: 80 | Mode: navigate | Action: 3
BLIP2ITMClient.cosine: (480, 640, 3), Seems like there is a tv ahead.
Step: 81 | Mode: navigate | Action: 1
BLIP2ITMClient.cosine: (480, 640, 3), Seems like there is a tv ahead.
Step: 82 | Mode: navigate | Action: 3
BLIP2ITMClient.cosine: (480, 640, 3), Seems like there is a tv ahead.
Step: 83 | Mode: navigate | Action: 3
BLIP2ITMClient.cosine: (480, 640, 3), Seems like there is a tv ahead.
Step: 84 | Mode: navigate | Action: 1
BLIP2ITMClient.cosine: (480, 640, 3), Seems like there is a tv ahead.
Step: 85 | Mode: navigate | Action: 1
BLIP2ITMClient.cosine: (480, 640, 3), Seems like there is a tv ahead.
Step: 86 | Mode: navigate | Action: 1
BLIP2ITMClient.cosine: (480, 640, 3), Seems like there is a tv ahead.
Step: 87 | Mode: navigate | Action: 2
BLIP2ITMClient.cosine: (480, 640, 3), Seems like there is a tv ahead.
Step: 88 | Mode: navigate | Action: 1
BLIP2ITMClient.cosine: (480, 640, 3), Seems like there is a tv ahead.
Step: 89 | Mode: navigate | Action: 2
BLIP2ITMClient.cosine: (480, 640, 3), Seems like there is a tv ahead.
Step: 90 | Mode: navigate | Action: 1
BLIP2ITMClient.cosine: (480, 640, 3), Seems like there is a tv ahead.
Step: 91 | Mode: navigate | Action: 3
BLIP2ITMClient.cosine: (480, 640, 3), Seems like there is a tv ahead.
Step: 92 | Mode: navigate | Action: 3
BLIP2ITMClient.cosine: (480, 640, 3), Seems like there is a tv ahead.
Step: 93 | Mode: navigate | Action: 3
BLIP2ITMClient.cosine: (480, 640, 3), Seems like there is a tv ahead.
Step: 94 | Mode: navigate | Action: 1
BLIP2ITMClient.cosine: (480, 640, 3), Seems like there is a tv ahead.
Step: 95 | Mode: navigate | Action: 3
BLIP2ITMClient.cosine: (480, 640, 3), Seems like there is a tv ahead.
Step: 96 | Mode: navigate | Action: 1
BLIP2ITMClient.cosine: (480, 640, 3), Seems like there is a tv ahead.
Step: 97 | Mode: navigate | Action: 1
BLIP2ITMClient.cosine: (480, 640, 3), Seems like there is a tv ahead.
Step: 98 | Mode: navigate | Action: 2
BLIP2ITMClient.cosine: (480, 640, 3), Seems like there is a tv ahead.
Step: 99 | Mode: navigate | Action: 1
BLIP2ITMClient.cosine: (480, 640, 3), Seems like there is a tv ahead.
Step: 100 | Mode: navigate | Action: 2
BLIP2ITMClient.cosine: (480, 640, 3), Seems like there is a tv ahead.
Step: 101 | Mode: navigate | Action: 1
BLIP2ITMClient.cosine: (480, 640, 3), Seems like there is a tv ahead.
Step: 102 | Mode: navigate | Action: 0
[traj] episode 46 — unknown
[traj] captured failure_cause: did_not_fail
[traj] value map: max=0.4045, nonzero=17240
[traj] saved episode Collierville_132 (103 steps, success)
BLIP2ITMClient.cosine: (480, 640, 3), Seems like there is a potted plant ahead.
Step: 0 | Mode: initialize | Action: 2
[traj] episode 50 — unknown
Episode 46 in scene Collierville failed due to 'never_saw_target_did_not_travel_stairs_likely_infeasible'.
[traj] captured failure_cause: never_saw_target_did_not_travel_stairs_likely_infeasible
[traj] value map: max=0.1188, nonzero=3309
[traj] saved episode Collierville_46 (1 steps, failed)
BLIP2ITMClient.cosine: (480, 640, 3), Seems like there is a tv ahead.
Step: 0 | Mode: initialize | Action: 2
BLIP2ITMClient.cosine: (480, 640, 3), Seems like there is a tv ahead.
Step: 1 | Mode: initialize | Action: 2
BLIP2ITMClient.cosine: (480, 640, 3), Seems like there is a tv ahead.
Step: 2 | Mode: initialize | Action: 2
BLIP2ITMClient.cosine: (480, 640, 3), Seems like there is a tv ahead.
Step: 3 | Mode: initialize | Action: 2
BLIP2ITMClient.cosine: (480, 640, 3), Seems like there is a tv ahead.
Step: 4 | Mode: initialize | Action: 2
BLIP2ITMClient.cosine: (480, 640, 3), Seems like there is a tv ahead.
Step: 5 | Mode: initialize | Action: 2
BLIP2ITMClient.cosine: (480, 640, 3), Seems like there is a tv ahead.
Step: 6 | Mode: initialize | Action: 2
BLIP2ITMClient.cosine: (480, 640, 3), Seems like there is a tv ahead.
Step: 7 | Mode: initialize | Action: 2
BLIP2ITMClient.cosine: (480, 640, 3), Seems like there is a tv ahead.
Step: 8 | Mode: initialize | Action: 2
BLIP2ITMClient.cosine: (480, 640, 3), Seems like there is a tv ahead.
Step: 9 | Mode: initialize | Action: 2
BLIP2ITMClient.cosine: (480, 640, 3), Seems like there is a tv ahead.
Step: 10 | Mode: initialize | Action: 2
BLIP2ITMClient.cosine: (480, 640, 3), Seems like there is a tv ahead.
Step: 11 | Mode: initialize | Action: 2
BLIP2ITMClient.cosine: (480, 640, 3), Seems like there is a tv ahead.
Step: 12 | Mode: navigate | Action: 2
BLIP2ITMClient.cosine: (480, 640, 3), Seems like there is a tv ahead.
Step: 13 | Mode: navigate | Action: 2
BLIP2ITMClient.cosine: (480, 640, 3), Seems like there is a tv ahead.
Step: 14 | Mode: navigate | Action: 2
BLIP2ITMClient.cosine: (480, 640, 3), Seems like there is a tv ahead.
Step: 15 | Mode: navigate | Action: 2
BLIP2ITMClient.cosine: (480, 640, 3), Seems like there is a tv ahead.
Step: 16 | Mode: navigate | Action: 2
BLIP2ITMClient.cosine: (480, 640, 3), Seems like there is a tv ahead.
Step: 17 | Mode: navigate | Action: 1
BLIP2ITMClient.cosine: (480, 640, 3), Seems like there is a tv ahead.
Step: 18 | Mode: navigate | Action: 1
BLIP2ITMClient.cosine: (480, 640, 3), Seems like there is a tv ahead.
  1%|▏         | 5/400 [02:08<2:03:17, 18.73s/it]Step: 19 | Mode: navigate | Action: 1
BLIP2ITMClient.cosine: (480, 640, 3), Seems like there is a tv ahead.
Step: 20 | Mode: navigate | Action: 2
BLIP2ITMClient.cosine: (480, 640, 3), Seems like there is a tv ahead.
Step: 21 | Mode: navigate | Action: 1
BLIP2ITMClient.cosine: (480, 640, 3), Seems like there is a tv ahead.
Step: 22 | Mode: navigate | Action: 1
BLIP2ITMClient.cosine: (480, 640, 3), Seems like there is a tv ahead.
Step: 23 | Mode: navigate | Action: 1
BLIP2ITMClient.cosine: (480, 640, 3), Seems like there is a tv ahead.
Step: 24 | Mode: navigate | Action: 3
BLIP2ITMClient.cosine: (480, 640, 3), Seems like there is a tv ahead.
Step: 25 | Mode: navigate | Action: 1
BLIP2ITMClient.cosine: (480, 640, 3), Seems like there is a tv ahead.
Step: 26 | Mode: navigate | Action: 1
BLIP2ITMClient.cosine: (480, 640, 3), Seems like there is a tv ahead.
Step: 27 | Mode: navigate | Action: 0
[traj] episode 164 — unknown
Episode 50 in scene Collierville failed due to 'false_positive'.
[traj] captured failure_cause: false_positive
[traj] value map: max=0.2135, nonzero=5295
[traj] saved episode Collierville_50 (28 steps, failed)
BLIP2ITMClient.cosine: (480, 640, 3), Seems like there is a potted plant ahead.
Step: 0 | Mode: initialize | Action: 2
BLIP2ITMClient.cosine: (480, 640, 3), Seems like there is a potted plant ahead.
Step: 1 | Mode: initialize | Action: 2
BLIP2ITMClient.cosine: (480, 640, 3), Seems like there is a potted plant ahead.
Step: 2 | Mode: initialize | Action: 2
BLIP2ITMClient.cosine: (480, 640, 3), Seems like there is a potted plant ahead.
Step: 3 | Mode: initialize | Action: 2
BLIP2ITMClient.cosine: (480, 640, 3), Seems like there is a potted plant ahead.
Step: 4 | Mode: initialize | Action: 2
BLIP2ITMClient.cosine: (480, 640, 3), Seems like there is a potted plant ahead.
Step: 5 | Mode: initialize | Action: 2
BLIP2ITMClient.cosine: (480, 640, 3), Seems like there is a potted plant ahead.
Step: 6 | Mode: initialize | Action: 2
BLIP2ITMClient.cosine: (480, 640, 3), Seems like there is a potted plant ahead.
Step: 7 | Mode: initialize | Action: 2
BLIP2ITMClient.cosine: (480, 640, 3), Seems like there is a potted plant ahead.
Step: 8 | Mode: initialize | Action: 2
BLIP2ITMClient.cosine: (480, 640, 3), Seems like there is a potted plant ahead.
Step: 9 | Mode: initialize | Action: 2
BLIP2ITMClient.cosine: (480, 640, 3), Seems like there is a potted plant ahead.
Step: 10 | Mode: initialize | Action: 2
BLIP2ITMClient.cosine: (480, 640, 3), Seems like there is a potted plant ahead.
Step: 11 | Mode: initialize | Action: 2
BLIP2ITMClient.cosine: (480, 640, 3), Seems like there is a potted plant ahead.
BLIP2ITMClient.cosine: (480, 640, 3), Seems like there is a potted plant ahead.
Best value: 9.91%
Step: 12 | Mode: explore | Action: 1
BLIP2ITMClient.cosine: (480, 640, 3), Seems like there is a potted plant ahead.
Sticking to last point.
Best value: 9.91%
Step: 13 | Mode: explore | Action: 2
BLIP2ITMClient.cosine: (480, 640, 3), Seems like there is a potted plant ahead.
Sticking to last point.
Best value: 9.91%
Step: 14 | Mode: explore | Action: 2
BLIP2ITMClient.cosine: (480, 640, 3), Seems like there is a potted plant ahead.
Sticking to last point.
Best value: 9.91%
Step: 15 | Mode: explore | Action: 2
BLIP2ITMClient.cosine: (480, 640, 3), Seems like there is a potted plant ahead.
Sticking to last point.
Best value: 9.91%
Step: 16 | Mode: explore | Action: 2
BLIP2ITMClient.cosine: (480, 640, 3), Seems like there is a potted plant ahead.
Sticking to last point.
Best value: 9.91%
Step: 17 | Mode: explore | Action: 2
BLIP2ITMClient.cosine: (480, 640, 3), Seems like there is a potted plant ahead.
BLIP2ITMClient.cosine: (480, 640, 3), Seems like there is a potted plant ahead.
Sticking to last point.
Best value: 9.91%
Step: 18 | Mode: explore | Action: 1
BLIP2ITMClient.cosine: (480, 640, 3), Seems like there is a potted plant ahead.
BLIP2ITMClient.cosine: (480, 640, 3), Seems like there is a potted plant ahead.
Sticking to last point.
Best value: 9.91%
Step: 19 | Mode: explore | Action: 1
BLIP2ITMClient.cosine: (480, 640, 3), Seems like there is a potted plant ahead.
BLIP2ITMClient.cosine: (480, 640, 3), Seems like there is a potted plant ahead.
Sticking to last point.
Best value: 9.91%
Step: 20 | Mode: explore | Action: 1
BLIP2ITMClient.cosine: (480, 640, 3), Seems like there is a potted plant ahead.
BLIP2ITMClient.cosine: (480, 640, 3), Seems like there is a potted plant ahead.
Sticking to last point.
Best value: 11.07%
Step: 21 | Mode: explore | Action: 1
BLIP2ITMClient.cosine: (480, 640, 3), Seems like there is a potted plant ahead.
BLIP2ITMClient.cosine: (480, 640, 3), Seems like there is a potted plant ahead.
Best value: 12.80%
Step: 22 | Mode: explore | Action: 1
BLIP2ITMClient.cosine: (480, 640, 3), Seems like there is a potted plant ahead.
BLIP2ITMClient.cosine: (480, 640, 3), Seems like there is a potted plant ahead.
Sticking to last point.
Best value: 12.64%
Step: 23 | Mode: explore | Action: 1
BLIP2ITMClient.cosine: (480, 640, 3), Seems like there is a potted plant ahead.
BLIP2ITMClient.cosine: (480, 640, 3), Seems like there is a potted plant ahead.
Sticking to last point.
Best value: 12.44%
Step: 24 | Mode: explore | Action: 2
BLIP2ITMClient.cosine: (480, 640, 3), Seems like there is a potted plant ahead.
Sticking to last point.
Best value: 12.44%
Step: 25 | Mode: explore | Action: 1
BLIP2ITMClient.cosine: (480, 640, 3), Seems like there is a potted plant ahead.
BLIP2ITMClient.cosine: (480, 640, 3), Seems like there is a potted plant ahead.
Best value: 12.80%
Step: 26 | Mode: explore | Action: 3
BLIP2ITMClient.cosine: (480, 640, 3), Seems like there is a potted plant ahead.
Sticking to last point.
Best value: 12.80%
Step: 27 | Mode: explore | Action: 3
BLIP2ITMClient.cosine: (480, 640, 3), Seems like there is a potted plant ahead.
BLIP2ITMClient.cosine: (480, 640, 3), Seems like there is a potted plant ahead.
Best value: 10.06%
Step: 28 | Mode: explore | Action: 1
BLIP2ITMClient.cosine: (480, 640, 3), Seems like there is a potted plant ahead.
Sticking to last point.
Best value: 10.06%
Step: 29 | Mode: explore | Action: 3
BLIP2ITMClient.cosine: (480, 640, 3), Seems like there is a potted plant ahead.
Best value: 10.01%
Step: 30 | Mode: explore | Action: 2
BLIP2ITMClient.cosine: (480, 640, 3), Seems like there is a potted plant ahead.
Sticking to last point.
Best value: 10.01%
Step: 31 | Mode: explore | Action: 2
BLIP2ITMClient.cosine: (480, 640, 3), Seems like there is a potted plant ahead.
Sticking to last point.
Best value: 10.01%
Step: 32 | Mode: explore | Action: 1
BLIP2ITMClient.cosine: (480, 640, 3), Seems like there is a potted plant ahead.
Sticking to last point.
Best value: 10.01%
Step: 33 | Mode: explore | Action: 2
BLIP2ITMClient.cosine: (480, 640, 3), Seems like there is a potted plant ahead.
Sticking to last point.
Best value: 10.01%
Step: 34 | Mode: explore | Action: 2
BLIP2ITMClient.cosine: (480, 640, 3), Seems like there is a potted plant ahead.
Sticking to last point.
Best value: 10.01%
Step: 35 | Mode: explore | Action: 1
BLIP2ITMClient.cosine: (480, 640, 3), Seems like there is a potted plant ahead.
BLIP2ITMClient.cosine: (480, 640, 3), Seems like there is a potted plant ahead.
Sticking to last point.
Best value: 10.75%
Step: 36 | Mode: explore | Action: 1
BLIP2ITMClient.cosine: (480, 640, 3), Seems like there is a potted plant ahead.
Sticking to last point.
Best value: 10.75%
Step: 37 | Mode: explore | Action: 1
BLIP2ITMClient.cosine: (480, 640, 3), Seems like there is a potted plant ahead.
Sticking to last point.
Best value: 10.75%
Step: 38 | Mode: explore | Action: 3
BLIP2ITMClient.cosine: (480, 640, 3), Seems like there is a potted plant ahead.
Sticking to last point.
Best value: 10.75%
Step: 39 | Mode: explore | Action: 1
BLIP2ITMClient.cosine: (480, 640, 3), Seems like there is a potted plant ahead.
Sticking to last point.
Best value: 10.75%
Step: 40 | Mode: explore | Action: 1
BLIP2ITMClient.cosine: (480, 640, 3), Seems like there is a potted plant ahead.
BLIP2ITMClient.cosine: (480, 640, 3), Seems like there is a potted plant ahead.
Sticking to last point.
Best value: 11.29%
Step: 41 | Mode: explore | Action: 1
BLIP2ITMClient.cosine: (480, 640, 3), Seems like there is a potted plant ahead.
BLIP2ITMClient.cosine: (480, 640, 3), Seems like there is a potted plant ahead.
Best value: 10.03%
Step: 42 | Mode: explore | Action: 2
BLIP2ITMClient.cosine: (480, 640, 3), Seems like there is a potted plant ahead.
BLIP2ITMClient.cosine: (480, 640, 3), Seems like there is a potted plant ahead.
Sticking to last point.
Best value: 10.21%
Step: 43 | Mode: explore | Action: 1
BLIP2ITMClient.cosine: (480, 640, 3), Seems like there is a potted plant ahead.
BLIP2ITMClient.cosine: (480, 640, 3), Seems like there is a potted plant ahead.
Sticking to last point.
Best value: 10.17%
Step: 44 | Mode: explore | Action: 2
BLIP2ITMClient.cosine: (480, 640, 3), Seems like there is a potted plant ahead.
Sticking to last point.
Best value: 10.17%
Step: 45 | Mode: explore | Action: 3
BLIP2ITMClient.cosine: (480, 640, 3), Seems like there is a potted plant ahead.
Sticking to last point.
Best value: 10.17%
Step: 46 | Mode: explore | Action: 1
BLIP2ITMClient.cosine: (480, 640, 3), Seems like there is a potted plant ahead.
BLIP2ITMClient.cosine: (480, 640, 3), Seems like there is a potted plant ahead.
Sticking to last point.
Best value: 9.79%
Step: 47 | Mode: explore | Action: 3
BLIP2ITMClient.cosine: (480, 640, 3), Seems like there is a potted plant ahead.
Sticking to last point.
Best value: 9.79%
Step: 48 | Mode: explore | Action: 1
BLIP2ITMClient.cosine: (480, 640, 3), Seems like there is a potted plant ahead.
Sticking to last point.
Best value: 9.79%
Step: 49 | Mode: explore | Action: 2
BLIP2ITMClient.cosine: (480, 640, 3), Seems like there is a potted plant ahead.
BLIP2ITMClient.cosine: (480, 640, 3), Seems like there is a potted plant ahead.
Sticking to last point.
Best value: 9.84%
Step: 50 | Mode: explore | Action: 1
BLIP2ITMClient.cosine: (480, 640, 3), Seems like there is a potted plant ahead.
Sticking to last point.
Best value: 9.84%
Step: 51 | Mode: explore | Action: 2
BLIP2ITMClient.cosine: (480, 640, 3), Seems like there is a potted plant ahead.
BLIP2ITMClient.cosine: (480, 640, 3), Seems like there is a potted plant ahead.
Sticking to last point.
Best value: 15.06%
Step: 52 | Mode: explore | Action: 2
BLIP2ITMClient.cosine: (480, 640, 3), Seems like there is a potted plant ahead.
BLIP2ITMClient.cosine: (480, 640, 3), Seems like there is a potted plant ahead.
Best value: 10.73%
Step: 53 | Mode: explore | Action: 2
BLIP2ITMClient.cosine: (480, 640, 3), Seems like there is a potted plant ahead.
Best value: 9.91%
Step: 54 | Mode: explore | Action: 2
BLIP2ITMClient.cosine: (480, 640, 3), Seems like there is a potted plant ahead.
Sticking to last point.
Best value: 9.91%
Step: 55 | Mode: explore | Action: 2
BLIP2ITMClient.cosine: (480, 640, 3), Seems like there is a potted plant ahead.
Sticking to last point.
Best value: 9.91%
Step: 56 | Mode: explore | Action: 2
BLIP2ITMClient.cosine: (480, 640, 3), Seems like there is a potted plant ahead.
Sticking to last point.
Best value: 9.91%
Step: 57 | Mode: explore | Action: 1
BLIP2ITMClient.cosine: (480, 640, 3), Seems like there is a potted plant ahead.
Sticking to last point.
Best value: 9.91%
Step: 58 | Mode: explore | Action: 1
BLIP2ITMClient.cosine: (480, 640, 3), Seems like there is a potted plant ahead.
Sticking to last point.
Best value: 9.91%
Step: 59 | Mode: explore | Action: 3
BLIP2ITMClient.cosine: (480, 640, 3), Seems like there is a potted plant ahead.
Sticking to last point.
Best value: 9.91%
Step: 60 | Mode: explore | Action: 1
BLIP2ITMClient.cosine: (480, 640, 3), Seems like there is a potted plant ahead.
BLIP2ITMClient.cosine: (480, 640, 3), Seems like there is a potted plant ahead.
Sticking to last point.
Best value: 10.24%
Step: 61 | Mode: explore | Action: 1
BLIP2ITMClient.cosine: (480, 640, 3), Seems like there is a potted plant ahead.
BLIP2ITMClient.cosine: (480, 640, 3), Seems like there is a potted plant ahead.
Sticking to last point.
Best value: 10.29%
Step: 62 | Mode: explore | Action: 1
BLIP2ITMClient.cosine: (480, 640, 3), Seems like there is a potted plant ahead.
BLIP2ITMClient.cosine: (480, 640, 3), Seems like there is a potted plant ahead.
Sticking to last point.
Best value: 10.68%
Step: 63 | Mode: explore | Action: 1
BLIP2ITMClient.cosine: (480, 640, 3), Seems like there is a potted plant ahead.
BLIP2ITMClient.cosine: (480, 640, 3), Seems like there is a potted plant ahead.
Sticking to last point.
Best value: 10.64%
Step: 64 | Mode: explore | Action: 1
BLIP2ITMClient.cosine: (480, 640, 3), Seems like there is a potted plant ahead.
Sticking to last point.
Best value: 10.64%
Step: 65 | Mode: explore | Action: 3
BLIP2ITMClient.cosine: (480, 640, 3), Seems like there is a potted plant ahead.
Sticking to last point.
Best value: 10.64%
Step: 66 | Mode: explore | Action: 1
BLIP2ITMClient.cosine: (480, 640, 3), Seems like there is a potted plant ahead.
Sticking to last point.
Best value: 10.64%
Step: 67 | Mode: explore | Action: 1
BLIP2ITMClient.cosine: (480, 640, 3), Seems like there is a potted plant ahead.
Sticking to last point.
Best value: 10.64%
Step: 68 | Mode: explore | Action: 1
BLIP2ITMClient.cosine: (480, 640, 3), Seems like there is a potted plant ahead.
Sticking to last point.
Best value: 10.64%
Step: 69 | Mode: explore | Action: 1
BLIP2ITMClient.cosine: (480, 640, 3), Seems like there is a potted plant ahead.
Sticking to last point.
Best value: 10.64%
Step: 70 | Mode: explore | Action: 1
BLIP2ITMClient.cosine: (480, 640, 3), Seems like there is a potted plant ahead.
BLIP2ITMClient.cosine: (480, 640, 3), Seems like there is a potted plant ahead.
Sticking to last point.
Best value: 10.04%
Step: 71 | Mode: explore | Action: 1
BLIP2ITMClient.cosine: (480, 640, 3), Seems like there is a potted plant ahead.
BLIP2ITMClient.cosine: (480, 640, 3), Seems like there is a potted plant ahead.
Sticking to last point.
Best value: 9.98%
Step: 72 | Mode: explore | Action: 1
BLIP2ITMClient.cosine: (480, 640, 3), Seems like there is a potted plant ahead.
BLIP2ITMClient.cosine: (480, 640, 3), Seems like there is a potted plant ahead.
Sticking to last point.
Best value: 10.80%
Step: 73 | Mode: explore | Action: 1
BLIP2ITMClient.cosine: (480, 640, 3), Seems like there is a potted plant ahead.
BLIP2ITMClient.cosine: (480, 640, 3), Seems like there is a potted plant ahead.
Sticking to last point.
Best value: 10.12%
Step: 74 | Mode: explore | Action: 1
BLIP2ITMClient.cosine: (480, 640, 3), Seems like there is a potted plant ahead.
Sticking to last point.
Best value: 10.12%
Step: 75 | Mode: explore | Action: 1
BLIP2ITMClient.cosine: (480, 640, 3), Seems like there is a potted plant ahead.
BLIP2ITMClient.cosine: (480, 640, 3), Seems like there is a potted plant ahead.
Sticking to last point.
Best value: 10.22%
Step: 76 | Mode: explore | Action: 1
BLIP2ITMClient.cosine: (480, 640, 3), Seems like there is a potted plant ahead.
BLIP2ITMClient.cosine: (480, 640, 3), Seems like there is a potted plant ahead.
Sticking to last point.
Best value: 10.63%
Step: 77 | Mode: explore | Action: 1
BLIP2ITMClient.cosine: (480, 640, 3), Seems like there is a potted plant ahead.
BLIP2ITMClient.cosine: (480, 640, 3), Seems like there is a potted plant ahead.
Sticking to last point.
Best value: 10.14%
Step: 78 | Mode: explore | Action: 1
BLIP2ITMClient.cosine: (480, 640, 3), Seems like there is a potted plant ahead.
BLIP2ITMClient.cosine: (480, 640, 3), Seems like there is a potted plant ahead.
Sticking to last point.
Best value: 10.49%
Step: 79 | Mode: explore | Action: 2
BLIP2ITMClient.cosine: (480, 640, 3), Seems like there is a potted plant ahead.
BLIP2ITMClient.cosine: (480, 640, 3), Seems like there is a potted plant ahead.
Sticking to last point.
Best value: 10.34%
Step: 80 | Mode: explore | Action: 1
BLIP2ITMClient.cosine: (480, 640, 3), Seems like there is a potted plant ahead.
BLIP2ITMClient.cosine: (480, 640, 3), Seems like there is a potted plant ahead.
Sticking to last point.
Best value: 10.10%
Step: 81 | Mode: explore | Action: 1
BLIP2ITMClient.cosine: (480, 640, 3), Seems like there is a potted plant ahead.
BLIP2ITMClient.cosine: (480, 640, 3), Seems like there is a potted plant ahead.
  2%|▏         | 6/400 [02:59<3:15:57, 29.84s/it]Sticking to last point.
Best value: 9.75%
Step: 82 | Mode: explore | Action: 2
BLIP2ITMClient.cosine: (480, 640, 3), Seems like there is a potted plant ahead.
Best value: 9.91%
Step: 83 | Mode: explore | Action: 3
BLIP2ITMClient.cosine: (480, 640, 3), Seems like there is a potted plant ahead.
Sticking to last point.
Best value: 9.91%
Step: 84 | Mode: explore | Action: 3
BLIP2ITMClient.cosine: (480, 640, 3), Seems like there is a potted plant ahead.
Sticking to last point.
Best value: 9.91%
Step: 85 | Mode: explore | Action: 3
BLIP2ITMClient.cosine: (480, 640, 3), Seems like there is a potted plant ahead.
Sticking to last point.
Best value: 9.91%
Step: 86 | Mode: explore | Action: 3
BLIP2ITMClient.cosine: (480, 640, 3), Seems like there is a potted plant ahead.
BLIP2ITMClient.cosine: (480, 640, 3), Seems like there is a potted plant ahead.
Sticking to last point.
Best value: 9.91%
Step: 87 | Mode: explore | Action: 3
BLIP2ITMClient.cosine: (480, 640, 3), Seems like there is a potted plant ahead.
BLIP2ITMClient.cosine: (480, 640, 3), Seems like there is a potted plant ahead.
Sticking to last point.
Best value: 9.91%
Step: 88 | Mode: explore | Action: 1
BLIP2ITMClient.cosine: (480, 640, 3), Seems like there is a potted plant ahead.
BLIP2ITMClient.cosine: (480, 640, 3), Seems like there is a potted plant ahead.
Sticking to last point.
Best value: 9.91%
Step: 89 | Mode: explore | Action: 1
BLIP2ITMClient.cosine: (480, 640, 3), Seems like there is a potted plant ahead.
Sticking to last point.
Best value: 9.91%
Step: 90 | Mode: explore | Action: 1
BLIP2ITMClient.cosine: (480, 640, 3), Seems like there is a potted plant ahead.
Sticking to last point.
Best value: 9.91%
Step: 91 | Mode: explore | Action: 2
BLIP2ITMClient.cosine: (480, 640, 3), Seems like there is a potted plant ahead.
Sticking to last point.
Best value: 9.91%
Step: 92 | Mode: explore | Action: 1
BLIP2ITMClient.cosine: (480, 640, 3), Seems like there is a potted plant ahead.
Sticking to last point.
Best value: 9.91%
Step: 93 | Mode: explore | Action: 2
BLIP2ITMClient.cosine: (480, 640, 3), Seems like there is a potted plant ahead.
Sticking to last point.
Best value: 9.91%
Step: 94 | Mode: explore | Action: 1
BLIP2ITMClient.cosine: (480, 640, 3), Seems like there is a potted plant ahead.
Sticking to last point.
Best value: 9.91%
Step: 95 | Mode: explore | Action: 3
BLIP2ITMClient.cosine: (480, 640, 3), Seems like there is a potted plant ahead.
Sticking to last point.
Best value: 9.91%
Step: 96 | Mode: explore | Action: 3
BLIP2ITMClient.cosine: (480, 640, 3), Seems like there is a potted plant ahead.
Sticking to last point.
Best value: 9.91%
Step: 97 | Mode: explore | Action: 3
BLIP2ITMClient.cosine: (480, 640, 3), Seems like there is a potted plant ahead.
Sticking to last point.
Best value: 9.91%
Step: 98 | Mode: explore | Action: 3
BLIP2ITMClient.cosine: (480, 640, 3), Seems like there is a potted plant ahead.
Sticking to last point.
Best value: 9.91%
Step: 99 | Mode: explore | Action: 1
BLIP2ITMClient.cosine: (480, 640, 3), Seems like there is a potted plant ahead.
Sticking to last point.
Best value: 9.91%
Step: 100 | Mode: explore | Action: 2
BLIP2ITMClient.cosine: (480, 640, 3), Seems like there is a potted plant ahead.
Sticking to last point.
Best value: 9.91%
Step: 101 | Mode: explore | Action: 2
BLIP2ITMClient.cosine: (480, 640, 3), Seems like there is a potted plant ahead.
Sticking to last point.
Best value: 9.91%
Step: 102 | Mode: explore | Action: 1
BLIP2ITMClient.cosine: (480, 640, 3), Seems like there is a potted plant ahead.
Sticking to last point.
Best value: 9.91%
Step: 103 | Mode: explore | Action: 1
BLIP2ITMClient.cosine: (480, 640, 3), Seems like there is a potted plant ahead.
Sticking to last point.
Best value: 9.91%
Step: 104 | Mode: explore | Action: 1
BLIP2ITMClient.cosine: (480, 640, 3), Seems like there is a potted plant ahead.
BLIP2ITMClient.cosine: (480, 640, 3), Seems like there is a potted plant ahead.
Sticking to last point.
Best value: 9.91%
Step: 105 | Mode: explore | Action: 1
BLIP2ITMClient.cosine: (480, 640, 3), Seems like there is a potted plant ahead.
BLIP2ITMClient.cosine: (480, 640, 3), Seems like there is a potted plant ahead.
Sticking to last point.
Best value: 9.91%
Step: 106 | Mode: explore | Action: 2
BLIP2ITMClient.cosine: (480, 640, 3), Seems like there is a potted plant ahead.
Sticking to last point.
Best value: 9.91%
Step: 107 | Mode: explore | Action: 1
BLIP2ITMClient.cosine: (480, 640, 3), Seems like there is a potted plant ahead.
Sticking to last point.
Best value: 9.91%
Step: 108 | Mode: explore | Action: 1
BLIP2ITMClient.cosine: (480, 640, 3), Seems like there is a potted plant ahead.
BLIP2ITMClient.cosine: (480, 640, 3), Seems like there is a potted plant ahead.
Sticking to last point.
Best value: 11.21%
Step: 109 | Mode: explore | Action: 2
BLIP2ITMClient.cosine: (480, 640, 3), Seems like there is a potted plant ahead.
Sticking to last point.
Best value: 11.21%
Step: 110 | Mode: explore | Action: 1
BLIP2ITMClient.cosine: (480, 640, 3), Seems like there is a potted plant ahead.
BLIP2ITMClient.cosine: (480, 640, 3), Seems like there is a potted plant ahead.
Best value: 10.15%
Step: 111 | Mode: explore | Action: 1
BLIP2ITMClient.cosine: (480, 640, 3), Seems like there is a potted plant ahead.
Sticking to last point.
Best value: 10.15%
Step: 112 | Mode: explore | Action: 2
BLIP2ITMClient.cosine: (480, 640, 3), Seems like there is a potted plant ahead.
Best value: 8.87%
Step: 113 | Mode: explore | Action: 2
BLIP2ITMClient.cosine: (480, 640, 3), Seems like there is a potted plant ahead.
Sticking to last point.
Best value: 8.87%
Step: 114 | Mode: explore | Action: 2
BLIP2ITMClient.cosine: (480, 640, 3), Seems like there is a potted plant ahead.
Sticking to last point.
Best value: 8.87%
Step: 115 | Mode: explore | Action: 2
BLIP2ITMClient.cosine: (480, 640, 3), Seems like there is a potted plant ahead.
Sticking to last point.
Best value: 8.87%
Step: 116 | Mode: explore | Action: 2
BLIP2ITMClient.cosine: (480, 640, 3), Seems like there is a potted plant ahead.
BLIP2ITMClient.cosine: (480, 640, 3), Seems like there is a potted plant ahead.
Sticking to last point.
Best value: 10.50%
Step: 117 | Mode: explore | Action: 2
BLIP2ITMClient.cosine: (480, 640, 3), Seems like there is a potted plant ahead.
No frontiers found during exploration, stopping.
Step: 118 | Mode: explore | Action: 0
[traj] episode 78 — unknown
Episode 164 in scene Collierville failed due to 'never_saw_target_did_not_travel_stairs_feasible'.
[traj] captured failure_cause: never_saw_target_did_not_travel_stairs_feasible
[traj] value map: max=0.1676, nonzero=17785
[traj] saved episode Collierville_164 (119 steps, failed)
BLIP2ITMClient.cosine: (480, 640, 3), Seems like there is a chair ahead.
Step: 0 | Mode: initialize | Action: 2
BLIP2ITMClient.cosine: (480, 640, 3), Seems like there is a chair ahead.
Step: 1 | Mode: initialize | Action: 2
BLIP2ITMClient.cosine: (480, 640, 3), Seems like there is a chair ahead.
Step: 2 | Mode: initialize | Action: 2
BLIP2ITMClient.cosine: (480, 640, 3), Seems like there is a chair ahead.
Step: 3 | Mode: initialize | Action: 2
BLIP2ITMClient.cosine: (480, 640, 3), Seems like there is a chair ahead.
Step: 4 | Mode: initialize | Action: 2
BLIP2ITMClient.cosine: (480, 640, 3), Seems like there is a chair ahead.
Step: 5 | Mode: initialize | Action: 2
BLIP2ITMClient.cosine: (480, 640, 3), Seems like there is a chair ahead.
Step: 6 | Mode: initialize | Action: 2
BLIP2ITMClient.cosine: (480, 640, 3), Seems like there is a chair ahead.
Step: 7 | Mode: initialize | Action: 2
BLIP2ITMClient.cosine: (480, 640, 3), Seems like there is a chair ahead.
Step: 8 | Mode: initialize | Action: 2
BLIP2ITMClient.cosine: (480, 640, 3), Seems like there is a chair ahead.
Step: 9 | Mode: initialize | Action: 2
BLIP2ITMClient.cosine: (480, 640, 3), Seems like there is a chair ahead.
Step: 10 | Mode: initialize | Action: 2
BLIP2ITMClient.cosine: (480, 640, 3), Seems like there is a chair ahead.
Step: 11 | Mode: initialize | Action: 2
BLIP2ITMClient.cosine: (480, 640, 3), Seems like there is a chair ahead.
Step: 12 | Mode: navigate | Action: 1
  2%|▏         | 7/400 [03:06<2:24:44, 22.10s/it]BLIP2ITMClient.cosine: (480, 640, 3), Seems like there is a chair ahead.
Step: 13 | Mode: navigate | Action: 0
[traj] episode 45 — unknown
Episode 78 in scene Collierville failed due to 'false_positive'.
[traj] captured failure_cause: false_positive
[traj] value map: max=0.1869, nonzero=15018
[traj] saved episode Collierville_78 (14 steps, failed)
BLIP2ITMClient.cosine: (480, 640, 3), Seems like there is a tv ahead.
Step: 0 | Mode: initialize | Action: 2
BLIP2ITMClient.cosine: (480, 640, 3), Seems like there is a tv ahead.
Step: 1 | Mode: initialize | Action: 2
BLIP2ITMClient.cosine: (480, 640, 3), Seems like there is a tv ahead.
Step: 2 | Mode: initialize | Action: 2
BLIP2ITMClient.cosine: (480, 640, 3), Seems like there is a tv ahead.
Step: 3 | Mode: initialize | Action: 2
BLIP2ITMClient.cosine: (480, 640, 3), Seems like there is a tv ahead.
Step: 4 | Mode: initialize | Action: 2
BLIP2ITMClient.cosine: (480, 640, 3), Seems like there is a tv ahead.
Step: 5 | Mode: initialize | Action: 2
BLIP2ITMClient.cosine: (480, 640, 3), Seems like there is a tv ahead.
Step: 6 | Mode: initialize | Action: 2
BLIP2ITMClient.cosine: (480, 640, 3), Seems like there is a tv ahead.
Step: 7 | Mode: initialize | Action: 2
BLIP2ITMClient.cosine: (480, 640, 3), Seems like there is a tv ahead.
Step: 8 | Mode: initialize | Action: 2
BLIP2ITMClient.cosine: (480, 640, 3), Seems like there is a tv ahead.
Step: 9 | Mode: initialize | Action: 2
BLIP2ITMClient.cosine: (480, 640, 3), Seems like there is a tv ahead.
Step: 10 | Mode: initialize | Action: 2
BLIP2ITMClient.cosine: (480, 640, 3), Seems like there is a tv ahead.
Step: 11 | Mode: initialize | Action: 2
BLIP2ITMClient.cosine: (480, 640, 3), Seems like there is a tv ahead.
BLIP2ITMClient.cosine: (480, 640, 3), Seems like there is a tv ahead.
Best value: 10.00%
Step: 12 | Mode: explore | Action: 2
BLIP2ITMClient.cosine: (480, 640, 3), Seems like there is a tv ahead.
Sticking to last point.
Best value: 10.00%
Step: 13 | Mode: explore | Action: 2
BLIP2ITMClient.cosine: (480, 640, 3), Seems like there is a tv ahead.
Sticking to last point.
Best value: 10.00%
Step: 14 | Mode: explore | Action: 1
BLIP2ITMClient.cosine: (480, 640, 3), Seems like there is a tv ahead.
Sticking to last point.
Best value: 10.00%
Step: 15 | Mode: explore | Action: 1
BLIP2ITMClient.cosine: (480, 640, 3), Seems like there is a tv ahead.
Sticking to last point.
Best value: 10.00%
Step: 16 | Mode: explore | Action: 2
BLIP2ITMClient.cosine: (480, 640, 3), Seems like there is a tv ahead.
BLIP2ITMClient.cosine: (480, 640, 3), Seems like there is a tv ahead.
Sticking to last point.
Best value: 13.38%
Step: 17 | Mode: explore | Action: 1
BLIP2ITMClient.cosine: (480, 640, 3), Seems like there is a tv ahead.
BLIP2ITMClient.cosine: (480, 640, 3), Seems like there is a tv ahead.
Sticking to last point.
Best value: 15.69%
Step: 18 | Mode: explore | Action: 2
BLIP2ITMClient.cosine: (480, 640, 3), Seems like there is a tv ahead.
BLIP2ITMClient.cosine: (480, 640, 3), Seems like there is a tv ahead.
Best value: 14.20%
Step: 19 | Mode: explore | Action: 3
BLIP2ITMClient.cosine: (480, 640, 3), Seems like there is a tv ahead.
Sticking to last point.
Best value: 14.20%
Step: 20 | Mode: explore | Action: 1
BLIP2ITMClient.cosine: (480, 640, 3), Seems like there is a tv ahead.
BLIP2ITMClient.cosine: (480, 640, 3), Seems like there is a tv ahead.
Sticking to last point.
Best value: 17.34%
Step: 21 | Mode: explore | Action: 2
BLIP2ITMClient.cosine: (480, 640, 3), Seems like there is a tv ahead.
BLIP2ITMClient.cosine: (480, 640, 3), Seems like there is a tv ahead.
Best value: 17.34%
Step: 22 | Mode: explore | Action: 1
BLIP2ITMClient.cosine: (480, 640, 3), Seems like there is a tv ahead.
BLIP2ITMClient.cosine: (480, 640, 3), Seems like there is a tv ahead.
Sticking to last point.
Best value: 17.34%
Step: 23 | Mode: explore | Action: 2
BLIP2ITMClient.cosine: (480, 640, 3), Seems like there is a tv ahead.
Sticking to last point.
Best value: 17.34%
Step: 24 | Mode: explore | Action: 1
BLIP2ITMClient.cosine: (480, 640, 3), Seems like there is a tv ahead.
BLIP2ITMClient.cosine: (480, 640, 3), Seems like there is a tv ahead.
Best value: 11.36%
Step: 25 | Mode: explore | Action: 3
BLIP2ITMClient.cosine: (480, 640, 3), Seems like there is a tv ahead.
BLIP2ITMClient.cosine: (480, 640, 3), Seems like there is a tv ahead.
Sticking to last point.
Best value: 12.42%
Step: 26 | Mode: explore | Action: 1
BLIP2ITMClient.cosine: (480, 640, 3), Seems like there is a tv ahead.
BLIP2ITMClient.cosine: (480, 640, 3), Seems like there is a tv ahead.
Sticking to last point.
Best value: 12.62%
Step: 27 | Mode: explore | Action: 1
BLIP2ITMClient.cosine: (480, 640, 3), Seems like there is a tv ahead.
Sticking to last point.
Best value: 12.62%
Step: 28 | Mode: explore | Action: 3
BLIP2ITMClient.cosine: (480, 640, 3), Seems like there is a tv ahead.
BLIP2ITMClient.cosine: (480, 640, 3), Seems like there is a tv ahead.
Sticking to last point.
Best value: 13.94%
Step: 29 | Mode: explore | Action: 1
BLIP2ITMClient.cosine: (480, 640, 3), Seems like there is a tv ahead.
BLIP2ITMClient.cosine: (480, 640, 3), Seems like there is a tv ahead.
Sticking to last point.
Best value: 13.94%
Step: 30 | Mode: explore | Action: 3
BLIP2ITMClient.cosine: (480, 640, 3), Seems like there is a tv ahead.
BLIP2ITMClient.cosine: (480, 640, 3), Seems like there is a tv ahead.
Sticking to last point.
Best value: 13.86%
Step: 31 | Mode: explore | Action: 3
BLIP2ITMClient.cosine: (480, 640, 3), Seems like there is a tv ahead.
Best value: 13.86%
Step: 32 | Mode: explore | Action: 1
BLIP2ITMClient.cosine: (480, 640, 3), Seems like there is a tv ahead.
BLIP2ITMClient.cosine: (480, 640, 3), Seems like there is a tv ahead.
Sticking to last point.
Best value: 15.73%
Step: 33 | Mode: explore | Action: 2
BLIP2ITMClient.cosine: (480, 640, 3), Seems like there is a tv ahead.
BLIP2ITMClient.cosine: (480, 640, 3), Seems like there is a tv ahead.
Best value: 15.73%
Step: 34 | Mode: explore | Action: 1
BLIP2ITMClient.cosine: (480, 640, 3), Seems like there is a tv ahead.
BLIP2ITMClient.cosine: (480, 640, 3), Seems like there is a tv ahead.
Best value: 14.16%
Step: 35 | Mode: explore | Action: 2
BLIP2ITMClient.cosine: (480, 640, 3), Seems like there is a tv ahead.
BLIP2ITMClient.cosine: (480, 640, 3), Seems like there is a tv ahead.
Sticking to last point.
Best value: 14.16%
Step: 36 | Mode: explore | Action: 1
BLIP2ITMClient.cosine: (480, 640, 3), Seems like there is a tv ahead.
BLIP2ITMClient.cosine: (480, 640, 3), Seems like there is a tv ahead.
Best value: 12.46%
Step: 37 | Mode: explore | Action: 2
BLIP2ITMClient.cosine: (480, 640, 3), Seems like there is a tv ahead.
BLIP2ITMClient.cosine: (480, 640, 3), Seems like there is a tv ahead.
Sticking to last point.
Best value: 12.46%
Step: 38 | Mode: explore | Action: 2
BLIP2ITMClient.cosine: (480, 640, 3), Seems like there is a tv ahead.
Sticking to last point.
Best value: 12.46%
Step: 39 | Mode: explore | Action: 1
BLIP2ITMClient.cosine: (480, 640, 3), Seems like there is a tv ahead.
Sticking to last point.
Best value: 12.46%
Step: 40 | Mode: explore | Action: 1
BLIP2ITMClient.cosine: (480, 640, 3), Seems like there is a tv ahead.
BLIP2ITMClient.cosine: (480, 640, 3), Seems like there is a tv ahead.
Best value: 12.46%
Step: 41 | Mode: explore | Action: 3
BLIP2ITMClient.cosine: (480, 640, 3), Seems like there is a tv ahead.
BLIP2ITMClient.cosine: (480, 640, 3), Seems like there is a tv ahead.
Sticking to last point.
Best value: 12.46%
Step: 42 | Mode: explore | Action: 3
BLIP2ITMClient.cosine: (480, 640, 3), Seems like there is a tv ahead.
Sticking to last point.
Best value: 12.46%
Step: 43 | Mode: explore | Action: 3
BLIP2ITMClient.cosine: (480, 640, 3), Seems like there is a tv ahead.
Sticking to last point.
Best value: 12.46%
Step: 44 | Mode: explore | Action: 3
BLIP2ITMClient.cosine: (480, 640, 3), Seems like there is a tv ahead.
Sticking to last point.
Best value: 12.46%
Step: 45 | Mode: explore | Action: 1
BLIP2ITMClient.cosine: (480, 640, 3), Seems like there is a tv ahead.
Sticking to last point.
Best value: 12.46%
Step: 46 | Mode: explore | Action: 1
BLIP2ITMClient.cosine: (480, 640, 3), Seems like there is a tv ahead.
BLIP2ITMClient.cosine: (480, 640, 3), Seems like there is a tv ahead.
Sticking to last point.
Best value: 12.46%
Step: 47 | Mode: explore | Action: 1
BLIP2ITMClient.cosine: (480, 640, 3), Seems like there is a tv ahead.
Sticking to last point.
Best value: 12.46%
Step: 48 | Mode: explore | Action: 1
BLIP2ITMClient.cosine: (480, 640, 3), Seems like there is a tv ahead.
BLIP2ITMClient.cosine: (480, 640, 3), Seems like there is a tv ahead.
Sticking to last point.
Best value: 14.56%
Step: 49 | Mode: explore | Action: 2
BLIP2ITMClient.cosine: (480, 640, 3), Seems like there is a tv ahead.
BLIP2ITMClient.cosine: (480, 640, 3), Seems like there is a tv ahead.
Sticking to last point.
Best value: 15.38%
Step: 50 | Mode: explore | Action: 1
BLIP2ITMClient.cosine: (480, 640, 3), Seems like there is a tv ahead.
BLIP2ITMClient.cosine: (480, 640, 3), Seems like there is a tv ahead.
Best value: 23.14%
Step: 51 | Mode: explore | Action: 2
BLIP2ITMClient.cosine: (480, 640, 3), Seems like there is a tv ahead.
Sticking to last point.
Best value: 23.14%
Step: 52 | Mode: explore | Action: 2
BLIP2ITMClient.cosine: (480, 640, 3), Seems like there is a tv ahead.
Sticking to last point.
Best value: 23.14%
Step: 53 | Mode: explore | Action: 2
BLIP2ITMClient.cosine: (480, 640, 3), Seems like there is a tv ahead.
Sticking to last point.
Best value: 23.14%
Step: 54 | Mode: explore | Action: 2
BLIP2ITMClient.cosine: (480, 640, 3), Seems like there is a tv ahead.
Sticking to last point.
Best value: 23.14%
Step: 55 | Mode: explore | Action: 2
BLIP2ITMClient.cosine: (480, 640, 3), Seems like there is a tv ahead.
Sticking to last point.
Best value: 23.14%
Step: 56 | Mode: explore | Action: 1
BLIP2ITMClient.cosine: (480, 640, 3), Seems like there is a tv ahead.
Sticking to last point.
Best value: 23.14%
Step: 57 | Mode: explore | Action: 2
BLIP2ITMClient.cosine: (480, 640, 3), Seems like there is a tv ahead.
Sticking to last point.
Best value: 23.14%
Step: 58 | Mode: explore | Action: 1
BLIP2ITMClient.cosine: (480, 640, 3), Seems like there is a tv ahead.
Sticking to last point.
Best value: 23.14%
Step: 59 | Mode: explore | Action: 1
BLIP2ITMClient.cosine: (480, 640, 3), Seems like there is a tv ahead.
Sticking to last point.
Best value: 23.14%
Step: 60 | Mode: explore | Action: 3
BLIP2ITMClient.cosine: (480, 640, 3), Seems like there is a tv ahead.
Sticking to last point.
Best value: 23.14%
Step: 61 | Mode: explore | Action: 3
BLIP2ITMClient.cosine: (480, 640, 3), Seems like there is a tv ahead.
Sticking to last point.
Best value: 23.14%
Step: 62 | Mode: explore | Action: 1
BLIP2ITMClient.cosine: (480, 640, 3), Seems like there is a tv ahead.
Sticking to last point.
Best value: 23.14%
Step: 63 | Mode: explore | Action: 1
BLIP2ITMClient.cosine: (480, 640, 3), Seems like there is a tv ahead.
Sticking to last point.
Best value: 23.14%
Step: 64 | Mode: explore | Action: 3
BLIP2ITMClient.cosine: (480, 640, 3), Seems like there is a tv ahead.
Sticking to last point.
Best value: 23.14%
Step: 65 | Mode: explore | Action: 1
BLIP2ITMClient.cosine: (480, 640, 3), Seems like there is a tv ahead.
Sticking to last point.
Best value: 23.14%
Step: 66 | Mode: explore | Action: 3
BLIP2ITMClient.cosine: (480, 640, 3), Seems like there is a tv ahead.
BLIP2ITMClient.cosine: (480, 640, 3), Seems like there is a tv ahead.
Best value: 15.78%
Step: 67 | Mode: explore | Action: 3
BLIP2ITMClient.cosine: (480, 640, 3), Seems like there is a tv ahead.
Sticking to last point.
Best value: 15.78%
Step: 68 | Mode: explore | Action: 3
BLIP2ITMClient.cosine: (480, 640, 3), Seems like there is a tv ahead.
Sticking to last point.
Best value: 15.78%
Step: 69 | Mode: explore | Action: 3
BLIP2ITMClient.cosine: (480, 640, 3), Seems like there is a tv ahead.
Sticking to last point.
Best value: 15.78%
Step: 70 | Mode: explore | Action: 3
BLIP2ITMClient.cosine: (480, 640, 3), Seems like there is a tv ahead.
Sticking to last point.
Best value: 15.78%
Step: 71 | Mode: explore | Action: 3
BLIP2ITMClient.cosine: (480, 640, 3), Seems like there is a tv ahead.
Sticking to last point.
Best value: 15.78%
Step: 72 | Mode: explore | Action: 1
BLIP2ITMClient.cosine: (480, 640, 3), Seems like there is a tv ahead.
Sticking to last point.
Best value: 15.78%
Step: 73 | Mode: explore | Action: 1
BLIP2ITMClient.cosine: (480, 640, 3), Seems like there is a tv ahead.
Sticking to last point.
Best value: 15.78%
Step: 74 | Mode: explore | Action: 2
BLIP2ITMClient.cosine: (480, 640, 3), Seems like there is a tv ahead.
Sticking to last point.
Best value: 15.78%
Step: 75 | Mode: explore | Action: 2
BLIP2ITMClient.cosine: (480, 640, 3), Seems like there is a tv ahead.
Sticking to last point.
Best value: 15.78%
Step: 76 | Mode: explore | Action: 1
BLIP2ITMClient.cosine: (480, 640, 3), Seems like there is a tv ahead.
Sticking to last point.
Best value: 15.78%
Step: 77 | Mode: explore | Action: 1
BLIP2ITMClient.cosine: (480, 640, 3), Seems like there is a tv ahead.
Sticking to last point.
Best value: 15.78%
Step: 78 | Mode: explore | Action: 2
BLIP2ITMClient.cosine: (480, 640, 3), Seems like there is a tv ahead.
Sticking to last point.
Best value: 15.78%
Step: 79 | Mode: explore | Action: 1
BLIP2ITMClient.cosine: (480, 640, 3), Seems like there is a tv ahead.
Sticking to last point.
Best value: 15.78%
Step: 80 | Mode: explore | Action: 1
BLIP2ITMClient.cosine: (480, 640, 3), Seems like there is a tv ahead.
Sticking to last point.
Best value: 15.78%
Step: 81 | Mode: explore | Action: 1
BLIP2ITMClient.cosine: (480, 640, 3), Seems like there is a tv ahead.
Sticking to last point.
Best value: 15.78%
Step: 82 | Mode: explore | Action: 1
BLIP2ITMClient.cosine: (480, 640, 3), Seems like there is a tv ahead.
Sticking to last point.
Best value: 15.78%
Step: 83 | Mode: explore | Action: 1
BLIP2ITMClient.cosine: (480, 640, 3), Seems like there is a tv ahead.
Sticking to last point.
Best value: 15.78%
Step: 84 | Mode: explore | Action: 1
BLIP2ITMClient.cosine: (480, 640, 3), Seems like there is a tv ahead.
Sticking to last point.
Best value: 15.78%
Step: 85 | Mode: explore | Action: 1
BLIP2ITMClient.cosine: (480, 640, 3), Seems like there is a tv ahead.
BLIP2ITMClient.cosine: (480, 640, 3), Seems like there is a tv ahead.
Best value: 19.79%
Step: 86 | Mode: explore | Action: 3
BLIP2ITMClient.cosine: (480, 640, 3), Seems like there is a tv ahead.
BLIP2ITMClient.cosine: (480, 640, 3), Seems like there is a tv ahead.
Best value: 18.56%
Step: 87 | Mode: explore | Action: 1
BLIP2ITMClient.cosine: (480, 640, 3), Seems like there is a tv ahead.
BLIP2ITMClient.cosine: (480, 640, 3), Seems like there is a tv ahead.
Best value: 16.13%
Step: 88 | Mode: explore | Action: 3
BLIP2ITMClient.cosine: (480, 640, 3), Seems like there is a tv ahead.
BLIP2ITMClient.cosine: (480, 640, 3), Seems like there is a tv ahead.
Best value: 10.00%
Step: 89 | Mode: explore | Action: 1
BLIP2ITMClient.cosine: (480, 640, 3), Seems like there is a tv ahead.
BLIP2ITMClient.cosine: (480, 640, 3), Seems like there is a tv ahead.
Sticking to last point.
Best value: 10.00%
Step: 90 | Mode: explore | Action: 3
BLIP2ITMClient.cosine: (480, 640, 3), Seems like there is a tv ahead.
Sticking to last point.
Best value: 10.00%
Step: 91 | Mode: explore | Action: 3
BLIP2ITMClient.cosine: (480, 640, 3), Seems like there is a tv ahead.
Sticking to last point.
Best value: 10.00%
Step: 92 | Mode: explore | Action: 3
BLIP2ITMClient.cosine: (480, 640, 3), Seems like there is a tv ahead.
Sticking to last point.
Best value: 10.00%
Step: 93 | Mode: explore | Action: 3
BLIP2ITMClient.cosine: (480, 640, 3), Seems like there is a tv ahead.
Sticking to last point.
Best value: 10.00%
Step: 94 | Mode: explore | Action: 3
BLIP2ITMClient.cosine: (480, 640, 3), Seems like there is a tv ahead.
Sticking to last point.
Best value: 10.00%
Step: 95 | Mode: explore | Action: 3
BLIP2ITMClient.cosine: (480, 640, 3), Seems like there is a tv ahead.
Sticking to last point.
Best value: 10.00%
Step: 96 | Mode: explore | Action: 1
BLIP2ITMClient.cosine: (480, 640, 3), Seems like there is a tv ahead.
Sticking to last point.
Best value: 10.00%
  2%|▏         | 8/400 [04:01<3:34:32, 32.84s/it]Step: 97 | Mode: explore | Action: 2
BLIP2ITMClient.cosine: (480, 640, 3), Seems like there is a tv ahead.
Sticking to last point.
Best value: 10.00%
Step: 98 | Mode: explore | Action: 1
BLIP2ITMClient.cosine: (480, 640, 3), Seems like there is a tv ahead.
Sticking to last point.
Best value: 10.00%
Step: 99 | Mode: explore | Action: 1
BLIP2ITMClient.cosine: (480, 640, 3), Seems like there is a tv ahead.
Sticking to last point.
Best value: 10.00%
Step: 100 | Mode: explore | Action: 2
BLIP2ITMClient.cosine: (480, 640, 3), Seems like there is a tv ahead.
Sticking to last point.
Best value: 10.00%
Step: 101 | Mode: explore | Action: 1
BLIP2ITMClient.cosine: (480, 640, 3), Seems like there is a tv ahead.
Sticking to last point.
Best value: 10.00%
Step: 102 | Mode: explore | Action: 1
BLIP2ITMClient.cosine: (480, 640, 3), Seems like there is a tv ahead.
Sticking to last point.
Best value: 10.00%
Step: 103 | Mode: explore | Action: 1
BLIP2ITMClient.cosine: (480, 640, 3), Seems like there is a tv ahead.
Sticking to last point.
Best value: 10.00%
Step: 104 | Mode: explore | Action: 1
BLIP2ITMClient.cosine: (480, 640, 3), Seems like there is a tv ahead.
Sticking to last point.
Best value: 10.00%
Step: 105 | Mode: explore | Action: 1
BLIP2ITMClient.cosine: (480, 640, 3), Seems like there is a tv ahead.
Sticking to last point.
Best value: 10.00%
Step: 106 | Mode: explore | Action: 1
BLIP2ITMClient.cosine: (480, 640, 3), Seems like there is a tv ahead.
Sticking to last point.
Best value: 10.00%
Step: 107 | Mode: explore | Action: 1
BLIP2ITMClient.cosine: (480, 640, 3), Seems like there is a tv ahead.
Sticking to last point.
Best value: 10.00%
Step: 108 | Mode: explore | Action: 1
BLIP2ITMClient.cosine: (480, 640, 3), Seems like there is a tv ahead.
Sticking to last point.
Best value: 10.00%
Step: 109 | Mode: explore | Action: 1
BLIP2ITMClient.cosine: (480, 640, 3), Seems like there is a tv ahead.
Sticking to last point.
Best value: 10.00%
Step: 110 | Mode: explore | Action: 2
BLIP2ITMClient.cosine: (480, 640, 3), Seems like there is a tv ahead.
Sticking to last point.
Best value: 10.00%
Step: 111 | Mode: explore | Action: 1
BLIP2ITMClient.cosine: (480, 640, 3), Seems like there is a tv ahead.
Sticking to last point.
Best value: 10.00%
Step: 112 | Mode: explore | Action: 1
BLIP2ITMClient.cosine: (480, 640, 3), Seems like there is a tv ahead.
Sticking to last point.
Best value: 10.00%
Step: 113 | Mode: explore | Action: 1
BLIP2ITMClient.cosine: (480, 640, 3), Seems like there is a tv ahead.
Sticking to last point.
Best value: 10.00%
Step: 114 | Mode: explore | Action: 2
BLIP2ITMClient.cosine: (480, 640, 3), Seems like there is a tv ahead.
Sticking to last point.
Best value: 10.00%
Step: 115 | Mode: explore | Action: 1
BLIP2ITMClient.cosine: (480, 640, 3), Seems like there is a tv ahead.
Sticking to last point.
Best value: 10.00%
Step: 116 | Mode: explore | Action: 2
BLIP2ITMClient.cosine: (480, 640, 3), Seems like there is a tv ahead.
Sticking to last point.
Best value: 10.00%
Step: 117 | Mode: explore | Action: 1
BLIP2ITMClient.cosine: (480, 640, 3), Seems like there is a tv ahead.
Sticking to last point.
Best value: 10.00%
Step: 118 | Mode: explore | Action: 1
BLIP2ITMClient.cosine: (480, 640, 3), Seems like there is a tv ahead.
Sticking to last point.
Best value: 10.00%
Step: 119 | Mode: explore | Action: 1
BLIP2ITMClient.cosine: (480, 640, 3), Seems like there is a tv ahead.
Sticking to last point.
Best value: 10.00%
Step: 120 | Mode: explore | Action: 1
BLIP2ITMClient.cosine: (480, 640, 3), Seems like there is a tv ahead.
Sticking to last point.
Best value: 10.00%
Step: 121 | Mode: explore | Action: 2
BLIP2ITMClient.cosine: (480, 640, 3), Seems like there is a tv ahead.
Sticking to last point.
Best value: 10.00%
Step: 122 | Mode: explore | Action: 1
BLIP2ITMClient.cosine: (480, 640, 3), Seems like there is a tv ahead.
Sticking to last point.
Best value: 10.00%
Step: 123 | Mode: explore | Action: 2
BLIP2ITMClient.cosine: (480, 640, 3), Seems like there is a tv ahead.
BLIP2ITMClient.cosine: (480, 640, 3), Seems like there is a tv ahead.
Sticking to last point.
Best value: 10.00%
Step: 124 | Mode: explore | Action: 1
BLIP2ITMClient.cosine: (480, 640, 3), Seems like there is a tv ahead.
Sticking to last point.
Best value: 10.00%
Step: 125 | Mode: explore | Action: 1
BLIP2ITMClient.cosine: (480, 640, 3), Seems like there is a tv ahead.
Sticking to last point.
Best value: 10.00%
Step: 126 | Mode: explore | Action: 3
BLIP2ITMClient.cosine: (480, 640, 3), Seems like there is a tv ahead.
Sticking to last point.
Best value: 10.00%
Step: 127 | Mode: explore | Action: 1
BLIP2ITMClient.cosine: (480, 640, 3), Seems like there is a tv ahead.
Sticking to last point.
Best value: 10.00%
Step: 128 | Mode: explore | Action: 2
BLIP2ITMClient.cosine: (480, 640, 3), Seems like there is a tv ahead.
BLIP2ITMClient.cosine: (480, 640, 3), Seems like there is a tv ahead.
Best value: 16.93%
Step: 129 | Mode: explore | Action: 2
BLIP2ITMClient.cosine: (480, 640, 3), Seems like there is a tv ahead.
Best value: 16.93%
Step: 130 | Mode: explore | Action: 1
BLIP2ITMClient.cosine: (480, 640, 3), Seems like there is a tv ahead.
BLIP2ITMClient.cosine: (480, 640, 3), Seems like there is a tv ahead.
Best value: 12.91%
Step: 131 | Mode: explore | Action: 1
BLIP2ITMClient.cosine: (480, 640, 3), Seems like there is a tv ahead.
BLIP2ITMClient.cosine: (480, 640, 3), Seems like there is a tv ahead.
Sticking to last point.
Best value: 13.66%
Step: 132 | Mode: explore | Action: 3
BLIP2ITMClient.cosine: (480, 640, 3), Seems like there is a tv ahead.
No frontiers found during exploration, stopping.
Step: 133 | Mode: explore | Action: 0
[traj] episode 156 — unknown
Episode 45 in scene Collierville failed due to 'never_saw_target_did_not_travel_stairs_likely_infeasible'.
[traj] captured failure_cause: never_saw_target_did_not_travel_stairs_likely_infeasible
[traj] value map: max=0.2435, nonzero=15080
[traj] saved episode Collierville_45 (134 steps, failed)
BLIP2ITMClient.cosine: (480, 640, 3), Seems like there is a potted plant ahead.
Step: 0 | Mode: initialize | Action: 2
BLIP2ITMClient.cosine: (480, 640, 3), Seems like there is a potted plant ahead.
Step: 1 | Mode: initialize | Action: 2
BLIP2ITMClient.cosine: (480, 640, 3), Seems like there is a potted plant ahead.
Step: 2 | Mode: initialize | Action: 2
BLIP2ITMClient.cosine: (480, 640, 3), Seems like there is a potted plant ahead.
Step: 3 | Mode: initialize | Action: 2
BLIP2ITMClient.cosine: (480, 640, 3), Seems like there is a potted plant ahead.
Step: 4 | Mode: initialize | Action: 2
BLIP2ITMClient.cosine: (480, 640, 3), Seems like there is a potted plant ahead.
Step: 5 | Mode: initialize | Action: 2
BLIP2ITMClient.cosine: (480, 640, 3), Seems like there is a potted plant ahead.
Step: 6 | Mode: initialize | Action: 2
BLIP2ITMClient.cosine: (480, 640, 3), Seems like there is a potted plant ahead.
Step: 7 | Mode: initialize | Action: 2
BLIP2ITMClient.cosine: (480, 640, 3), Seems like there is a potted plant ahead.
Step: 8 | Mode: initialize | Action: 2
BLIP2ITMClient.cosine: (480, 640, 3), Seems like there is a potted plant ahead.
Step: 9 | Mode: initialize | Action: 2
BLIP2ITMClient.cosine: (480, 640, 3), Seems like there is a potted plant ahead.
Step: 10 | Mode: initialize | Action: 2
BLIP2ITMClient.cosine: (480, 640, 3), Seems like there is a potted plant ahead.
Step: 11 | Mode: initialize | Action: 2
BLIP2ITMClient.cosine: (480, 640, 3), Seems like there is a potted plant ahead.
BLIP2ITMClient.cosine: (480, 640, 3), Seems like there is a potted plant ahead.
Best value: 11.99%
Step: 12 | Mode: explore | Action: 2
BLIP2ITMClient.cosine: (480, 640, 3), Seems like there is a potted plant ahead.
Sticking to last point.
Best value: 11.99%
Step: 13 | Mode: explore | Action: 2
BLIP2ITMClient.cosine: (480, 640, 3), Seems like there is a potted plant ahead.
Sticking to last point.
Best value: 11.99%
Step: 14 | Mode: explore | Action: 1
BLIP2ITMClient.cosine: (480, 640, 3), Seems like there is a potted plant ahead.
Sticking to last point.
Best value: 11.99%
Step: 15 | Mode: explore | Action: 2
BLIP2ITMClient.cosine: (480, 640, 3), Seems like there is a potted plant ahead.
Sticking to last point.
Best value: 11.99%
Step: 16 | Mode: explore | Action: 1
BLIP2ITMClient.cosine: (480, 640, 3), Seems like there is a potted plant ahead.
Sticking to last point.
Best value: 11.99%
Step: 17 | Mode: explore | Action: 1
BLIP2ITMClient.cosine: (480, 640, 3), Seems like there is a potted plant ahead.
Sticking to last point.
Best value: 11.99%
Step: 18 | Mode: explore | Action: 1
BLIP2ITMClient.cosine: (480, 640, 3), Seems like there is a potted plant ahead.
Sticking to last point.
Best value: 11.99%
Step: 19 | Mode: explore | Action: 2
BLIP2ITMClient.cosine: (480, 640, 3), Seems like there is a potted plant ahead.
BLIP2ITMClient.cosine: (480, 640, 3), Seems like there is a potted plant ahead.
Best value: 11.99%
Step: 20 | Mode: explore | Action: 3
BLIP2ITMClient.cosine: (480, 640, 3), Seems like there is a potted plant ahead.
Sticking to last point.
Best value: 11.99%
Step: 21 | Mode: explore | Action: 3
BLIP2ITMClient.cosine: (480, 640, 3), Seems like there is a potted plant ahead.
Sticking to last point.
Best value: 11.99%
Step: 22 | Mode: explore | Action: 3
BLIP2ITMClient.cosine: (480, 640, 3), Seems like there is a potted plant ahead.
Sticking to last point.
Best value: 11.99%
Step: 23 | Mode: explore | Action: 3
BLIP2ITMClient.cosine: (480, 640, 3), Seems like there is a potted plant ahead.
Sticking to last point.
Best value: 11.99%
Step: 24 | Mode: explore | Action: 3
BLIP2ITMClient.cosine: (480, 640, 3), Seems like there is a potted plant ahead.
Sticking to last point.
Best value: 11.99%
Step: 25 | Mode: explore | Action: 3
BLIP2ITMClient.cosine: (480, 640, 3), Seems like there is a potted plant ahead.
Sticking to last point.
Best value: 11.99%
Step: 26 | Mode: explore | Action: 1
BLIP2ITMClient.cosine: (480, 640, 3), Seems like there is a potted plant ahead.
Sticking to last point.
Best value: 11.99%
Step: 27 | Mode: explore | Action: 3
BLIP2ITMClient.cosine: (480, 640, 3), Seems like there is a potted plant ahead.
Sticking to last point.
Best value: 11.99%
Step: 28 | Mode: explore | Action: 1
BLIP2ITMClient.cosine: (480, 640, 3), Seems like there is a potted plant ahead.
Sticking to last point.
Best value: 11.99%
Step: 29 | Mode: explore | Action: 2
BLIP2ITMClient.cosine: (480, 640, 3), Seems like there is a potted plant ahead.
Sticking to last point.
Best value: 11.99%
Step: 30 | Mode: explore | Action: 1
BLIP2ITMClient.cosine: (480, 640, 3), Seems like there is a potted plant ahead.
Sticking to last point.
Best value: 11.99%
Step: 31 | Mode: explore | Action: 1
BLIP2ITMClient.cosine: (480, 640, 3), Seems like there is a potted plant ahead.
Sticking to last point.
Best value: 11.99%
Step: 32 | Mode: explore | Action: 1
BLIP2ITMClient.cosine: (480, 640, 3), Seems like there is a potted plant ahead.
Sticking to last point.
Best value: 11.99%
Step: 33 | Mode: explore | Action: 2
BLIP2ITMClient.cosine: (480, 640, 3), Seems like there is a potted plant ahead.
BLIP2ITMClient.cosine: (480, 640, 3), Seems like there is a potted plant ahead.
Sticking to last point.
Best value: 12.69%
Step: 34 | Mode: explore | Action: 2
BLIP2ITMClient.cosine: (480, 640, 3), Seems like there is a potted plant ahead.
BLIP2ITMClient.cosine: (480, 640, 3), Seems like there is a potted plant ahead.
Best value: 10.94%
Step: 35 | Mode: explore | Action: 2
BLIP2ITMClient.cosine: (480, 640, 3), Seems like there is a potted plant ahead.
BLIP2ITMClient.cosine: (480, 640, 3), Seems like there is a potted plant ahead.
Sticking to last point.
Best value: 10.94%
Step: 36 | Mode: explore | Action: 2
BLIP2ITMClient.cosine: (480, 640, 3), Seems like there is a potted plant ahead.
Sticking to last point.
Best value: 10.94%
Step: 37 | Mode: explore | Action: 2
BLIP2ITMClient.cosine: (480, 640, 3), Seems like there is a potted plant ahead.
Sticking to last point.
Best value: 10.94%
Step: 38 | Mode: explore | Action: 2
BLIP2ITMClient.cosine: (480, 640, 3), Seems like there is a potted plant ahead.
Sticking to last point.
Best value: 10.94%
Step: 39 | Mode: explore | Action: 1
BLIP2ITMClient.cosine: (480, 640, 3), Seems like there is a potted plant ahead.
Sticking to last point.
Best value: 10.94%
Step: 40 | Mode: explore | Action: 1
BLIP2ITMClient.cosine: (480, 640, 3), Seems like there is a potted plant ahead.
Sticking to last point.
Best value: 10.94%
Step: 41 | Mode: explore | Action: 1
BLIP2ITMClient.cosine: (480, 640, 3), Seems like there is a potted plant ahead.
Sticking to last point.
Best value: 10.94%
Step: 42 | Mode: explore | Action: 1
BLIP2ITMClient.cosine: (480, 640, 3), Seems like there is a potted plant ahead.
Sticking to last point.
Best value: 10.94%
Step: 43 | Mode: explore | Action: 3
BLIP2ITMClient.cosine: (480, 640, 3), Seems like there is a potted plant ahead.
Sticking to last point.
Best value: 10.94%
Step: 44 | Mode: explore | Action: 1
BLIP2ITMClient.cosine: (480, 640, 3), Seems like there is a potted plant ahead.
Sticking to last point.
Best value: 10.94%
Step: 45 | Mode: explore | Action: 2
BLIP2ITMClient.cosine: (480, 640, 3), Seems like there is a potted plant ahead.
Sticking to last point.
Best value: 10.94%
Step: 46 | Mode: explore | Action: 1
BLIP2ITMClient.cosine: (480, 640, 3), Seems like there is a potted plant ahead.
Sticking to last point.
Best value: 10.94%
Step: 47 | Mode: explore | Action: 1
BLIP2ITMClient.cosine: (480, 640, 3), Seems like there is a potted plant ahead.
BLIP2ITMClient.cosine: (480, 640, 3), Seems like there is a potted plant ahead.
Best value: 14.37%
Step: 48 | Mode: explore | Action: 1
BLIP2ITMClient.cosine: (480, 640, 3), Seems like there is a potted plant ahead.
Sticking to last point.
Best value: 14.37%
Step: 49 | Mode: explore | Action: 2
BLIP2ITMClient.cosine: (480, 640, 3), Seems like there is a potted plant ahead.
Sticking to last point.
Best value: 14.37%
Step: 50 | Mode: explore | Action: 1
BLIP2ITMClient.cosine: (480, 640, 3), Seems like there is a potted plant ahead.
BLIP2ITMClient.cosine: (480, 640, 3), Seems like there is a potted plant ahead.
Best value: 13.54%
Step: 51 | Mode: explore | Action: 2
BLIP2ITMClient.cosine: (480, 640, 3), Seems like there is a potted plant ahead.
Sticking to last point.
Best value: 13.54%
Step: 52 | Mode: explore | Action: 2
BLIP2ITMClient.cosine: (480, 640, 3), Seems like there is a potted plant ahead.
Sticking to last point.
Best value: 13.54%
Step: 53 | Mode: explore | Action: 2
BLIP2ITMClient.cosine: (480, 640, 3), Seems like there is a potted plant ahead.
Sticking to last point.
Best value: 13.54%
Step: 54 | Mode: explore | Action: 2
BLIP2ITMClient.cosine: (480, 640, 3), Seems like there is a potted plant ahead.
Sticking to last point.
Best value: 13.54%
Step: 55 | Mode: explore | Action: 2
BLIP2ITMClient.cosine: (480, 640, 3), Seems like there is a potted plant ahead.
Sticking to last point.
Best value: 13.54%
Step: 56 | Mode: explore | Action: 1
BLIP2ITMClient.cosine: (480, 640, 3), Seems like there is a potted plant ahead.
Sticking to last point.
Best value: 13.54%
Step: 57 | Mode: explore | Action: 2
BLIP2ITMClient.cosine: (480, 640, 3), Seems like there is a potted plant ahead.
Sticking to last point.
Best value: 13.54%
Step: 58 | Mode: explore | Action: 1
BLIP2ITMClient.cosine: (480, 640, 3), Seems like there is a potted plant ahead.
Sticking to last point.
Best value: 13.54%
Step: 59 | Mode: explore | Action: 3
BLIP2ITMClient.cosine: (480, 640, 3), Seems like there is a potted plant ahead.
Sticking to last point.
Best value: 13.54%
Step: 60 | Mode: explore | Action: 1
BLIP2ITMClient.cosine: (480, 640, 3), Seems like there is a potted plant ahead.
Sticking to last point.
Best value: 13.54%
Step: 61 | Mode: explore | Action: 1
BLIP2ITMClient.cosine: (480, 640, 3), Seems like there is a potted plant ahead.
Sticking to last point.
Best value: 13.54%
Step: 62 | Mode: explore | Action: 3
BLIP2ITMClient.cosine: (480, 640, 3), Seems like there is a potted plant ahead.
Sticking to last point.
Best value: 13.54%
Step: 63 | Mode: explore | Action: 1
BLIP2ITMClient.cosine: (480, 640, 3), Seems like there is a potted plant ahead.
Sticking to last point.
Best value: 13.54%
  2%|▏         | 9/400 [04:45<3:55:11, 36.09s/it]Step: 64 | Mode: explore | Action: 2
BLIP2ITMClient.cosine: (480, 640, 3), Seems like there is a potted plant ahead.
Sticking to last point.
Best value: 13.54%
Step: 65 | Mode: explore | Action: 1
BLIP2ITMClient.cosine: (480, 640, 3), Seems like there is a potted plant ahead.
Sticking to last point.
Best value: 13.54%
Step: 66 | Mode: explore | Action: 1
BLIP2ITMClient.cosine: (480, 640, 3), Seems like there is a potted plant ahead.
Sticking to last point.
Best value: 13.54%
Step: 67 | Mode: explore | Action: 1
BLIP2ITMClient.cosine: (480, 640, 3), Seems like there is a potted plant ahead.
Sticking to last point.
Best value: 13.54%
Step: 68 | Mode: explore | Action: 1
BLIP2ITMClient.cosine: (480, 640, 3), Seems like there is a potted plant ahead.
Sticking to last point.
Best value: 13.54%
Step: 69 | Mode: explore | Action: 2
BLIP2ITMClient.cosine: (480, 640, 3), Seems like there is a potted plant ahead.
Sticking to last point.
Best value: 13.54%
Step: 70 | Mode: explore | Action: 1
BLIP2ITMClient.cosine: (480, 640, 3), Seems like there is a potted plant ahead.
Sticking to last point.
Best value: 13.54%
Step: 71 | Mode: explore | Action: 2
BLIP2ITMClient.cosine: (480, 640, 3), Seems like there is a potted plant ahead.
BLIP2ITMClient.cosine: (480, 640, 3), Seems like there is a potted plant ahead.
Best value: 11.81%
Step: 72 | Mode: explore | Action: 2
BLIP2ITMClient.cosine: (480, 640, 3), Seems like there is a potted plant ahead.
Sticking to last point.
Best value: 11.81%
Step: 73 | Mode: explore | Action: 2
BLIP2ITMClient.cosine: (480, 640, 3), Seems like there is a potted plant ahead.
Sticking to last point.
Best value: 11.81%
Step: 74 | Mode: explore | Action: 2
BLIP2ITMClient.cosine: (480, 640, 3), Seems like there is a potted plant ahead.
Sticking to last point.
Best value: 11.81%
Step: 75 | Mode: explore | Action: 2
BLIP2ITMClient.cosine: (480, 640, 3), Seems like there is a potted plant ahead.
Sticking to last point.
Best value: 11.81%
Step: 76 | Mode: explore | Action: 2
BLIP2ITMClient.cosine: (480, 640, 3), Seems like there is a potted plant ahead.
Sticking to last point.
Best value: 11.81%
Step: 77 | Mode: explore | Action: 1
BLIP2ITMClient.cosine: (480, 640, 3), Seems like there is a potted plant ahead.
Sticking to last point.
Best value: 11.81%
Step: 78 | Mode: explore | Action: 1
BLIP2ITMClient.cosine: (480, 640, 3), Seems like there is a potted plant ahead.
Sticking to last point.
Best value: 11.81%
Step: 79 | Mode: explore | Action: 3
BLIP2ITMClient.cosine: (480, 640, 3), Seems like there is a potted plant ahead.
Sticking to last point.
Best value: 11.81%
Step: 80 | Mode: explore | Action: 1
BLIP2ITMClient.cosine: (480, 640, 3), Seems like there is a potted plant ahead.
Sticking to last point.
Best value: 11.81%
Step: 81 | Mode: explore | Action: 1
BLIP2ITMClient.cosine: (480, 640, 3), Seems like there is a potted plant ahead.
Sticking to last point.
Best value: 11.81%
Step: 82 | Mode: explore | Action: 3
BLIP2ITMClient.cosine: (480, 640, 3), Seems like there is a potted plant ahead.
Sticking to last point.
Best value: 11.81%
Step: 83 | Mode: explore | Action: 1
BLIP2ITMClient.cosine: (480, 640, 3), Seems like there is a potted plant ahead.
Sticking to last point.
Best value: 11.81%
Step: 84 | Mode: explore | Action: 1
BLIP2ITMClient.cosine: (480, 640, 3), Seems like there is a potted plant ahead.
Sticking to last point.
Best value: 11.81%
Step: 85 | Mode: explore | Action: 2
BLIP2ITMClient.cosine: (480, 640, 3), Seems like there is a potted plant ahead.
Sticking to last point.
Best value: 11.81%
Step: 86 | Mode: explore | Action: 1
BLIP2ITMClient.cosine: (480, 640, 3), Seems like there is a potted plant ahead.
Sticking to last point.
Best value: 11.81%
Step: 87 | Mode: explore | Action: 1
BLIP2ITMClient.cosine: (480, 640, 3), Seems like there is a potted plant ahead.
Sticking to last point.
Best value: 11.81%
Step: 88 | Mode: explore | Action: 1
BLIP2ITMClient.cosine: (480, 640, 3), Seems like there is a potted plant ahead.
Sticking to last point.
Best value: 11.81%
Step: 89 | Mode: explore | Action: 1
BLIP2ITMClient.cosine: (480, 640, 3), Seems like there is a potted plant ahead.
Sticking to last point.
Best value: 11.81%
Step: 90 | Mode: explore | Action: 2
BLIP2ITMClient.cosine: (480, 640, 3), Seems like there is a potted plant ahead.
Sticking to last point.
Best value: 11.81%
Step: 91 | Mode: explore | Action: 1
BLIP2ITMClient.cosine: (480, 640, 3), Seems like there is a potted plant ahead.
Sticking to last point.
Best value: 11.81%
Step: 92 | Mode: explore | Action: 3
BLIP2ITMClient.cosine: (480, 640, 3), Seems like there is a potted plant ahead.
Sticking to last point.
Best value: 11.81%
Step: 93 | Mode: explore | Action: 1
BLIP2ITMClient.cosine: (480, 640, 3), Seems like there is a potted plant ahead.
BLIP2ITMClient.cosine: (480, 640, 3), Seems like there is a potted plant ahead.
Best value: 15.37%
Step: 94 | Mode: explore | Action: 1
BLIP2ITMClient.cosine: (480, 640, 3), Seems like there is a potted plant ahead.
BLIP2ITMClient.cosine: (480, 640, 3), Seems like there is a potted plant ahead.
Sticking to last point.
Best value: 15.37%
Step: 95 | Mode: explore | Action: 1
BLIP2ITMClient.cosine: (480, 640, 3), Seems like there is a potted plant ahead.
Sticking to last point.
Best value: 15.37%
Step: 96 | Mode: explore | Action: 1
BLIP2ITMClient.cosine: (480, 640, 3), Seems like there is a potted plant ahead.
Sticking to last point.
Best value: 15.37%
Step: 97 | Mode: explore | Action: 1
BLIP2ITMClient.cosine: (480, 640, 3), Seems like there is a potted plant ahead.
Sticking to last point.
Best value: 15.37%
Step: 98 | Mode: explore | Action: 1
BLIP2ITMClient.cosine: (480, 640, 3), Seems like there is a potted plant ahead.
Sticking to last point.
Best value: 15.37%
Step: 99 | Mode: explore | Action: 1
BLIP2ITMClient.cosine: (480, 640, 3), Seems like there is a potted plant ahead.
Sticking to last point.
Best value: 15.37%
Step: 100 | Mode: explore | Action: 1
BLIP2ITMClient.cosine: (480, 640, 3), Seems like there is a potted plant ahead.
Sticking to last point.
Best value: 15.37%
Step: 101 | Mode: explore | Action: 3
BLIP2ITMClient.cosine: (480, 640, 3), Seems like there is a potted plant ahead.
Sticking to last point.
Best value: 15.37%
Step: 102 | Mode: explore | Action: 1
BLIP2ITMClient.cosine: (480, 640, 3), Seems like there is a potted plant ahead.
Best value: 15.37%
Step: 103 | Mode: explore | Action: 3
BLIP2ITMClient.cosine: (480, 640, 3), Seems like there is a potted plant ahead.
Sticking to last point.
Best value: 15.37%
Step: 104 | Mode: explore | Action: 3
BLIP2ITMClient.cosine: (480, 640, 3), Seems like there is a potted plant ahead.
Sticking to last point.
Best value: 15.37%
Step: 105 | Mode: explore | Action: 3
BLIP2ITMClient.cosine: (480, 640, 3), Seems like there is a potted plant ahead.
Best value: 12.11%
Step: 106 | Mode: explore | Action: 3
BLIP2ITMClient.cosine: (480, 640, 3), Seems like there is a potted plant ahead.
Sticking to last point.
Best value: 12.11%
Step: 107 | Mode: explore | Action: 1
BLIP2ITMClient.cosine: (480, 640, 3), Seems like there is a potted plant ahead.
Sticking to last point.
Best value: 12.11%
Step: 108 | Mode: explore | Action: 3
BLIP2ITMClient.cosine: (480, 640, 3), Seems like there is a potted plant ahead.
Sticking to last point.
Best value: 12.11%
Step: 109 | Mode: explore | Action: 3
BLIP2ITMClient.cosine: (480, 640, 3), Seems like there is a potted plant ahead.
No frontiers found during exploration, stopping.
Step: 110 | Mode: explore | Action: 0
[traj] episode 119 — unknown
Episode 156 in scene Collierville failed due to 'never_saw_target_did_not_travel_stairs_likely_infeasible'.
[traj] captured failure_cause: never_saw_target_did_not_travel_stairs_likely_infeasible
[traj] value map: max=0.2185, nonzero=7396
[traj] saved episode Collierville_156 (111 steps, failed)
BLIP2ITMClient.cosine: (480, 640, 3), Seems like there is a tv ahead.
Step: 0 | Mode: initialize | Action: 2
BLIP2ITMClient.cosine: (480, 640, 3), Seems like there is a tv ahead.
Step: 1 | Mode: initialize | Action: 2
BLIP2ITMClient.cosine: (480, 640, 3), Seems like there is a tv ahead.
  2%|▎         | 10/400 [05:01<3:15:55, 30.14s/it]  3%|▎         | 11/400 [05:11<2:33:33, 23.69s/it]Step: 2 | Mode: initialize | Action: 2
BLIP2ITMClient.cosine: (480, 640, 3), Seems like there is a tv ahead.
Step: 3 | Mode: initialize | Action: 2
BLIP2ITMClient.cosine: (480, 640, 3), Seems like there is a tv ahead.
Step: 4 | Mode: initialize | Action: 2
BLIP2ITMClient.cosine: (480, 640, 3), Seems like there is a tv ahead.
Step: 5 | Mode: initialize | Action: 2
BLIP2ITMClient.cosine: (480, 640, 3), Seems like there is a tv ahead.
Step: 6 | Mode: initialize | Action: 2
BLIP2ITMClient.cosine: (480, 640, 3), Seems like there is a tv ahead.
Step: 7 | Mode: initialize | Action: 2
BLIP2ITMClient.cosine: (480, 640, 3), Seems like there is a tv ahead.
Step: 8 | Mode: initialize | Action: 2
BLIP2ITMClient.cosine: (480, 640, 3), Seems like there is a tv ahead.
Step: 9 | Mode: initialize | Action: 2
BLIP2ITMClient.cosine: (480, 640, 3), Seems like there is a tv ahead.
Step: 10 | Mode: initialize | Action: 2
BLIP2ITMClient.cosine: (480, 640, 3), Seems like there is a tv ahead.
Step: 11 | Mode: initialize | Action: 2
BLIP2ITMClient.cosine: (480, 640, 3), Seems like there is a tv ahead.
BLIP2ITMClient.cosine: (480, 640, 3), Seems like there is a tv ahead.
Best value: 13.48%
Step: 12 | Mode: explore | Action: 3
BLIP2ITMClient.cosine: (480, 640, 3), Seems like there is a tv ahead.
Sticking to last point.
Best value: 13.48%
Step: 13 | Mode: explore | Action: 3
BLIP2ITMClient.cosine: (480, 640, 3), Seems like there is a tv ahead.
Sticking to last point.
Best value: 13.48%
Step: 14 | Mode: explore | Action: 3
BLIP2ITMClient.cosine: (480, 640, 3), Seems like there is a tv ahead.
Sticking to last point.
Best value: 13.48%
Step: 15 | Mode: explore | Action: 3
BLIP2ITMClient.cosine: (480, 640, 3), Seems like there is a tv ahead.
Sticking to last point.
Best value: 13.48%
Step: 16 | Mode: explore | Action: 3
BLIP2ITMClient.cosine: (480, 640, 3), Seems like there is a tv ahead.
Sticking to last point.
Best value: 13.48%
Step: 17 | Mode: explore | Action: 3
BLIP2ITMClient.cosine: (480, 640, 3), Seems like there is a tv ahead.
Sticking to last point.
Best value: 13.48%
Step: 18 | Mode: explore | Action: 1
BLIP2ITMClient.cosine: (480, 640, 3), Seems like there is a tv ahead.
BLIP2ITMClient.cosine: (480, 640, 3), Seems like there is a tv ahead.
Sticking to last point.
Best value: 14.20%
Step: 19 | Mode: explore | Action: 1
BLIP2ITMClient.cosine: (480, 640, 3), Seems like there is a tv ahead.
BLIP2ITMClient.cosine: (480, 640, 3), Seems like there is a tv ahead.
Sticking to last point.
Best value: 14.20%
Step: 20 | Mode: explore | Action: 1
BLIP2ITMClient.cosine: (480, 640, 3), Seems like there is a tv ahead.
BLIP2ITMClient.cosine: (480, 640, 3), Seems like there is a tv ahead.
Best value: 13.48%
Step: 21 | Mode: explore | Action: 1
BLIP2ITMClient.cosine: (480, 640, 3), Seems like there is a tv ahead.
BLIP2ITMClient.cosine: (480, 640, 3), Seems like there is a tv ahead.
Sticking to last point.
Best value: 13.48%
Step: 22 | Mode: explore | Action: 3
BLIP2ITMClient.cosine: (480, 640, 3), Seems like there is a tv ahead.
Sticking to last point.
Best value: 13.48%
Step: 23 | Mode: explore | Action: 3
BLIP2ITMClient.cosine: (480, 640, 3), Seems like there is a tv ahead.
Step: 24 | Mode: navigate | Action: 3
BLIP2ITMClient.cosine: (480, 640, 3), Seems like there is a tv ahead.
Step: 25 | Mode: navigate | Action: 1
BLIP2ITMClient.cosine: (480, 640, 3), Seems like there is a tv ahead.
Step: 26 | Mode: navigate | Action: 1
BLIP2ITMClient.cosine: (480, 640, 3), Seems like there is a tv ahead.
Step: 27 | Mode: navigate | Action: 3
BLIP2ITMClient.cosine: (480, 640, 3), Seems like there is a tv ahead.
Step: 28 | Mode: navigate | Action: 1
BLIP2ITMClient.cosine: (480, 640, 3), Seems like there is a tv ahead.
Step: 29 | Mode: navigate | Action: 2
BLIP2ITMClient.cosine: (480, 640, 3), Seems like there is a tv ahead.
Step: 30 | Mode: navigate | Action: 1
BLIP2ITMClient.cosine: (480, 640, 3), Seems like there is a tv ahead.
Step: 31 | Mode: navigate | Action: 3
BLIP2ITMClient.cosine: (480, 640, 3), Seems like there is a tv ahead.
Step: 32 | Mode: navigate | Action: 2
BLIP2ITMClient.cosine: (480, 640, 3), Seems like there is a tv ahead.
Step: 33 | Mode: navigate | Action: 1
BLIP2ITMClient.cosine: (480, 640, 3), Seems like there is a tv ahead.
Step: 34 | Mode: navigate | Action: 1
BLIP2ITMClient.cosine: (480, 640, 3), Seems like there is a tv ahead.
Step: 35 | Mode: navigate | Action: 3
BLIP2ITMClient.cosine: (480, 640, 3), Seems like there is a tv ahead.
Step: 36 | Mode: navigate | Action: 2
BLIP2ITMClient.cosine: (480, 640, 3), Seems like there is a tv ahead.
Step: 37 | Mode: navigate | Action: 2
BLIP2ITMClient.cosine: (480, 640, 3), Seems like there is a tv ahead.
Step: 38 | Mode: navigate | Action: 1
BLIP2ITMClient.cosine: (480, 640, 3), Seems like there is a tv ahead.
Step: 39 | Mode: navigate | Action: 0
[traj] episode 153 — unknown
[traj] captured failure_cause: did_not_fail
[traj] value map: max=0.3358, nonzero=15294
[traj] saved episode Collierville_119 (40 steps, success)
BLIP2ITMClient.cosine: (480, 640, 3), Seems like there is a chair ahead.
Step: 0 | Mode: initialize | Action: 2
BLIP2ITMClient.cosine: (480, 640, 3), Seems like there is a chair ahead.
Step: 1 | Mode: initialize | Action: 2
BLIP2ITMClient.cosine: (480, 640, 3), Seems like there is a chair ahead.
Step: 2 | Mode: initialize | Action: 2
BLIP2ITMClient.cosine: (480, 640, 3), Seems like there is a chair ahead.
Step: 3 | Mode: initialize | Action: 2
BLIP2ITMClient.cosine: (480, 640, 3), Seems like there is a chair ahead.
Step: 4 | Mode: initialize | Action: 2
BLIP2ITMClient.cosine: (480, 640, 3), Seems like there is a chair ahead.
Step: 5 | Mode: initialize | Action: 2
BLIP2ITMClient.cosine: (480, 640, 3), Seems like there is a chair ahead.
Step: 6 | Mode: initialize | Action: 2
BLIP2ITMClient.cosine: (480, 640, 3), Seems like there is a chair ahead.
Step: 7 | Mode: initialize | Action: 2
BLIP2ITMClient.cosine: (480, 640, 3), Seems like there is a chair ahead.
Step: 8 | Mode: initialize | Action: 2
BLIP2ITMClient.cosine: (480, 640, 3), Seems like there is a chair ahead.
Step: 9 | Mode: initialize | Action: 2
BLIP2ITMClient.cosine: (480, 640, 3), Seems like there is a chair ahead.
Step: 10 | Mode: initialize | Action: 2
BLIP2ITMClient.cosine: (480, 640, 3), Seems like there is a chair ahead.
Step: 11 | Mode: initialize | Action: 2
BLIP2ITMClient.cosine: (480, 640, 3), Seems like there is a chair ahead.
Step: 12 | Mode: navigate | Action: 3
BLIP2ITMClient.cosine: (480, 640, 3), Seems like there is a chair ahead.
Step: 13 | Mode: navigate | Action: 3
BLIP2ITMClient.cosine: (480, 640, 3), Seems like there is a chair ahead.
Step: 14 | Mode: navigate | Action: 3
BLIP2ITMClient.cosine: (480, 640, 3), Seems like there is a chair ahead.
Step: 15 | Mode: navigate | Action: 1
BLIP2ITMClient.cosine: (480, 640, 3), Seems like there is a chair ahead.
Step: 16 | Mode: navigate | Action: 3
BLIP2ITMClient.cosine: (480, 640, 3), Seems like there is a chair ahead.
Step: 17 | Mode: navigate | Action: 3
BLIP2ITMClient.cosine: (480, 640, 3), Seems like there is a chair ahead.
Step: 18 | Mode: navigate | Action: 3
BLIP2ITMClient.cosine: (480, 640, 3), Seems like there is a chair ahead.
Step: 19 | Mode: navigate | Action: 1
BLIP2ITMClient.cosine: (480, 640, 3), Seems like there is a chair ahead.
Step: 20 | Mode: navigate | Action: 1
BLIP2ITMClient.cosine: (480, 640, 3), Seems like there is a chair ahead.
Step: 21 | Mode: navigate | Action: 1
BLIP2ITMClient.cosine: (480, 640, 3), Seems like there is a chair ahead.
Step: 22 | Mode: navigate | Action: 0
[traj] episode 136 — unknown
Episode 153 in scene Collierville failed due to 'false_positive'.
[traj] captured failure_cause: false_positive
[traj] value map: max=0.2567, nonzero=7498
[traj] saved episode Collierville_153 (23 steps, failed)
BLIP2ITMClient.cosine: (480, 640, 3), Seems like there is a chair ahead.
Step: 0 | Mode: initialize | Action: 2
BLIP2ITMClient.cosine: (480, 640, 3), Seems like there is a chair ahead.
Step: 1 | Mode: initialize | Action: 2
BLIP2ITMClient.cosine: (480, 640, 3), Seems like there is a chair ahead.
Step: 2 | Mode: initialize | Action: 2
  3%|▎         | 12/400 [05:25<2:15:12, 20.91s/it]BLIP2ITMClient.cosine: (480, 640, 3), Seems like there is a chair ahead.
Step: 3 | Mode: initialize | Action: 2
BLIP2ITMClient.cosine: (480, 640, 3), Seems like there is a chair ahead.
Step: 4 | Mode: initialize | Action: 2
BLIP2ITMClient.cosine: (480, 640, 3), Seems like there is a chair ahead.
Step: 5 | Mode: initialize | Action: 2
BLIP2ITMClient.cosine: (480, 640, 3), Seems like there is a chair ahead.
Step: 6 | Mode: initialize | Action: 2
BLIP2ITMClient.cosine: (480, 640, 3), Seems like there is a chair ahead.
Step: 7 | Mode: initialize | Action: 2
BLIP2ITMClient.cosine: (480, 640, 3), Seems like there is a chair ahead.
Step: 8 | Mode: initialize | Action: 2
BLIP2ITMClient.cosine: (480, 640, 3), Seems like there is a chair ahead.
Step: 9 | Mode: initialize | Action: 2
BLIP2ITMClient.cosine: (480, 640, 3), Seems like there is a chair ahead.
Step: 10 | Mode: initialize | Action: 2
BLIP2ITMClient.cosine: (480, 640, 3), Seems like there is a chair ahead.
Step: 11 | Mode: initialize | Action: 2
BLIP2ITMClient.cosine: (480, 640, 3), Seems like there is a chair ahead.
Step: 12 | Mode: navigate | Action: 2
BLIP2ITMClient.cosine: (480, 640, 3), Seems like there is a chair ahead.
Step: 13 | Mode: navigate | Action: 2
BLIP2ITMClient.cosine: (480, 640, 3), Seems like there is a chair ahead.
Step: 14 | Mode: navigate | Action: 2
BLIP2ITMClient.cosine: (480, 640, 3), Seems like there is a chair ahead.
Step: 15 | Mode: navigate | Action: 2
BLIP2ITMClient.cosine: (480, 640, 3), Seems like there is a chair ahead.
Step: 16 | Mode: navigate | Action: 2
BLIP2ITMClient.cosine: (480, 640, 3), Seems like there is a chair ahead.
Step: 17 | Mode: navigate | Action: 1
BLIP2ITMClient.cosine: (480, 640, 3), Seems like there is a chair ahead.
Step: 18 | Mode: navigate | Action: 2
BLIP2ITMClient.cosine: (480, 640, 3), Seems like there is a chair ahead.
Step: 19 | Mode: navigate | Action: 1
BLIP2ITMClient.cosine: (480, 640, 3), Seems like there is a chair ahead.
Step: 20 | Mode: navigate | Action: 1
BLIP2ITMClient.cosine: (480, 640, 3), Seems like there is a chair ahead.
Step: 21 | Mode: navigate | Action: 1
BLIP2ITMClient.cosine: (480, 640, 3), Seems like there is a chair ahead.
Step: 22 | Mode: navigate | Action: 3
BLIP2ITMClient.cosine: (480, 640, 3), Seems like there is a chair ahead.
Step: 23 | Mode: navigate | Action: 1
BLIP2ITMClient.cosine: (480, 640, 3), Seems like there is a chair ahead.
Step: 24 | Mode: navigate | Action: 1
BLIP2ITMClient.cosine: (480, 640, 3), Seems like there is a chair ahead.
Step: 25 | Mode: navigate | Action: 1
BLIP2ITMClient.cosine: (480, 640, 3), Seems like there is a chair ahead.
Step: 26 | Mode: navigate | Action: 1
BLIP2ITMClient.cosine: (480, 640, 3), Seems like there is a chair ahead.
Step: 27 | Mode: navigate | Action: 1
BLIP2ITMClient.cosine: (480, 640, 3), Seems like there is a chair ahead.
Step: 28 | Mode: navigate | Action: 1
BLIP2ITMClient.cosine: (480, 640, 3), Seems like there is a chair ahead.
Step: 29 | Mode: navigate | Action: 2
BLIP2ITMClient.cosine: (480, 640, 3), Seems like there is a chair ahead.
Step: 30 | Mode: navigate | Action: 1
BLIP2ITMClient.cosine: (480, 640, 3), Seems like there is a chair ahead.
Step: 31 | Mode: navigate | Action: 1
BLIP2ITMClient.cosine: (480, 640, 3), Seems like there is a chair ahead.
Step: 32 | Mode: navigate | Action: 2
BLIP2ITMClient.cosine: (480, 640, 3), Seems like there is a chair ahead.
Step: 33 | Mode: navigate | Action: 1
BLIP2ITMClient.cosine: (480, 640, 3), Seems like there is a chair ahead.
Step: 34 | Mode: navigate | Action: 0
[traj] episode 196 — unknown
[traj] captured failure_cause: did_not_fail
[traj] value map: max=0.2539, nonzero=8775
[traj] saved episode Collierville_136 (35 steps, success)
BLIP2ITMClient.cosine: (480, 640, 3), Seems like there is a tv ahead.
Step: 0 | Mode: initialize | Action: 2
BLIP2ITMClient.cosine: (480, 640, 3), Seems like there is a tv ahead.
Step: 1 | Mode: initialize | Action: 2
BLIP2ITMClient.cosine: (480, 640, 3), Seems like there is a tv ahead.
Step: 2 | Mode: initialize | Action: 2
BLIP2ITMClient.cosine: (480, 640, 3), Seems like there is a tv ahead.
Step: 3 | Mode: initialize | Action: 2
BLIP2ITMClient.cosine: (480, 640, 3), Seems like there is a tv ahead.
Step: 4 | Mode: initialize | Action: 2
BLIP2ITMClient.cosine: (480, 640, 3), Seems like there is a tv ahead.
Step: 5 | Mode: initialize | Action: 2
BLIP2ITMClient.cosine: (480, 640, 3), Seems like there is a tv ahead.
Step: 6 | Mode: initialize | Action: 2
BLIP2ITMClient.cosine: (480, 640, 3), Seems like there is a tv ahead.
Step: 7 | Mode: initialize | Action: 2
BLIP2ITMClient.cosine: (480, 640, 3), Seems like there is a tv ahead.
Step: 8 | Mode: initialize | Action: 2
BLIP2ITMClient.cosine: (480, 640, 3), Seems like there is a tv ahead.
Step: 9 | Mode: initialize | Action: 2
BLIP2ITMClient.cosine: (480, 640, 3), Seems like there is a tv ahead.
Step: 10 | Mode: initialize | Action: 2
BLIP2ITMClient.cosine: (480, 640, 3), Seems like there is a tv ahead.
Step: 11 | Mode: initialize | Action: 2
BLIP2ITMClient.cosine: (480, 640, 3), Seems like there is a tv ahead.
BLIP2ITMClient.cosine: (480, 640, 3), Seems like there is a tv ahead.
Best value: 15.87%
Step: 12 | Mode: explore | Action: 3
BLIP2ITMClient.cosine: (480, 640, 3), Seems like there is a tv ahead.
Sticking to last point.
Best value: 15.87%
Step: 13 | Mode: explore | Action: 3
BLIP2ITMClient.cosine: (480, 640, 3), Seems like there is a tv ahead.
Sticking to last point.
Best value: 15.87%
Step: 14 | Mode: explore | Action: 1
BLIP2ITMClient.cosine: (480, 640, 3), Seems like there is a tv ahead.
Sticking to last point.
Best value: 15.87%
Step: 15 | Mode: explore | Action: 1
BLIP2ITMClient.cosine: (480, 640, 3), Seems like there is a tv ahead.
Sticking to last point.
Best value: 15.87%
Step: 16 | Mode: explore | Action: 3
BLIP2ITMClient.cosine: (480, 640, 3), Seems like there is a tv ahead.
Sticking to last point.
Best value: 15.87%
Step: 17 | Mode: explore | Action: 1
BLIP2ITMClient.cosine: (480, 640, 3), Seems like there is a tv ahead.
Sticking to last point.
Best value: 15.87%
Step: 18 | Mode: explore | Action: 1
BLIP2ITMClient.cosine: (480, 640, 3), Seems like there is a tv ahead.
BLIP2ITMClient.cosine: (480, 640, 3), Seems like there is a tv ahead.
Sticking to last point.
Best value: 14.91%
Step: 19 | Mode: explore | Action: 1
BLIP2ITMClient.cosine: (480, 640, 3), Seems like there is a tv ahead.
BLIP2ITMClient.cosine: (480, 640, 3), Seems like there is a tv ahead.
Sticking to last point.
Best value: 17.04%
Step: 20 | Mode: explore | Action: 2
BLIP2ITMClient.cosine: (480, 640, 3), Seems like there is a tv ahead.
BLIP2ITMClient.cosine: (480, 640, 3), Seems like there is a tv ahead.
Best value: 15.87%
Step: 21 | Mode: explore | Action: 2
BLIP2ITMClient.cosine: (480, 640, 3), Seems like there is a tv ahead.
Sticking to last point.
Best value: 15.87%
Step: 22 | Mode: explore | Action: 1
BLIP2ITMClient.cosine: (480, 640, 3), Seems like there is a tv ahead.
BLIP2ITMClient.cosine: (480, 640, 3), Seems like there is a tv ahead.
Sticking to last point.
Best value: 15.87%
Step: 23 | Mode: explore | Action: 3
BLIP2ITMClient.cosine: (480, 640, 3), Seems like there is a tv ahead.
Sticking to last point.
Best value: 15.87%
Step: 24 | Mode: explore | Action: 1
BLIP2ITMClient.cosine: (480, 640, 3), Seems like there is a tv ahead.
Sticking to last point.
Best value: 15.87%
Step: 25 | Mode: explore | Action: 3
BLIP2ITMClient.cosine: (480, 640, 3), Seems like there is a tv ahead.
Sticking to last point.
Best value: 15.87%
Step: 26 | Mode: explore | Action: 1
BLIP2ITMClient.cosine: (480, 640, 3), Seems like there is a tv ahead.
Sticking to last point.
Best value: 15.87%
Step: 27 | Mode: explore | Action: 2
BLIP2ITMClient.cosine: (480, 640, 3), Seems like there is a tv ahead.
Sticking to last point.
Best value: 15.87%
Step: 28 | Mode: explore | Action: 2
BLIP2ITMClient.cosine: (480, 640, 3), Seems like there is a tv ahead.
Sticking to last point.
Best value: 15.87%
Step: 29 | Mode: explore | Action: 1
BLIP2ITMClient.cosine: (480, 640, 3), Seems like there is a tv ahead.
BLIP2ITMClient.cosine: (480, 640, 3), Seems like there is a tv ahead.
Sticking to last point.
Best value: 15.87%
Step: 30 | Mode: explore | Action: 1
BLIP2ITMClient.cosine: (480, 640, 3), Seems like there is a tv ahead.
Sticking to last point.
Best value: 15.87%
Step: 31 | Mode: explore | Action: 3
BLIP2ITMClient.cosine: (480, 640, 3), Seems like there is a tv ahead.
BLIP2ITMClient.cosine: (480, 640, 3), Seems like there is a tv ahead.
Sticking to last point.
Best value: 15.87%
Step: 32 | Mode: explore | Action: 1
BLIP2ITMClient.cosine: (480, 640, 3), Seems like there is a tv ahead.
Sticking to last point.
Best value: 15.87%
Step: 33 | Mode: explore | Action: 3
BLIP2ITMClient.cosine: (480, 640, 3), Seems like there is a tv ahead.
BLIP2ITMClient.cosine: (480, 640, 3), Seems like there is a tv ahead.
Sticking to last point.
Best value: 15.87%
Step: 34 | Mode: explore | Action: 3
BLIP2ITMClient.cosine: (480, 640, 3), Seems like there is a tv ahead.
BLIP2ITMClient.cosine: (480, 640, 3), Seems like there is a tv ahead.
Sticking to last point.
Best value: 15.87%
Step: 35 | Mode: explore | Action: 1
BLIP2ITMClient.cosine: (480, 640, 3), Seems like there is a tv ahead.
BLIP2ITMClient.cosine: (480, 640, 3), Seems like there is a tv ahead.
Sticking to last point.
Best value: 15.87%
Step: 36 | Mode: explore | Action: 1
BLIP2ITMClient.cosine: (480, 640, 3), Seems like there is a tv ahead.
BLIP2ITMClient.cosine: (480, 640, 3), Seems like there is a tv ahead.
Sticking to last point.
Best value: 15.87%
Step: 37 | Mode: explore | Action: 1
BLIP2ITMClient.cosine: (480, 640, 3), Seems like there is a tv ahead.
BLIP2ITMClient.cosine: (480, 640, 3), Seems like there is a tv ahead.
Sticking to last point.
Best value: 15.87%
Step: 38 | Mode: explore | Action: 2
BLIP2ITMClient.cosine: (480, 640, 3), Seems like there is a tv ahead.
BLIP2ITMClient.cosine: (480, 640, 3), Seems like there is a tv ahead.
Sticking to last point.
Best value: 15.87%
Step: 39 | Mode: explore | Action: 1
BLIP2ITMClient.cosine: (480, 640, 3), Seems like there is a tv ahead.
BLIP2ITMClient.cosine: (480, 640, 3), Seems like there is a tv ahead.
Sticking to last point.
Best value: 15.87%
Step: 40 | Mode: explore | Action: 1
BLIP2ITMClient.cosine: (480, 640, 3), Seems like there is a tv ahead.
BLIP2ITMClient.cosine: (480, 640, 3), Seems like there is a tv ahead.
Sticking to last point.
Best value: 15.87%
Step: 41 | Mode: explore | Action: 1
BLIP2ITMClient.cosine: (480, 640, 3), Seems like there is a tv ahead.
BLIP2ITMClient.cosine: (480, 640, 3), Seems like there is a tv ahead.
Sticking to last point.
Best value: 15.87%
Step: 42 | Mode: explore | Action: 1
BLIP2ITMClient.cosine: (480, 640, 3), Seems like there is a tv ahead.
BLIP2ITMClient.cosine: (480, 640, 3), Seems like there is a tv ahead.
Sticking to last point.
Best value: 15.87%
Step: 43 | Mode: explore | Action: 3
BLIP2ITMClient.cosine: (480, 640, 3), Seems like there is a tv ahead.
Sticking to last point.
Best value: 15.87%
Step: 44 | Mode: explore | Action: 1
BLIP2ITMClient.cosine: (480, 640, 3), Seems like there is a tv ahead.
Sticking to last point.
Best value: 15.87%
Step: 45 | Mode: explore | Action: 1
BLIP2ITMClient.cosine: (480, 640, 3), Seems like there is a tv ahead.
BLIP2ITMClient.cosine: (480, 640, 3), Seems like there is a tv ahead.
Sticking to last point.
Best value: 15.87%
Step: 46 | Mode: explore | Action: 1
BLIP2ITMClient.cosine: (480, 640, 3), Seems like there is a tv ahead.
BLIP2ITMClient.cosine: (480, 640, 3), Seems like there is a tv ahead.
Sticking to last point.
Best value: 15.87%
Step: 47 | Mode: explore | Action: 1
BLIP2ITMClient.cosine: (480, 640, 3), Seems like there is a tv ahead.
BLIP2ITMClient.cosine: (480, 640, 3), Seems like there is a tv ahead.
Sticking to last point.
Best value: 15.87%
Step: 48 | Mode: explore | Action: 1
BLIP2ITMClient.cosine: (480, 640, 3), Seems like there is a tv ahead.
BLIP2ITMClient.cosine: (480, 640, 3), Seems like there is a tv ahead.
Sticking to last point.
Best value: 15.87%
Step: 49 | Mode: explore | Action: 1
BLIP2ITMClient.cosine: (480, 640, 3), Seems like there is a tv ahead.
BLIP2ITMClient.cosine: (480, 640, 3), Seems like there is a tv ahead.
Sticking to last point.
Best value: 15.87%
Step: 50 | Mode: explore | Action: 3
BLIP2ITMClient.cosine: (480, 640, 3), Seems like there is a tv ahead.
BLIP2ITMClient.cosine: (480, 640, 3), Seems like there is a tv ahead.
Best value: 15.87%
Step: 51 | Mode: explore | Action: 3
BLIP2ITMClient.cosine: (480, 640, 3), Seems like there is a tv ahead.
BLIP2ITMClient.cosine: (480, 640, 3), Seems like there is a tv ahead.
Sticking to last point.
Best value: 15.87%
Step: 52 | Mode: explore | Action: 1
BLIP2ITMClient.cosine: (480, 640, 3), Seems like there is a tv ahead.
Sticking to last point.
Best value: 15.87%
Step: 53 | Mode: explore | Action: 1
BLIP2ITMClient.cosine: (480, 640, 3), Seems like there is a tv ahead.
Sticking to last point.
Best value: 15.87%
Step: 54 | Mode: explore | Action: 1
BLIP2ITMClient.cosine: (480, 640, 3), Seems like there is a tv ahead.
Sticking to last point.
Best value: 15.87%
Step: 55 | Mode: explore | Action: 3
BLIP2ITMClient.cosine: (480, 640, 3), Seems like there is a tv ahead.
Sticking to last point.
Best value: 15.87%
Step: 56 | Mode: explore | Action: 1
BLIP2ITMClient.cosine: (480, 640, 3), Seems like there is a tv ahead.
BLIP2ITMClient.cosine: (480, 640, 3), Seems like there is a tv ahead.
Sticking to last point.
Best value: 15.87%
Step: 57 | Mode: explore | Action: 1
BLIP2ITMClient.cosine: (480, 640, 3), Seems like there is a tv ahead.
Sticking to last point.
Best value: 15.87%
Step: 58 | Mode: explore | Action: 1
BLIP2ITMClient.cosine: (480, 640, 3), Seems like there is a tv ahead.
Sticking to last point.
Best value: 15.87%
Step: 59 | Mode: explore | Action: 1
BLIP2ITMClient.cosine: (480, 640, 3), Seems like there is a tv ahead.
Sticking to last point.
Best value: 15.87%
Step: 60 | Mode: explore | Action: 3
BLIP2ITMClient.cosine: (480, 640, 3), Seems like there is a tv ahead.
Best value: 12.81%
Step: 61 | Mode: explore | Action: 3
BLIP2ITMClient.cosine: (480, 640, 3), Seems like there is a tv ahead.
BLIP2ITMClient.cosine: (480, 640, 3), Seems like there is a tv ahead.
Sticking to last point.
Best value: 12.81%
Step: 62 | Mode: explore | Action: 1
BLIP2ITMClient.cosine: (480, 640, 3), Seems like there is a tv ahead.
Sticking to last point.
Best value: 12.81%
Step: 63 | Mode: explore | Action: 1
BLIP2ITMClient.cosine: (480, 640, 3), Seems like there is a tv ahead.
Sticking to last point.
Best value: 12.81%
Step: 64 | Mode: explore | Action: 2
BLIP2ITMClient.cosine: (480, 640, 3), Seems like there is a tv ahead.
Sticking to last point.
Best value: 12.81%
Step: 65 | Mode: explore | Action: 1
BLIP2ITMClient.cosine: (480, 640, 3), Seems like there is a tv ahead.
Sticking to last point.
Best value: 12.81%
Step: 66 | Mode: explore | Action: 2
BLIP2ITMClient.cosine: (480, 640, 3), Seems like there is a tv ahead.
Sticking to last point.
Best value: 12.81%
Step: 67 | Mode: explore | Action: 1
BLIP2ITMClient.cosine: (480, 640, 3), Seems like there is a tv ahead.
Sticking to last point.
Best value: 12.81%
Step: 68 | Mode: explore | Action: 3
BLIP2ITMClient.cosine: (480, 640, 3), Seems like there is a tv ahead.
Sticking to last point.
Best value: 12.81%
Step: 69 | Mode: explore | Action: 3
BLIP2ITMClient.cosine: (480, 640, 3), Seems like there is a tv ahead.
Sticking to last point.
Best value: 12.81%
Step: 70 | Mode: explore | Action: 3
BLIP2ITMClient.cosine: (480, 640, 3), Seems like there is a tv ahead.
Sticking to last point.
Best value: 12.81%
Step: 71 | Mode: explore | Action: 3
BLIP2ITMClient.cosine: (480, 640, 3), Seems like there is a tv ahead.
Sticking to last point.
Best value: 12.81%
Step: 72 | Mode: explore | Action: 3
BLIP2ITMClient.cosine: (480, 640, 3), Seems like there is a tv ahead.
Sticking to last point.
Best value: 12.81%
Step: 73 | Mode: explore | Action: 3
BLIP2ITMClient.cosine: (480, 640, 3), Seems like there is a tv ahead.
Sticking to last point.
Best value: 12.81%
Step: 74 | Mode: explore | Action: 3
BLIP2ITMClient.cosine: (480, 640, 3), Seems like there is a tv ahead.
Sticking to last point.
Best value: 12.81%
Step: 75 | Mode: explore | Action: 1
  3%|▎         | 13/400 [06:13<3:08:30, 29.23s/it]BLIP2ITMClient.cosine: (480, 640, 3), Seems like there is a tv ahead.
Sticking to last point.
Best value: 12.81%
Step: 76 | Mode: explore | Action: 1
BLIP2ITMClient.cosine: (480, 640, 3), Seems like there is a tv ahead.
Sticking to last point.
Best value: 12.81%
Step: 77 | Mode: explore | Action: 2
BLIP2ITMClient.cosine: (480, 640, 3), Seems like there is a tv ahead.
Sticking to last point.
Best value: 12.81%
Step: 78 | Mode: explore | Action: 1
BLIP2ITMClient.cosine: (480, 640, 3), Seems like there is a tv ahead.
Sticking to last point.
Best value: 12.81%
Step: 79 | Mode: explore | Action: 2
BLIP2ITMClient.cosine: (480, 640, 3), Seems like there is a tv ahead.
Sticking to last point.
Best value: 12.81%
Step: 80 | Mode: explore | Action: 1
BLIP2ITMClient.cosine: (480, 640, 3), Seems like there is a tv ahead.
Sticking to last point.
Best value: 12.81%
Step: 81 | Mode: explore | Action: 3
BLIP2ITMClient.cosine: (480, 640, 3), Seems like there is a tv ahead.
Sticking to last point.
Best value: 12.81%
Step: 82 | Mode: explore | Action: 3
BLIP2ITMClient.cosine: (480, 640, 3), Seems like there is a tv ahead.
Sticking to last point.
Best value: 12.81%
Step: 83 | Mode: explore | Action: 1
BLIP2ITMClient.cosine: (480, 640, 3), Seems like there is a tv ahead.
Sticking to last point.
Best value: 12.81%
Step: 84 | Mode: explore | Action: 2
BLIP2ITMClient.cosine: (480, 640, 3), Seems like there is a tv ahead.
Sticking to last point.
Best value: 12.81%
Step: 85 | Mode: explore | Action: 1
BLIP2ITMClient.cosine: (480, 640, 3), Seems like there is a tv ahead.
Sticking to last point.
Best value: 12.81%
Step: 86 | Mode: explore | Action: 1
BLIP2ITMClient.cosine: (480, 640, 3), Seems like there is a tv ahead.
Sticking to last point.
Best value: 12.81%
Step: 87 | Mode: explore | Action: 1
BLIP2ITMClient.cosine: (480, 640, 3), Seems like there is a tv ahead.
Sticking to last point.
Best value: 12.81%
Step: 88 | Mode: explore | Action: 2
BLIP2ITMClient.cosine: (480, 640, 3), Seems like there is a tv ahead.
Sticking to last point.
Best value: 12.81%
Step: 89 | Mode: explore | Action: 1
BLIP2ITMClient.cosine: (480, 640, 3), Seems like there is a tv ahead.
Sticking to last point.
Best value: 12.81%
Step: 90 | Mode: explore | Action: 1
BLIP2ITMClient.cosine: (480, 640, 3), Seems like there is a tv ahead.
Sticking to last point.
Best value: 12.81%
Step: 91 | Mode: explore | Action: 2
BLIP2ITMClient.cosine: (480, 640, 3), Seems like there is a tv ahead.
BLIP2ITMClient.cosine: (480, 640, 3), Seems like there is a tv ahead.
Sticking to last point.
Best value: 16.10%
Step: 92 | Mode: explore | Action: 1
BLIP2ITMClient.cosine: (480, 640, 3), Seems like there is a tv ahead.
Sticking to last point.
Best value: 16.10%
Step: 93 | Mode: explore | Action: 2
BLIP2ITMClient.cosine: (480, 640, 3), Seems like there is a tv ahead.
Sticking to last point.
Best value: 16.10%
Step: 94 | Mode: explore | Action: 1
BLIP2ITMClient.cosine: (480, 640, 3), Seems like there is a tv ahead.
Sticking to last point.
Best value: 16.10%
Step: 95 | Mode: explore | Action: 1
BLIP2ITMClient.cosine: (480, 640, 3), Seems like there is a tv ahead.
Sticking to last point.
Best value: 16.10%
Step: 96 | Mode: explore | Action: 1
BLIP2ITMClient.cosine: (480, 640, 3), Seems like there is a tv ahead.
Sticking to last point.
Best value: 16.10%
Step: 97 | Mode: explore | Action: 1
BLIP2ITMClient.cosine: (480, 640, 3), Seems like there is a tv ahead.
Sticking to last point.
Best value: 16.10%
Step: 98 | Mode: explore | Action: 2
BLIP2ITMClient.cosine: (480, 640, 3), Seems like there is a tv ahead.
Sticking to last point.
Best value: 16.10%
Step: 99 | Mode: explore | Action: 1
BLIP2ITMClient.cosine: (480, 640, 3), Seems like there is a tv ahead.
Sticking to last point.
Best value: 16.10%
Step: 100 | Mode: explore | Action: 1
BLIP2ITMClient.cosine: (480, 640, 3), Seems like there is a tv ahead.
Sticking to last point.
Best value: 16.10%
Step: 101 | Mode: explore | Action: 3
BLIP2ITMClient.cosine: (480, 640, 3), Seems like there is a tv ahead.
Sticking to last point.
Best value: 16.10%
Step: 102 | Mode: explore | Action: 1
BLIP2ITMClient.cosine: (480, 640, 3), Seems like there is a tv ahead.
BLIP2ITMClient.cosine: (480, 640, 3), Seems like there is a tv ahead.
Best value: 14.33%
Step: 103 | Mode: explore | Action: 1
BLIP2ITMClient.cosine: (480, 640, 3), Seems like there is a tv ahead.
BLIP2ITMClient.cosine: (480, 640, 3), Seems like there is a tv ahead.
Best value: 12.59%
Step: 104 | Mode: explore | Action: 3
BLIP2ITMClient.cosine: (480, 640, 3), Seems like there is a tv ahead.
BLIP2ITMClient.cosine: (480, 640, 3), Seems like there is a tv ahead.
Best value: 11.36%
Step: 105 | Mode: explore | Action: 1
BLIP2ITMClient.cosine: (480, 640, 3), Seems like there is a tv ahead.
BLIP2ITMClient.cosine: (480, 640, 3), Seems like there is a tv ahead.
Sticking to last point.
Best value: 12.05%
Step: 106 | Mode: explore | Action: 3
BLIP2ITMClient.cosine: (480, 640, 3), Seems like there is a tv ahead.
BLIP2ITMClient.cosine: (480, 640, 3), Seems like there is a tv ahead.
Best value: 10.90%
Step: 107 | Mode: explore | Action: 3
BLIP2ITMClient.cosine: (480, 640, 3), Seems like there is a tv ahead.
Sticking to last point.
Best value: 10.90%
Step: 108 | Mode: explore | Action: 2
BLIP2ITMClient.cosine: (480, 640, 3), Seems like there is a tv ahead.
Sticking to last point.
Best value: 10.90%
Step: 109 | Mode: explore | Action: 1
BLIP2ITMClient.cosine: (480, 640, 3), Seems like there is a tv ahead.
BLIP2ITMClient.cosine: (480, 640, 3), Seems like there is a tv ahead.
Best value: 9.83%
Step: 110 | Mode: explore | Action: 3
BLIP2ITMClient.cosine: (480, 640, 3), Seems like there is a tv ahead.
Sticking to last point.
Best value: 9.83%
Step: 111 | Mode: explore | Action: 3
BLIP2ITMClient.cosine: (480, 640, 3), Seems like there is a tv ahead.
Sticking to last point.
Best value: 9.83%
Step: 112 | Mode: explore | Action: 2
BLIP2ITMClient.cosine: (480, 640, 3), Seems like there is a tv ahead.
Sticking to last point.
Best value: 9.83%
Step: 113 | Mode: explore | Action: 1
BLIP2ITMClient.cosine: (480, 640, 3), Seems like there is a tv ahead.
BLIP2ITMClient.cosine: (480, 640, 3), Seems like there is a tv ahead.
Sticking to last point.
Best value: 13.28%
Step: 114 | Mode: explore | Action: 3
BLIP2ITMClient.cosine: (480, 640, 3), Seems like there is a tv ahead.
BLIP2ITMClient.cosine: (480, 640, 3), Seems like there is a tv ahead.
Best value: 11.86%
Step: 115 | Mode: explore | Action: 3
BLIP2ITMClient.cosine: (480, 640, 3), Seems like there is a tv ahead.
No frontiers found during exploration, stopping.
Step: 116 | Mode: explore | Action: 0
[traj] episode 166 — unknown
Episode 196 in scene Collierville failed due to 'never_saw_target_did_not_travel_stairs_likely_infeasible'.
[traj] captured failure_cause: never_saw_target_did_not_travel_stairs_likely_infeasible
[traj] value map: max=0.2155, nonzero=15029
[traj] saved episode Collierville_196 (117 steps, failed)
BLIP2ITMClient.cosine: (480, 640, 3), Seems like there is a tv ahead.
Step: 0 | Mode: initialize | Action: 2
BLIP2ITMClient.cosine: (480, 640, 3), Seems like there is a tv ahead.
Step: 1 | Mode: initialize | Action: 2
BLIP2ITMClient.cosine: (480, 640, 3), Seems like there is a tv ahead.
Step: 2 | Mode: initialize | Action: 2
BLIP2ITMClient.cosine: (480, 640, 3), Seems like there is a tv ahead.
Step: 3 | Mode: initialize | Action: 2
BLIP2ITMClient.cosine: (480, 640, 3), Seems like there is a tv ahead.
Step: 4 | Mode: initialize | Action: 2
BLIP2ITMClient.cosine: (480, 640, 3), Seems like there is a tv ahead.
Step: 5 | Mode: initialize | Action: 2
BLIP2ITMClient.cosine: (480, 640, 3), Seems like there is a tv ahead.
Step: 6 | Mode: initialize | Action: 2
BLIP2ITMClient.cosine: (480, 640, 3), Seems like there is a tv ahead.
Step: 7 | Mode: initialize | Action: 2
BLIP2ITMClient.cosine: (480, 640, 3), Seems like there is a tv ahead.
Step: 8 | Mode: initialize | Action: 2
BLIP2ITMClient.cosine: (480, 640, 3), Seems like there is a tv ahead.
Step: 9 | Mode: initialize | Action: 2
BLIP2ITMClient.cosine: (480, 640, 3), Seems like there is a tv ahead.
Step: 10 | Mode: initialize | Action: 2
BLIP2ITMClient.cosine: (480, 640, 3), Seems like there is a tv ahead.
Step: 11 | Mode: initialize | Action: 2
BLIP2ITMClient.cosine: (480, 640, 3), Seems like there is a tv ahead.
BLIP2ITMClient.cosine: (480, 640, 3), Seems like there is a tv ahead.
Best value: 20.07%
Step: 12 | Mode: explore | Action: 3
BLIP2ITMClient.cosine: (480, 640, 3), Seems like there is a tv ahead.
Sticking to last point.
Best value: 20.07%
Step: 13 | Mode: explore | Action: 3
BLIP2ITMClient.cosine: (480, 640, 3), Seems like there is a tv ahead.
Sticking to last point.
Best value: 20.07%
Step: 14 | Mode: explore | Action: 3
BLIP2ITMClient.cosine: (480, 640, 3), Seems like there is a tv ahead.
Sticking to last point.
Best value: 20.07%
Step: 15 | Mode: explore | Action: 3
BLIP2ITMClient.cosine: (480, 640, 3), Seems like there is a tv ahead.
Sticking to last point.
Best value: 20.07%
Step: 16 | Mode: explore | Action: 1
BLIP2ITMClient.cosine: (480, 640, 3), Seems like there is a tv ahead.
Sticking to last point.
Best value: 20.07%
Step: 17 | Mode: explore | Action: 1
BLIP2ITMClient.cosine: (480, 640, 3), Seems like there is a tv ahead.
BLIP2ITMClient.cosine: (480, 640, 3), Seems like there is a tv ahead.
Best value: 20.07%
Step: 18 | Mode: explore | Action: 1
BLIP2ITMClient.cosine: (480, 640, 3), Seems like there is a tv ahead.
Sticking to last point.
Best value: 20.07%
Step: 19 | Mode: explore | Action: 3
BLIP2ITMClient.cosine: (480, 640, 3), Seems like there is a tv ahead.
Sticking to last point.
Best value: 20.07%
Step: 20 | Mode: explore | Action: 1
BLIP2ITMClient.cosine: (480, 640, 3), Seems like there is a tv ahead.
Sticking to last point.
Best value: 20.07%
Step: 21 | Mode: explore | Action: 3
BLIP2ITMClient.cosine: (480, 640, 3), Seems like there is a tv ahead.
Sticking to last point.
Best value: 20.07%
Step: 22 | Mode: explore | Action: 1
BLIP2ITMClient.cosine: (480, 640, 3), Seems like there is a tv ahead.
Sticking to last point.
Best value: 20.07%
Step: 23 | Mode: explore | Action: 3
BLIP2ITMClient.cosine: (480, 640, 3), Seems like there is a tv ahead.
Sticking to last point.
Best value: 20.07%
Step: 24 | Mode: explore | Action: 1
BLIP2ITMClient.cosine: (480, 640, 3), Seems like there is a tv ahead.
Sticking to last point.
Best value: 20.07%
Step: 25 | Mode: explore | Action: 1
BLIP2ITMClient.cosine: (480, 640, 3), Seems like there is a tv ahead.
Sticking to last point.
Best value: 20.07%
Step: 26 | Mode: explore | Action: 1
BLIP2ITMClient.cosine: (480, 640, 3), Seems like there is a tv ahead.
Sticking to last point.
Best value: 20.07%
Step: 27 | Mode: explore | Action: 2
BLIP2ITMClient.cosine: (480, 640, 3), Seems like there is a tv ahead.
BLIP2ITMClient.cosine: (480, 640, 3), Seems like there is a tv ahead.
Best value: 17.09%
Step: 28 | Mode: explore | Action: 2
BLIP2ITMClient.cosine: (480, 640, 3), Seems like there is a tv ahead.
Sticking to last point.
Best value: 17.09%
Step: 29 | Mode: explore | Action: 1
BLIP2ITMClient.cosine: (480, 640, 3), Seems like there is a tv ahead.
BLIP2ITMClient.cosine: (480, 640, 3), Seems like there is a tv ahead.
Best value: 14.59%
Step: 30 | Mode: explore | Action: 2
BLIP2ITMClient.cosine: (480, 640, 3), Seems like there is a tv ahead.
BLIP2ITMClient.cosine: (480, 640, 3), Seems like there is a tv ahead.
Sticking to last point.
Best value: 14.59%
Step: 31 | Mode: explore | Action: 2
BLIP2ITMClient.cosine: (480, 640, 3), Seems like there is a tv ahead.
Sticking to last point.
Best value: 14.59%
Step: 32 | Mode: explore | Action: 2
BLIP2ITMClient.cosine: (480, 640, 3), Seems like there is a tv ahead.
BLIP2ITMClient.cosine: (480, 640, 3), Seems like there is a tv ahead.
Sticking to last point.
Best value: 16.42%
Step: 33 | Mode: explore | Action: 2
BLIP2ITMClient.cosine: (480, 640, 3), Seems like there is a tv ahead.
Sticking to last point.
Best value: 16.42%
Step: 34 | Mode: explore | Action: 2
BLIP2ITMClient.cosine: (480, 640, 3), Seems like there is a tv ahead.
Sticking to last point.
Best value: 16.42%
Step: 35 | Mode: explore | Action: 1
BLIP2ITMClient.cosine: (480, 640, 3), Seems like there is a tv ahead.
Sticking to last point.
Best value: 16.42%
Step: 36 | Mode: explore | Action: 1
BLIP2ITMClient.cosine: (480, 640, 3), Seems like there is a tv ahead.
Sticking to last point.
Best value: 16.42%
Step: 37 | Mode: explore | Action: 3
BLIP2ITMClient.cosine: (480, 640, 3), Seems like there is a tv ahead.
Sticking to last point.
Best value: 16.42%
Step: 38 | Mode: explore | Action: 1
BLIP2ITMClient.cosine: (480, 640, 3), Seems like there is a tv ahead.
Sticking to last point.
Best value: 16.42%
Step: 39 | Mode: explore | Action: 3
BLIP2ITMClient.cosine: (480, 640, 3), Seems like there is a tv ahead.
BLIP2ITMClient.cosine: (480, 640, 3), Seems like there is a tv ahead.
Sticking to last point.
Best value: 16.42%
Step: 40 | Mode: explore | Action: 1
BLIP2ITMClient.cosine: (480, 640, 3), Seems like there is a tv ahead.
Sticking to last point.
Best value: 16.42%
Step: 41 | Mode: explore | Action: 2
BLIP2ITMClient.cosine: (480, 640, 3), Seems like there is a tv ahead.
Sticking to last point.
Best value: 16.42%
Step: 42 | Mode: explore | Action: 2
BLIP2ITMClient.cosine: (480, 640, 3), Seems like there is a tv ahead.
Sticking to last point.
Best value: 16.42%
Step: 43 | Mode: explore | Action: 2
BLIP2ITMClient.cosine: (480, 640, 3), Seems like there is a tv ahead.
Step: 44 | Mode: navigate | Action: 2
BLIP2ITMClient.cosine: (480, 640, 3), Seems like there is a tv ahead.
Step: 45 | Mode: navigate | Action: 3
BLIP2ITMClient.cosine: (480, 640, 3), Seems like there is a tv ahead.
Step: 46 | Mode: navigate | Action: 3
BLIP2ITMClient.cosine: (480, 640, 3), Seems like there is a tv ahead.
Step: 47 | Mode: navigate | Action: 3
BLIP2ITMClient.cosine: (480, 640, 3), Seems like there is a tv ahead.
Step: 48 | Mode: navigate | Action: 2
BLIP2ITMClient.cosine: (480, 640, 3), Seems like there is a tv ahead.
Step: 49 | Mode: navigate | Action: 1
BLIP2ITMClient.cosine: (480, 640, 3), Seems like there is a tv ahead.
Step: 50 | Mode: navigate | Action: 2
BLIP2ITMClient.cosine: (480, 640, 3), Seems like there is a tv ahead.
Step: 51 | Mode: navigate | Action: 1
BLIP2ITMClient.cosine: (480, 640, 3), Seems like there is a tv ahead.
Step: 52 | Mode: navigate | Action: 2
BLIP2ITMClient.cosine: (480, 640, 3), Seems like there is a tv ahead.
Step: 53 | Mode: navigate | Action: 1
BLIP2ITMClient.cosine: (480, 640, 3), Seems like there is a tv ahead.
Step: 54 | Mode: navigate | Action: 3
BLIP2ITMClient.cosine: (480, 640, 3), Seems like there is a tv ahead.
Step: 55 | Mode: navigate | Action: 3
BLIP2ITMClient.cosine: (480, 640, 3), Seems like there is a tv ahead.
Step: 56 | Mode: navigate | Action: 3
BLIP2ITMClient.cosine: (480, 640, 3), Seems like there is a tv ahead.
Step: 57 | Mode: navigate | Action: 3
BLIP2ITMClient.cosine: (480, 640, 3), Seems like there is a tv ahead.
Step: 58 | Mode: navigate | Action: 1
BLIP2ITMClient.cosine: (480, 640, 3), Seems like there is a tv ahead.
Step: 59 | Mode: navigate | Action: 2
BLIP2ITMClient.cosine: (480, 640, 3), Seems like there is a tv ahead.
Step: 60 | Mode: navigate | Action: 1
BLIP2ITMClient.cosine: (480, 640, 3), Seems like there is a tv ahead.
Step: 61 | Mode: navigate | Action: 2
BLIP2ITMClient.cosine: (480, 640, 3), Seems like there is a tv ahead.
Step: 62 | Mode: navigate | Action: 1
BLIP2ITMClient.cosine: (480, 640, 3), Seems like there is a tv ahead.
Step: 63 | Mode: navigate | Action: 3
BLIP2ITMClient.cosine: (480, 640, 3), Seems like there is a tv ahead.
Step: 64 | Mode: navigate | Action: 1
BLIP2ITMClient.cosine: (480, 640, 3), Seems like there is a tv ahead.
Step: 65 | Mode: navigate | Action: 3
BLIP2ITMClient.cosine: (480, 640, 3), Seems like there is a tv ahead.
Step: 66 | Mode: navigate | Action: 1
BLIP2ITMClient.cosine: (480, 640, 3), Seems like there is a tv ahead.
Step: 67 | Mode: navigate | Action: 1
BLIP2ITMClient.cosine: (480, 640, 3), Seems like there is a tv ahead.
Step: 68 | Mode: navigate | Action: 1
BLIP2ITMClient.cosine: (480, 640, 3), Seems like there is a tv ahead.
Step: 69 | Mode: navigate | Action: 3
BLIP2ITMClient.cosine: (480, 640, 3), Seems like there is a tv ahead.
Step: 70 | Mode: navigate | Action: 1
BLIP2ITMClient.cosine: (480, 640, 3), Seems like there is a tv ahead.
Step: 71 | Mode: navigate | Action: 1
BLIP2ITMClient.cosine: (480, 640, 3), Seems like there is a tv ahead.
Step: 72 | Mode: navigate | Action: 3
BLIP2ITMClient.cosine: (480, 640, 3), Seems like there is a tv ahead.
Step: 73 | Mode: navigate | Action: 1
BLIP2ITMClient.cosine: (480, 640, 3), Seems like there is a tv ahead.
Step: 74 | Mode: navigate | Action: 1
BLIP2ITMClient.cosine: (480, 640, 3), Seems like there is a tv ahead.
Step: 75 | Mode: navigate | Action: 1
BLIP2ITMClient.cosine: (480, 640, 3), Seems like there is a tv ahead.
Step: 76 | Mode: navigate | Action: 2
BLIP2ITMClient.cosine: (480, 640, 3), Seems like there is a tv ahead.
Step: 77 | Mode: navigate | Action: 2
BLIP2ITMClient.cosine: (480, 640, 3), Seems like there is a tv ahead.
Step: 78 | Mode: navigate | Action: 2
BLIP2ITMClient.cosine: (480, 640, 3), Seems like there is a tv ahead.
Step: 79 | Mode: navigate | Action: 2
BLIP2ITMClient.cosine: (480, 640, 3), Seems like there is a tv ahead.
Step: 80 | Mode: navigate | Action: 2
BLIP2ITMClient.cosine: (480, 640, 3), Seems like there is a tv ahead.
Step: 81 | Mode: navigate | Action: 2
BLIP2ITMClient.cosine: (480, 640, 3), Seems like there is a tv ahead.
Step: 82 | Mode: navigate | Action: 1
BLIP2ITMClient.cosine: (480, 640, 3), Seems like there is a tv ahead.
Step: 83 | Mode: navigate | Action: 1
BLIP2ITMClient.cosine: (480, 640, 3), Seems like there is a tv ahead.
Step: 84 | Mode: navigate | Action: 1
BLIP2ITMClient.cosine: (480, 640, 3), Seems like there is a tv ahead.
Step: 85 | Mode: navigate | Action: 2
BLIP2ITMClient.cosine: (480, 640, 3), Seems like there is a tv ahead.
Step: 86 | Mode: navigate | Action: 1
BLIP2ITMClient.cosine: (480, 640, 3), Seems like there is a tv ahead.
Step: 87 | Mode: navigate | Action: 2
BLIP2ITMClient.cosine: (480, 640, 3), Seems like there is a tv ahead.
Step: 88 | Mode: navigate | Action: 1
BLIP2ITMClient.cosine: (480, 640, 3), Seems like there is a tv ahead.
Step: 89 | Mode: navigate | Action: 3
BLIP2ITMClient.cosine: (480, 640, 3), Seems like there is a tv ahead.
Step: 90 | Mode: navigate | Action: 1
BLIP2ITMClient.cosine: (480, 640, 3), Seems like there is a tv ahead.
Step: 91 | Mode: navigate | Action: 1
BLIP2ITMClient.cosine: (480, 640, 3), Seems like there is a tv ahead.
Step: 92 | Mode: navigate | Action: 3
BLIP2ITMClient.cosine: (480, 640, 3), Seems like there is a tv ahead.
Step: 93 | Mode: navigate | Action: 1
BLIP2ITMClient.cosine: (480, 640, 3), Seems like there is a tv ahead.
Step: 94 | Mode: navigate | Action: 3
BLIP2ITMClient.cosine: (480, 640, 3), Seems like there is a tv ahead.
Step: 95 | Mode: navigate | Action: 3
BLIP2ITMClient.cosine: (480, 640, 3), Seems like there is a tv ahead.
Step: 96 | Mode: navigate | Action: 3
BLIP2ITMClient.cosine: (480, 640, 3), Seems like there is a tv ahead.
Step: 97 | Mode: navigate | Action: 3
BLIP2ITMClient.cosine: (480, 640, 3), Seems like there is a tv ahead.
Step: 98 | Mode: navigate | Action: 3
BLIP2ITMClient.cosine: (480, 640, 3), Seems like there is a tv ahead.
Step: 99 | Mode: navigate | Action: 3
BLIP2ITMClient.cosine: (480, 640, 3), Seems like there is a tv ahead.
Step: 100 | Mode: navigate | Action: 1
BLIP2ITMClient.cosine: (480, 640, 3), Seems like there is a tv ahead.
Step: 101 | Mode: navigate | Action: 2
BLIP2ITMClient.cosine: (480, 640, 3), Seems like there is a tv ahead.
Step: 102 | Mode: navigate | Action: 1
BLIP2ITMClient.cosine: (480, 640, 3), Seems like there is a tv ahead.
Step: 103 | Mode: navigate | Action: 2
BLIP2ITMClient.cosine: (480, 640, 3), Seems like there is a tv ahead.
Step: 104 | Mode: navigate | Action: 1
BLIP2ITMClient.cosine: (480, 640, 3), Seems like there is a tv ahead.
Step: 105 | Mode: navigate | Action: 3
BLIP2ITMClient.cosine: (480, 640, 3), Seems like there is a tv ahead.
Step: 106 | Mode: navigate | Action: 1
BLIP2ITMClient.cosine: (480, 640, 3), Seems like there is a tv ahead.
Step: 107 | Mode: navigate | Action: 1
BLIP2ITMClient.cosine: (480, 640, 3), Seems like there is a tv ahead.
Step: 108 | Mode: navigate | Action: 3
BLIP2ITMClient.cosine: (480, 640, 3), Seems like there is a tv ahead.
Step: 109 | Mode: navigate | Action: 1
BLIP2ITMClient.cosine: (480, 640, 3), Seems like there is a tv ahead.
Step: 110 | Mode: navigate | Action: 1
BLIP2ITMClient.cosine: (480, 640, 3), Seems like there is a tv ahead.
Step: 111 | Mode: navigate | Action: 1
BLIP2ITMClient.cosine: (480, 640, 3), Seems like there is a tv ahead.
Step: 112 | Mode: navigate | Action: 2
BLIP2ITMClient.cosine: (480, 640, 3), Seems like there is a tv ahead.
Step: 113 | Mode: navigate | Action: 2
BLIP2ITMClient.cosine: (480, 640, 3), Seems like there is a tv ahead.
Step: 114 | Mode: navigate | Action: 2
BLIP2ITMClient.cosine: (480, 640, 3), Seems like there is a tv ahead.
Step: 115 | Mode: navigate | Action: 3
BLIP2ITMClient.cosine: (480, 640, 3), Seems like there is a tv ahead.
Step: 116 | Mode: navigate | Action: 3
BLIP2ITMClient.cosine: (480, 640, 3), Seems like there is a tv ahead.
Step: 117 | Mode: navigate | Action: 1
BLIP2ITMClient.cosine: (480, 640, 3), Seems like there is a tv ahead.
Step: 118 | Mode: navigate | Action: 1
BLIP2ITMClient.cosine: (480, 640, 3), Seems like there is a tv ahead.
Step: 119 | Mode: navigate | Action: 1
BLIP2ITMClient.cosine: (480, 640, 3), Seems like there is a tv ahead.
Step: 120 | Mode: navigate | Action: 3
BLIP2ITMClient.cosine: (480, 640, 3), Seems like there is a tv ahead.
Step: 121 | Mode: navigate | Action: 1
BLIP2ITMClient.cosine: (480, 640, 3), Seems like there is a tv ahead.
Step: 122 | Mode: navigate | Action: 3
BLIP2ITMClient.cosine: (480, 640, 3), Seems like there is a tv ahead.
Step: 123 | Mode: navigate | Action: 3
BLIP2ITMClient.cosine: (480, 640, 3), Seems like there is a tv ahead.
Step: 124 | Mode: navigate | Action: 3
BLIP2ITMClient.cosine: (480, 640, 3), Seems like there is a tv ahead.
Step: 125 | Mode: navigate | Action: 3
BLIP2ITMClient.cosine: (480, 640, 3), Seems like there is a tv ahead.
Step: 126 | Mode: navigate | Action: 3
BLIP2ITMClient.cosine: (480, 640, 3), Seems like there is a tv ahead.
Step: 127 | Mode: navigate | Action: 1
BLIP2ITMClient.cosine: (480, 640, 3), Seems like there is a tv ahead.
Step: 128 | Mode: navigate | Action: 1
BLIP2ITMClient.cosine: (480, 640, 3), Seems like there is a tv ahead.
Step: 129 | Mode: navigate | Action: 3
BLIP2ITMClient.cosine: (480, 640, 3), Seems like there is a tv ahead.
Step: 130 | Mode: navigate | Action: 1
BLIP2ITMClient.cosine: (480, 640, 3), Seems like there is a tv ahead.
Step: 131 | Mode: navigate | Action: 3
BLIP2ITMClient.cosine: (480, 640, 3), Seems like there is a tv ahead.
Step: 132 | Mode: navigate | Action: 1
BLIP2ITMClient.cosine: (480, 640, 3), Seems like there is a tv ahead.
Step: 133 | Mode: navigate | Action: 2
BLIP2ITMClient.cosine: (480, 640, 3), Seems like there is a tv ahead.
Step: 134 | Mode: navigate | Action: 2
BLIP2ITMClient.cosine: (480, 640, 3), Seems like there is a tv ahead.
Step: 135 | Mode: navigate | Action: 1
BLIP2ITMClient.cosine: (480, 640, 3), Seems like there is a tv ahead.
Step: 136 | Mode: navigate | Action: 1
BLIP2ITMClient.cosine: (480, 640, 3), Seems like there is a tv ahead.
Step: 137 | Mode: navigate | Action: 1
BLIP2ITMClient.cosine: (480, 640, 3), Seems like there is a tv ahead.
Step: 138 | Mode: navigate | Action: 3
BLIP2ITMClient.cosine: (480, 640, 3), Seems like there is a tv ahead.
Step: 139 | Mode: navigate | Action: 1
BLIP2ITMClient.cosine: (480, 640, 3), Seems like there is a tv ahead.
Step: 140 | Mode: navigate | Action: 1
BLIP2ITMClient.cosine: (480, 640, 3), Seems like there is a tv ahead.
Step: 141 | Mode: navigate | Action: 2
BLIP2ITMClient.cosine: (480, 640, 3), Seems like there is a tv ahead.
Step: 142 | Mode: navigate | Action: 1
BLIP2ITMClient.cosine: (480, 640, 3), Seems like there is a tv ahead.
Step: 143 | Mode: navigate | Action: 1
BLIP2ITMClient.cosine: (480, 640, 3), Seems like there is a tv ahead.
Step: 144 | Mode: navigate | Action: 1
BLIP2ITMClient.cosine: (480, 640, 3), Seems like there is a tv ahead.
Step: 145 | Mode: navigate | Action: 1
  4%|▎         | 14/400 [07:13<4:07:37, 38.49s/it]  4%|▎         | 14/400 [07:13<3:19:22, 30.99s/it]
BLIP2ITMClient.cosine: (480, 640, 3), Seems like there is a tv ahead.
Step: 146 | Mode: navigate | Action: 1
BLIP2ITMClient.cosine: (480, 640, 3), Seems like there is a tv ahead.
Step: 147 | Mode: navigate | Action: 3
BLIP2ITMClient.cosine: (480, 640, 3), Seems like there is a tv ahead.
Step: 148 | Mode: navigate | Action: 1
BLIP2ITMClient.cosine: (480, 640, 3), Seems like there is a tv ahead.
Step: 149 | Mode: navigate | Action: 1
BLIP2ITMClient.cosine: (480, 640, 3), Seems like there is a tv ahead.
Step: 150 | Mode: navigate | Action: 0
[traj] episode 196 — unknown
Episode 166 in scene Collierville failed due to 'false_positive'.
[traj] captured failure_cause: false_positive
[traj] value map: max=0.2217, nonzero=12190
[traj] saved episode Collierville_166 (151 steps, failed)
Error executing job with overrides: ['habitat_baselines.evaluate=True', 'habitat_baselines.test_episode_count=-1', 'habitat.dataset.data_path=data/datasets/objectnav/gibson/v1.1/val/Collierville_full.json.gz', 'habitat.dataset.content_scenes=[Collierville]', 'habitat_baselines.num_environments=1']
Traceback (most recent call last):
  File "/workspace/vlfm/vlfm/run.py", line 57, in main
    execute_exp(cfg, "eval" if cfg.habitat_baselines.evaluate else "train")
  File "/opt/conda/envs/DCON/lib/python3.9/site-packages/habitat_baselines/run.py", line 62, in execute_exp
    trainer.eval()
  File "/opt/conda/envs/DCON/lib/python3.9/site-packages/habitat_baselines/common/base_trainer.py", line 132, in eval
    self._eval_checkpoint(
  File "/workspace/vlfm/vlfm/utils/vlfm_trainer.py", line 337, in _eval_checkpoint
    assert (
AssertionError: Expected 400 episodes, got 14.

Set the environment variable HYDRA_FULL_ERROR=1 for a complete stack trace.
Exception ignored in: <function VectorEnv.__del__ at 0x7f9fff776790>
Traceback (most recent call last):
  File "/opt/conda/envs/DCON/lib/python3.9/site-packages/habitat/core/vector_env.py", line 589, in __del__
    self.close()
  File "/opt/conda/envs/DCON/lib/python3.9/site-packages/habitat/core/vector_env.py", line 463, in close
    write_fn((CLOSE_COMMAND, None))
  File "/opt/conda/envs/DCON/lib/python3.9/site-packages/habitat/core/vector_env.py", line 129, in __call__
    self.write_fn(data)
  File "/opt/conda/envs/DCON/lib/python3.9/site-packages/habitat/utils/pickle5_multiprocessing.py", line 63, in send
    self.send_bytes(buf.getvalue())
  File "/opt/conda/envs/DCON/lib/python3.9/multiprocessing/connection.py", line 200, in send_bytes
    self._send_bytes(m[offset:offset + size])
  File "/opt/conda/envs/DCON/lib/python3.9/multiprocessing/connection.py", line 411, in _send_bytes
    self._send(header + buf)
  File "/opt/conda/envs/DCON/lib/python3.9/multiprocessing/connection.py", line 368, in _send
    n = write(self._handle, buf)
BrokenPipeError: [Errno 32] Broken pipe
