Gym has been unmaintained since 2022 and does not support NumPy 2.0 amongst other critical functionality.
Please upgrade to Gymnasium, the maintained drop-in replacement of Gym, or contact the authors of your software and request that they upgrade.
See the migration guide at https://gymnasium.farama.org/introduction/migration_guide/ for additional information.
Neither `ifconfig` (`ifconfig -a`) nor `ip` (`ip address show`) commands are available, listing network interfaces is likely to fail
/opt/conda/envs/DCON/lib/python3.9/site-packages/fairscale/experimental/nn/offload.py:19: FutureWarning: `torch.cuda.amp.custom_fwd(args...)` is deprecated. Please use `torch.amp.custom_fwd(args..., device_type='cuda')` instead.
  return torch.cuda.amp.custom_fwd(orig_func)  # type: ignore
/opt/conda/envs/DCON/lib/python3.9/site-packages/fairscale/experimental/nn/offload.py:30: FutureWarning: `torch.cuda.amp.custom_bwd(args...)` is deprecated. Please use `torch.amp.custom_bwd(args..., device_type='cuda')` instead.
  return torch.cuda.amp.custom_bwd(orig_func)  # type: ignore
[traj] RUN_ID = 20260723_141556
2026-07-23 14:15:56,799 env config: habitat_baselines:
  evaluate: true
  trainer_name: vlfm
  updater_name: PPO
  distrib_updater_name: DDPPO
  torch_gpu_id: 0
  tensorboard_dir: tb
  writer_type: tb
  video_dir: video_dir
  video_fps: 10
  test_episode_count: -1
  eval_ckpt_path_dir: data/dummy_policy.pth
  num_environments: 1
  num_processes: -1
  rollout_storage_name: RolloutStorage
  checkpoint_folder: data/new_checkpoints
  num_updates: 270000
  num_checkpoints: 100
  checkpoint_interval: -1
  total_num_steps: -1.0
  log_interval: 10
  log_file: train.log
  force_blind_policy: false
  verbose: true
  eval_keys_to_include_in_name: []
  force_torch_single_threaded: true
  wb:
    project_name: ''
    entity: ''
    group: ''
    run_name: ''
  load_resume_state_config: false
  eval:
    split: val
    use_ckpt_config: true
    should_load_ckpt: false
    evals_per_ep: 1
    video_option: []
    extra_sim_sensors: {}
  profiling:
    capture_start_step: -1
    num_steps_to_capture: -1
  rl:
    agent:
      type: SingleAgentAccessMgr
    preemption:
      append_slurm_job_id: false
      save_resume_state_interval: 100
      save_state_batch_only: false
    policy:
      name: HabitatITMPolicy
      action_distribution_type: categorical
      action_dist:
        use_log_std: true
        use_softplus: false
        std_init: ???
        log_std_init: 0.0
        use_std_param: false
        clamp_std: true
        min_std: 1.0e-06
        max_std: 1
        min_log_std: -5
        max_log_std: 2
        action_activation: tanh
        scheduled_std: false
      obs_transforms: {}
      hierarchical_policy: ???
      text_prompt: Seems like there is a target_object ahead.
      pointnav_policy_path: data/pointnav_weights.pth
      depth_image_shape:
      - 224
      - 224
      pointnav_stop_radius: 0.9
      use_max_confidence: false
      object_map_erosion_size: 5
      exploration_thresh: 0.0
      obstacle_map_area_threshold: 1.5
      min_obstacle_height: 0.61
      max_obstacle_height: 0.88
      hole_area_thresh: 100000
      use_vqa: false
      vqa_prompt: 'Is this '
      coco_threshold: 0.8
      non_coco_threshold: 0.4
      agent_radius: 0.18
    ppo:
      clip_param: 0.2
      ppo_epoch: 4
      num_mini_batch: 2
      value_loss_coef: 0.5
      entropy_coef: 0.01
      lr: 0.00025
      eps: 1.0e-05
      max_grad_norm: 0.2
      num_steps: 64
      use_gae: true
      use_linear_lr_decay: false
      use_linear_clip_decay: false
      gamma: 0.99
      tau: 0.95
      reward_window_size: 50
      use_normalized_advantage: false
      hidden_size: 512
      entropy_target_factor: 0.0
      use_adaptive_entropy_pen: false
      use_clipped_value_loss: true
      use_double_buffered_sampler: false
    ddppo:
      sync_frac: 0.6
      distrib_backend: NCCL
      rnn_type: LSTM
      num_recurrent_layers: 2
      backbone: resnet50
      pretrained_weights: data/ddppo-models/gibson-2plus-resnet50.pth
      pretrained: false
      pretrained_encoder: false
      train_encoder: true
      reset_critic: false
      force_distributed: false
    ver:
      variable_experience: true
      num_inference_workers: 2
      overlap_rollouts_and_learn: false
    auxiliary_losses: {}
habitat:
  seed: 100
  env_task: GymHabitatEnv
  env_task_gym_dependencies: []
  env_task_gym_id: ''
  environment:
    max_episode_steps: 500
    max_episode_seconds: 10000000
    iterator_options:
      cycle: true
      shuffle: false
      group_by_scene: true
      num_episode_sample: -1
      max_scene_repeat_episodes: -1
      max_scene_repeat_steps: 50000
      step_repetition_range: 0.2
  simulator:
    type: Sim-v0
    action_space_config: v1
    action_space_config_arguments: {}
    forward_step_size: 0.25
    create_renderer: false
    requires_textures: true
    auto_sleep: false
    step_physics: true
    concur_render: false
    needs_markers: true
    update_articulated_agent: true
    scene: data/scene_datasets/habitat-test-scenes/van-gogh-room.glb
    scene_dataset: data/scene_datasets/gibson_semantic/gibson.scene_dataset_config.json
    additional_object_paths: []
    seed: ${habitat.seed}
    turn_angle: 30
    tilt_angle: 30
    default_agent_id: 0
    debug_render: false
    debug_render_articulated_agent: false
    kinematic_mode: false
    debug_render_goal: true
    robot_joint_start_noise: 0.0
    ctrl_freq: 120.0
    ac_freq_ratio: 4
    load_objs: true
    hold_thresh: 0.15
    grasp_impulse: 10000.0
    agents:
      main_agent:
        height: 0.88
        radius: 0.18
        grasp_managers: 1
        sim_sensors:
          rgb_sensor:
            type: HabitatSimRGBSensor
            height: 480
            width: 640
            position:
            - 0.0
            - 0.88
            - 0.0
            orientation:
            - 0.0
            - 0.0
            - 0.0
            hfov: 79
            sensor_subtype: PINHOLE
            noise_model: None
            noise_model_kwargs: {}
          depth_sensor:
            type: HabitatSimDepthSensor
            height: 480
            width: 640
            position:
            - 0.0
            - 0.88
            - 0.0
            orientation:
            - 0.0
            - 0.0
            - 0.0
            hfov: 79
            sensor_subtype: PINHOLE
            noise_model: None
            noise_model_kwargs: {}
            min_depth: 0.5
            max_depth: 5.0
            normalize_depth: true
        is_set_start_state: false
        start_position:
        - 0.0
        - 0.0
        - 0.0
        start_rotation:
        - 0.0
        - 0.0
        - 0.0
        - 1.0
        joint_start_noise: 0.1
        articulated_agent_urdf: data/robots/hab_fetch/robots/hab_fetch.urdf
        articulated_agent_type: FetchRobot
        ik_arm_urdf: data/robots/hab_fetch/robots/fetch_onlyarm.urdf
        motion_data_path: ''
    agents_order:
    - main_agent
    habitat_sim_v0:
      gpu_device_id: 0
      gpu_gpu: false
      allow_sliding: false
      frustum_culling: true
      enable_physics: false
      physics_config_file: ./data/default.physics_config.json
      leave_context_with_background_renderer: false
      enable_gfx_replay_save: false
    ep_info: null
    object_ids_start: 100
  task:
    reward_measure: distance_to_goal_reward
    success_measure: spl
    success_reward: 2.5
    slack_reward: -0.001
    end_on_success: true
    type: ObjectNav-v1
    lab_sensors:
      objectgoal_sensor:
        type: ObjectGoalSensor
        goal_spec: TASK_CATEGORY_ID
        goal_spec_max_val: 50
      compass_sensor:
        type: CompassSensor
      gps_sensor:
        type: GPSSensor
        dimensionality: 2
      base_explorer:
        type: BaseExplorer
        ang_vel: 10.0
        area_thresh: 3.0
        forward_step_size: 0.25
        fov: 79
        lin_vel: 0.25
        map_resolution: 256
        minimize_time: true
        success_distance: 0.18
        turn_angle: 10.0
        visibility_dist: 4.5
      heading_sensor:
        type: HeadingSensor
      frontier_sensor:
        type: FrontierSensor
    measurements:
      distance_to_goal:
        type: DistanceToGoal
        distance_to: VIEW_POINTS
      success:
        type: Success
        success_distance: 1.0
      spl:
        type: SPL
      soft_spl:
        type: SoftSPL
      distance_to_goal_reward:
        type: DistanceToGoalReward
      frontier_exploration_map:
        type: FrontierExplorationMap
        max_episode_steps: 1000
        map_padding: 3
        map_resolution: 1024
        draw_source: true
        draw_border: true
        draw_shortest_path: true
        draw_view_points: true
        draw_goal_positions: true
        draw_goal_aabbs: false
        fog_of_war:
          draw: true
          visibility_dist: 5.0
          fov: 90
        draw_waypoints: true
      traveled_stairs:
        type: TraveledStairs
    goal_sensor_uuid: objectgoal
    count_obj_collisions: true
    settle_steps: 5
    constraint_violation_ends_episode: true
    constraint_violation_drops_object: false
    force_regenerate: false
    should_save_to_cache: false
    object_in_hand_sample_prob: 0.167
    min_start_distance: 3.0
    render_target: true
    physics_stability_steps: 1
    num_spawn_attempts: 200
    spawn_max_dist_to_obj: 2.0
    base_angle_noise: 0.523599
    ee_sample_factor: 0.2
    ee_exclude_region: 0.0
    base_noise: 0.05
    spawn_region_scale: 0.2
    joint_max_impulse: -1.0
    desired_resting_position:
    - 0.5
    - 0.0
    - 1.0
    use_marker_t: true
    cache_robot_init: false
    success_state: 0.0
    should_enforce_target_within_reach: false
    task_spec_base_path: habitat/task/rearrange/pddl/
    task_spec: ''
    pddl_domain_def: replica_cad
    obj_succ_thresh: 0.3
    enable_safe_drop: false
    art_succ_thresh: 0.15
    robot_at_thresh: 2.0
    filter_nav_to_tasks: []
    actions:
      stop:
        type: StopAction
        agent_index: 0
      move_forward:
        type: MoveForwardAction
        agent_index: 0
      turn_left:
        type: TurnLeftAction
        agent_index: 0
      turn_right:
        type: TurnRightAction
        agent_index: 0
      look_up:
        type: LookUpAction
        agent_index: 0
      look_down:
        type: LookDownAction
        agent_index: 0
  dataset:
    type: ObjectNav-v1
    split: val
    scenes_dir: data/scene_datasets
    content_scenes:
    - Corozal
    data_path: data/datasets/objectnav/gibson/v1.1/val/Corozal_full.json.gz
  gym:
    obs_keys: null
    action_keys: null
    achieved_goal_keys: []
    desired_goal_keys: []

2026-07-23 14:15:56,802 Initializing dataset ObjectNav-v1
Gym has been unmaintained since 2022 and does not support NumPy 2.0 amongst other critical functionality.
Please upgrade to Gymnasium, the maintained drop-in replacement of Gym, or contact the authors of your software and request that they upgrade.
See the migration guide at https://gymnasium.farama.org/introduction/migration_guide/ for additional information.
Neither `ifconfig` (`ifconfig -a`) nor `ip` (`ip address show`) commands are available, listing network interfaces is likely to fail
FutureWarning: `torch.cuda.amp.custom_fwd(args...)` is deprecated. Please use `torch.amp.custom_fwd(args..., device_type='cuda')` instead.
FutureWarning: `torch.cuda.amp.custom_bwd(args...)` is deprecated. Please use `torch.amp.custom_bwd(args..., device_type='cuda')` instead.
2026-07-23 14:16:04,627 Initializing dataset ObjectNav-v1
2026-07-23 14:16:04,650 initializing sim Sim-v0
[14:16:04:660492]:[Metadata] AttributesManagerBase.h(380)::createFromJsonOrDefaultInternal : <Dataset>: Proposing JSON name : default.scene_dataset_config.json from original name : default| This file does not exist.
[14:16:04:660619]:[Metadata] AssetAttributesManager.cpp(123)::createObject : Asset attributes (capsule3DSolid:capsule3DSolid_hemiRings_4_cylRings_1_segments_12_halfLen_0.75_useTexCoords_false_useTangents_false) created and registered.
[14:16:04:660654]:[Metadata] AssetAttributesManager.cpp(123)::createObject : Asset attributes (capsule3DWireframe:capsule3DWireframe_hemiRings_8_cylRings_1_segments_16_halfLen_1) created and registered.
[14:16:04:660674]:[Metadata] AssetAttributesManager.cpp(123)::createObject : Asset attributes (coneSolid:coneSolid_segments_12_halfLen_1.25_rings_1_useTexCoords_false_useTangents_false_capEnd_true) created and registered.
[14:16:04:660691]:[Metadata] AssetAttributesManager.cpp(123)::createObject : Asset attributes (coneWireframe:coneWireframe_segments_32_halfLen_1.25) created and registered.
[14:16:04:660704]:[Metadata] AssetAttributesManager.cpp(123)::createObject : Asset attributes (cubeSolid:cubeSolid) created and registered.
[14:16:04:660718]:[Metadata] AssetAttributesManager.cpp(123)::createObject : Asset attributes (cubeWireframe:cubeWireframe) created and registered.
[14:16:04:660733]:[Metadata] AssetAttributesManager.cpp(123)::createObject : Asset attributes (cylinderSolid:cylinderSolid_rings_1_segments_12_halfLen_1_useTexCoords_false_useTangents_false_capEnds_true) created and registered.
[14:16:04:660747]:[Metadata] AssetAttributesManager.cpp(123)::createObject : Asset attributes (cylinderWireframe:cylinderWireframe_rings_1_segments_32_halfLen_1) created and registered.
[14:16:04:660761]:[Metadata] AssetAttributesManager.cpp(123)::createObject : Asset attributes (icosphereSolid:icosphereSolid_subdivs_1) created and registered.
[14:16:04:660775]:[Metadata] AssetAttributesManager.cpp(123)::createObject : Asset attributes (icosphereWireframe:icosphereWireframe_subdivs_1) created and registered.
[14:16:04:660790]:[Metadata] AssetAttributesManager.cpp(123)::createObject : Asset attributes (uvSphereSolid:uvSphereSolid_rings_8_segments_16_useTexCoords_false_useTangents_false) created and registered.
[14:16:04:660803]:[Metadata] AssetAttributesManager.cpp(123)::createObject : Asset attributes (uvSphereWireframe:uvSphereWireframe_rings_16_segments_32) created and registered.
[14:16:04:660814]:[Metadata] AssetAttributesManager.cpp(112)::AssetAttributesManager : Built default primitive asset templates : 12
[14:16:04:661005]:[Metadata] SceneDatasetAttributesManager.cpp(37)::createObject : File (default) not found, so new default dataset attributes created  and registered.
[14:16:04:661014]:[Metadata] MetadataMediator.cpp(120)::createSceneDataset : Dataset default successfully created.
[14:16:04:661029]:[Metadata] AttributesManagerBase.h(380)::createFromJsonOrDefaultInternal : <Physics Manager>: Proposing JSON name : ./data/default.physics_config.json from original name : ./data/default.physics_config.json| This file does not exist.
[14:16:04:661044]:[Metadata] PhysicsAttributesManager.cpp(26)::createObject : File (./data/default.physics_config.json) not found, so new default physics manager attributes created and registered.
[14:16:04:661053]:[Metadata] MetadataMediator.cpp(210)::setActiveSceneDatasetName : Attempting to create new dataset data/scene_datasets/gibson_semantic/gibson.scene_dataset_config.json
[14:16:04:661067]:[Metadata] AttributesManagerBase.h(380)::createFromJsonOrDefaultInternal : <Dataset>: Proposing JSON name : data/scene_datasets/gibson_semantic/gibson.scene_dataset_config.json from original name : data/scene_datasets/gibson_semantic/gibson.scene_dataset_config.json| This file exists.
[14:16:04:661107]:[Metadata] AssetAttributesManager.cpp(123)::createObject : Asset attributes (capsule3DSolid:capsule3DSolid_hemiRings_4_cylRings_1_segments_12_halfLen_0.75_useTexCoords_false_useTangents_false) created and registered.
[14:16:04:661125]:[Metadata] AssetAttributesManager.cpp(123)::createObject : Asset attributes (capsule3DWireframe:capsule3DWireframe_hemiRings_8_cylRings_1_segments_16_halfLen_1) created and registered.
[14:16:04:661138]:[Metadata] AssetAttributesManager.cpp(123)::createObject : Asset attributes (coneSolid:coneSolid_segments_12_halfLen_1.25_rings_1_useTexCoords_false_useTangents_false_capEnd_true) created and registered.
[14:16:04:661151]:[Metadata] AssetAttributesManager.cpp(123)::createObject : Asset attributes (coneWireframe:coneWireframe_segments_32_halfLen_1.25) created and registered.
[14:16:04:661162]:[Metadata] AssetAttributesManager.cpp(123)::createObject : Asset attributes (cubeSolid:cubeSolid) created and registered.
[14:16:04:661172]:[Metadata] AssetAttributesManager.cpp(123)::createObject : Asset attributes (cubeWireframe:cubeWireframe) created and registered.
[14:16:04:661185]:[Metadata] AssetAttributesManager.cpp(123)::createObject : Asset attributes (cylinderSolid:cylinderSolid_rings_1_segments_12_halfLen_1_useTexCoords_false_useTangents_false_capEnds_true) created and registered.
[14:16:04:661197]:[Metadata] AssetAttributesManager.cpp(123)::createObject : Asset attributes (cylinderWireframe:cylinderWireframe_rings_1_segments_32_halfLen_1) created and registered.
[14:16:04:661208]:[Metadata] AssetAttributesManager.cpp(123)::createObject : Asset attributes (icosphereSolid:icosphereSolid_subdivs_1) created and registered.
[14:16:04:661219]:[Metadata] AssetAttributesManager.cpp(123)::createObject : Asset attributes (icosphereWireframe:icosphereWireframe_subdivs_1) created and registered.
[14:16:04:661231]:[Metadata] AssetAttributesManager.cpp(123)::createObject : Asset attributes (uvSphereSolid:uvSphereSolid_rings_8_segments_16_useTexCoords_false_useTangents_false) created and registered.
[14:16:04:661243]:[Metadata] AssetAttributesManager.cpp(123)::createObject : Asset attributes (uvSphereWireframe:uvSphereWireframe_rings_16_segments_32) created and registered.
[14:16:04:661252]:[Metadata] AssetAttributesManager.cpp(112)::AssetAttributesManager : Built default primitive asset templates : 12
[14:16:04:661395]:[Metadata] AttributesManagerBase.h(352)::buildAttrSrcPathsFromJSONAndLoad : Glob path result for data/scene_datasets/gibson_semantic/./ : data/scene_datasets/gibson_semantic/./
[14:16:04:661414]:[Metadata] AttributesManagerBase.h(303)::loadAllTemplatesFromPathAndExt : Parsing Stage Template library directory: data/scene_datasets/gibson_semantic/./ for '.glb' files
[14:16:04:662219]:[Metadata] AttributesManagerBase.h(265)::loadAllFileBasedTemplates : Loading 492  Stage Template templates found in data/scene_datasets/gibson_semantic/.
[14:16:04:662393]:[Metadata] AttributesManagerBase.h(380)::createFromJsonOrDefaultInternal : <Stage Template>: Proposing JSON name : data/scene_datasets/gibson_semantic/./Ackermanville.stage_config.json from original name : data/scene_datasets/gibson_semantic/./Ackermanville.glb| This file does not exist.
[14:16:04:662497]:[Metadata] AbstractObjectAttributesManagerBase.h(184)::createObject : File (data/scene_datasets/gibson_semantic/./Ackermanville.glb) exists but is not a recognized config filename extension, so new default Stage Template attributes created and registered.
[14:16:04:662557]:[Metadata] AttributesManagerBase.h(380)::createFromJsonOrDefaultInternal : <Stage Template>: Proposing JSON name : data/scene_datasets/gibson_semantic/./Adairsville.stage_config.json from original name : data/scene_datasets/gibson_semantic/./Adairsville.glb| This file does not exist.
[14:16:04:662653]:[Metadata] AbstractObjectAttributesManagerBase.h(184)::createObject : File (data/scene_datasets/gibson_semantic/./Adairsville.glb) exists but is not a recognized config filename extension, so new default Stage Template attributes created and registered.
[14:16:04:662716]:[Metadata] AttributesManagerBase.h(380)::createFromJsonOrDefaultInternal : <Stage Template>: Proposing JSON name : data/scene_datasets/gibson_semantic/./Adrian.stage_config.json from original name : data/scene_datasets/gibson_semantic/./Adrian.glb| This file does not exist.
[14:16:04:662808]:[Metadata] AbstractObjectAttributesManagerBase.h(184)::createObject : File (data/scene_datasets/gibson_semantic/./Adrian.glb) exists but is not a recognized config filename extension, so new default Stage Template attributes created and registered.
[14:16:04:662864]:[Metadata] AttributesManagerBase.h(380)::createFromJsonOrDefaultInternal : <Stage Template>: Proposing JSON name : data/scene_datasets/gibson_semantic/./Airport.stage_config.json from original name : data/scene_datasets/gibson_semantic/./Airport.glb| This file does not exist.
[14:16:04:662956]:[Metadata] AbstractObjectAttributesManagerBase.h(184)::createObject : File (data/scene_datasets/gibson_semantic/./Airport.glb) exists but is not a recognized config filename extension, so new default Stage Template attributes created and registered.
[14:16:04:663021]:[Metadata] AttributesManagerBase.h(380)::createFromJsonOrDefaultInternal : <Stage Template>: Proposing JSON name : data/scene_datasets/gibson_semantic/./Albertville.stage_config.json from original name : data/scene_datasets/gibson_semantic/./Albertville.glb| This file does not exist.
[14:16:04:663112]:[Metadata] AbstractObjectAttributesManagerBase.h(184)::createObject : File (data/scene_datasets/gibson_semantic/./Albertville.glb) exists but is not a recognized config filename extension, so new default Stage Template attributes created and registered.
[14:16:04:663168]:[Metadata] AttributesManagerBase.h(380)::createFromJsonOrDefaultInternal : <Stage Template>: Proposing JSON name : data/scene_datasets/gibson_semantic/./Aldrich.stage_config.json from original name : data/scene_datasets/gibson_semantic/./Aldrich.glb| This file does not exist.
[14:16:04:663256]:[Metadata] AbstractObjectAttributesManagerBase.h(184)::createObject : File (data/scene_datasets/gibson_semantic/./Aldrich.glb) exists but is not a recognized config filename extension, so new default Stage Template attributes created and registered.
[14:16:04:663314]:[Metadata] AttributesManagerBase.h(380)::createFromJsonOrDefaultInternal : <Stage Template>: Proposing JSON name : data/scene_datasets/gibson_semantic/./Alfred.stage_config.json from original name : data/scene_datasets/gibson_semantic/./Alfred.glb| This file does not exist.
[14:16:04:663398]:[Metadata] AbstractObjectAttributesManagerBase.h(184)::createObject : File (data/scene_datasets/gibson_semantic/./Alfred.glb) exists but is not a recognized config filename extension, so new default Stage Template attributes created and registered.
[14:16:04:663456]:[Metadata] AttributesManagerBase.h(380)::createFromJsonOrDefaultInternal : <Stage Template>: Proposing JSON name : data/scene_datasets/gibson_semantic/./Allensville.stage_config.json from original name : data/scene_datasets/gibson_semantic/./Allensville.glb| This file does not exist.
[14:16:04:663544]:[Metadata] AbstractObjectAttributesManagerBase.h(184)::createObject : File (data/scene_datasets/gibson_semantic/./Allensville.glb) exists but is not a recognized config filename extension, so new default Stage Template attributes created and registered.
[14:16:04:663602]:[Metadata] AttributesManagerBase.h(380)::createFromJsonOrDefaultInternal : <Stage Template>: Proposing JSON name : data/scene_datasets/gibson_semantic/./Almena.stage_config.json from original name : data/scene_datasets/gibson_semantic/./Almena.glb| This file does not exist.
[14:16:04:663690]:[Metadata] AbstractObjectAttributesManagerBase.h(184)::createObject : File (data/scene_datasets/gibson_semantic/./Almena.glb) exists but is not a recognized config filename extension, so new default Stage Template attributes created and registered.
[14:16:04:663745]:[Metadata] AttributesManagerBase.h(380)::createFromJsonOrDefaultInternal : <Stage Template>: Proposing JSON name : data/scene_datasets/gibson_semantic/./Almota.stage_config.json from original name : data/scene_datasets/gibson_semantic/./Almota.glb| This file does not exist.
[14:16:04:663835]:[Metadata] AbstractObjectAttributesManagerBase.h(184)::createObject : File (data/scene_datasets/gibson_semantic/./Almota.glb) exists but is not a recognized config filename extension, so new default Stage Template attributes created and registered.
[14:16:04:663890]:[Metadata] AttributesManagerBase.h(380)::createFromJsonOrDefaultInternal : <Stage Template>: Proposing JSON name : data/scene_datasets/gibson_semantic/./Aloha.stage_config.json from original name : data/scene_datasets/gibson_semantic/./Aloha.glb| This file does not exist.
[14:16:04:663977]:[Metadata] AbstractObjectAttributesManagerBase.h(184)::createObject : File (data/scene_datasets/gibson_semantic/./Aloha.glb) exists but is not a recognized config filename extension, so new default Stage Template attributes created and registered.
[14:16:04:664037]:[Metadata] AttributesManagerBase.h(380)::createFromJsonOrDefaultInternal : <Stage Template>: Proposing JSON name : data/scene_datasets/gibson_semantic/./Alstown.stage_config.json from original name : data/scene_datasets/gibson_semantic/./Alstown.glb| This file does not exist.
[14:16:04:664125]:[Metadata] AbstractObjectAttributesManagerBase.h(184)::createObject : File (data/scene_datasets/gibson_semantic/./Alstown.glb) exists but is not a recognized config filename extension, so new default Stage Template attributes created and registered.
[14:16:04:664179]:[Metadata] AttributesManagerBase.h(380)::createFromJsonOrDefaultInternal : <Stage Template>: Proposing JSON name : data/scene_datasets/gibson_semantic/./American.stage_config.json from original name : data/scene_datasets/gibson_semantic/./American.glb| This file does not exist.
[14:16:04:664268]:[Metadata] AbstractObjectAttributesManagerBase.h(184)::createObject : File (data/scene_datasets/gibson_semantic/./American.glb) exists but is not a recognized config filename extension, so new default Stage Template attributes created and registered.
[14:16:04:664322]:[Metadata] AttributesManagerBase.h(380)::createFromJsonOrDefaultInternal : <Stage Template>: Proposing JSON name : data/scene_datasets/gibson_semantic/./Anaheim.stage_config.json from original name : data/scene_datasets/gibson_semantic/./Anaheim.glb| This file does not exist.
[14:16:04:664408]:[Metadata] AbstractObjectAttributesManagerBase.h(184)::createObject : File (data/scene_datasets/gibson_semantic/./Anaheim.glb) exists but is not a recognized config filename extension, so new default Stage Template attributes created and registered.
[14:16:04:664463]:[Metadata] AttributesManagerBase.h(380)::createFromJsonOrDefaultInternal : <Stage Template>: Proposing JSON name : data/scene_datasets/gibson_semantic/./Ancor.stage_config.json from original name : data/scene_datasets/gibson_semantic/./Ancor.glb| This file does not exist.
[14:16:04:664551]:[Metadata] AbstractObjectAttributesManagerBase.h(184)::createObject : File (data/scene_datasets/gibson_semantic/./Ancor.glb) exists but is not a recognized config filename extension, so new default Stage Template attributes created and registered.
[14:16:04:664609]:[Metadata] AttributesManagerBase.h(380)::createFromJsonOrDefaultInternal : <Stage Template>: Proposing JSON name : data/scene_datasets/gibson_semantic/./Andover.stage_config.json from original name : data/scene_datasets/gibson_semantic/./Andover.glb| This file does not exist.
[14:16:04:664695]:[Metadata] AbstractObjectAttributesManagerBase.h(184)::createObject : File (data/scene_datasets/gibson_semantic/./Andover.glb) exists but is not a recognized config filename extension, so new default Stage Template attributes created and registered.
[14:16:04:664755]:[Metadata] AttributesManagerBase.h(380)::createFromJsonOrDefaultInternal : <Stage Template>: Proposing JSON name : data/scene_datasets/gibson_semantic/./Angiola.stage_config.json from original name : data/scene_datasets/gibson_semantic/./Angiola.glb| This file does not exist.
[14:16:04:664840]:[Metadata] AbstractObjectAttributesManagerBase.h(184)::createObject : File (data/scene_datasets/gibson_semantic/./Angiola.glb) exists but is not a recognized config filename extension, so new default Stage Template attributes created and registered.
[14:16:04:664898]:[Metadata] AttributesManagerBase.h(380)::createFromJsonOrDefaultInternal : <Stage Template>: Proposing JSON name : data/scene_datasets/gibson_semantic/./Annawan.stage_config.json from original name : data/scene_datasets/gibson_semantic/./Annawan.glb| This file does not exist.
[14:16:04:665077]:[Metadata] AbstractObjectAttributesManagerBase.h(184)::createObject : File (data/scene_datasets/gibson_semantic/./Annawan.glb) exists but is not a recognized config filename extension, so new default Stage Template attributes created and registered.
[14:16:04:665156]:[Metadata] AttributesManagerBase.h(380)::createFromJsonOrDefaultInternal : <Stage Template>: Proposing JSON name : data/scene_datasets/gibson_semantic/./Annona.stage_config.json from original name : data/scene_datasets/gibson_semantic/./Annona.glb| This file does not exist.
[14:16:04:665266]:[Metadata] AbstractObjectAttributesManagerBase.h(184)::createObject : File (data/scene_datasets/gibson_semantic/./Annona.glb) exists but is not a recognized config filename extension, so new default Stage Template attributes created and registered.
[14:16:04:665341]:[Metadata] AttributesManagerBase.h(380)::createFromJsonOrDefaultInternal : <Stage Template>: Proposing JSON name : data/scene_datasets/gibson_semantic/./Anthoston.stage_config.json from original name : data/scene_datasets/gibson_semantic/./Anthoston.glb| This file does not exist.
[14:16:04:665444]:[Metadata] AbstractObjectAttributesManagerBase.h(184)::createObject : File (data/scene_datasets/gibson_semantic/./Anthoston.glb) exists but is not a recognized config filename extension, so new default Stage Template attributes created and registered.
[14:16:04:665517]:[Metadata] AttributesManagerBase.h(380)::createFromJsonOrDefaultInternal : <Stage Template>: Proposing JSON name : data/scene_datasets/gibson_semantic/./Apache.stage_config.json from original name : data/scene_datasets/gibson_semantic/./Apache.glb| This file does not exist.
[14:16:04:665621]:[Metadata] AbstractObjectAttributesManagerBase.h(184)::createObject : File (data/scene_datasets/gibson_semantic/./Apache.glb) exists but is not a recognized config filename extension, so new default Stage Template attributes created and registered.
[14:16:04:665694]:[Metadata] AttributesManagerBase.h(380)::createFromJsonOrDefaultInternal : <Stage Template>: Proposing JSON name : data/scene_datasets/gibson_semantic/./Applewold.stage_config.json from original name : data/scene_datasets/gibson_semantic/./Applewold.glb| This file does not exist.
[14:16:04:665799]:[Metadata] AbstractObjectAttributesManagerBase.h(184)::createObject : File (data/scene_datasets/gibson_semantic/./Applewold.glb) exists but is not a recognized config filename extension, so new default Stage Template attributes created and registered.
[14:16:04:665871]:[Metadata] AttributesManagerBase.h(380)::createFromJsonOrDefaultInternal : <Stage Template>: Proposing JSON name : data/scene_datasets/gibson_semantic/./Arbutus.stage_config.json from original name : data/scene_datasets/gibson_semantic/./Arbutus.glb| This file does not exist.
[14:16:04:665979]:[Metadata] AbstractObjectAttributesManagerBase.h(184)::createObject : File (data/scene_datasets/gibson_semantic/./Arbutus.glb) exists but is not a recognized config filename extension, so new default Stage Template attributes created and registered.
[14:16:04:666066]:[Metadata] AttributesManagerBase.h(380)::createFromJsonOrDefaultInternal : <Stage Template>: Proposing JSON name : data/scene_datasets/gibson_semantic/./Archer.stage_config.json from original name : data/scene_datasets/gibson_semantic/./Archer.glb| This file does not exist.
[14:16:04:666242]:[Metadata] AbstractObjectAttributesManagerBase.h(184)::createObject : File (data/scene_datasets/gibson_semantic/./Archer.glb) exists but is not a recognized config filename extension, so new default Stage Template attributes created and registered.
[14:16:04:666318]:[Metadata] AttributesManagerBase.h(380)::createFromJsonOrDefaultInternal : <Stage Template>: Proposing JSON name : data/scene_datasets/gibson_semantic/./Arkansaw.stage_config.json from original name : data/scene_datasets/gibson_semantic/./Arkansaw.glb| This file does not exist.
[14:16:04:666423]:[Metadata] AbstractObjectAttributesManagerBase.h(184)::createObject : File (data/scene_datasets/gibson_semantic/./Arkansaw.glb) exists but is not a recognized config filename extension, so new default Stage Template attributes created and registered.
[14:16:04:666510]:[Metadata] AttributesManagerBase.h(380)::createFromJsonOrDefaultInternal : <Stage Template>: Proposing JSON name : data/scene_datasets/gibson_semantic/./Arona.stage_config.json from original name : data/scene_datasets/gibson_semantic/./Arona.glb| This file does not exist.
[14:16:04:666619]:[Metadata] AbstractObjectAttributesManagerBase.h(184)::createObject : File (data/scene_datasets/gibson_semantic/./Arona.glb) exists but is not a recognized config filename extension, so new default Stage Template attributes created and registered.
[14:16:04:666721]:[Metadata] AttributesManagerBase.h(380)::createFromJsonOrDefaultInternal : <Stage Template>: Proposing JSON name : data/scene_datasets/gibson_semantic/./Artois.stage_config.json from original name : data/scene_datasets/gibson_semantic/./Artois.glb| This file does not exist.
[14:16:04:666838]:[Metadata] AbstractObjectAttributesManagerBase.h(184)::createObject : File (data/scene_datasets/gibson_semantic/./Artois.glb) exists but is not a recognized config filename extension, so new default Stage Template attributes created and registered.
[14:16:04:666921]:[Metadata] AttributesManagerBase.h(380)::createFromJsonOrDefaultInternal : <Stage Template>: Proposing JSON name : data/scene_datasets/gibson_semantic/./Ashport.stage_config.json from original name : data/scene_datasets/gibson_semantic/./Ashport.glb| This file does not exist.
[14:16:04:667023]:[Metadata] AbstractObjectAttributesManagerBase.h(184)::createObject : File (data/scene_datasets/gibson_semantic/./Ashport.glb) exists but is not a recognized config filename extension, so new default Stage Template attributes created and registered.
[14:16:04:667104]:[Metadata] AttributesManagerBase.h(380)::createFromJsonOrDefaultInternal : <Stage Template>: Proposing JSON name : data/scene_datasets/gibson_semantic/./Assinippi.stage_config.json from original name : data/scene_datasets/gibson_semantic/./Assinippi.glb| This file does not exist.
[14:16:04:667206]:[Metadata] AbstractObjectAttributesManagerBase.h(184)::createObject : File (data/scene_datasets/gibson_semantic/./Assinippi.glb) exists but is not a recognized config filename extension, so new default Stage Template attributes created and registered.
[14:16:04:667295]:[Metadata] AttributesManagerBase.h(380)::createFromJsonOrDefaultInternal : <Stage Template>: Proposing JSON name : data/scene_datasets/gibson_semantic/./Athens.stage_config.json from original name : data/scene_datasets/gibson_semantic/./Athens.glb| This file does not exist.
[14:16:04:667456]:[Metadata] AbstractObjectAttributesManagerBase.h(184)::createObject : File (data/scene_datasets/gibson_semantic/./Athens.glb) exists but is not a recognized config filename extension, so new default Stage Template attributes created and registered.
[14:16:04:667561]:[Metadata] AttributesManagerBase.h(380)::createFromJsonOrDefaultInternal : <Stage Template>: Proposing JSON name : data/scene_datasets/gibson_semantic/./Auburn.stage_config.json from original name : data/scene_datasets/gibson_semantic/./Auburn.glb| This file does not exist.
[14:16:04:667677]:[Metadata] AbstractObjectAttributesManagerBase.h(184)::createObject : File (data/scene_datasets/gibson_semantic/./Auburn.glb) exists but is not a recognized config filename extension, so new default Stage Template attributes created and registered.
[14:16:04:667783]:[Metadata] AttributesManagerBase.h(380)::createFromJsonOrDefaultInternal : <Stage Template>: Proposing JSON name : data/scene_datasets/gibson_semantic/./Aulander.stage_config.json from original name : data/scene_datasets/gibson_semantic/./Aulander.glb| This file does not exist.
[14:16:04:667898]:[Metadata] AbstractObjectAttributesManagerBase.h(184)::createObject : File (data/scene_datasets/gibson_semantic/./Aulander.glb) exists but is not a recognized config filename extension, so new default Stage Template attributes created and registered.
[14:16:04:668001]:[Metadata] AttributesManagerBase.h(380)::createFromJsonOrDefaultInternal : <Stage Template>: Proposing JSON name : data/scene_datasets/gibson_semantic/./Avonia.stage_config.json from original name : data/scene_datasets/gibson_semantic/./Avonia.glb| This file does not exist.
[14:16:04:668118]:[Metadata] AbstractObjectAttributesManagerBase.h(184)::createObject : File (data/scene_datasets/gibson_semantic/./Avonia.glb) exists but is not a recognized config filename extension, so new default Stage Template attributes created and registered.
[14:16:04:668228]:[Metadata] AttributesManagerBase.h(380)::createFromJsonOrDefaultInternal : <Stage Template>: Proposing JSON name : data/scene_datasets/gibson_semantic/./Azusa.stage_config.json from original name : data/scene_datasets/gibson_semantic/./Azusa.glb| This file does not exist.
[14:16:04:668357]:[Metadata] AbstractObjectAttributesManagerBase.h(184)::createObject : File (data/scene_datasets/gibson_semantic/./Azusa.glb) exists but is not a recognized config filename extension, so new default Stage Template attributes created and registered.
[14:16:04:668451]:[Metadata] AttributesManagerBase.h(380)::createFromJsonOrDefaultInternal : <Stage Template>: Proposing JSON name : data/scene_datasets/gibson_semantic/./Ballantine.stage_config.json from original name : data/scene_datasets/gibson_semantic/./Ballantine.glb| This file does not exist.
[14:16:04:668568]:[Metadata] AbstractObjectAttributesManagerBase.h(184)::createObject : File (data/scene_datasets/gibson_semantic/./Ballantine.glb) exists but is not a recognized config filename extension, so new default Stage Template attributes created and registered.
[14:16:04:668669]:[Metadata] AttributesManagerBase.h(380)::createFromJsonOrDefaultInternal : <Stage Template>: Proposing JSON name : data/scene_datasets/gibson_semantic/./Ballou.stage_config.json from original name : data/scene_datasets/gibson_semantic/./Ballou.glb| This file does not exist.
[14:16:04:668783]:[Metadata] AbstractObjectAttributesManagerBase.h(184)::createObject : File (data/scene_datasets/gibson_semantic/./Ballou.glb) exists but is not a recognized config filename extension, so new default Stage Template attributes created and registered.
[14:16:04:668875]:[Metadata] AttributesManagerBase.h(380)::createFromJsonOrDefaultInternal : <Stage Template>: Proposing JSON name : data/scene_datasets/gibson_semantic/./Baneberry.stage_config.json from original name : data/scene_datasets/gibson_semantic/./Baneberry.glb| This file does not exist.
[14:16:04:668988]:[Metadata] AbstractObjectAttributesManagerBase.h(184)::createObject : File (data/scene_datasets/gibson_semantic/./Baneberry.glb) exists but is not a recognized config filename extension, so new default Stage Template attributes created and registered.
[14:16:04:669084]:[Metadata] AttributesManagerBase.h(380)::createFromJsonOrDefaultInternal : <Stage Template>: Proposing JSON name : data/scene_datasets/gibson_semantic/./Barboursville.stage_config.json from original name : data/scene_datasets/gibson_semantic/./Barboursville.glb| This file does not exist.
[14:16:04:669195]:[Metadata] AbstractObjectAttributesManagerBase.h(184)::createObject : File (data/scene_datasets/gibson_semantic/./Barboursville.glb) exists but is not a recognized config filename extension, so new default Stage Template attributes created and registered.
[14:16:04:669287]:[Metadata] AttributesManagerBase.h(380)::createFromJsonOrDefaultInternal : <Stage Template>: Proposing JSON name : data/scene_datasets/gibson_semantic/./Barranquitas.stage_config.json from original name : data/scene_datasets/gibson_semantic/./Barranquitas.glb| This file does not exist.
[14:16:04:669397]:[Metadata] AbstractObjectAttributesManagerBase.h(184)::createObject : File (data/scene_datasets/gibson_semantic/./Barranquitas.glb) exists but is not a recognized config filename extension, so new default Stage Template attributes created and registered.
[14:16:04:669488]:[Metadata] AttributesManagerBase.h(380)::createFromJsonOrDefaultInternal : <Stage Template>: Proposing JSON name : data/scene_datasets/gibson_semantic/./Bautista.stage_config.json from original name : data/scene_datasets/gibson_semantic/./Bautista.glb| This file does not exist.
[14:16:04:669598]:[Metadata] AbstractObjectAttributesManagerBase.h(184)::createObject : File (data/scene_datasets/gibson_semantic/./Bautista.glb) exists but is not a recognized config filename extension, so new default Stage Template attributes created and registered.
[14:16:04:669694]:[Metadata] AttributesManagerBase.h(380)::createFromJsonOrDefaultInternal : <Stage Template>: Proposing JSON name : data/scene_datasets/gibson_semantic/./Beach.stage_config.json from original name : data/scene_datasets/gibson_semantic/./Beach.glb| This file does not exist.
[14:16:04:669807]:[Metadata] AbstractObjectAttributesManagerBase.h(184)::createObject : File (data/scene_datasets/gibson_semantic/./Beach.glb) exists but is not a recognized config filename extension, so new default Stage Template attributes created and registered.
[14:16:04:669897]:[Metadata] AttributesManagerBase.h(380)::createFromJsonOrDefaultInternal : <Stage Template>: Proposing JSON name : data/scene_datasets/gibson_semantic/./Beechwood.stage_config.json from original name : data/scene_datasets/gibson_semantic/./Beechwood.glb| This file does not exist.
[14:16:04:670006]:[Metadata] AbstractObjectAttributesManagerBase.h(184)::createObject : File (data/scene_datasets/gibson_semantic/./Beechwood.glb) exists but is not a recognized config filename extension, so new default Stage Template attributes created and registered.
[14:16:04:670098]:[Metadata] AttributesManagerBase.h(380)::createFromJsonOrDefaultInternal : <Stage Template>: Proposing JSON name : data/scene_datasets/gibson_semantic/./Bellwood.stage_config.json from original name : data/scene_datasets/gibson_semantic/./Bellwood.glb| This file does not exist.
[14:16:04:670208]:[Metadata] AbstractObjectAttributesManagerBase.h(184)::createObject : File (data/scene_datasets/gibson_semantic/./Bellwood.glb) exists but is not a recognized config filename extension, so new default Stage Template attributes created and registered.
[14:16:04:670303]:[Metadata] AttributesManagerBase.h(380)::createFromJsonOrDefaultInternal : <Stage Template>: Proposing JSON name : data/scene_datasets/gibson_semantic/./Benevolence.stage_config.json from original name : data/scene_datasets/gibson_semantic/./Benevolence.glb| This file does not exist.
[14:16:04:670426]:[Metadata] AbstractObjectAttributesManagerBase.h(184)::createObject : File (data/scene_datasets/gibson_semantic/./Benevolence.glb) exists but is not a recognized config filename extension, so new default Stage Template attributes created and registered.
[14:16:04:670538]:[Metadata] AttributesManagerBase.h(380)::createFromJsonOrDefaultInternal : <Stage Template>: Proposing JSON name : data/scene_datasets/gibson_semantic/./Bethlehem.stage_config.json from original name : data/scene_datasets/gibson_semantic/./Bethlehem.glb| This file does not exist.
[14:16:04:670666]:[Metadata] AbstractObjectAttributesManagerBase.h(184)::createObject : File (data/scene_datasets/gibson_semantic/./Bethlehem.glb) exists but is not a recognized config filename extension, so new default Stage Template attributes created and registered.
[14:16:04:670784]:[Metadata] AttributesManagerBase.h(380)::createFromJsonOrDefaultInternal : <Stage Template>: Proposing JSON name : data/scene_datasets/gibson_semantic/./Bettendorf.stage_config.json from original name : data/scene_datasets/gibson_semantic/./Bettendorf.glb| This file does not exist.
[14:16:04:670908]:[Metadata] AbstractObjectAttributesManagerBase.h(184)::createObject : File (data/scene_datasets/gibson_semantic/./Bettendorf.glb) exists but is not a recognized config filename extension, so new default Stage Template attributes created and registered.
[14:16:04:671013]:[Metadata] AttributesManagerBase.h(380)::createFromJsonOrDefaultInternal : <Stage Template>: Proposing JSON name : data/scene_datasets/gibson_semantic/./Biltmore.stage_config.json from original name : data/scene_datasets/gibson_semantic/./Biltmore.glb| This file does not exist.
[14:16:04:671139]:[Metadata] AbstractObjectAttributesManagerBase.h(184)::createObject : File (data/scene_datasets/gibson_semantic/./Biltmore.glb) exists but is not a recognized config filename extension, so new default Stage Template attributes created and registered.
[14:16:04:671237]:[Metadata] AttributesManagerBase.h(380)::createFromJsonOrDefaultInternal : <Stage Template>: Proposing JSON name : data/scene_datasets/gibson_semantic/./Blackstone.stage_config.json from original name : data/scene_datasets/gibson_semantic/./Blackstone.glb| This file does not exist.
[14:16:04:671360]:[Metadata] AbstractObjectAttributesManagerBase.h(184)::createObject : File (data/scene_datasets/gibson_semantic/./Blackstone.glb) exists but is not a recognized config filename extension, so new default Stage Template attributes created and registered.
[14:16:04:671455]:[Metadata] AttributesManagerBase.h(380)::createFromJsonOrDefaultInternal : <Stage Template>: Proposing JSON name : data/scene_datasets/gibson_semantic/./Bohemia.stage_config.json from original name : data/scene_datasets/gibson_semantic/./Bohemia.glb| This file does not exist.
[14:16:04:671607]:[Metadata] AbstractObjectAttributesManagerBase.h(184)::createObject : File (data/scene_datasets/gibson_semantic/./Bohemia.glb) exists but is not a recognized config filename extension, so new default Stage Template attributes created and registered.
[14:16:04:671695]:[Metadata] AttributesManagerBase.h(380)::createFromJsonOrDefaultInternal : <Stage Template>: Proposing JSON name : data/scene_datasets/gibson_semantic/./Bolton.stage_config.json from original name : data/scene_datasets/gibson_semantic/./Bolton.glb| This file does not exist.
[14:16:04:671811]:[Metadata] AbstractObjectAttributesManagerBase.h(184)::createObject : File (data/scene_datasets/gibson_semantic/./Bolton.glb) exists but is not a recognized config filename extension, so new default Stage Template attributes created and registered.
[14:16:04:671899]:[Metadata] AttributesManagerBase.h(380)::createFromJsonOrDefaultInternal : <Stage Template>: Proposing JSON name : data/scene_datasets/gibson_semantic/./Bonesteel.stage_config.json from original name : data/scene_datasets/gibson_semantic/./Bonesteel.glb| This file does not exist.
[14:16:04:672001]:[Metadata] AbstractObjectAttributesManagerBase.h(184)::createObject : File (data/scene_datasets/gibson_semantic/./Bonesteel.glb) exists but is not a recognized config filename extension, so new default Stage Template attributes created and registered.
[14:16:04:672085]:[Metadata] AttributesManagerBase.h(380)::createFromJsonOrDefaultInternal : <Stage Template>: Proposing JSON name : data/scene_datasets/gibson_semantic/./Bonnie.stage_config.json from original name : data/scene_datasets/gibson_semantic/./Bonnie.glb| This file does not exist.
[14:16:04:672193]:[Metadata] AbstractObjectAttributesManagerBase.h(184)::createObject : File (data/scene_datasets/gibson_semantic/./Bonnie.glb) exists but is not a recognized config filename extension, so new default Stage Template attributes created and registered.
[14:16:04:672279]:[Metadata] AttributesManagerBase.h(380)::createFromJsonOrDefaultInternal : <Stage Template>: Proposing JSON name : data/scene_datasets/gibson_semantic/./Booth.stage_config.json from original name : data/scene_datasets/gibson_semantic/./Booth.glb| This file does not exist.
[14:16:04:672387]:[Metadata] AbstractObjectAttributesManagerBase.h(184)::createObject : File (data/scene_datasets/gibson_semantic/./Booth.glb) exists but is not a recognized config filename extension, so new default Stage Template attributes created and registered.
[14:16:04:672468]:[Metadata] AttributesManagerBase.h(380)::createFromJsonOrDefaultInternal : <Stage Template>: Proposing JSON name : data/scene_datasets/gibson_semantic/./Bountiful.stage_config.json from original name : data/scene_datasets/gibson_semantic/./Bountiful.glb| This file does not exist.
[14:16:04:672568]:[Metadata] AbstractObjectAttributesManagerBase.h(184)::createObject : File (data/scene_datasets/gibson_semantic/./Bountiful.glb) exists but is not a recognized config filename extension, so new default Stage Template attributes created and registered.
[14:16:04:672649]:[Metadata] AttributesManagerBase.h(380)::createFromJsonOrDefaultInternal : <Stage Template>: Proposing JSON name : data/scene_datasets/gibson_semantic/./Bowlus.stage_config.json from original name : data/scene_datasets/gibson_semantic/./Bowlus.glb| This file does not exist.
[14:16:04:672747]:[Metadata] AbstractObjectAttributesManagerBase.h(184)::createObject : File (data/scene_datasets/gibson_semantic/./Bowlus.glb) exists but is not a recognized config filename extension, so new default Stage Template attributes created and registered.
[14:16:04:672761]:[Metadata] AttributesManagerBase.h(380)::createFromJsonOrDefaultInternal : <Stage Template>: Proposing JSON name : data/scene_datasets/gibson_semantic/./Bowmore.stage_config.json from original name : data/scene_datasets/gibson_semantic/./Bowmore.glb| This file does not exist.
[14:16:04:672845]:[Metadata] AbstractObjectAttributesManagerBase.h(184)::createObject : File (data/scene_datasets/gibson_semantic/./Bowmore.glb) exists but is not a recognized config filename extension, so new default Stage Template attributes created and registered.
[14:16:04:672893]:[Metadata] AttributesManagerBase.h(380)::createFromJsonOrDefaultInternal : <Stage Template>: Proposing JSON name : data/scene_datasets/gibson_semantic/./Branford.stage_config.json from original name : data/scene_datasets/gibson_semantic/./Branford.glb| This file does not exist.
[14:16:04:672958]:[Metadata] AbstractObjectAttributesManagerBase.h(184)::createObject : File (data/scene_datasets/gibson_semantic/./Branford.glb) exists but is not a recognized config filename extension, so new default Stage Template attributes created and registered.
[14:16:04:672970]:[Metadata] AttributesManagerBase.h(380)::createFromJsonOrDefaultInternal : <Stage Template>: Proposing JSON name : data/scene_datasets/gibson_semantic/./Braxton.stage_config.json from original name : data/scene_datasets/gibson_semantic/./Braxton.glb| This file does not exist.
[14:16:04:673052]:[Metadata] AbstractObjectAttributesManagerBase.h(184)::createObject : File (data/scene_datasets/gibson_semantic/./Braxton.glb) exists but is not a recognized config filename extension, so new default Stage Template attributes created and registered.
[14:16:04:673064]:[Metadata] AttributesManagerBase.h(380)::createFromJsonOrDefaultInternal : <Stage Template>: Proposing JSON name : data/scene_datasets/gibson_semantic/./Bremerton.stage_config.json from original name : data/scene_datasets/gibson_semantic/./Bremerton.glb| This file does not exist.
[14:16:04:673150]:[Metadata] AbstractObjectAttributesManagerBase.h(184)::createObject : File (data/scene_datasets/gibson_semantic/./Bremerton.glb) exists but is not a recognized config filename extension, so new default Stage Template attributes created and registered.
[14:16:04:673162]:[Metadata] AttributesManagerBase.h(380)::createFromJsonOrDefaultInternal : <Stage Template>: Proposing JSON name : data/scene_datasets/gibson_semantic/./Brevort.stage_config.json from original name : data/scene_datasets/gibson_semantic/./Brevort.glb| This file does not exist.
[14:16:04:673246]:[Metadata] AbstractObjectAttributesManagerBase.h(184)::createObject : File (data/scene_datasets/gibson_semantic/./Brevort.glb) exists but is not a recognized config filename extension, so new default Stage Template attributes created and registered.
[14:16:04:673259]:[Metadata] AttributesManagerBase.h(380)::createFromJsonOrDefaultInternal : <Stage Template>: Proposing JSON name : data/scene_datasets/gibson_semantic/./Brewton.stage_config.json from original name : data/scene_datasets/gibson_semantic/./Brewton.glb| This file does not exist.
[14:16:04:673340]:[Metadata] AbstractObjectAttributesManagerBase.h(184)::createObject : File (data/scene_datasets/gibson_semantic/./Brewton.glb) exists but is not a recognized config filename extension, so new default Stage Template attributes created and registered.
[14:16:04:673352]:[Metadata] AttributesManagerBase.h(380)::createFromJsonOrDefaultInternal : <Stage Template>: Proposing JSON name : data/scene_datasets/gibson_semantic/./Broseley.stage_config.json from original name : data/scene_datasets/gibson_semantic/./Broseley.glb| This file does not exist.
[14:16:04:673436]:[Metadata] AbstractObjectAttributesManagerBase.h(184)::createObject : File (data/scene_datasets/gibson_semantic/./Broseley.glb) exists but is not a recognized config filename extension, so new default Stage Template attributes created and registered.
[14:16:04:673447]:[Metadata] AttributesManagerBase.h(380)::createFromJsonOrDefaultInternal : <Stage Template>: Proposing JSON name : data/scene_datasets/gibson_semantic/./Brown.stage_config.json from original name : data/scene_datasets/gibson_semantic/./Brown.glb| This file does not exist.
[14:16:04:673532]:[Metadata] AbstractObjectAttributesManagerBase.h(184)::createObject : File (data/scene_datasets/gibson_semantic/./Brown.glb) exists but is not a recognized config filename extension, so new default Stage Template attributes created and registered.
[14:16:04:673544]:[Metadata] AttributesManagerBase.h(380)::createFromJsonOrDefaultInternal : <Stage Template>: Proposing JSON name : data/scene_datasets/gibson_semantic/./Browntown.stage_config.json from original name : data/scene_datasets/gibson_semantic/./Browntown.glb| This file does not exist.
[14:16:04:673625]:[Metadata] AbstractObjectAttributesManagerBase.h(184)::createObject : File (data/scene_datasets/gibson_semantic/./Browntown.glb) exists but is not a recognized config filename extension, so new default Stage Template attributes created and registered.
[14:16:04:673636]:[Metadata] AttributesManagerBase.h(380)::createFromJsonOrDefaultInternal : <Stage Template>: Proposing JSON name : data/scene_datasets/gibson_semantic/./Burien.stage_config.json from original name : data/scene_datasets/gibson_semantic/./Burien.glb| This file does not exist.
[14:16:04:673718]:[Metadata] AbstractObjectAttributesManagerBase.h(184)::createObject : File (data/scene_datasets/gibson_semantic/./Burien.glb) exists but is not a recognized config filename extension, so new default Stage Template attributes created and registered.
[14:16:04:673730]:[Metadata] AttributesManagerBase.h(380)::createFromJsonOrDefaultInternal : <Stage Template>: Proposing JSON name : data/scene_datasets/gibson_semantic/./Bushong.stage_config.json from original name : data/scene_datasets/gibson_semantic/./Bushong.glb| This file does not exist.
[14:16:04:673814]:[Metadata] AbstractObjectAttributesManagerBase.h(184)::createObject : File (data/scene_datasets/gibson_semantic/./Bushong.glb) exists but is not a recognized config filename extension, so new default Stage Template attributes created and registered.
[14:16:04:673825]:[Metadata] AttributesManagerBase.h(380)::createFromJsonOrDefaultInternal : <Stage Template>: Proposing JSON name : data/scene_datasets/gibson_semantic/./Byers.stage_config.json from original name : data/scene_datasets/gibson_semantic/./Byers.glb| This file does not exist.
[14:16:04:673908]:[Metadata] AbstractObjectAttributesManagerBase.h(184)::createObject : File (data/scene_datasets/gibson_semantic/./Byers.glb) exists but is not a recognized config filename extension, so new default Stage Template attributes created and registered.
[14:16:04:673920]:[Metadata] AttributesManagerBase.h(380)::createFromJsonOrDefaultInternal : <Stage Template>: Proposing JSON name : data/scene_datasets/gibson_semantic/./Cabin.stage_config.json from original name : data/scene_datasets/gibson_semantic/./Cabin.glb| This file does not exist.
[14:16:04:674002]:[Metadata] AbstractObjectAttributesManagerBase.h(184)::createObject : File (data/scene_datasets/gibson_semantic/./Cabin.glb) exists but is not a recognized config filename extension, so new default Stage Template attributes created and registered.
[14:16:04:674014]:[Metadata] AttributesManagerBase.h(380)::createFromJsonOrDefaultInternal : <Stage Template>: Proposing JSON name : data/scene_datasets/gibson_semantic/./Callicoon.stage_config.json from original name : data/scene_datasets/gibson_semantic/./Callicoon.glb| This file does not exist.
[14:16:04:674097]:[Metadata] AbstractObjectAttributesManagerBase.h(184)::createObject : File (data/scene_datasets/gibson_semantic/./Callicoon.glb) exists but is not a recognized config filename extension, so new default Stage Template attributes created and registered.
[14:16:04:674108]:[Metadata] AttributesManagerBase.h(380)::createFromJsonOrDefaultInternal : <Stage Template>: Proposing JSON name : data/scene_datasets/gibson_semantic/./Calmar.stage_config.json from original name : data/scene_datasets/gibson_semantic/./Calmar.glb| This file does not exist.
[14:16:04:674191]:[Metadata] AbstractObjectAttributesManagerBase.h(184)::createObject : File (data/scene_datasets/gibson_semantic/./Calmar.glb) exists but is not a recognized config filename extension, so new default Stage Template attributes created and registered.
[14:16:04:674203]:[Metadata] AttributesManagerBase.h(380)::createFromJsonOrDefaultInternal : <Stage Template>: Proposing JSON name : data/scene_datasets/gibson_semantic/./Cantwell.stage_config.json from original name : data/scene_datasets/gibson_semantic/./Cantwell.glb| This file does not exist.
[14:16:04:674284]:[Metadata] AbstractObjectAttributesManagerBase.h(184)::createObject : File (data/scene_datasets/gibson_semantic/./Cantwell.glb) exists but is not a recognized config filename extension, so new default Stage Template attributes created and registered.
[14:16:04:674296]:[Metadata] AttributesManagerBase.h(380)::createFromJsonOrDefaultInternal : <Stage Template>: Proposing JSON name : data/scene_datasets/gibson_semantic/./Capistrano.stage_config.json from original name : data/scene_datasets/gibson_semantic/./Capistrano.glb| This file does not exist.
[14:16:04:674382]:[Metadata] AbstractObjectAttributesManagerBase.h(184)::createObject : File (data/scene_datasets/gibson_semantic/./Capistrano.glb) exists but is not a recognized config filename extension, so new default Stage Template attributes created and registered.
[14:16:04:674394]:[Metadata] AttributesManagerBase.h(380)::createFromJsonOrDefaultInternal : <Stage Template>: Proposing JSON name : data/scene_datasets/gibson_semantic/./Carneiro.stage_config.json from original name : data/scene_datasets/gibson_semantic/./Carneiro.glb| This file does not exist.
[14:16:04:674477]:[Metadata] AbstractObjectAttributesManagerBase.h(184)::createObject : File (data/scene_datasets/gibson_semantic/./Carneiro.glb) exists but is not a recognized config filename extension, so new default Stage Template attributes created and registered.
[14:16:04:674488]:[Metadata] AttributesManagerBase.h(380)::createFromJsonOrDefaultInternal : <Stage Template>: Proposing JSON name : data/scene_datasets/gibson_semantic/./Carpendale.stage_config.json from original name : data/scene_datasets/gibson_semantic/./Carpendale.glb| This file does not exist.
[14:16:04:674605]:[Metadata] AbstractObjectAttributesManagerBase.h(184)::createObject : File (data/scene_datasets/gibson_semantic/./Carpendale.glb) exists but is not a recognized config filename extension, so new default Stage Template attributes created and registered.
[14:16:04:674617]:[Metadata] AttributesManagerBase.h(380)::createFromJsonOrDefaultInternal : <Stage Template>: Proposing JSON name : data/scene_datasets/gibson_semantic/./Carpio.stage_config.json from original name : data/scene_datasets/gibson_semantic/./Carpio.glb| This file does not exist.
[14:16:04:674714]:[Metadata] AbstractObjectAttributesManagerBase.h(184)::createObject : File (data/scene_datasets/gibson_semantic/./Carpio.glb) exists but is not a recognized config filename extension, so new default Stage Template attributes created and registered.
[14:16:04:674726]:[Metadata] AttributesManagerBase.h(380)::createFromJsonOrDefaultInternal : <Stage Template>: Proposing JSON name : data/scene_datasets/gibson_semantic/./Cashel.stage_config.json from original name : data/scene_datasets/gibson_semantic/./Cashel.glb| This file does not exist.
[14:16:04:674810]:[Metadata] AbstractObjectAttributesManagerBase.h(184)::createObject : File (data/scene_datasets/gibson_semantic/./Cashel.glb) exists but is not a recognized config filename extension, so new default Stage Template attributes created and registered.
[14:16:04:674821]:[Metadata] AttributesManagerBase.h(380)::createFromJsonOrDefaultInternal : <Stage Template>: Proposing JSON name : data/scene_datasets/gibson_semantic/./Cason.stage_config.json from original name : data/scene_datasets/gibson_semantic/./Cason.glb| This file does not exist.
[14:16:04:674903]:[Metadata] AbstractObjectAttributesManagerBase.h(184)::createObject : File (data/scene_datasets/gibson_semantic/./Cason.glb) exists but is not a recognized config filename extension, so new default Stage Template attributes created and registered.
[14:16:04:674915]:[Metadata] AttributesManagerBase.h(380)::createFromJsonOrDefaultInternal : <Stage Template>: Proposing JSON name : data/scene_datasets/gibson_semantic/./Castor.stage_config.json from original name : data/scene_datasets/gibson_semantic/./Castor.glb| This file does not exist.
[14:16:04:674997]:[Metadata] AbstractObjectAttributesManagerBase.h(184)::createObject : File (data/scene_datasets/gibson_semantic/./Castor.glb) exists but is not a recognized config filename extension, so new default Stage Template attributes created and registered.
[14:16:04:675008]:[Metadata] AttributesManagerBase.h(380)::createFromJsonOrDefaultInternal : <Stage Template>: Proposing JSON name : data/scene_datasets/gibson_semantic/./Castroville.stage_config.json from original name : data/scene_datasets/gibson_semantic/./Castroville.glb| This file does not exist.
[14:16:04:675091]:[Metadata] AbstractObjectAttributesManagerBase.h(184)::createObject : File (data/scene_datasets/gibson_semantic/./Castroville.glb) exists but is not a recognized config filename extension, so new default Stage Template attributes created and registered.
[14:16:04:675103]:[Metadata] AttributesManagerBase.h(380)::createFromJsonOrDefaultInternal : <Stage Template>: Proposing JSON name : data/scene_datasets/gibson_semantic/./Cayuse.stage_config.json from original name : data/scene_datasets/gibson_semantic/./Cayuse.glb| This file does not exist.
[14:16:04:675185]:[Metadata] AbstractObjectAttributesManagerBase.h(184)::createObject : File (data/scene_datasets/gibson_semantic/./Cayuse.glb) exists but is not a recognized config filename extension, so new default Stage Template attributes created and registered.
[14:16:04:675196]:[Metadata] AttributesManagerBase.h(380)::createFromJsonOrDefaultInternal : <Stage Template>: Proposing JSON name : data/scene_datasets/gibson_semantic/./Cebolla.stage_config.json from original name : data/scene_datasets/gibson_semantic/./Cebolla.glb| This file does not exist.
[14:16:04:675280]:[Metadata] AbstractObjectAttributesManagerBase.h(184)::createObject : File (data/scene_datasets/gibson_semantic/./Cebolla.glb) exists but is not a recognized config filename extension, so new default Stage Template attributes created and registered.
[14:16:04:675292]:[Metadata] AttributesManagerBase.h(380)::createFromJsonOrDefaultInternal : <Stage Template>: Proposing JSON name : data/scene_datasets/gibson_semantic/./Channel.stage_config.json from original name : data/scene_datasets/gibson_semantic/./Channel.glb| This file does not exist.
[14:16:04:675373]:[Metadata] AbstractObjectAttributesManagerBase.h(184)::createObject : File (data/scene_datasets/gibson_semantic/./Channel.glb) exists but is not a recognized config filename extension, so new default Stage Template attributes created and registered.
[14:16:04:675427]:[Metadata] AttributesManagerBase.h(380)::createFromJsonOrDefaultInternal : <Stage Template>: Proposing JSON name : data/scene_datasets/gibson_semantic/./Checotah.stage_config.json from original name : data/scene_datasets/gibson_semantic/./Checotah.glb| This file does not exist.
[14:16:04:675512]:[Metadata] AbstractObjectAttributesManagerBase.h(184)::createObject : File (data/scene_datasets/gibson_semantic/./Checotah.glb) exists but is not a recognized config filename extension, so new default Stage Template attributes created and registered.
[14:16:04:675562]:[Metadata] AttributesManagerBase.h(380)::createFromJsonOrDefaultInternal : <Stage Template>: Proposing JSON name : data/scene_datasets/gibson_semantic/./Chesaning.stage_config.json from original name : data/scene_datasets/gibson_semantic/./Chesaning.glb| This file does not exist.
[14:16:04:675649]:[Metadata] AbstractObjectAttributesManagerBase.h(184)::createObject : File (data/scene_datasets/gibson_semantic/./Chesaning.glb) exists but is not a recognized config filename extension, so new default Stage Template attributes created and registered.
[14:16:04:675700]:[Metadata] AttributesManagerBase.h(380)::createFromJsonOrDefaultInternal : <Stage Template>: Proposing JSON name : data/scene_datasets/gibson_semantic/./Chesterbrook.stage_config.json from original name : data/scene_datasets/gibson_semantic/./Chesterbrook.glb| This file does not exist.
[14:16:04:675780]:[Metadata] AbstractObjectAttributesManagerBase.h(184)::createObject : File (data/scene_datasets/gibson_semantic/./Chesterbrook.glb) exists but is not a recognized config filename extension, so new default Stage Template attributes created and registered.
[14:16:04:675833]:[Metadata] AttributesManagerBase.h(380)::createFromJsonOrDefaultInternal : <Stage Template>: Proposing JSON name : data/scene_datasets/gibson_semantic/./Chilhowie.stage_config.json from original name : data/scene_datasets/gibson_semantic/./Chilhowie.glb| This file does not exist.
[14:16:04:675911]:[Metadata] AbstractObjectAttributesManagerBase.h(184)::createObject : File (data/scene_datasets/gibson_semantic/./Chilhowie.glb) exists but is not a recognized config filename extension, so new default Stage Template attributes created and registered.
[14:16:04:675961]:[Metadata] AttributesManagerBase.h(380)::createFromJsonOrDefaultInternal : <Stage Template>: Proposing JSON name : data/scene_datasets/gibson_semantic/./Chiloquin.stage_config.json from original name : data/scene_datasets/gibson_semantic/./Chiloquin.glb| This file does not exist.
[14:16:04:676045]:[Metadata] AbstractObjectAttributesManagerBase.h(184)::createObject : File (data/scene_datasets/gibson_semantic/./Chiloquin.glb) exists but is not a recognized config filename extension, so new default Stage Template attributes created and registered.
[14:16:04:676098]:[Metadata] AttributesManagerBase.h(380)::createFromJsonOrDefaultInternal : <Stage Template>: Proposing JSON name : data/scene_datasets/gibson_semantic/./Chireno.stage_config.json from original name : data/scene_datasets/gibson_semantic/./Chireno.glb| This file does not exist.
[14:16:04:676186]:[Metadata] AbstractObjectAttributesManagerBase.h(184)::createObject : File (data/scene_datasets/gibson_semantic/./Chireno.glb) exists but is not a recognized config filename extension, so new default Stage Template attributes created and registered.
[14:16:04:676200]:[Metadata] AttributesManagerBase.h(380)::createFromJsonOrDefaultInternal : <Stage Template>: Proposing JSON name : data/scene_datasets/gibson_semantic/./Chrisney.stage_config.json from original name : data/scene_datasets/gibson_semantic/./Chrisney.glb| This file does not exist.
[14:16:04:676291]:[Metadata] AbstractObjectAttributesManagerBase.h(184)::createObject : File (data/scene_datasets/gibson_semantic/./Chrisney.glb) exists but is not a recognized config filename extension, so new default Stage Template attributes created and registered.
[14:16:04:676304]:[Metadata] AttributesManagerBase.h(380)::createFromJsonOrDefaultInternal : <Stage Template>: Proposing JSON name : data/scene_datasets/gibson_semantic/./Churchton.stage_config.json from original name : data/scene_datasets/gibson_semantic/./Churchton.glb| This file does not exist.
[14:16:04:676408]:[Metadata] AbstractObjectAttributesManagerBase.h(184)::createObject : File (data/scene_datasets/gibson_semantic/./Churchton.glb) exists but is not a recognized config filename extension, so new default Stage Template attributes created and registered.
[14:16:04:676421]:[Metadata] AttributesManagerBase.h(380)::createFromJsonOrDefaultInternal : <Stage Template>: Proposing JSON name : data/scene_datasets/gibson_semantic/./Circleville.stage_config.json from original name : data/scene_datasets/gibson_semantic/./Circleville.glb| This file does not exist.
[14:16:04:676537]:[Metadata] AbstractObjectAttributesManagerBase.h(184)::createObject : File (data/scene_datasets/gibson_semantic/./Circleville.glb) exists but is not a recognized config filename extension, so new default Stage Template attributes created and registered.
[14:16:04:676552]:[Metadata] AttributesManagerBase.h(380)::createFromJsonOrDefaultInternal : <Stage Template>: Proposing JSON name : data/scene_datasets/gibson_semantic/./Cisne.stage_config.json from original name : data/scene_datasets/gibson_semantic/./Cisne.glb| This file does not exist.
[14:16:04:676652]:[Metadata] AbstractObjectAttributesManagerBase.h(184)::createObject : File (data/scene_datasets/gibson_semantic/./Cisne.glb) exists but is not a recognized config filename extension, so new default Stage Template attributes created and registered.
[14:16:04:676665]:[Metadata] AttributesManagerBase.h(380)::createFromJsonOrDefaultInternal : <Stage Template>: Proposing JSON name : data/scene_datasets/gibson_semantic/./Clairton.stage_config.json from original name : data/scene_datasets/gibson_semantic/./Clairton.glb| This file does not exist.
[14:16:04:676768]:[Metadata] AbstractObjectAttributesManagerBase.h(184)::createObject : File (data/scene_datasets/gibson_semantic/./Clairton.glb) exists but is not a recognized config filename extension, so new default Stage Template attributes created and registered.
[14:16:04:676780]:[Metadata] AttributesManagerBase.h(380)::createFromJsonOrDefaultInternal : <Stage Template>: Proposing JSON name : data/scene_datasets/gibson_semantic/./Clarkridge.stage_config.json from original name : data/scene_datasets/gibson_semantic/./Clarkridge.glb| This file does not exist.
[14:16:04:676851]:[Metadata] AbstractObjectAttributesManagerBase.h(184)::createObject : File (data/scene_datasets/gibson_semantic/./Clarkridge.glb) exists but is not a recognized config filename extension, so new default Stage Template attributes created and registered.
[14:16:04:676862]:[Metadata] AttributesManagerBase.h(380)::createFromJsonOrDefaultInternal : <Stage Template>: Proposing JSON name : data/scene_datasets/gibson_semantic/./Clive.stage_config.json from original name : data/scene_datasets/gibson_semantic/./Clive.glb| This file does not exist.
[14:16:04:676925]:[Metadata] AbstractObjectAttributesManagerBase.h(184)::createObject : File (data/scene_datasets/gibson_semantic/./Clive.glb) exists but is not a recognized config filename extension, so new default Stage Template attributes created and registered.
[14:16:04:676935]:[Metadata] AttributesManagerBase.h(380)::createFromJsonOrDefaultInternal : <Stage Template>: Proposing JSON name : data/scene_datasets/gibson_semantic/./Cobalt.stage_config.json from original name : data/scene_datasets/gibson_semantic/./Cobalt.glb| This file does not exist.
[14:16:04:676971]:[Metadata] AbstractObjectAttributesManagerBase.h(184)::createObject : File (data/scene_datasets/gibson_semantic/./Cobalt.glb) exists but is not a recognized config filename extension, so new default Stage Template attributes created and registered.
[14:16:04:676981]:[Metadata] AttributesManagerBase.h(380)::createFromJsonOrDefaultInternal : <Stage Template>: Proposing JSON name : data/scene_datasets/gibson_semantic/./Codell.stage_config.json from original name : data/scene_datasets/gibson_semantic/./Codell.glb| This file does not exist.
[14:16:04:677017]:[Metadata] AbstractObjectAttributesManagerBase.h(184)::createObject : File (data/scene_datasets/gibson_semantic/./Codell.glb) exists but is not a recognized config filename extension, so new default Stage Template attributes created and registered.
[14:16:04:677027]:[Metadata] AttributesManagerBase.h(380)::createFromJsonOrDefaultInternal : <Stage Template>: Proposing JSON name : data/scene_datasets/gibson_semantic/./Coffeen.stage_config.json from original name : data/scene_datasets/gibson_semantic/./Coffeen.glb| This file does not exist.
[14:16:04:677061]:[Metadata] AbstractObjectAttributesManagerBase.h(184)::createObject : File (data/scene_datasets/gibson_semantic/./Coffeen.glb) exists but is not a recognized config filename extension, so new default Stage Template attributes created and registered.
[14:16:04:677071]:[Metadata] AttributesManagerBase.h(380)::createFromJsonOrDefaultInternal : <Stage Template>: Proposing JSON name : data/scene_datasets/gibson_semantic/./Cohoes.stage_config.json from original name : data/scene_datasets/gibson_semantic/./Cohoes.glb| This file does not exist.
[14:16:04:677107]:[Metadata] AbstractObjectAttributesManagerBase.h(184)::createObject : File (data/scene_datasets/gibson_semantic/./Cohoes.glb) exists but is not a recognized config filename extension, so new default Stage Template attributes created and registered.
[14:16:04:677116]:[Metadata] AttributesManagerBase.h(380)::createFromJsonOrDefaultInternal : <Stage Template>: Proposing JSON name : data/scene_datasets/gibson_semantic/./Cokeville.stage_config.json from original name : data/scene_datasets/gibson_semantic/./Cokeville.glb| This file does not exist.
[14:16:04:677152]:[Metadata] AbstractObjectAttributesManagerBase.h(184)::createObject : File (data/scene_datasets/gibson_semantic/./Cokeville.glb) exists but is not a recognized config filename extension, so new default Stage Template attributes created and registered.
[14:16:04:677162]:[Metadata] AttributesManagerBase.h(380)::createFromJsonOrDefaultInternal : <Stage Template>: Proposing JSON name : data/scene_datasets/gibson_semantic/./Colebrook.stage_config.json from original name : data/scene_datasets/gibson_semantic/./Colebrook.glb| This file does not exist.
[14:16:04:677198]:[Metadata] AbstractObjectAttributesManagerBase.h(184)::createObject : File (data/scene_datasets/gibson_semantic/./Colebrook.glb) exists but is not a recognized config filename extension, so new default Stage Template attributes created and registered.
[14:16:04:677208]:[Metadata] AttributesManagerBase.h(380)::createFromJsonOrDefaultInternal : <Stage Template>: Proposing JSON name : data/scene_datasets/gibson_semantic/./Collierville.stage_config.json from original name : data/scene_datasets/gibson_semantic/./Collierville.glb| This file does not exist.
[14:16:04:677243]:[Metadata] AbstractObjectAttributesManagerBase.h(184)::createObject : File (data/scene_datasets/gibson_semantic/./Collierville.glb) exists but is not a recognized config filename extension, so new default Stage Template attributes created and registered.
[14:16:04:677254]:[Metadata] AttributesManagerBase.h(380)::createFromJsonOrDefaultInternal : <Stage Template>: Proposing JSON name : data/scene_datasets/gibson_semantic/./Connoquenessing.stage_config.json from original name : data/scene_datasets/gibson_semantic/./Connoquenessing.glb| This file does not exist.
[14:16:04:677290]:[Metadata] AbstractObjectAttributesManagerBase.h(184)::createObject : File (data/scene_datasets/gibson_semantic/./Connoquenessing.glb) exists but is not a recognized config filename extension, so new default Stage Template attributes created and registered.
[14:16:04:677299]:[Metadata] AttributesManagerBase.h(380)::createFromJsonOrDefaultInternal : <Stage Template>: Proposing JSON name : data/scene_datasets/gibson_semantic/./Convoy.stage_config.json from original name : data/scene_datasets/gibson_semantic/./Convoy.glb| This file does not exist.
[14:16:04:677337]:[Metadata] AbstractObjectAttributesManagerBase.h(184)::createObject : File (data/scene_datasets/gibson_semantic/./Convoy.glb) exists but is not a recognized config filename extension, so new default Stage Template attributes created and registered.
[14:16:04:677347]:[Metadata] AttributesManagerBase.h(380)::createFromJsonOrDefaultInternal : <Stage Template>: Proposing JSON name : data/scene_datasets/gibson_semantic/./Cooperstown.stage_config.json from original name : data/scene_datasets/gibson_semantic/./Cooperstown.glb| This file does not exist.
[14:16:04:677383]:[Metadata] AbstractObjectAttributesManagerBase.h(184)::createObject : File (data/scene_datasets/gibson_semantic/./Cooperstown.glb) exists but is not a recognized config filename extension, so new default Stage Template attributes created and registered.
[14:16:04:677393]:[Metadata] AttributesManagerBase.h(380)::createFromJsonOrDefaultInternal : <Stage Template>: Proposing JSON name : data/scene_datasets/gibson_semantic/./Copemish.stage_config.json from original name : data/scene_datasets/gibson_semantic/./Copemish.glb| This file does not exist.
[14:16:04:677428]:[Metadata] AbstractObjectAttributesManagerBase.h(184)::createObject : File (data/scene_datasets/gibson_semantic/./Copemish.glb) exists but is not a recognized config filename extension, so new default Stage Template attributes created and registered.
[14:16:04:677437]:[Metadata] AttributesManagerBase.h(380)::createFromJsonOrDefaultInternal : <Stage Template>: Proposing JSON name : data/scene_datasets/gibson_semantic/./Corder.stage_config.json from original name : data/scene_datasets/gibson_semantic/./Corder.glb| This file does not exist.
[14:16:04:677472]:[Metadata] AbstractObjectAttributesManagerBase.h(184)::createObject : File (data/scene_datasets/gibson_semantic/./Corder.glb) exists but is not a recognized config filename extension, so new default Stage Template attributes created and registered.
[14:16:04:677483]:[Metadata] AttributesManagerBase.h(380)::createFromJsonOrDefaultInternal : <Stage Template>: Proposing JSON name : data/scene_datasets/gibson_semantic/./Cornville.stage_config.json from original name : data/scene_datasets/gibson_semantic/./Cornville.glb| This file does not exist.
[14:16:04:677519]:[Metadata] AbstractObjectAttributesManagerBase.h(184)::createObject : File (data/scene_datasets/gibson_semantic/./Cornville.glb) exists but is not a recognized config filename extension, so new default Stage Template attributes created and registered.
[14:16:04:677529]:[Metadata] AttributesManagerBase.h(380)::createFromJsonOrDefaultInternal : <Stage Template>: Proposing JSON name : data/scene_datasets/gibson_semantic/./Coronado.stage_config.json from original name : data/scene_datasets/gibson_semantic/./Coronado.glb| This file does not exist.
[14:16:04:677563]:[Metadata] AbstractObjectAttributesManagerBase.h(184)::createObject : File (data/scene_datasets/gibson_semantic/./Coronado.glb) exists but is not a recognized config filename extension, so new default Stage Template attributes created and registered.
[14:16:04:677573]:[Metadata] AttributesManagerBase.h(380)::createFromJsonOrDefaultInternal : <Stage Template>: Proposing JSON name : data/scene_datasets/gibson_semantic/./Corozal.stage_config.json from original name : data/scene_datasets/gibson_semantic/./Corozal.glb| This file does not exist.
[14:16:04:677607]:[Metadata] AbstractObjectAttributesManagerBase.h(184)::createObject : File (data/scene_datasets/gibson_semantic/./Corozal.glb) exists but is not a recognized config filename extension, so new default Stage Template attributes created and registered.
[14:16:04:677617]:[Metadata] AttributesManagerBase.h(380)::createFromJsonOrDefaultInternal : <Stage Template>: Proposing JSON name : data/scene_datasets/gibson_semantic/./Cosmos.stage_config.json from original name : data/scene_datasets/gibson_semantic/./Cosmos.glb| This file does not exist.
[14:16:04:677652]:[Metadata] AbstractObjectAttributesManagerBase.h(184)::createObject : File (data/scene_datasets/gibson_semantic/./Cosmos.glb) exists but is not a recognized config filename extension, so new default Stage Template attributes created and registered.
[14:16:04:677662]:[Metadata] AttributesManagerBase.h(380)::createFromJsonOrDefaultInternal : <Stage Template>: Proposing JSON name : data/scene_datasets/gibson_semantic/./Cottonport.stage_config.json from original name : data/scene_datasets/gibson_semantic/./Cottonport.glb| This file does not exist.
[14:16:04:677699]:[Metadata] AbstractObjectAttributesManagerBase.h(184)::createObject : File (data/scene_datasets/gibson_semantic/./Cottonport.glb) exists but is not a recognized config filename extension, so new default Stage Template attributes created and registered.
[14:16:04:677709]:[Metadata] AttributesManagerBase.h(380)::createFromJsonOrDefaultInternal : <Stage Template>: Proposing JSON name : data/scene_datasets/gibson_semantic/./Country.stage_config.json from original name : data/scene_datasets/gibson_semantic/./Country.glb| This file does not exist.
[14:16:04:677745]:[Metadata] AbstractObjectAttributesManagerBase.h(184)::createObject : File (data/scene_datasets/gibson_semantic/./Country.glb) exists but is not a recognized config filename extension, so new default Stage Template attributes created and registered.
[14:16:04:677754]:[Metadata] AttributesManagerBase.h(380)::createFromJsonOrDefaultInternal : <Stage Template>: Proposing JSON name : data/scene_datasets/gibson_semantic/./Crandon.stage_config.json from original name : data/scene_datasets/gibson_semantic/./Crandon.glb| This file does not exist.
[14:16:04:677792]:[Metadata] AbstractObjectAttributesManagerBase.h(184)::createObject : File (data/scene_datasets/gibson_semantic/./Crandon.glb) exists but is not a recognized config filename extension, so new default Stage Template attributes created and registered.
[14:16:04:677802]:[Metadata] AttributesManagerBase.h(380)::createFromJsonOrDefaultInternal : <Stage Template>: Proposing JSON name : data/scene_datasets/gibson_semantic/./Creede.stage_config.json from original name : data/scene_datasets/gibson_semantic/./Creede.glb| This file does not exist.
[14:16:04:677837]:[Metadata] AbstractObjectAttributesManagerBase.h(184)::createObject : File (data/scene_datasets/gibson_semantic/./Creede.glb) exists but is not a recognized config filename extension, so new default Stage Template attributes created and registered.
[14:16:04:677847]:[Metadata] AttributesManagerBase.h(380)::createFromJsonOrDefaultInternal : <Stage Template>: Proposing JSON name : data/scene_datasets/gibson_semantic/./Crookston.stage_config.json from original name : data/scene_datasets/gibson_semantic/./Crookston.glb| This file does not exist.
[14:16:04:677882]:[Metadata] AbstractObjectAttributesManagerBase.h(184)::createObject : File (data/scene_datasets/gibson_semantic/./Crookston.glb) exists but is not a recognized config filename extension, so new default Stage Template attributes created and registered.
[14:16:04:677892]:[Metadata] AttributesManagerBase.h(380)::createFromJsonOrDefaultInternal : <Stage Template>: Proposing JSON name : data/scene_datasets/gibson_semantic/./Crugers.stage_config.json from original name : data/scene_datasets/gibson_semantic/./Crugers.glb| This file does not exist.
[14:16:04:677928]:[Metadata] AbstractObjectAttributesManagerBase.h(184)::createObject : File (data/scene_datasets/gibson_semantic/./Crugers.glb) exists but is not a recognized config filename extension, so new default Stage Template attributes created and registered.
[14:16:04:677938]:[Metadata] AttributesManagerBase.h(380)::createFromJsonOrDefaultInternal : <Stage Template>: Proposing JSON name : data/scene_datasets/gibson_semantic/./Culbertson.stage_config.json from original name : data/scene_datasets/gibson_semantic/./Culbertson.glb| This file does not exist.
[14:16:04:677973]:[Metadata] AbstractObjectAttributesManagerBase.h(184)::createObject : File (data/scene_datasets/gibson_semantic/./Culbertson.glb) exists but is not a recognized config filename extension, so new default Stage Template attributes created and registered.
[14:16:04:677983]:[Metadata] AttributesManagerBase.h(380)::createFromJsonOrDefaultInternal : <Stage Template>: Proposing JSON name : data/scene_datasets/gibson_semantic/./Cullison.stage_config.json from original name : data/scene_datasets/gibson_semantic/./Cullison.glb| This file does not exist.
[14:16:04:678020]:[Metadata] AbstractObjectAttributesManagerBase.h(184)::createObject : File (data/scene_datasets/gibson_semantic/./Cullison.glb) exists but is not a recognized config filename extension, so new default Stage Template attributes created and registered.
[14:16:04:678031]:[Metadata] AttributesManagerBase.h(380)::createFromJsonOrDefaultInternal : <Stage Template>: Proposing JSON name : data/scene_datasets/gibson_semantic/./Cutlerville.stage_config.json from original name : data/scene_datasets/gibson_semantic/./Cutlerville.glb| This file does not exist.
[14:16:04:678066]:[Metadata] AbstractObjectAttributesManagerBase.h(184)::createObject : File (data/scene_datasets/gibson_semantic/./Cutlerville.glb) exists but is not a recognized config filename extension, so new default Stage Template attributes created and registered.
[14:16:04:678075]:[Metadata] AttributesManagerBase.h(380)::createFromJsonOrDefaultInternal : <Stage Template>: Proposing JSON name : data/scene_datasets/gibson_semantic/./Dansville.stage_config.json from original name : data/scene_datasets/gibson_semantic/./Dansville.glb| This file does not exist.
[14:16:04:678115]:[Metadata] AbstractObjectAttributesManagerBase.h(184)::createObject : File (data/scene_datasets/gibson_semantic/./Dansville.glb) exists but is not a recognized config filename extension, so new default Stage Template attributes created and registered.
[14:16:04:678125]:[Metadata] AttributesManagerBase.h(380)::createFromJsonOrDefaultInternal : <Stage Template>: Proposing JSON name : data/scene_datasets/gibson_semantic/./Darden.stage_config.json from original name : data/scene_datasets/gibson_semantic/./Darden.glb| This file does not exist.
[14:16:04:678163]:[Metadata] AbstractObjectAttributesManagerBase.h(184)::createObject : File (data/scene_datasets/gibson_semantic/./Darden.glb) exists but is not a recognized config filename extension, so new default Stage Template attributes created and registered.
[14:16:04:678198]:[Metadata] AttributesManagerBase.h(380)::createFromJsonOrDefaultInternal : <Stage Template>: Proposing JSON name : data/scene_datasets/gibson_semantic/./Darnestown.stage_config.json from original name : data/scene_datasets/gibson_semantic/./Darnestown.glb| This file does not exist.
[14:16:04:678259]:[Metadata] AbstractObjectAttributesManagerBase.h(184)::createObject : File (data/scene_datasets/gibson_semantic/./Darnestown.glb) exists but is not a recognized config filename extension, so new default Stage Template attributes created and registered.
[14:16:04:678287]:[Metadata] AttributesManagerBase.h(380)::createFromJsonOrDefaultInternal : <Stage Template>: Proposing JSON name : data/scene_datasets/gibson_semantic/./Deatsville.stage_config.json from original name : data/scene_datasets/gibson_semantic/./Deatsville.glb| This file does not exist.
[14:16:04:678347]:[Metadata] AbstractObjectAttributesManagerBase.h(184)::createObject : File (data/scene_datasets/gibson_semantic/./Deatsville.glb) exists but is not a recognized config filename extension, so new default Stage Template attributes created and registered.
[14:16:04:678398]:[Metadata] AttributesManagerBase.h(380)::createFromJsonOrDefaultInternal : <Stage Template>: Proposing JSON name : data/scene_datasets/gibson_semantic/./Dedham.stage_config.json from original name : data/scene_datasets/gibson_semantic/./Dedham.glb| This file does not exist.
[14:16:04:678479]:[Metadata] AbstractObjectAttributesManagerBase.h(184)::createObject : File (data/scene_datasets/gibson_semantic/./Dedham.glb) exists but is not a recognized config filename extension, so new default Stage Template attributes created and registered.
[14:16:04:678494]:[Metadata] AttributesManagerBase.h(380)::createFromJsonOrDefaultInternal : <Stage Template>: Proposing JSON name : data/scene_datasets/gibson_semantic/./Deemston.stage_config.json from original name : data/scene_datasets/gibson_semantic/./Deemston.glb| This file does not exist.
[14:16:04:678535]:[Metadata] AbstractObjectAttributesManagerBase.h(184)::createObject : File (data/scene_datasets/gibson_semantic/./Deemston.glb) exists but is not a recognized config filename extension, so new default Stage Template attributes created and registered.
[14:16:04:678546]:[Metadata] AttributesManagerBase.h(380)::createFromJsonOrDefaultInternal : <Stage Template>: Proposing JSON name : data/scene_datasets/gibson_semantic/./Delton.stage_config.json from original name : data/scene_datasets/gibson_semantic/./Delton.glb| This file does not exist.
[14:16:04:678591]:[Metadata] AbstractObjectAttributesManagerBase.h(184)::createObject : File (data/scene_datasets/gibson_semantic/./Delton.glb) exists but is not a recognized config filename extension, so new default Stage Template attributes created and registered.
[14:16:04:678601]:[Metadata] AttributesManagerBase.h(380)::createFromJsonOrDefaultInternal : <Stage Template>: Proposing JSON name : data/scene_datasets/gibson_semantic/./Denmark.stage_config.json from original name : data/scene_datasets/gibson_semantic/./Denmark.glb| This file does not exist.
[14:16:04:678648]:[Metadata] AbstractObjectAttributesManagerBase.h(184)::createObject : File (data/scene_datasets/gibson_semantic/./Denmark.glb) exists but is not a recognized config filename extension, so new default Stage Template attributes created and registered.
[14:16:04:678659]:[Metadata] AttributesManagerBase.h(380)::createFromJsonOrDefaultInternal : <Stage Template>: Proposing JSON name : data/scene_datasets/gibson_semantic/./Divide.stage_config.json from original name : data/scene_datasets/gibson_semantic/./Divide.glb| This file does not exist.
[14:16:04:678696]:[Metadata] AbstractObjectAttributesManagerBase.h(184)::createObject : File (data/scene_datasets/gibson_semantic/./Divide.glb) exists but is not a recognized config filename extension, so new default Stage Template attributes created and registered.
[14:16:04:678706]:[Metadata] AttributesManagerBase.h(380)::createFromJsonOrDefaultInternal : <Stage Template>: Proposing JSON name : data/scene_datasets/gibson_semantic/./Dryville.stage_config.json from original name : data/scene_datasets/gibson_semantic/./Dryville.glb| This file does not exist.
[14:16:04:678742]:[Metadata] AbstractObjectAttributesManagerBase.h(184)::createObject : File (data/scene_datasets/gibson_semantic/./Dryville.glb) exists but is not a recognized config filename extension, so new default Stage Template attributes created and registered.
[14:16:04:678752]:[Metadata] AttributesManagerBase.h(380)::createFromJsonOrDefaultInternal : <Stage Template>: Proposing JSON name : data/scene_datasets/gibson_semantic/./Duarte.stage_config.json from original name : data/scene_datasets/gibson_semantic/./Duarte.glb| This file does not exist.
[14:16:04:678787]:[Metadata] AbstractObjectAttributesManagerBase.h(184)::createObject : File (data/scene_datasets/gibson_semantic/./Duarte.glb) exists but is not a recognized config filename extension, so new default Stage Template attributes created and registered.
[14:16:04:678797]:[Metadata] AttributesManagerBase.h(380)::createFromJsonOrDefaultInternal : <Stage Template>: Proposing JSON name : data/scene_datasets/gibson_semantic/./Duluth.stage_config.json from original name : data/scene_datasets/gibson_semantic/./Duluth.glb| This file does not exist.
[14:16:04:678833]:[Metadata] AbstractObjectAttributesManagerBase.h(184)::createObject : File (data/scene_datasets/gibson_semantic/./Duluth.glb) exists but is not a recognized config filename extension, so new default Stage Template attributes created and registered.
[14:16:04:678843]:[Metadata] AttributesManagerBase.h(380)::createFromJsonOrDefaultInternal : <Stage Template>: Proposing JSON name : data/scene_datasets/gibson_semantic/./Dunmor.stage_config.json from original name : data/scene_datasets/gibson_semantic/./Dunmor.glb| This file does not exist.
[14:16:04:678878]:[Metadata] AbstractObjectAttributesManagerBase.h(184)::createObject : File (data/scene_datasets/gibson_semantic/./Dunmor.glb) exists but is not a recognized config filename extension, so new default Stage Template attributes created and registered.
[14:16:04:678887]:[Metadata] AttributesManagerBase.h(380)::createFromJsonOrDefaultInternal : <Stage Template>: Proposing JSON name : data/scene_datasets/gibson_semantic/./Eagan.stage_config.json from original name : data/scene_datasets/gibson_semantic/./Eagan.glb| This file does not exist.
[14:16:04:678922]:[Metadata] AbstractObjectAttributesManagerBase.h(184)::createObject : File (data/scene_datasets/gibson_semantic/./Eagan.glb) exists but is not a recognized config filename extension, so new default Stage Template attributes created and registered.
[14:16:04:678932]:[Metadata] AttributesManagerBase.h(380)::createFromJsonOrDefaultInternal : <Stage Template>: Proposing JSON name : data/scene_datasets/gibson_semantic/./Eagerville.stage_config.json from original name : data/scene_datasets/gibson_semantic/./Eagerville.glb| This file does not exist.
[14:16:04:678968]:[Metadata] AbstractObjectAttributesManagerBase.h(184)::createObject : File (data/scene_datasets/gibson_semantic/./Eagerville.glb) exists but is not a recognized config filename extension, so new default Stage Template attributes created and registered.
[14:16:04:678977]:[Metadata] AttributesManagerBase.h(380)::createFromJsonOrDefaultInternal : <Stage Template>: Proposing JSON name : data/scene_datasets/gibson_semantic/./Eastville.stage_config.json from original name : data/scene_datasets/gibson_semantic/./Eastville.glb| This file does not exist.
[14:16:04:679013]:[Metadata] AbstractObjectAttributesManagerBase.h(184)::createObject : File (data/scene_datasets/gibson_semantic/./Eastville.glb) exists but is not a recognized config filename extension, so new default Stage Template attributes created and registered.
[14:16:04:679023]:[Metadata] AttributesManagerBase.h(380)::createFromJsonOrDefaultInternal : <Stage Template>: Proposing JSON name : data/scene_datasets/gibson_semantic/./Edgemere.stage_config.json from original name : data/scene_datasets/gibson_semantic/./Edgemere.glb| This file does not exist.
[14:16:04:679058]:[Metadata] AbstractObjectAttributesManagerBase.h(184)::createObject : File (data/scene_datasets/gibson_semantic/./Edgemere.glb) exists but is not a recognized config filename extension, so new default Stage Template attributes created and registered.
[14:16:04:679067]:[Metadata] AttributesManagerBase.h(380)::createFromJsonOrDefaultInternal : <Stage Template>: Proposing JSON name : data/scene_datasets/gibson_semantic/./Ellaville.stage_config.json from original name : data/scene_datasets/gibson_semantic/./Ellaville.glb| This file does not exist.
[14:16:04:679104]:[Metadata] AbstractObjectAttributesManagerBase.h(184)::createObject : File (data/scene_datasets/gibson_semantic/./Ellaville.glb) exists but is not a recognized config filename extension, so new default Stage Template attributes created and registered.
[14:16:04:679113]:[Metadata] AttributesManagerBase.h(380)::createFromJsonOrDefaultInternal : <Stage Template>: Proposing JSON name : data/scene_datasets/gibson_semantic/./Elmira.stage_config.json from original name : data/scene_datasets/gibson_semantic/./Elmira.glb| This file does not exist.
[14:16:04:679149]:[Metadata] AbstractObjectAttributesManagerBase.h(184)::createObject : File (data/scene_datasets/gibson_semantic/./Elmira.glb) exists but is not a recognized config filename extension, so new default Stage Template attributes created and registered.
[14:16:04:679158]:[Metadata] AttributesManagerBase.h(380)::createFromJsonOrDefaultInternal : <Stage Template>: Proposing JSON name : data/scene_datasets/gibson_semantic/./Elton.stage_config.json from original name : data/scene_datasets/gibson_semantic/./Elton.glb| This file does not exist.
[14:16:04:679194]:[Metadata] AbstractObjectAttributesManagerBase.h(184)::createObject : File (data/scene_datasets/gibson_semantic/./Elton.glb) exists but is not a recognized config filename extension, so new default Stage Template attributes created and registered.
[14:16:04:679204]:[Metadata] AttributesManagerBase.h(380)::createFromJsonOrDefaultInternal : <Stage Template>: Proposing JSON name : data/scene_datasets/gibson_semantic/./Emmaus.stage_config.json from original name : data/scene_datasets/gibson_semantic/./Emmaus.glb| This file does not exist.
[14:16:04:679238]:[Metadata] AbstractObjectAttributesManagerBase.h(184)::createObject : File (data/scene_datasets/gibson_semantic/./Emmaus.glb) exists but is not a recognized config filename extension, so new default Stage Template attributes created and registered.
[14:16:04:679248]:[Metadata] AttributesManagerBase.h(380)::createFromJsonOrDefaultInternal : <Stage Template>: Proposing JSON name : data/scene_datasets/gibson_semantic/./Eudora.stage_config.json from original name : data/scene_datasets/gibson_semantic/./Eudora.glb| This file does not exist.
[14:16:04:679285]:[Metadata] AbstractObjectAttributesManagerBase.h(184)::createObject : File (data/scene_datasets/gibson_semantic/./Eudora.glb) exists but is not a recognized config filename extension, so new default Stage Template attributes created and registered.
[14:16:04:679294]:[Metadata] AttributesManagerBase.h(380)::createFromJsonOrDefaultInternal : <Stage Template>: Proposing JSON name : data/scene_datasets/gibson_semantic/./Euharlee.stage_config.json from original name : data/scene_datasets/gibson_semantic/./Euharlee.glb| This file does not exist.
[14:16:04:679330]:[Metadata] AbstractObjectAttributesManagerBase.h(184)::createObject : File (data/scene_datasets/gibson_semantic/./Euharlee.glb) exists but is not a recognized config filename extension, so new default Stage Template attributes created and registered.
[14:16:04:679340]:[Metadata] AttributesManagerBase.h(380)::createFromJsonOrDefaultInternal : <Stage Template>: Proposing JSON name : data/scene_datasets/gibson_semantic/./Everton.stage_config.json from original name : data/scene_datasets/gibson_semantic/./Everton.glb| This file does not exist.
[14:16:04:679375]:[Metadata] AbstractObjectAttributesManagerBase.h(184)::createObject : File (data/scene_datasets/gibson_semantic/./Everton.glb) exists but is not a recognized config filename extension, so new default Stage Template attributes created and registered.
[14:16:04:679384]:[Metadata] AttributesManagerBase.h(380)::createFromJsonOrDefaultInternal : <Stage Template>: Proposing JSON name : data/scene_datasets/gibson_semantic/./Ewell.stage_config.json from original name : data/scene_datasets/gibson_semantic/./Ewell.glb| This file does not exist.
[14:16:04:679419]:[Metadata] AbstractObjectAttributesManagerBase.h(184)::createObject : File (data/scene_datasets/gibson_semantic/./Ewell.glb) exists but is not a recognized config filename extension, so new default Stage Template attributes created and registered.
[14:16:04:679429]:[Metadata] AttributesManagerBase.h(380)::createFromJsonOrDefaultInternal : <Stage Template>: Proposing JSON name : data/scene_datasets/gibson_semantic/./Fedora.stage_config.json from original name : data/scene_datasets/gibson_semantic/./Fedora.glb| This file does not exist.
[14:16:04:679464]:[Metadata] AbstractObjectAttributesManagerBase.h(184)::createObject : File (data/scene_datasets/gibson_semantic/./Fedora.glb) exists but is not a recognized config filename extension, so new default Stage Template attributes created and registered.
[14:16:04:679473]:[Metadata] AttributesManagerBase.h(380)::createFromJsonOrDefaultInternal : <Stage Template>: Proposing JSON name : data/scene_datasets/gibson_semantic/./Fishersville.stage_config.json from original name : data/scene_datasets/gibson_semantic/./Fishersville.glb| This file does not exist.
[14:16:04:679508]:[Metadata] AbstractObjectAttributesManagerBase.h(184)::createObject : File (data/scene_datasets/gibson_semantic/./Fishersville.glb) exists but is not a recognized config filename extension, so new default Stage Template attributes created and registered.
[14:16:04:679518]:[Metadata] AttributesManagerBase.h(380)::createFromJsonOrDefaultInternal : <Stage Template>: Proposing JSON name : data/scene_datasets/gibson_semantic/./Fitchburg.stage_config.json from original name : data/scene_datasets/gibson_semantic/./Fitchburg.glb| This file does not exist.
[14:16:04:679553]:[Metadata] AbstractObjectAttributesManagerBase.h(184)::createObject : File (data/scene_datasets/gibson_semantic/./Fitchburg.glb) exists but is not a recognized config filename extension, so new default Stage Template attributes created and registered.
[14:16:04:679562]:[Metadata] AttributesManagerBase.h(380)::createFromJsonOrDefaultInternal : <Stage Template>: Proposing JSON name : data/scene_datasets/gibson_semantic/./Fleming.stage_config.json from original name : data/scene_datasets/gibson_semantic/./Fleming.glb| This file does not exist.
[14:16:04:679597]:[Metadata] AbstractObjectAttributesManagerBase.h(184)::createObject : File (data/scene_datasets/gibson_semantic/./Fleming.glb) exists but is not a recognized config filename extension, so new default Stage Template attributes created and registered.
[14:16:04:679606]:[Metadata] AttributesManagerBase.h(380)::createFromJsonOrDefaultInternal : <Stage Template>: Proposing JSON name : data/scene_datasets/gibson_semantic/./Fonda.stage_config.json from original name : data/scene_datasets/gibson_semantic/./Fonda.glb| This file does not exist.
[14:16:04:679641]:[Metadata] AbstractObjectAttributesManagerBase.h(184)::createObject : File (data/scene_datasets/gibson_semantic/./Fonda.glb) exists but is not a recognized config filename extension, so new default Stage Template attributes created and registered.
[14:16:04:679651]:[Metadata] AttributesManagerBase.h(380)::createFromJsonOrDefaultInternal : <Stage Template>: Proposing JSON name : data/scene_datasets/gibson_semantic/./Forkland.stage_config.json from original name : data/scene_datasets/gibson_semantic/./Forkland.glb| This file does not exist.
[14:16:04:679686]:[Metadata] AbstractObjectAttributesManagerBase.h(184)::createObject : File (data/scene_datasets/gibson_semantic/./Forkland.glb) exists but is not a recognized config filename extension, so new default Stage Template attributes created and registered.
[14:16:04:679695]:[Metadata] AttributesManagerBase.h(380)::createFromJsonOrDefaultInternal : <Stage Template>: Proposing JSON name : data/scene_datasets/gibson_semantic/./Foyil.stage_config.json from original name : data/scene_datasets/gibson_semantic/./Foyil.glb| This file does not exist.
[14:16:04:679731]:[Metadata] AbstractObjectAttributesManagerBase.h(184)::createObject : File (data/scene_datasets/gibson_semantic/./Foyil.glb) exists but is not a recognized config filename extension, so new default Stage Template attributes created and registered.
[14:16:04:679740]:[Metadata] AttributesManagerBase.h(380)::createFromJsonOrDefaultInternal : <Stage Template>: Proposing JSON name : data/scene_datasets/gibson_semantic/./Frankfort.stage_config.json from original name : data/scene_datasets/gibson_semantic/./Frankfort.glb| This file does not exist.
[14:16:04:679775]:[Metadata] AbstractObjectAttributesManagerBase.h(184)::createObject : File (data/scene_datasets/gibson_semantic/./Frankfort.glb) exists but is not a recognized config filename extension, so new default Stage Template attributes created and registered.
[14:16:04:679785]:[Metadata] AttributesManagerBase.h(380)::createFromJsonOrDefaultInternal : <Stage Template>: Proposing JSON name : data/scene_datasets/gibson_semantic/./Frankton.stage_config.json from original name : data/scene_datasets/gibson_semantic/./Frankton.glb| This file does not exist.
[14:16:04:679820]:[Metadata] AbstractObjectAttributesManagerBase.h(184)::createObject : File (data/scene_datasets/gibson_semantic/./Frankton.glb) exists but is not a recognized config filename extension, so new default Stage Template attributes created and registered.
[14:16:04:679830]:[Metadata] AttributesManagerBase.h(380)::createFromJsonOrDefaultInternal : <Stage Template>: Proposing JSON name : data/scene_datasets/gibson_semantic/./Fredericksburg.stage_config.json from original name : data/scene_datasets/gibson_semantic/./Fredericksburg.glb| This file does not exist.
[14:16:04:679866]:[Metadata] AbstractObjectAttributesManagerBase.h(184)::createObject : File (data/scene_datasets/gibson_semantic/./Fredericksburg.glb) exists but is not a recognized config filename extension, so new default Stage Template attributes created and registered.
[14:16:04:679876]:[Metadata] AttributesManagerBase.h(380)::createFromJsonOrDefaultInternal : <Stage Template>: Proposing JSON name : data/scene_datasets/gibson_semantic/./Freedom.stage_config.json from original name : data/scene_datasets/gibson_semantic/./Freedom.glb| This file does not exist.
[14:16:04:679911]:[Metadata] AbstractObjectAttributesManagerBase.h(184)::createObject : File (data/scene_datasets/gibson_semantic/./Freedom.glb) exists but is not a recognized config filename extension, so new default Stage Template attributes created and registered.
[14:16:04:679921]:[Metadata] AttributesManagerBase.h(380)::createFromJsonOrDefaultInternal : <Stage Template>: Proposing JSON name : data/scene_datasets/gibson_semantic/./Frierson.stage_config.json from original name : data/scene_datasets/gibson_semantic/./Frierson.glb| This file does not exist.
[14:16:04:679956]:[Metadata] AbstractObjectAttributesManagerBase.h(184)::createObject : File (data/scene_datasets/gibson_semantic/./Frierson.glb) exists but is not a recognized config filename extension, so new default Stage Template attributes created and registered.
[14:16:04:679966]:[Metadata] AttributesManagerBase.h(380)::createFromJsonOrDefaultInternal : <Stage Template>: Proposing JSON name : data/scene_datasets/gibson_semantic/./Frontenac.stage_config.json from original name : data/scene_datasets/gibson_semantic/./Frontenac.glb| This file does not exist.
[14:16:04:680001]:[Metadata] AbstractObjectAttributesManagerBase.h(184)::createObject : File (data/scene_datasets/gibson_semantic/./Frontenac.glb) exists but is not a recognized config filename extension, so new default Stage Template attributes created and registered.
[14:16:04:680010]:[Metadata] AttributesManagerBase.h(380)::createFromJsonOrDefaultInternal : <Stage Template>: Proposing JSON name : data/scene_datasets/gibson_semantic/./Funkstown.stage_config.json from original name : data/scene_datasets/gibson_semantic/./Funkstown.glb| This file does not exist.
[14:16:04:680047]:[Metadata] AbstractObjectAttributesManagerBase.h(184)::createObject : File (data/scene_datasets/gibson_semantic/./Funkstown.glb) exists but is not a recognized config filename extension, so new default Stage Template attributes created and registered.
[14:16:04:680056]:[Metadata] AttributesManagerBase.h(380)::createFromJsonOrDefaultInternal : <Stage Template>: Proposing JSON name : data/scene_datasets/gibson_semantic/./Galatia.stage_config.json from original name : data/scene_datasets/gibson_semantic/./Galatia.glb| This file does not exist.
[14:16:04:680092]:[Metadata] AbstractObjectAttributesManagerBase.h(184)::createObject : File (data/scene_datasets/gibson_semantic/./Galatia.glb) exists but is not a recognized config filename extension, so new default Stage Template attributes created and registered.
[14:16:04:680102]:[Metadata] AttributesManagerBase.h(380)::createFromJsonOrDefaultInternal : <Stage Template>: Proposing JSON name : data/scene_datasets/gibson_semantic/./Gasburg.stage_config.json from original name : data/scene_datasets/gibson_semantic/./Gasburg.glb| This file does not exist.
[14:16:04:680138]:[Metadata] AbstractObjectAttributesManagerBase.h(184)::createObject : File (data/scene_datasets/gibson_semantic/./Gasburg.glb) exists but is not a recognized config filename extension, so new default Stage Template attributes created and registered.
[14:16:04:680148]:[Metadata] AttributesManagerBase.h(380)::createFromJsonOrDefaultInternal : <Stage Template>: Proposing JSON name : data/scene_datasets/gibson_semantic/./Gaylord.stage_config.json from original name : data/scene_datasets/gibson_semantic/./Gaylord.glb| This file does not exist.
[14:16:04:680183]:[Metadata] AbstractObjectAttributesManagerBase.h(184)::createObject : File (data/scene_datasets/gibson_semantic/./Gaylord.glb) exists but is not a recognized config filename extension, so new default Stage Template attributes created and registered.
[14:16:04:680193]:[Metadata] AttributesManagerBase.h(380)::createFromJsonOrDefaultInternal : <Stage Template>: Proposing JSON name : data/scene_datasets/gibson_semantic/./Germfask.stage_config.json from original name : data/scene_datasets/gibson_semantic/./Germfask.glb| This file does not exist.
[14:16:04:680229]:[Metadata] AbstractObjectAttributesManagerBase.h(184)::createObject : File (data/scene_datasets/gibson_semantic/./Germfask.glb) exists but is not a recognized config filename extension, so new default Stage Template attributes created and registered.
[14:16:04:680239]:[Metadata] AttributesManagerBase.h(380)::createFromJsonOrDefaultInternal : <Stage Template>: Proposing JSON name : data/scene_datasets/gibson_semantic/./Gilbert.stage_config.json from original name : data/scene_datasets/gibson_semantic/./Gilbert.glb| This file does not exist.
[14:16:04:680274]:[Metadata] AbstractObjectAttributesManagerBase.h(184)::createObject : File (data/scene_datasets/gibson_semantic/./Gilbert.glb) exists but is not a recognized config filename extension, so new default Stage Template attributes created and registered.
[14:16:04:680284]:[Metadata] AttributesManagerBase.h(380)::createFromJsonOrDefaultInternal : <Stage Template>: Proposing JSON name : data/scene_datasets/gibson_semantic/./Gladstone.stage_config.json from original name : data/scene_datasets/gibson_semantic/./Gladstone.glb| This file does not exist.
[14:16:04:680320]:[Metadata] AbstractObjectAttributesManagerBase.h(184)::createObject : File (data/scene_datasets/gibson_semantic/./Gladstone.glb) exists but is not a recognized config filename extension, so new default Stage Template attributes created and registered.
[14:16:04:680329]:[Metadata] AttributesManagerBase.h(380)::createFromJsonOrDefaultInternal : <Stage Template>: Proposing JSON name : data/scene_datasets/gibson_semantic/./Glassboro.stage_config.json from original name : data/scene_datasets/gibson_semantic/./Glassboro.glb| This file does not exist.
[14:16:04:680364]:[Metadata] AbstractObjectAttributesManagerBase.h(184)::createObject : File (data/scene_datasets/gibson_semantic/./Glassboro.glb) exists but is not a recognized config filename extension, so new default Stage Template attributes created and registered.
[14:16:04:680374]:[Metadata] AttributesManagerBase.h(380)::createFromJsonOrDefaultInternal : <Stage Template>: Proposing JSON name : data/scene_datasets/gibson_semantic/./Glenmoor.stage_config.json from original name : data/scene_datasets/gibson_semantic/./Glenmoor.glb| This file does not exist.
[14:16:04:680409]:[Metadata] AbstractObjectAttributesManagerBase.h(184)::createObject : File (data/scene_datasets/gibson_semantic/./Glenmoor.glb) exists but is not a recognized config filename extension, so new default Stage Template attributes created and registered.
[14:16:04:680419]:[Metadata] AttributesManagerBase.h(380)::createFromJsonOrDefaultInternal : <Stage Template>: Proposing JSON name : data/scene_datasets/gibson_semantic/./Globe.stage_config.json from original name : data/scene_datasets/gibson_semantic/./Globe.glb| This file does not exist.
[14:16:04:680455]:[Metadata] AbstractObjectAttributesManagerBase.h(184)::createObject : File (data/scene_datasets/gibson_semantic/./Globe.glb) exists but is not a recognized config filename extension, so new default Stage Template attributes created and registered.
[14:16:04:680465]:[Metadata] AttributesManagerBase.h(380)::createFromJsonOrDefaultInternal : <Stage Template>: Proposing JSON name : data/scene_datasets/gibson_semantic/./Gloria.stage_config.json from original name : data/scene_datasets/gibson_semantic/./Gloria.glb| This file does not exist.
[14:16:04:680500]:[Metadata] AbstractObjectAttributesManagerBase.h(184)::createObject : File (data/scene_datasets/gibson_semantic/./Gloria.glb) exists but is not a recognized config filename extension, so new default Stage Template attributes created and registered.
[14:16:04:680509]:[Metadata] AttributesManagerBase.h(380)::createFromJsonOrDefaultInternal : <Stage Template>: Proposing JSON name : data/scene_datasets/gibson_semantic/./Goffs.stage_config.json from original name : data/scene_datasets/gibson_semantic/./Goffs.glb| This file does not exist.
[14:16:04:680545]:[Metadata] AbstractObjectAttributesManagerBase.h(184)::createObject : File (data/scene_datasets/gibson_semantic/./Goffs.glb) exists but is not a recognized config filename extension, so new default Stage Template attributes created and registered.
[14:16:04:680555]:[Metadata] AttributesManagerBase.h(380)::createFromJsonOrDefaultInternal : <Stage Template>: Proposing JSON name : data/scene_datasets/gibson_semantic/./Goodfield.stage_config.json from original name : data/scene_datasets/gibson_semantic/./Goodfield.glb| This file does not exist.
[14:16:04:680590]:[Metadata] AbstractObjectAttributesManagerBase.h(184)::createObject : File (data/scene_datasets/gibson_semantic/./Goodfield.glb) exists but is not a recognized config filename extension, so new default Stage Template attributes created and registered.
[14:16:04:680599]:[Metadata] AttributesManagerBase.h(380)::createFromJsonOrDefaultInternal : <Stage Template>: Proposing JSON name : data/scene_datasets/gibson_semantic/./Goodwine.stage_config.json from original name : data/scene_datasets/gibson_semantic/./Goodwine.glb| This file does not exist.
[14:16:04:680634]:[Metadata] AbstractObjectAttributesManagerBase.h(184)::createObject : File (data/scene_datasets/gibson_semantic/./Goodwine.glb) exists but is not a recognized config filename extension, so new default Stage Template attributes created and registered.
[14:16:04:680665]:[Metadata] AttributesManagerBase.h(380)::createFromJsonOrDefaultInternal : <Stage Template>: Proposing JSON name : data/scene_datasets/gibson_semantic/./Goodyear.stage_config.json from original name : data/scene_datasets/gibson_semantic/./Goodyear.glb| This file does not exist.
[14:16:04:680717]:[Metadata] AbstractObjectAttributesManagerBase.h(184)::createObject : File (data/scene_datasets/gibson_semantic/./Goodyear.glb) exists but is not a recognized config filename extension, so new default Stage Template attributes created and registered.
[14:16:04:680742]:[Metadata] AttributesManagerBase.h(380)::createFromJsonOrDefaultInternal : <Stage Template>: Proposing JSON name : data/scene_datasets/gibson_semantic/./Gough.stage_config.json from original name : data/scene_datasets/gibson_semantic/./Gough.glb| This file does not exist.
[14:16:04:680793]:[Metadata] AbstractObjectAttributesManagerBase.h(184)::createObject : File (data/scene_datasets/gibson_semantic/./Gough.glb) exists but is not a recognized config filename extension, so new default Stage Template attributes created and registered.
[14:16:04:680803]:[Metadata] AttributesManagerBase.h(380)::createFromJsonOrDefaultInternal : <Stage Template>: Proposing JSON name : data/scene_datasets/gibson_semantic/./Grace.stage_config.json from original name : data/scene_datasets/gibson_semantic/./Grace.glb| This file does not exist.
[14:16:04:680839]:[Metadata] AbstractObjectAttributesManagerBase.h(184)::createObject : File (data/scene_datasets/gibson_semantic/./Grace.glb) exists but is not a recognized config filename extension, so new default Stage Template attributes created and registered.
[14:16:04:680864]:[Metadata] AttributesManagerBase.h(380)::createFromJsonOrDefaultInternal : <Stage Template>: Proposing JSON name : data/scene_datasets/gibson_semantic/./Graceville.stage_config.json from original name : data/scene_datasets/gibson_semantic/./Graceville.glb| This file does not exist.
[14:16:04:680913]:[Metadata] AbstractObjectAttributesManagerBase.h(184)::createObject : File (data/scene_datasets/gibson_semantic/./Graceville.glb) exists but is not a recognized config filename extension, so new default Stage Template attributes created and registered.
[14:16:04:680923]:[Metadata] AttributesManagerBase.h(380)::createFromJsonOrDefaultInternal : <Stage Template>: Proposing JSON name : data/scene_datasets/gibson_semantic/./Gracey.stage_config.json from original name : data/scene_datasets/gibson_semantic/./Gracey.glb| This file does not exist.
[14:16:04:680958]:[Metadata] AbstractObjectAttributesManagerBase.h(184)::createObject : File (data/scene_datasets/gibson_semantic/./Gracey.glb) exists but is not a recognized config filename extension, so new default Stage Template attributes created and registered.
[14:16:04:680982]:[Metadata] AttributesManagerBase.h(380)::createFromJsonOrDefaultInternal : <Stage Template>: Proposing JSON name : data/scene_datasets/gibson_semantic/./Grainola.stage_config.json from original name : data/scene_datasets/gibson_semantic/./Grainola.glb| This file does not exist.
[14:16:04:681033]:[Metadata] AbstractObjectAttributesManagerBase.h(184)::createObject : File (data/scene_datasets/gibson_semantic/./Grainola.glb) exists but is not a recognized config filename extension, so new default Stage Template attributes created and registered.
[14:16:04:681043]:[Metadata] AttributesManagerBase.h(380)::createFromJsonOrDefaultInternal : <Stage Template>: Proposing JSON name : data/scene_datasets/gibson_semantic/./Grangeville.stage_config.json from original name : data/scene_datasets/gibson_semantic/./Grangeville.glb| This file does not exist.
[14:16:04:681078]:[Metadata] AbstractObjectAttributesManagerBase.h(184)::createObject : File (data/scene_datasets/gibson_semantic/./Grangeville.glb) exists but is not a recognized config filename extension, so new default Stage Template attributes created and registered.
[14:16:04:681103]:[Metadata] AttributesManagerBase.h(380)::createFromJsonOrDefaultInternal : <Stage Template>: Proposing JSON name : data/scene_datasets/gibson_semantic/./Grantsville.stage_config.json from original name : data/scene_datasets/gibson_semantic/./Grantsville.glb| This file does not exist.
[14:16:04:681139]:[Metadata] AbstractObjectAttributesManagerBase.h(184)::createObject : File (data/scene_datasets/gibson_semantic/./Grantsville.glb) exists but is not a recognized config filename extension, so new default Stage Template attributes created and registered.
[14:16:04:681148]:[Metadata] AttributesManagerBase.h(380)::createFromJsonOrDefaultInternal : <Stage Template>: Proposing JSON name : data/scene_datasets/gibson_semantic/./Grassy.stage_config.json from original name : data/scene_datasets/gibson_semantic/./Grassy.glb| This file does not exist.
[14:16:04:681184]:[Metadata] AbstractObjectAttributesManagerBase.h(184)::createObject : File (data/scene_datasets/gibson_semantic/./Grassy.glb) exists but is not a recognized config filename extension, so new default Stage Template attributes created and registered.
[14:16:04:681207]:[Metadata] AttributesManagerBase.h(380)::createFromJsonOrDefaultInternal : <Stage Template>: Proposing JSON name : data/scene_datasets/gibson_semantic/./Gratz.stage_config.json from original name : data/scene_datasets/gibson_semantic/./Gratz.glb| This file does not exist.
[14:16:04:681256]:[Metadata] AbstractObjectAttributesManagerBase.h(184)::createObject : File (data/scene_datasets/gibson_semantic/./Gratz.glb) exists but is not a recognized config filename extension, so new default Stage Template attributes created and registered.
[14:16:04:681266]:[Metadata] AttributesManagerBase.h(380)::createFromJsonOrDefaultInternal : <Stage Template>: Proposing JSON name : data/scene_datasets/gibson_semantic/./Gravelly.stage_config.json from original name : data/scene_datasets/gibson_semantic/./Gravelly.glb| This file does not exist.
[14:16:04:681301]:[Metadata] AbstractObjectAttributesManagerBase.h(184)::createObject : File (data/scene_datasets/gibson_semantic/./Gravelly.glb) exists but is not a recognized config filename extension, so new default Stage Template attributes created and registered.
[14:16:04:681326]:[Metadata] AttributesManagerBase.h(380)::createFromJsonOrDefaultInternal : <Stage Template>: Proposing JSON name : data/scene_datasets/gibson_semantic/./Greigsville.stage_config.json from original name : data/scene_datasets/gibson_semantic/./Greigsville.glb| This file does not exist.
[14:16:04:681375]:[Metadata] AbstractObjectAttributesManagerBase.h(184)::createObject : File (data/scene_datasets/gibson_semantic/./Greigsville.glb) exists but is not a recognized config filename extension, so new default Stage Template attributes created and registered.
[14:16:04:681385]:[Metadata] AttributesManagerBase.h(380)::createFromJsonOrDefaultInternal : <Stage Template>: Proposing JSON name : data/scene_datasets/gibson_semantic/./Haaswood.stage_config.json from original name : data/scene_datasets/gibson_semantic/./Haaswood.glb| This file does not exist.
[14:16:04:681421]:[Metadata] AbstractObjectAttributesManagerBase.h(184)::createObject : File (data/scene_datasets/gibson_semantic/./Haaswood.glb) exists but is not a recognized config filename extension, so new default Stage Template attributes created and registered.
[14:16:04:681453]:[Metadata] AttributesManagerBase.h(380)::createFromJsonOrDefaultInternal : <Stage Template>: Proposing JSON name : data/scene_datasets/gibson_semantic/./Hacienda.stage_config.json from original name : data/scene_datasets/gibson_semantic/./Hacienda.glb| This file does not exist.
[14:16:04:681504]:[Metadata] AbstractObjectAttributesManagerBase.h(184)::createObject : File (data/scene_datasets/gibson_semantic/./Hacienda.glb) exists but is not a recognized config filename extension, so new default Stage Template attributes created and registered.
[14:16:04:681514]:[Metadata] AttributesManagerBase.h(380)::createFromJsonOrDefaultInternal : <Stage Template>: Proposing JSON name : data/scene_datasets/gibson_semantic/./Hainesburg.stage_config.json from original name : data/scene_datasets/gibson_semantic/./Hainesburg.glb| This file does not exist.
[14:16:04:681550]:[Metadata] AbstractObjectAttributesManagerBase.h(184)::createObject : File (data/scene_datasets/gibson_semantic/./Hainesburg.glb) exists but is not a recognized config filename extension, so new default Stage Template attributes created and registered.
[14:16:04:681574]:[Metadata] AttributesManagerBase.h(380)::createFromJsonOrDefaultInternal : <Stage Template>: Proposing JSON name : data/scene_datasets/gibson_semantic/./Halfway.stage_config.json from original name : data/scene_datasets/gibson_semantic/./Halfway.glb| This file does not exist.
[14:16:04:681624]:[Metadata] AbstractObjectAttributesManagerBase.h(184)::createObject : File (data/scene_datasets/gibson_semantic/./Halfway.glb) exists but is not a recognized config filename extension, so new default Stage Template attributes created and registered.
[14:16:04:681634]:[Metadata] AttributesManagerBase.h(380)::createFromJsonOrDefaultInternal : <Stage Template>: Proposing JSON name : data/scene_datasets/gibson_semantic/./Hallettsville.stage_config.json from original name : data/scene_datasets/gibson_semantic/./Hallettsville.glb| This file does not exist.
[14:16:04:681669]:[Metadata] AbstractObjectAttributesManagerBase.h(184)::createObject : File (data/scene_datasets/gibson_semantic/./Hallettsville.glb) exists but is not a recognized config filename extension, so new default Stage Template attributes created and registered.
[14:16:04:681694]:[Metadata] AttributesManagerBase.h(380)::createFromJsonOrDefaultInternal : <Stage Template>: Proposing JSON name : data/scene_datasets/gibson_semantic/./Hambleton.stage_config.json from original name : data/scene_datasets/gibson_semantic/./Hambleton.glb| This file does not exist.
[14:16:04:681743]:[Metadata] AbstractObjectAttributesManagerBase.h(184)::createObject : File (data/scene_datasets/gibson_semantic/./Hambleton.glb) exists but is not a recognized config filename extension, so new default Stage Template attributes created and registered.
[14:16:04:681753]:[Metadata] AttributesManagerBase.h(380)::createFromJsonOrDefaultInternal : <Stage Template>: Proposing JSON name : data/scene_datasets/gibson_semantic/./Hanson.stage_config.json from original name : data/scene_datasets/gibson_semantic/./Hanson.glb| This file does not exist.
[14:16:04:681788]:[Metadata] AbstractObjectAttributesManagerBase.h(184)::createObject : File (data/scene_datasets/gibson_semantic/./Hanson.glb) exists but is not a recognized config filename extension, so new default Stage Template attributes created and registered.
[14:16:04:681812]:[Metadata] AttributesManagerBase.h(380)::createFromJsonOrDefaultInternal : <Stage Template>: Proposing JSON name : data/scene_datasets/gibson_semantic/./Harkeyville.stage_config.json from original name : data/scene_datasets/gibson_semantic/./Harkeyville.glb| This file does not exist.
[14:16:04:681861]:[Metadata] AbstractObjectAttributesManagerBase.h(184)::createObject : File (data/scene_datasets/gibson_semantic/./Harkeyville.glb) exists but is not a recognized config filename extension, so new default Stage Template attributes created and registered.
[14:16:04:681871]:[Metadata] AttributesManagerBase.h(380)::createFromJsonOrDefaultInternal : <Stage Template>: Proposing JSON name : data/scene_datasets/gibson_semantic/./Harrellsville.stage_config.json from original name : data/scene_datasets/gibson_semantic/./Harrellsville.glb| This file does not exist.
[14:16:04:681906]:[Metadata] AbstractObjectAttributesManagerBase.h(184)::createObject : File (data/scene_datasets/gibson_semantic/./Harrellsville.glb) exists but is not a recognized config filename extension, so new default Stage Template attributes created and registered.
[14:16:04:681915]:[Metadata] AttributesManagerBase.h(380)::createFromJsonOrDefaultInternal : <Stage Template>: Proposing JSON name : data/scene_datasets/gibson_semantic/./Hartline.stage_config.json from original name : data/scene_datasets/gibson_semantic/./Hartline.glb| This file does not exist.
[14:16:04:681950]:[Metadata] AbstractObjectAttributesManagerBase.h(184)::createObject : File (data/scene_datasets/gibson_semantic/./Hartline.glb) exists but is not a recognized config filename extension, so new default Stage Template attributes created and registered.
[14:16:04:681960]:[Metadata] AttributesManagerBase.h(380)::createFromJsonOrDefaultInternal : <Stage Template>: Proposing JSON name : data/scene_datasets/gibson_semantic/./Hatfield.stage_config.json from original name : data/scene_datasets/gibson_semantic/./Hatfield.glb| This file does not exist.
[14:16:04:681994]:[Metadata] AbstractObjectAttributesManagerBase.h(184)::createObject : File (data/scene_datasets/gibson_semantic/./Hatfield.glb) exists but is not a recognized config filename extension, so new default Stage Template attributes created and registered.
[14:16:04:682003]:[Metadata] AttributesManagerBase.h(380)::createFromJsonOrDefaultInternal : <Stage Template>: Proposing JSON name : data/scene_datasets/gibson_semantic/./Haxtun.stage_config.json from original name : data/scene_datasets/gibson_semantic/./Haxtun.glb| This file does not exist.
[14:16:04:682039]:[Metadata] AbstractObjectAttributesManagerBase.h(184)::createObject : File (data/scene_datasets/gibson_semantic/./Haxtun.glb) exists but is not a recognized config filename extension, so new default Stage Template attributes created and registered.
[14:16:04:682048]:[Metadata] AttributesManagerBase.h(380)::createFromJsonOrDefaultInternal : <Stage Template>: Proposing JSON name : data/scene_datasets/gibson_semantic/./Haymarket.stage_config.json from original name : data/scene_datasets/gibson_semantic/./Haymarket.glb| This file does not exist.
[14:16:04:682083]:[Metadata] AbstractObjectAttributesManagerBase.h(184)::createObject : File (data/scene_datasets/gibson_semantic/./Haymarket.glb) exists but is not a recognized config filename extension, so new default Stage Template attributes created and registered.
[14:16:04:682092]:[Metadata] AttributesManagerBase.h(380)::createFromJsonOrDefaultInternal : <Stage Template>: Proposing JSON name : data/scene_datasets/gibson_semantic/./Helix.stage_config.json from original name : data/scene_datasets/gibson_semantic/./Helix.glb| This file does not exist.
[14:16:04:682126]:[Metadata] AbstractObjectAttributesManagerBase.h(184)::createObject : File (data/scene_datasets/gibson_semantic/./Helix.glb) exists but is not a recognized config filename extension, so new default Stage Template attributes created and registered.
[14:16:04:682136]:[Metadata] AttributesManagerBase.h(380)::createFromJsonOrDefaultInternal : <Stage Template>: Proposing JSON name : data/scene_datasets/gibson_semantic/./Hendrix.stage_config.json from original name : data/scene_datasets/gibson_semantic/./Hendrix.glb| This file does not exist.
[14:16:04:682170]:[Metadata] AbstractObjectAttributesManagerBase.h(184)::createObject : File (data/scene_datasets/gibson_semantic/./Hendrix.glb) exists but is not a recognized config filename extension, so new default Stage Template attributes created and registered.
[14:16:04:682179]:[Metadata] AttributesManagerBase.h(380)::createFromJsonOrDefaultInternal : <Stage Template>: Proposing JSON name : data/scene_datasets/gibson_semantic/./Hennepin.stage_config.json from original name : data/scene_datasets/gibson_semantic/./Hennepin.glb| This file does not exist.
[14:16:04:682216]:[Metadata] AbstractObjectAttributesManagerBase.h(184)::createObject : File (data/scene_datasets/gibson_semantic/./Hennepin.glb) exists but is not a recognized config filename extension, so new default Stage Template attributes created and registered.
[14:16:04:682226]:[Metadata] AttributesManagerBase.h(380)::createFromJsonOrDefaultInternal : <Stage Template>: Proposing JSON name : data/scene_datasets/gibson_semantic/./Hercules.stage_config.json from original name : data/scene_datasets/gibson_semantic/./Hercules.glb| This file does not exist.
[14:16:04:682261]:[Metadata] AbstractObjectAttributesManagerBase.h(184)::createObject : File (data/scene_datasets/gibson_semantic/./Hercules.glb) exists but is not a recognized config filename extension, so new default Stage Template attributes created and registered.
[14:16:04:682270]:[Metadata] AttributesManagerBase.h(380)::createFromJsonOrDefaultInternal : <Stage Template>: Proposing JSON name : data/scene_datasets/gibson_semantic/./Herricks.stage_config.json from original name : data/scene_datasets/gibson_semantic/./Herricks.glb| This file does not exist.
[14:16:04:682303]:[Metadata] AbstractObjectAttributesManagerBase.h(184)::createObject : File (data/scene_datasets/gibson_semantic/./Herricks.glb) exists but is not a recognized config filename extension, so new default Stage Template attributes created and registered.
[14:16:04:682312]:[Metadata] AttributesManagerBase.h(380)::createFromJsonOrDefaultInternal : <Stage Template>: Proposing JSON name : data/scene_datasets/gibson_semantic/./Highspire.stage_config.json from original name : data/scene_datasets/gibson_semantic/./Highspire.glb| This file does not exist.
[14:16:04:682347]:[Metadata] AbstractObjectAttributesManagerBase.h(184)::createObject : File (data/scene_datasets/gibson_semantic/./Highspire.glb) exists but is not a recognized config filename extension, so new default Stage Template attributes created and registered.
[14:16:04:682356]:[Metadata] AttributesManagerBase.h(380)::createFromJsonOrDefaultInternal : <Stage Template>: Proposing JSON name : data/scene_datasets/gibson_semantic/./Hildebran.stage_config.json from original name : data/scene_datasets/gibson_semantic/./Hildebran.glb| This file does not exist.
[14:16:04:682390]:[Metadata] AbstractObjectAttributesManagerBase.h(184)::createObject : File (data/scene_datasets/gibson_semantic/./Hildebran.glb) exists but is not a recognized config filename extension, so new default Stage Template attributes created and registered.
[14:16:04:682400]:[Metadata] AttributesManagerBase.h(380)::createFromJsonOrDefaultInternal : <Stage Template>: Proposing JSON name : data/scene_datasets/gibson_semantic/./Hillsdale.stage_config.json from original name : data/scene_datasets/gibson_semantic/./Hillsdale.glb| This file does not exist.
[14:16:04:682435]:[Metadata] AbstractObjectAttributesManagerBase.h(184)::createObject : File (data/scene_datasets/gibson_semantic/./Hillsdale.glb) exists but is not a recognized config filename extension, so new default Stage Template attributes created and registered.
[14:16:04:682444]:[Metadata] AttributesManagerBase.h(380)::createFromJsonOrDefaultInternal : <Stage Template>: Proposing JSON name : data/scene_datasets/gibson_semantic/./Hindsboro.stage_config.json from original name : data/scene_datasets/gibson_semantic/./Hindsboro.glb| This file does not exist.
[14:16:04:682479]:[Metadata] AbstractObjectAttributesManagerBase.h(184)::createObject : File (data/scene_datasets/gibson_semantic/./Hindsboro.glb) exists but is not a recognized config filename extension, so new default Stage Template attributes created and registered.
[14:16:04:682488]:[Metadata] AttributesManagerBase.h(380)::createFromJsonOrDefaultInternal : <Stage Template>: Proposing JSON name : data/scene_datasets/gibson_semantic/./Hitchland.stage_config.json from original name : data/scene_datasets/gibson_semantic/./Hitchland.glb| This file does not exist.
[14:16:04:682523]:[Metadata] AbstractObjectAttributesManagerBase.h(184)::createObject : File (data/scene_datasets/gibson_semantic/./Hitchland.glb) exists but is not a recognized config filename extension, so new default Stage Template attributes created and registered.
[14:16:04:682533]:[Metadata] AttributesManagerBase.h(380)::createFromJsonOrDefaultInternal : <Stage Template>: Proposing JSON name : data/scene_datasets/gibson_semantic/./Hiteman.stage_config.json from original name : data/scene_datasets/gibson_semantic/./Hiteman.glb| This file does not exist.
[14:16:04:682569]:[Metadata] AbstractObjectAttributesManagerBase.h(184)::createObject : File (data/scene_datasets/gibson_semantic/./Hiteman.glb) exists but is not a recognized config filename extension, so new default Stage Template attributes created and registered.
[14:16:04:682578]:[Metadata] AttributesManagerBase.h(380)::createFromJsonOrDefaultInternal : <Stage Template>: Proposing JSON name : data/scene_datasets/gibson_semantic/./Hobson.stage_config.json from original name : data/scene_datasets/gibson_semantic/./Hobson.glb| This file does not exist.
[14:16:04:682614]:[Metadata] AbstractObjectAttributesManagerBase.h(184)::createObject : File (data/scene_datasets/gibson_semantic/./Hobson.glb) exists but is not a recognized config filename extension, so new default Stage Template attributes created and registered.
[14:16:04:682623]:[Metadata] AttributesManagerBase.h(380)::createFromJsonOrDefaultInternal : <Stage Template>: Proposing JSON name : data/scene_datasets/gibson_semantic/./Holcut.stage_config.json from original name : data/scene_datasets/gibson_semantic/./Holcut.glb| This file does not exist.
[14:16:04:682667]:[Metadata] AbstractObjectAttributesManagerBase.h(184)::createObject : File (data/scene_datasets/gibson_semantic/./Holcut.glb) exists but is not a recognized config filename extension, so new default Stage Template attributes created and registered.
[14:16:04:682676]:[Metadata] AttributesManagerBase.h(380)::createFromJsonOrDefaultInternal : <Stage Template>: Proposing JSON name : data/scene_datasets/gibson_semantic/./Hometown.stage_config.json from original name : data/scene_datasets/gibson_semantic/./Hometown.glb| This file does not exist.
[14:16:04:682710]:[Metadata] AbstractObjectAttributesManagerBase.h(184)::createObject : File (data/scene_datasets/gibson_semantic/./Hometown.glb) exists but is not a recognized config filename extension, so new default Stage Template attributes created and registered.
[14:16:04:682719]:[Metadata] AttributesManagerBase.h(380)::createFromJsonOrDefaultInternal : <Stage Template>: Proposing JSON name : data/scene_datasets/gibson_semantic/./Hominy.stage_config.json from original name : data/scene_datasets/gibson_semantic/./Hominy.glb| This file does not exist.
[14:16:04:682754]:[Metadata] AbstractObjectAttributesManagerBase.h(184)::createObject : File (data/scene_datasets/gibson_semantic/./Hominy.glb) exists but is not a recognized config filename extension, so new default Stage Template attributes created and registered.
[14:16:04:682763]:[Metadata] AttributesManagerBase.h(380)::createFromJsonOrDefaultInternal : <Stage Template>: Proposing JSON name : data/scene_datasets/gibson_semantic/./Hordville.stage_config.json from original name : data/scene_datasets/gibson_semantic/./Hordville.glb| This file does not exist.
[14:16:04:682798]:[Metadata] AbstractObjectAttributesManagerBase.h(184)::createObject : File (data/scene_datasets/gibson_semantic/./Hordville.glb) exists but is not a recognized config filename extension, so new default Stage Template attributes created and registered.
[14:16:04:682807]:[Metadata] AttributesManagerBase.h(380)::createFromJsonOrDefaultInternal : <Stage Template>: Proposing JSON name : data/scene_datasets/gibson_semantic/./Hornsby.stage_config.json from original name : data/scene_datasets/gibson_semantic/./Hornsby.glb| This file does not exist.
[14:16:04:682842]:[Metadata] AbstractObjectAttributesManagerBase.h(184)::createObject : File (data/scene_datasets/gibson_semantic/./Hornsby.glb) exists but is not a recognized config filename extension, so new default Stage Template attributes created and registered.
[14:16:04:682852]:[Metadata] AttributesManagerBase.h(380)::createFromJsonOrDefaultInternal : <Stage Template>: Proposing JSON name : data/scene_datasets/gibson_semantic/./Hortense.stage_config.json from original name : data/scene_datasets/gibson_semantic/./Hortense.glb| This file does not exist.
[14:16:04:682887]:[Metadata] AbstractObjectAttributesManagerBase.h(184)::createObject : File (data/scene_datasets/gibson_semantic/./Hortense.glb) exists but is not a recognized config filename extension, so new default Stage Template attributes created and registered.
[14:16:04:682896]:[Metadata] AttributesManagerBase.h(380)::createFromJsonOrDefaultInternal : <Stage Template>: Proposing JSON name : data/scene_datasets/gibson_semantic/./Howie.stage_config.json from original name : data/scene_datasets/gibson_semantic/./Howie.glb| This file does not exist.
[14:16:04:682932]:[Metadata] AbstractObjectAttributesManagerBase.h(184)::createObject : File (data/scene_datasets/gibson_semantic/./Howie.glb) exists but is not a recognized config filename extension, so new default Stage Template attributes created and registered.
[14:16:04:682941]:[Metadata] AttributesManagerBase.h(380)::createFromJsonOrDefaultInternal : <Stage Template>: Proposing JSON name : data/scene_datasets/gibson_semantic/./Hurley.stage_config.json from original name : data/scene_datasets/gibson_semantic/./Hurley.glb| This file does not exist.
[14:16:04:682977]:[Metadata] AbstractObjectAttributesManagerBase.h(184)::createObject : File (data/scene_datasets/gibson_semantic/./Hurley.glb) exists but is not a recognized config filename extension, so new default Stage Template attributes created and registered.
[14:16:04:682986]:[Metadata] AttributesManagerBase.h(380)::createFromJsonOrDefaultInternal : <Stage Template>: Proposing JSON name : data/scene_datasets/gibson_semantic/./Idanha.stage_config.json from original name : data/scene_datasets/gibson_semantic/./Idanha.glb| This file does not exist.
[14:16:04:683021]:[Metadata] AbstractObjectAttributesManagerBase.h(184)::createObject : File (data/scene_datasets/gibson_semantic/./Idanha.glb) exists but is not a recognized config filename extension, so new default Stage Template attributes created and registered.
[14:16:04:683030]:[Metadata] AttributesManagerBase.h(380)::createFromJsonOrDefaultInternal : <Stage Template>: Proposing JSON name : data/scene_datasets/gibson_semantic/./Inkom.stage_config.json from original name : data/scene_datasets/gibson_semantic/./Inkom.glb| This file does not exist.
[14:16:04:683065]:[Metadata] AbstractObjectAttributesManagerBase.h(184)::createObject : File (data/scene_datasets/gibson_semantic/./Inkom.glb) exists but is not a recognized config filename extension, so new default Stage Template attributes created and registered.
[14:16:04:683074]:[Metadata] AttributesManagerBase.h(380)::createFromJsonOrDefaultInternal : <Stage Template>: Proposing JSON name : data/scene_datasets/gibson_semantic/./Irvine.stage_config.json from original name : data/scene_datasets/gibson_semantic/./Irvine.glb| This file does not exist.
[14:16:04:683109]:[Metadata] AbstractObjectAttributesManagerBase.h(184)::createObject : File (data/scene_datasets/gibson_semantic/./Irvine.glb) exists but is not a recognized config filename extension, so new default Stage Template attributes created and registered.
[14:16:04:683118]:[Metadata] AttributesManagerBase.h(380)::createFromJsonOrDefaultInternal : <Stage Template>: Proposing JSON name : data/scene_datasets/gibson_semantic/./Islandton.stage_config.json from original name : data/scene_datasets/gibson_semantic/./Islandton.glb| This file does not exist.
[14:16:04:683153]:[Metadata] AbstractObjectAttributesManagerBase.h(184)::createObject : File (data/scene_datasets/gibson_semantic/./Islandton.glb) exists but is not a recognized config filename extension, so new default Stage Template attributes created and registered.
[14:16:04:683162]:[Metadata] AttributesManagerBase.h(380)::createFromJsonOrDefaultInternal : <Stage Template>: Proposing JSON name : data/scene_datasets/gibson_semantic/./Jacobus.stage_config.json from original name : data/scene_datasets/gibson_semantic/./Jacobus.glb| This file does not exist.
[14:16:04:683198]:[Metadata] AbstractObjectAttributesManagerBase.h(184)::createObject : File (data/scene_datasets/gibson_semantic/./Jacobus.glb) exists but is not a recognized config filename extension, so new default Stage Template attributes created and registered.
[14:16:04:683207]:[Metadata] AttributesManagerBase.h(380)::createFromJsonOrDefaultInternal : <Stage Template>: Proposing JSON name : data/scene_datasets/gibson_semantic/./Jenners.stage_config.json from original name : data/scene_datasets/gibson_semantic/./Jenners.glb| This file does not exist.
[14:16:04:683243]:[Metadata] AbstractObjectAttributesManagerBase.h(184)::createObject : File (data/scene_datasets/gibson_semantic/./Jenners.glb) exists but is not a recognized config filename extension, so new default Stage Template attributes created and registered.
[14:16:04:683253]:[Metadata] AttributesManagerBase.h(380)::createFromJsonOrDefaultInternal : <Stage Template>: Proposing JSON name : data/scene_datasets/gibson_semantic/./Jennie.stage_config.json from original name : data/scene_datasets/gibson_semantic/./Jennie.glb| This file does not exist.
[14:16:04:683288]:[Metadata] AbstractObjectAttributesManagerBase.h(184)::createObject : File (data/scene_datasets/gibson_semantic/./Jennie.glb) exists but is not a recognized config filename extension, so new default Stage Template attributes created and registered.
[14:16:04:683297]:[Metadata] AttributesManagerBase.h(380)::createFromJsonOrDefaultInternal : <Stage Template>: Proposing JSON name : data/scene_datasets/gibson_semantic/./Judith.stage_config.json from original name : data/scene_datasets/gibson_semantic/./Judith.glb| This file does not exist.
[14:16:04:683331]:[Metadata] AbstractObjectAttributesManagerBase.h(184)::createObject : File (data/scene_datasets/gibson_semantic/./Judith.glb) exists but is not a recognized config filename extension, so new default Stage Template attributes created and registered.
[14:16:04:683341]:[Metadata] AttributesManagerBase.h(380)::createFromJsonOrDefaultInternal : <Stage Template>: Proposing JSON name : data/scene_datasets/gibson_semantic/./Kangley.stage_config.json from original name : data/scene_datasets/gibson_semantic/./Kangley.glb| This file does not exist.
[14:16:04:683377]:[Metadata] AbstractObjectAttributesManagerBase.h(184)::createObject : File (data/scene_datasets/gibson_semantic/./Kangley.glb) exists but is not a recognized config filename extension, so new default Stage Template attributes created and registered.
[14:16:04:683386]:[Metadata] AttributesManagerBase.h(380)::createFromJsonOrDefaultInternal : <Stage Template>: Proposing JSON name : data/scene_datasets/gibson_semantic/./Kankakee.stage_config.json from original name : data/scene_datasets/gibson_semantic/./Kankakee.glb| This file does not exist.
[14:16:04:683420]:[Metadata] AbstractObjectAttributesManagerBase.h(184)::createObject : File (data/scene_datasets/gibson_semantic/./Kankakee.glb) exists but is not a recognized config filename extension, so new default Stage Template attributes created and registered.
[14:16:04:683429]:[Metadata] AttributesManagerBase.h(380)::createFromJsonOrDefaultInternal : <Stage Template>: Proposing JSON name : data/scene_datasets/gibson_semantic/./Kathryn.stage_config.json from original name : data/scene_datasets/gibson_semantic/./Kathryn.glb| This file does not exist.
[14:16:04:683464]:[Metadata] AbstractObjectAttributesManagerBase.h(184)::createObject : File (data/scene_datasets/gibson_semantic/./Kathryn.glb) exists but is not a recognized config filename extension, so new default Stage Template attributes created and registered.
[14:16:04:683475]:[Metadata] AttributesManagerBase.h(380)::createFromJsonOrDefaultInternal : <Stage Template>: Proposing JSON name : data/scene_datasets/gibson_semantic/./Keiser.stage_config.json from original name : data/scene_datasets/gibson_semantic/./Keiser.glb| This file does not exist.
[14:16:04:683509]:[Metadata] AbstractObjectAttributesManagerBase.h(184)::createObject : File (data/scene_datasets/gibson_semantic/./Keiser.glb) exists but is not a recognized config filename extension, so new default Stage Template attributes created and registered.
[14:16:04:683518]:[Metadata] AttributesManagerBase.h(380)::createFromJsonOrDefaultInternal : <Stage Template>: Proposing JSON name : data/scene_datasets/gibson_semantic/./Kemblesville.stage_config.json from original name : data/scene_datasets/gibson_semantic/./Kemblesville.glb| This file does not exist.
[14:16:04:683555]:[Metadata] AbstractObjectAttributesManagerBase.h(184)::createObject : File (data/scene_datasets/gibson_semantic/./Kemblesville.glb) exists but is not a recognized config filename extension, so new default Stage Template attributes created and registered.
[14:16:04:683564]:[Metadata] AttributesManagerBase.h(380)::createFromJsonOrDefaultInternal : <Stage Template>: Proposing JSON name : data/scene_datasets/gibson_semantic/./Kendall.stage_config.json from original name : data/scene_datasets/gibson_semantic/./Kendall.glb| This file does not exist.
[14:16:04:683598]:[Metadata] AbstractObjectAttributesManagerBase.h(184)::createObject : File (data/scene_datasets/gibson_semantic/./Kendall.glb) exists but is not a recognized config filename extension, so new default Stage Template attributes created and registered.
[14:16:04:683607]:[Metadata] AttributesManagerBase.h(380)::createFromJsonOrDefaultInternal : <Stage Template>: Proposing JSON name : data/scene_datasets/gibson_semantic/./Kerrtown.stage_config.json from original name : data/scene_datasets/gibson_semantic/./Kerrtown.glb| This file does not exist.
[14:16:04:683642]:[Metadata] AbstractObjectAttributesManagerBase.h(184)::createObject : File (data/scene_datasets/gibson_semantic/./Kerrtown.glb) exists but is not a recognized config filename extension, so new default Stage Template attributes created and registered.
[14:16:04:683651]:[Metadata] AttributesManagerBase.h(380)::createFromJsonOrDefaultInternal : <Stage Template>: Proposing JSON name : data/scene_datasets/gibson_semantic/./Kettle.stage_config.json from original name : data/scene_datasets/gibson_semantic/./Kettle.glb| This file does not exist.
[14:16:04:683686]:[Metadata] AbstractObjectAttributesManagerBase.h(184)::createObject : File (data/scene_datasets/gibson_semantic/./Kettle.glb) exists but is not a recognized config filename extension, so new default Stage Template attributes created and registered.
[14:16:04:683695]:[Metadata] AttributesManagerBase.h(380)::createFromJsonOrDefaultInternal : <Stage Template>: Proposing JSON name : data/scene_datasets/gibson_semantic/./Kevin.stage_config.json from original name : data/scene_datasets/gibson_semantic/./Kevin.glb| This file does not exist.
[14:16:04:683730]:[Metadata] AbstractObjectAttributesManagerBase.h(184)::createObject : File (data/scene_datasets/gibson_semantic/./Kevin.glb) exists but is not a recognized config filename extension, so new default Stage Template attributes created and registered.
[14:16:04:683739]:[Metadata] AttributesManagerBase.h(380)::createFromJsonOrDefaultInternal : <Stage Template>: Proposing JSON name : data/scene_datasets/gibson_semantic/./Keweenaw.stage_config.json from original name : data/scene_datasets/gibson_semantic/./Keweenaw.glb| This file does not exist.
[14:16:04:683774]:[Metadata] AbstractObjectAttributesManagerBase.h(184)::createObject : File (data/scene_datasets/gibson_semantic/./Keweenaw.glb) exists but is not a recognized config filename extension, so new default Stage Template attributes created and registered.
[14:16:04:683784]:[Metadata] AttributesManagerBase.h(380)::createFromJsonOrDefaultInternal : <Stage Template>: Proposing JSON name : data/scene_datasets/gibson_semantic/./Kildare.stage_config.json from original name : data/scene_datasets/gibson_semantic/./Kildare.glb| This file does not exist.
[14:16:04:683819]:[Metadata] AbstractObjectAttributesManagerBase.h(184)::createObject : File (data/scene_datasets/gibson_semantic/./Kildare.glb) exists but is not a recognized config filename extension, so new default Stage Template attributes created and registered.
[14:16:04:683828]:[Metadata] AttributesManagerBase.h(380)::createFromJsonOrDefaultInternal : <Stage Template>: Proposing JSON name : data/scene_datasets/gibson_semantic/./Kinde.stage_config.json from original name : data/scene_datasets/gibson_semantic/./Kinde.glb| This file does not exist.
[14:16:04:683863]:[Metadata] AbstractObjectAttributesManagerBase.h(184)::createObject : File (data/scene_datasets/gibson_semantic/./Kinde.glb) exists but is not a recognized config filename extension, so new default Stage Template attributes created and registered.
[14:16:04:683872]:[Metadata] AttributesManagerBase.h(380)::createFromJsonOrDefaultInternal : <Stage Template>: Proposing JSON name : data/scene_datasets/gibson_semantic/./Kingdom.stage_config.json from original name : data/scene_datasets/gibson_semantic/./Kingdom.glb| This file does not exist.
[14:16:04:683906]:[Metadata] AbstractObjectAttributesManagerBase.h(184)::createObject : File (data/scene_datasets/gibson_semantic/./Kingdom.glb) exists but is not a recognized config filename extension, so new default Stage Template attributes created and registered.
[14:16:04:683915]:[Metadata] AttributesManagerBase.h(380)::createFromJsonOrDefaultInternal : <Stage Template>: Proposing JSON name : data/scene_datasets/gibson_semantic/./Kinney.stage_config.json from original name : data/scene_datasets/gibson_semantic/./Kinney.glb| This file does not exist.
[14:16:04:683949]:[Metadata] AbstractObjectAttributesManagerBase.h(184)::createObject : File (data/scene_datasets/gibson_semantic/./Kinney.glb) exists but is not a recognized config filename extension, so new default Stage Template attributes created and registered.
[14:16:04:683958]:[Metadata] AttributesManagerBase.h(380)::createFromJsonOrDefaultInternal : <Stage Template>: Proposing JSON name : data/scene_datasets/gibson_semantic/./Kirksville.stage_config.json from original name : data/scene_datasets/gibson_semantic/./Kirksville.glb| This file does not exist.
[14:16:04:683993]:[Metadata] AbstractObjectAttributesManagerBase.h(184)::createObject : File (data/scene_datasets/gibson_semantic/./Kirksville.glb) exists but is not a recognized config filename extension, so new default Stage Template attributes created and registered.
[14:16:04:684002]:[Metadata] AttributesManagerBase.h(380)::createFromJsonOrDefaultInternal : <Stage Template>: Proposing JSON name : data/scene_datasets/gibson_semantic/./Kirwin.stage_config.json from original name : data/scene_datasets/gibson_semantic/./Kirwin.glb| This file does not exist.
[14:16:04:684037]:[Metadata] AbstractObjectAttributesManagerBase.h(184)::createObject : File (data/scene_datasets/gibson_semantic/./Kirwin.glb) exists but is not a recognized config filename extension, so new default Stage Template attributes created and registered.
[14:16:04:684046]:[Metadata] AttributesManagerBase.h(380)::createFromJsonOrDefaultInternal : <Stage Template>: Proposing JSON name : data/scene_datasets/gibson_semantic/./Klickitat.stage_config.json from original name : data/scene_datasets/gibson_semantic/./Klickitat.glb| This file does not exist.
[14:16:04:684082]:[Metadata] AbstractObjectAttributesManagerBase.h(184)::createObject : File (data/scene_datasets/gibson_semantic/./Klickitat.glb) exists but is not a recognized config filename extension, so new default Stage Template attributes created and registered.
[14:16:04:684091]:[Metadata] AttributesManagerBase.h(380)::createFromJsonOrDefaultInternal : <Stage Template>: Proposing JSON name : data/scene_datasets/gibson_semantic/./Kobuk.stage_config.json from original name : data/scene_datasets/gibson_semantic/./Kobuk.glb| This file does not exist.
[14:16:04:684127]:[Metadata] AbstractObjectAttributesManagerBase.h(184)::createObject : File (data/scene_datasets/gibson_semantic/./Kobuk.glb) exists but is not a recognized config filename extension, so new default Stage Template attributes created and registered.
[14:16:04:684136]:[Metadata] AttributesManagerBase.h(380)::createFromJsonOrDefaultInternal : <Stage Template>: Proposing JSON name : data/scene_datasets/gibson_semantic/./Kopperl.stage_config.json from original name : data/scene_datasets/gibson_semantic/./Kopperl.glb| This file does not exist.
[14:16:04:684171]:[Metadata] AbstractObjectAttributesManagerBase.h(184)::createObject : File (data/scene_datasets/gibson_semantic/./Kopperl.glb) exists but is not a recognized config filename extension, so new default Stage Template attributes created and registered.
[14:16:04:684180]:[Metadata] AttributesManagerBase.h(380)::createFromJsonOrDefaultInternal : <Stage Template>: Proposing JSON name : data/scene_datasets/gibson_semantic/./Kremlin.stage_config.json from original name : data/scene_datasets/gibson_semantic/./Kremlin.glb| This file does not exist.
[14:16:04:684215]:[Metadata] AbstractObjectAttributesManagerBase.h(184)::createObject : File (data/scene_datasets/gibson_semantic/./Kremlin.glb) exists but is not a recognized config filename extension, so new default Stage Template attributes created and registered.
[14:16:04:684224]:[Metadata] AttributesManagerBase.h(380)::createFromJsonOrDefaultInternal : <Stage Template>: Proposing JSON name : data/scene_datasets/gibson_semantic/./Kronborg.stage_config.json from original name : data/scene_datasets/gibson_semantic/./Kronborg.glb| This file does not exist.
[14:16:04:684259]:[Metadata] AbstractObjectAttributesManagerBase.h(184)::createObject : File (data/scene_datasets/gibson_semantic/./Kronborg.glb) exists but is not a recognized config filename extension, so new default Stage Template attributes created and registered.
[14:16:04:684268]:[Metadata] AttributesManagerBase.h(380)::createFromJsonOrDefaultInternal : <Stage Template>: Proposing JSON name : data/scene_datasets/gibson_semantic/./Lacon.stage_config.json from original name : data/scene_datasets/gibson_semantic/./Lacon.glb| This file does not exist.
[14:16:04:684303]:[Metadata] AbstractObjectAttributesManagerBase.h(184)::createObject : File (data/scene_datasets/gibson_semantic/./Lacon.glb) exists but is not a recognized config filename extension, so new default Stage Template attributes created and registered.
[14:16:04:684312]:[Metadata] AttributesManagerBase.h(380)::createFromJsonOrDefaultInternal : <Stage Template>: Proposing JSON name : data/scene_datasets/gibson_semantic/./Lajas.stage_config.json from original name : data/scene_datasets/gibson_semantic/./Lajas.glb| This file does not exist.
[14:16:04:684348]:[Metadata] AbstractObjectAttributesManagerBase.h(184)::createObject : File (data/scene_datasets/gibson_semantic/./Lajas.glb) exists but is not a recognized config filename extension, so new default Stage Template attributes created and registered.
[14:16:04:684357]:[Metadata] AttributesManagerBase.h(380)::createFromJsonOrDefaultInternal : <Stage Template>: Proposing JSON name : data/scene_datasets/gibson_semantic/./Lakeville.stage_config.json from original name : data/scene_datasets/gibson_semantic/./Lakeville.glb| This file does not exist.
[14:16:04:684393]:[Metadata] AbstractObjectAttributesManagerBase.h(184)::createObject : File (data/scene_datasets/gibson_semantic/./Lakeville.glb) exists but is not a recognized config filename extension, so new default Stage Template attributes created and registered.
[14:16:04:684402]:[Metadata] AttributesManagerBase.h(380)::createFromJsonOrDefaultInternal : <Stage Template>: Proposing JSON name : data/scene_datasets/gibson_semantic/./Laupahoehoe.stage_config.json from original name : data/scene_datasets/gibson_semantic/./Laupahoehoe.glb| This file does not exist.
[14:16:04:684437]:[Metadata] AbstractObjectAttributesManagerBase.h(184)::createObject : File (data/scene_datasets/gibson_semantic/./Laupahoehoe.glb) exists but is not a recognized config filename extension, so new default Stage Template attributes created and registered.
[14:16:04:684446]:[Metadata] AttributesManagerBase.h(380)::createFromJsonOrDefaultInternal : <Stage Template>: Proposing JSON name : data/scene_datasets/gibson_semantic/./Laytonsville.stage_config.json from original name : data/scene_datasets/gibson_semantic/./Laytonsville.glb| This file does not exist.
[14:16:04:684481]:[Metadata] AbstractObjectAttributesManagerBase.h(184)::createObject : File (data/scene_datasets/gibson_semantic/./Laytonsville.glb) exists but is not a recognized config filename extension, so new default Stage Template attributes created and registered.
[14:16:04:684490]:[Metadata] AttributesManagerBase.h(380)::createFromJsonOrDefaultInternal : <Stage Template>: Proposing JSON name : data/scene_datasets/gibson_semantic/./Leavittsburg.stage_config.json from original name : data/scene_datasets/gibson_semantic/./Leavittsburg.glb| This file does not exist.
[14:16:04:684525]:[Metadata] AbstractObjectAttributesManagerBase.h(184)::createObject : File (data/scene_datasets/gibson_semantic/./Leavittsburg.glb) exists but is not a recognized config filename extension, so new default Stage Template attributes created and registered.
[14:16:04:684534]:[Metadata] AttributesManagerBase.h(380)::createFromJsonOrDefaultInternal : <Stage Template>: Proposing JSON name : data/scene_datasets/gibson_semantic/./Lenoir.stage_config.json from original name : data/scene_datasets/gibson_semantic/./Lenoir.glb| This file does not exist.
[14:16:04:684569]:[Metadata] AbstractObjectAttributesManagerBase.h(184)::createObject : File (data/scene_datasets/gibson_semantic/./Lenoir.glb) exists but is not a recognized config filename extension, so new default Stage Template attributes created and registered.
[14:16:04:684578]:[Metadata] AttributesManagerBase.h(380)::createFromJsonOrDefaultInternal : <Stage Template>: Proposing JSON name : data/scene_datasets/gibson_semantic/./Leonardo.stage_config.json from original name : data/scene_datasets/gibson_semantic/./Leonardo.glb| This file does not exist.
[14:16:04:684612]:[Metadata] AbstractObjectAttributesManagerBase.h(184)::createObject : File (data/scene_datasets/gibson_semantic/./Leonardo.glb) exists but is not a recognized config filename extension, so new default Stage Template attributes created and registered.
[14:16:04:684621]:[Metadata] AttributesManagerBase.h(380)::createFromJsonOrDefaultInternal : <Stage Template>: Proposing JSON name : data/scene_datasets/gibson_semantic/./Lessley.stage_config.json from original name : data/scene_datasets/gibson_semantic/./Lessley.glb| This file does not exist.
[14:16:04:684655]:[Metadata] AbstractObjectAttributesManagerBase.h(184)::createObject : File (data/scene_datasets/gibson_semantic/./Lessley.glb) exists but is not a recognized config filename extension, so new default Stage Template attributes created and registered.
[14:16:04:684665]:[Metadata] AttributesManagerBase.h(380)::createFromJsonOrDefaultInternal : <Stage Template>: Proposing JSON name : data/scene_datasets/gibson_semantic/./Lincolnwood.stage_config.json from original name : data/scene_datasets/gibson_semantic/./Lincolnwood.glb| This file does not exist.
[14:16:04:684701]:[Metadata] AbstractObjectAttributesManagerBase.h(184)::createObject : File (data/scene_datasets/gibson_semantic/./Lincolnwood.glb) exists but is not a recognized config filename extension, so new default Stage Template attributes created and registered.
[14:16:04:684710]:[Metadata] AttributesManagerBase.h(380)::createFromJsonOrDefaultInternal : <Stage Template>: Proposing JSON name : data/scene_datasets/gibson_semantic/./Lindberg.stage_config.json from original name : data/scene_datasets/gibson_semantic/./Lindberg.glb| This file does not exist.
[14:16:04:684758]:[Metadata] AbstractObjectAttributesManagerBase.h(184)::createObject : File (data/scene_datasets/gibson_semantic/./Lindberg.glb) exists but is not a recognized config filename extension, so new default Stage Template attributes created and registered.
[14:16:04:684767]:[Metadata] AttributesManagerBase.h(380)::createFromJsonOrDefaultInternal : <Stage Template>: Proposing JSON name : data/scene_datasets/gibson_semantic/./Lindenwood.stage_config.json from original name : data/scene_datasets/gibson_semantic/./Lindenwood.glb| This file does not exist.
[14:16:04:684803]:[Metadata] AbstractObjectAttributesManagerBase.h(184)::createObject : File (data/scene_datasets/gibson_semantic/./Lindenwood.glb) exists but is not a recognized config filename extension, so new default Stage Template attributes created and registered.
[14:16:04:684812]:[Metadata] AttributesManagerBase.h(380)::createFromJsonOrDefaultInternal : <Stage Template>: Proposing JSON name : data/scene_datasets/gibson_semantic/./Lindsborg.stage_config.json from original name : data/scene_datasets/gibson_semantic/./Lindsborg.glb| This file does not exist.
[14:16:04:684847]:[Metadata] AbstractObjectAttributesManagerBase.h(184)::createObject : File (data/scene_datasets/gibson_semantic/./Lindsborg.glb) exists but is not a recognized config filename extension, so new default Stage Template attributes created and registered.
[14:16:04:684856]:[Metadata] AttributesManagerBase.h(380)::createFromJsonOrDefaultInternal : <Stage Template>: Proposing JSON name : data/scene_datasets/gibson_semantic/./Lineville.stage_config.json from original name : data/scene_datasets/gibson_semantic/./Lineville.glb| This file does not exist.
[14:16:04:684892]:[Metadata] AbstractObjectAttributesManagerBase.h(184)::createObject : File (data/scene_datasets/gibson_semantic/./Lineville.glb) exists but is not a recognized config filename extension, so new default Stage Template attributes created and registered.
[14:16:04:684901]:[Metadata] AttributesManagerBase.h(380)::createFromJsonOrDefaultInternal : <Stage Template>: Proposing JSON name : data/scene_datasets/gibson_semantic/./Lluveras.stage_config.json from original name : data/scene_datasets/gibson_semantic/./Lluveras.glb| This file does not exist.
[14:16:04:684936]:[Metadata] AbstractObjectAttributesManagerBase.h(184)::createObject : File (data/scene_datasets/gibson_semantic/./Lluveras.glb) exists but is not a recognized config filename extension, so new default Stage Template attributes created and registered.
[14:16:04:684945]:[Metadata] AttributesManagerBase.h(380)::createFromJsonOrDefaultInternal : <Stage Template>: Proposing JSON name : data/scene_datasets/gibson_semantic/./Lucan.stage_config.json from original name : data/scene_datasets/gibson_semantic/./Lucan.glb| This file does not exist.
[14:16:04:684979]:[Metadata] AbstractObjectAttributesManagerBase.h(184)::createObject : File (data/scene_datasets/gibson_semantic/./Lucan.glb) exists but is not a recognized config filename extension, so new default Stage Template attributes created and registered.
[14:16:04:684989]:[Metadata] AttributesManagerBase.h(380)::createFromJsonOrDefaultInternal : <Stage Template>: Proposing JSON name : data/scene_datasets/gibson_semantic/./Ludlowville.stage_config.json from original name : data/scene_datasets/gibson_semantic/./Ludlowville.glb| This file does not exist.
[14:16:04:685024]:[Metadata] AbstractObjectAttributesManagerBase.h(184)::createObject : File (data/scene_datasets/gibson_semantic/./Ludlowville.glb) exists but is not a recognized config filename extension, so new default Stage Template attributes created and registered.
[14:16:04:685033]:[Metadata] AttributesManagerBase.h(380)::createFromJsonOrDefaultInternal : <Stage Template>: Proposing JSON name : data/scene_datasets/gibson_semantic/./Lynchburg.stage_config.json from original name : data/scene_datasets/gibson_semantic/./Lynchburg.glb| This file does not exist.
[14:16:04:685069]:[Metadata] AbstractObjectAttributesManagerBase.h(184)::createObject : File (data/scene_datasets/gibson_semantic/./Lynchburg.glb) exists but is not a recognized config filename extension, so new default Stage Template attributes created and registered.
[14:16:04:685079]:[Metadata] AttributesManagerBase.h(380)::createFromJsonOrDefaultInternal : <Stage Template>: Proposing JSON name : data/scene_datasets/gibson_semantic/./Lynxville.stage_config.json from original name : data/scene_datasets/gibson_semantic/./Lynxville.glb| This file does not exist.
[14:16:04:685114]:[Metadata] AbstractObjectAttributesManagerBase.h(184)::createObject : File (data/scene_datasets/gibson_semantic/./Lynxville.glb) exists but is not a recognized config filename extension, so new default Stage Template attributes created and registered.
[14:16:04:685123]:[Metadata] AttributesManagerBase.h(380)::createFromJsonOrDefaultInternal : <Stage Template>: Proposing JSON name : data/scene_datasets/gibson_semantic/./MacArthur.stage_config.json from original name : data/scene_datasets/gibson_semantic/./MacArthur.glb| This file does not exist.
[14:16:04:685158]:[Metadata] AbstractObjectAttributesManagerBase.h(184)::createObject : File (data/scene_datasets/gibson_semantic/./MacArthur.glb) exists but is not a recognized config filename extension, so new default Stage Template attributes created and registered.
[14:16:04:685167]:[Metadata] AttributesManagerBase.h(380)::createFromJsonOrDefaultInternal : <Stage Template>: Proposing JSON name : data/scene_datasets/gibson_semantic/./Macedon.stage_config.json from original name : data/scene_datasets/gibson_semantic/./Macedon.glb| This file does not exist.
[14:16:04:685203]:[Metadata] AbstractObjectAttributesManagerBase.h(184)::createObject : File (data/scene_datasets/gibson_semantic/./Macedon.glb) exists but is not a recognized config filename extension, so new default Stage Template attributes created and registered.
[14:16:04:685212]:[Metadata] AttributesManagerBase.h(380)::createFromJsonOrDefaultInternal : <Stage Template>: Proposing JSON name : data/scene_datasets/gibson_semantic/./Macksville.stage_config.json from original name : data/scene_datasets/gibson_semantic/./Macksville.glb| This file does not exist.
[14:16:04:685247]:[Metadata] AbstractObjectAttributesManagerBase.h(184)::createObject : File (data/scene_datasets/gibson_semantic/./Macksville.glb) exists but is not a recognized config filename extension, so new default Stage Template attributes created and registered.
[14:16:04:685257]:[Metadata] AttributesManagerBase.h(380)::createFromJsonOrDefaultInternal : <Stage Template>: Proposing JSON name : data/scene_datasets/gibson_semantic/./Maguayo.stage_config.json from original name : data/scene_datasets/gibson_semantic/./Maguayo.glb| This file does not exist.
[14:16:04:685291]:[Metadata] AbstractObjectAttributesManagerBase.h(184)::createObject : File (data/scene_datasets/gibson_semantic/./Maguayo.glb) exists but is not a recognized config filename extension, so new default Stage Template attributes created and registered.
[14:16:04:685300]:[Metadata] AttributesManagerBase.h(380)::createFromJsonOrDefaultInternal : <Stage Template>: Proposing JSON name : data/scene_datasets/gibson_semantic/./Mahtomedi.stage_config.json from original name : data/scene_datasets/gibson_semantic/./Mahtomedi.glb| This file does not exist.
[14:16:04:685335]:[Metadata] AbstractObjectAttributesManagerBase.h(184)::createObject : File (data/scene_datasets/gibson_semantic/./Mahtomedi.glb) exists but is not a recognized config filename extension, so new default Stage Template attributes created and registered.
[14:16:04:685344]:[Metadata] AttributesManagerBase.h(380)::createFromJsonOrDefaultInternal : <Stage Template>: Proposing JSON name : data/scene_datasets/gibson_semantic/./Maida.stage_config.json from original name : data/scene_datasets/gibson_semantic/./Maida.glb| This file does not exist.
[14:16:04:685379]:[Metadata] AbstractObjectAttributesManagerBase.h(184)::createObject : File (data/scene_datasets/gibson_semantic/./Maida.glb) exists but is not a recognized config filename extension, so new default Stage Template attributes created and registered.
[14:16:04:685388]:[Metadata] AttributesManagerBase.h(380)::createFromJsonOrDefaultInternal : <Stage Template>: Proposing JSON name : data/scene_datasets/gibson_semantic/./Maiden.stage_config.json from original name : data/scene_datasets/gibson_semantic/./Maiden.glb| This file does not exist.
[14:16:04:685423]:[Metadata] AbstractObjectAttributesManagerBase.h(184)::createObject : File (data/scene_datasets/gibson_semantic/./Maiden.glb) exists but is not a recognized config filename extension, so new default Stage Template attributes created and registered.
[14:16:04:685432]:[Metadata] AttributesManagerBase.h(380)::createFromJsonOrDefaultInternal : <Stage Template>: Proposing JSON name : data/scene_datasets/gibson_semantic/./Maitland.stage_config.json from original name : data/scene_datasets/gibson_semantic/./Maitland.glb| This file does not exist.
[14:16:04:685467]:[Metadata] AbstractObjectAttributesManagerBase.h(184)::createObject : File (data/scene_datasets/gibson_semantic/./Maitland.glb) exists but is not a recognized config filename extension, so new default Stage Template attributes created and registered.
[14:16:04:685476]:[Metadata] AttributesManagerBase.h(380)::createFromJsonOrDefaultInternal : <Stage Template>: Proposing JSON name : data/scene_datasets/gibson_semantic/./Mammoth.stage_config.json from original name : data/scene_datasets/gibson_semantic/./Mammoth.glb| This file does not exist.
[14:16:04:685511]:[Metadata] AbstractObjectAttributesManagerBase.h(184)::createObject : File (data/scene_datasets/gibson_semantic/./Mammoth.glb) exists but is not a recognized config filename extension, so new default Stage Template attributes created and registered.
[14:16:04:685520]:[Metadata] AttributesManagerBase.h(380)::createFromJsonOrDefaultInternal : <Stage Template>: Proposing JSON name : data/scene_datasets/gibson_semantic/./Maricopa.stage_config.json from original name : data/scene_datasets/gibson_semantic/./Maricopa.glb| This file does not exist.
[14:16:04:685555]:[Metadata] AbstractObjectAttributesManagerBase.h(184)::createObject : File (data/scene_datasets/gibson_semantic/./Maricopa.glb) exists but is not a recognized config filename extension, so new default Stage Template attributes created and registered.
[14:16:04:685565]:[Metadata] AttributesManagerBase.h(380)::createFromJsonOrDefaultInternal : <Stage Template>: Proposing JSON name : data/scene_datasets/gibson_semantic/./Markleeville.stage_config.json from original name : data/scene_datasets/gibson_semantic/./Markleeville.glb| This file does not exist.
[14:16:04:685599]:[Metadata] AbstractObjectAttributesManagerBase.h(184)::createObject : File (data/scene_datasets/gibson_semantic/./Markleeville.glb) exists but is not a recognized config filename extension, so new default Stage Template attributes created and registered.
[14:16:04:685608]:[Metadata] AttributesManagerBase.h(380)::createFromJsonOrDefaultInternal : <Stage Template>: Proposing JSON name : data/scene_datasets/gibson_semantic/./Marksville.stage_config.json from original name : data/scene_datasets/gibson_semantic/./Marksville.glb| This file does not exist.
[14:16:04:685643]:[Metadata] AbstractObjectAttributesManagerBase.h(184)::createObject : File (data/scene_datasets/gibson_semantic/./Marksville.glb) exists but is not a recognized config filename extension, so new default Stage Template attributes created and registered.
[14:16:04:685652]:[Metadata] AttributesManagerBase.h(380)::createFromJsonOrDefaultInternal : <Stage Template>: Proposing JSON name : data/scene_datasets/gibson_semantic/./Marland.stage_config.json from original name : data/scene_datasets/gibson_semantic/./Marland.glb| This file does not exist.
[14:16:04:685688]:[Metadata] AbstractObjectAttributesManagerBase.h(184)::createObject : File (data/scene_datasets/gibson_semantic/./Marland.glb) exists but is not a recognized config filename extension, so new default Stage Template attributes created and registered.
[14:16:04:685698]:[Metadata] AttributesManagerBase.h(380)::createFromJsonOrDefaultInternal : <Stage Template>: Proposing JSON name : data/scene_datasets/gibson_semantic/./Marstons.stage_config.json from original name : data/scene_datasets/gibson_semantic/./Marstons.glb| This file does not exist.
[14:16:04:685732]:[Metadata] AbstractObjectAttributesManagerBase.h(184)::createObject : File (data/scene_datasets/gibson_semantic/./Marstons.glb) exists but is not a recognized config filename extension, so new default Stage Template attributes created and registered.
[14:16:04:685741]:[Metadata] AttributesManagerBase.h(380)::createFromJsonOrDefaultInternal : <Stage Template>: Proposing JSON name : data/scene_datasets/gibson_semantic/./Martinville.stage_config.json from original name : data/scene_datasets/gibson_semantic/./Martinville.glb| This file does not exist.
[14:16:04:685777]:[Metadata] AbstractObjectAttributesManagerBase.h(184)::createObject : File (data/scene_datasets/gibson_semantic/./Martinville.glb) exists but is not a recognized config filename extension, so new default Stage Template attributes created and registered.
[14:16:04:685786]:[Metadata] AttributesManagerBase.h(380)::createFromJsonOrDefaultInternal : <Stage Template>: Proposing JSON name : data/scene_datasets/gibson_semantic/./Maryhill.stage_config.json from original name : data/scene_datasets/gibson_semantic/./Maryhill.glb| This file does not exist.
[14:16:04:685821]:[Metadata] AbstractObjectAttributesManagerBase.h(184)::createObject : File (data/scene_datasets/gibson_semantic/./Maryhill.glb) exists but is not a recognized config filename extension, so new default Stage Template attributes created and registered.
[14:16:04:685831]:[Metadata] AttributesManagerBase.h(380)::createFromJsonOrDefaultInternal : <Stage Template>: Proposing JSON name : data/scene_datasets/gibson_semantic/./Mashulaville.stage_config.json from original name : data/scene_datasets/gibson_semantic/./Mashulaville.glb| This file does not exist.
[14:16:04:685865]:[Metadata] AbstractObjectAttributesManagerBase.h(184)::createObject : File (data/scene_datasets/gibson_semantic/./Mashulaville.glb) exists but is not a recognized config filename extension, so new default Stage Template attributes created and registered.
[14:16:04:685874]:[Metadata] AttributesManagerBase.h(380)::createFromJsonOrDefaultInternal : <Stage Template>: Proposing JSON name : data/scene_datasets/gibson_semantic/./Maugansville.stage_config.json from original name : data/scene_datasets/gibson_semantic/./Maugansville.glb| This file does not exist.
[14:16:04:685909]:[Metadata] AbstractObjectAttributesManagerBase.h(184)::createObject : File (data/scene_datasets/gibson_semantic/./Maugansville.glb) exists but is not a recognized config filename extension, so new default Stage Template attributes created and registered.
[14:16:04:685918]:[Metadata] AttributesManagerBase.h(380)::createFromJsonOrDefaultInternal : <Stage Template>: Proposing JSON name : data/scene_datasets/gibson_semantic/./Maunawili.stage_config.json from original name : data/scene_datasets/gibson_semantic/./Maunawili.glb| This file does not exist.
[14:16:04:685952]:[Metadata] AbstractObjectAttributesManagerBase.h(184)::createObject : File (data/scene_datasets/gibson_semantic/./Maunawili.glb) exists but is not a recognized config filename extension, so new default Stage Template attributes created and registered.
[14:16:04:685962]:[Metadata] AttributesManagerBase.h(380)::createFromJsonOrDefaultInternal : <Stage Template>: Proposing JSON name : data/scene_datasets/gibson_semantic/./Mayesville.stage_config.json from original name : data/scene_datasets/gibson_semantic/./Mayesville.glb| This file does not exist.
[14:16:04:685997]:[Metadata] AbstractObjectAttributesManagerBase.h(184)::createObject : File (data/scene_datasets/gibson_semantic/./Mayesville.glb) exists but is not a recognized config filename extension, so new default Stage Template attributes created and registered.
[14:16:04:686006]:[Metadata] AttributesManagerBase.h(380)::createFromJsonOrDefaultInternal : <Stage Template>: Proposing JSON name : data/scene_datasets/gibson_semantic/./Mazomanie.stage_config.json from original name : data/scene_datasets/gibson_semantic/./Mazomanie.glb| This file does not exist.
[14:16:04:686043]:[Metadata] AbstractObjectAttributesManagerBase.h(184)::createObject : File (data/scene_datasets/gibson_semantic/./Mazomanie.glb) exists but is not a recognized config filename extension, so new default Stage Template attributes created and registered.
[14:16:04:686052]:[Metadata] AttributesManagerBase.h(380)::createFromJsonOrDefaultInternal : <Stage Template>: Proposing JSON name : data/scene_datasets/gibson_semantic/./McCloud.stage_config.json from original name : data/scene_datasets/gibson_semantic/./McCloud.glb| This file does not exist.
[14:16:04:686089]:[Metadata] AbstractObjectAttributesManagerBase.h(184)::createObject : File (data/scene_datasets/gibson_semantic/./McCloud.glb) exists but is not a recognized config filename extension, so new default Stage Template attributes created and registered.
[14:16:04:686098]:[Metadata] AttributesManagerBase.h(380)::createFromJsonOrDefaultInternal : <Stage Template>: Proposing JSON name : data/scene_datasets/gibson_semantic/./McEwen.stage_config.json from original name : data/scene_datasets/gibson_semantic/./McEwen.glb| This file does not exist.
[14:16:04:686133]:[Metadata] AbstractObjectAttributesManagerBase.h(184)::createObject : File (data/scene_datasets/gibson_semantic/./McEwen.glb) exists but is not a recognized config filename extension, so new default Stage Template attributes created and registered.
[14:16:04:686142]:[Metadata] AttributesManagerBase.h(380)::createFromJsonOrDefaultInternal : <Stage Template>: Proposing JSON name : data/scene_datasets/gibson_semantic/./McKeesport.stage_config.json from original name : data/scene_datasets/gibson_semantic/./McKeesport.glb| This file does not exist.
[14:16:04:686176]:[Metadata] AbstractObjectAttributesManagerBase.h(184)::createObject : File (data/scene_datasets/gibson_semantic/./McKeesport.glb) exists but is not a recognized config filename extension, so new default Stage Template attributes created and registered.
[14:16:04:686185]:[Metadata] AttributesManagerBase.h(380)::createFromJsonOrDefaultInternal : <Stage Template>: Proposing JSON name : data/scene_datasets/gibson_semantic/./Melstone.stage_config.json from original name : data/scene_datasets/gibson_semantic/./Melstone.glb| This file does not exist.
[14:16:04:686219]:[Metadata] AbstractObjectAttributesManagerBase.h(184)::createObject : File (data/scene_datasets/gibson_semantic/./Melstone.glb) exists but is not a recognized config filename extension, so new default Stage Template attributes created and registered.
[14:16:04:686229]:[Metadata] AttributesManagerBase.h(380)::createFromJsonOrDefaultInternal : <Stage Template>: Proposing JSON name : data/scene_datasets/gibson_semantic/./Mentasta.stage_config.json from original name : data/scene_datasets/gibson_semantic/./Mentasta.glb| This file does not exist.
[14:16:04:686264]:[Metadata] AbstractObjectAttributesManagerBase.h(184)::createObject : File (data/scene_datasets/gibson_semantic/./Mentasta.glb) exists but is not a recognized config filename extension, so new default Stage Template attributes created and registered.
[14:16:04:686273]:[Metadata] AttributesManagerBase.h(380)::createFromJsonOrDefaultInternal : <Stage Template>: Proposing JSON name : data/scene_datasets/gibson_semantic/./Mentmore.stage_config.json from original name : data/scene_datasets/gibson_semantic/./Mentmore.glb| This file does not exist.
[14:16:04:686307]:[Metadata] AbstractObjectAttributesManagerBase.h(184)::createObject : File (data/scene_datasets/gibson_semantic/./Mentmore.glb) exists but is not a recognized config filename extension, so new default Stage Template attributes created and registered.
[14:16:04:686316]:[Metadata] AttributesManagerBase.h(380)::createFromJsonOrDefaultInternal : <Stage Template>: Proposing JSON name : data/scene_datasets/gibson_semantic/./Merchantville.stage_config.json from original name : data/scene_datasets/gibson_semantic/./Merchantville.glb| This file does not exist.
[14:16:04:686351]:[Metadata] AbstractObjectAttributesManagerBase.h(184)::createObject : File (data/scene_datasets/gibson_semantic/./Merchantville.glb) exists but is not a recognized config filename extension, so new default Stage Template attributes created and registered.
[14:16:04:686361]:[Metadata] AttributesManagerBase.h(380)::createFromJsonOrDefaultInternal : <Stage Template>: Proposing JSON name : data/scene_datasets/gibson_semantic/./Merlin.stage_config.json from original name : data/scene_datasets/gibson_semantic/./Merlin.glb| This file does not exist.
[14:16:04:686397]:[Metadata] AbstractObjectAttributesManagerBase.h(184)::createObject : File (data/scene_datasets/gibson_semantic/./Merlin.glb) exists but is not a recognized config filename extension, so new default Stage Template attributes created and registered.
[14:16:04:686407]:[Metadata] AttributesManagerBase.h(380)::createFromJsonOrDefaultInternal : <Stage Template>: Proposing JSON name : data/scene_datasets/gibson_semantic/./Merom.stage_config.json from original name : data/scene_datasets/gibson_semantic/./Merom.glb| This file does not exist.
[14:16:04:686442]:[Metadata] AbstractObjectAttributesManagerBase.h(184)::createObject : File (data/scene_datasets/gibson_semantic/./Merom.glb) exists but is not a recognized config filename extension, so new default Stage Template attributes created and registered.
[14:16:04:686452]:[Metadata] AttributesManagerBase.h(380)::createFromJsonOrDefaultInternal : <Stage Template>: Proposing JSON name : data/scene_datasets/gibson_semantic/./Mesic.stage_config.json from original name : data/scene_datasets/gibson_semantic/./Mesic.glb| This file does not exist.
[14:16:04:686488]:[Metadata] AbstractObjectAttributesManagerBase.h(184)::createObject : File (data/scene_datasets/gibson_semantic/./Mesic.glb) exists but is not a recognized config filename extension, so new default Stage Template attributes created and registered.
[14:16:04:686497]:[Metadata] AttributesManagerBase.h(380)::createFromJsonOrDefaultInternal : <Stage Template>: Proposing JSON name : data/scene_datasets/gibson_semantic/./Micanopy.stage_config.json from original name : data/scene_datasets/gibson_semantic/./Micanopy.glb| This file does not exist.
[14:16:04:686532]:[Metadata] AbstractObjectAttributesManagerBase.h(184)::createObject : File (data/scene_datasets/gibson_semantic/./Micanopy.glb) exists but is not a recognized config filename extension, so new default Stage Template attributes created and registered.
[14:16:04:686541]:[Metadata] AttributesManagerBase.h(380)::createFromJsonOrDefaultInternal : <Stage Template>: Proposing JSON name : data/scene_datasets/gibson_semantic/./Michiana.stage_config.json from original name : data/scene_datasets/gibson_semantic/./Michiana.glb| This file does not exist.
[14:16:04:686576]:[Metadata] AbstractObjectAttributesManagerBase.h(184)::createObject : File (data/scene_datasets/gibson_semantic/./Michiana.glb) exists but is not a recognized config filename extension, so new default Stage Template attributes created and registered.
[14:16:04:686586]:[Metadata] AttributesManagerBase.h(380)::createFromJsonOrDefaultInternal : <Stage Template>: Proposing JSON name : data/scene_datasets/gibson_semantic/./Mifflinburg.stage_config.json from original name : data/scene_datasets/gibson_semantic/./Mifflinburg.glb| This file does not exist.
[14:16:04:686621]:[Metadata] AbstractObjectAttributesManagerBase.h(184)::createObject : File (data/scene_datasets/gibson_semantic/./Mifflinburg.glb) exists but is not a recognized config filename extension, so new default Stage Template attributes created and registered.
[14:16:04:686630]:[Metadata] AttributesManagerBase.h(380)::createFromJsonOrDefaultInternal : <Stage Template>: Proposing JSON name : data/scene_datasets/gibson_semantic/./Mifflintown.stage_config.json from original name : data/scene_datasets/gibson_semantic/./Mifflintown.glb| This file does not exist.
[14:16:04:690500]:[Metadata] AbstractObjectAttributesManagerBase.h(184)::createObject : File (data/scene_datasets/gibson_semantic/./Mifflintown.glb) exists but is not a recognized config filename extension, so new default Stage Template attributes created and registered.
[14:16:04:690558]:[Metadata] AttributesManagerBase.h(380)::createFromJsonOrDefaultInternal : <Stage Template>: Proposing JSON name : data/scene_datasets/gibson_semantic/./Milaca.stage_config.json from original name : data/scene_datasets/gibson_semantic/./Milaca.glb| This file does not exist.
[14:16:04:690598]:[Metadata] AbstractObjectAttributesManagerBase.h(184)::createObject : File (data/scene_datasets/gibson_semantic/./Milaca.glb) exists but is not a recognized config filename extension, so new default Stage Template attributes created and registered.
[14:16:04:690612]:[Metadata] AttributesManagerBase.h(380)::createFromJsonOrDefaultInternal : <Stage Template>: Proposing JSON name : data/scene_datasets/gibson_semantic/./Milford.stage_config.json from original name : data/scene_datasets/gibson_semantic/./Milford.glb| This file does not exist.
[14:16:04:690663]:[Metadata] AbstractObjectAttributesManagerBase.h(184)::createObject : File (data/scene_datasets/gibson_semantic/./Milford.glb) exists but is not a recognized config filename extension, so new default Stage Template attributes created and registered.
[14:16:04:690673]:[Metadata] AttributesManagerBase.h(380)::createFromJsonOrDefaultInternal : <Stage Template>: Proposing JSON name : data/scene_datasets/gibson_semantic/./Millbury.stage_config.json from original name : data/scene_datasets/gibson_semantic/./Millbury.glb| This file does not exist.
[14:16:04:690715]:[Metadata] AbstractObjectAttributesManagerBase.h(184)::createObject : File (data/scene_datasets/gibson_semantic/./Millbury.glb) exists but is not a recognized config filename extension, so new default Stage Template attributes created and registered.
[14:16:04:690727]:[Metadata] AttributesManagerBase.h(380)::createFromJsonOrDefaultInternal : <Stage Template>: Proposing JSON name : data/scene_datasets/gibson_semantic/./Moark.stage_config.json from original name : data/scene_datasets/gibson_semantic/./Moark.glb| This file does not exist.
[14:16:04:690765]:[Metadata] AbstractObjectAttributesManagerBase.h(184)::createObject : File (data/scene_datasets/gibson_semantic/./Moark.glb) exists but is not a recognized config filename extension, so new default Stage Template attributes created and registered.
[14:16:04:690776]:[Metadata] AttributesManagerBase.h(380)::createFromJsonOrDefaultInternal : <Stage Template>: Proposing JSON name : data/scene_datasets/gibson_semantic/./Moberly.stage_config.json from original name : data/scene_datasets/gibson_semantic/./Moberly.glb| This file does not exist.
[14:16:04:690815]:[Metadata] AbstractObjectAttributesManagerBase.h(184)::createObject : File (data/scene_datasets/gibson_semantic/./Moberly.glb) exists but is not a recognized config filename extension, so new default Stage Template attributes created and registered.
[14:16:04:690827]:[Metadata] AttributesManagerBase.h(380)::createFromJsonOrDefaultInternal : <Stage Template>: Proposing JSON name : data/scene_datasets/gibson_semantic/./Mobridge.stage_config.json from original name : data/scene_datasets/gibson_semantic/./Mobridge.glb| This file does not exist.
[14:16:04:690864]:[Metadata] AbstractObjectAttributesManagerBase.h(184)::createObject : File (data/scene_datasets/gibson_semantic/./Mobridge.glb) exists but is not a recognized config filename extension, so new default Stage Template attributes created and registered.
[14:16:04:690875]:[Metadata] AttributesManagerBase.h(380)::createFromJsonOrDefaultInternal : <Stage Template>: Proposing JSON name : data/scene_datasets/gibson_semantic/./Model.stage_config.json from original name : data/scene_datasets/gibson_semantic/./Model.glb| This file does not exist.
[14:16:04:690913]:[Metadata] AbstractObjectAttributesManagerBase.h(184)::createObject : File (data/scene_datasets/gibson_semantic/./Model.glb) exists but is not a recognized config filename extension, so new default Stage Template attributes created and registered.
[14:16:04:690922]:[Metadata] AttributesManagerBase.h(380)::createFromJsonOrDefaultInternal : <Stage Template>: Proposing JSON name : data/scene_datasets/gibson_semantic/./Mogadore.stage_config.json from original name : data/scene_datasets/gibson_semantic/./Mogadore.glb| This file does not exist.
[14:16:04:690959]:[Metadata] AbstractObjectAttributesManagerBase.h(184)::createObject : File (data/scene_datasets/gibson_semantic/./Mogadore.glb) exists but is not a recognized config filename extension, so new default Stage Template attributes created and registered.
[14:16:04:690968]:[Metadata] AttributesManagerBase.h(380)::createFromJsonOrDefaultInternal : <Stage Template>: Proposing JSON name : data/scene_datasets/gibson_semantic/./Mogote.stage_config.json from original name : data/scene_datasets/gibson_semantic/./Mogote.glb| This file does not exist.
[14:16:04:691008]:[Metadata] AbstractObjectAttributesManagerBase.h(184)::createObject : File (data/scene_datasets/gibson_semantic/./Mogote.glb) exists but is not a recognized config filename extension, so new default Stage Template attributes created and registered.
[14:16:04:691019]:[Metadata] AttributesManagerBase.h(380)::createFromJsonOrDefaultInternal : <Stage Template>: Proposing JSON name : data/scene_datasets/gibson_semantic/./Monson.stage_config.json from original name : data/scene_datasets/gibson_semantic/./Monson.glb| This file does not exist.
[14:16:04:691056]:[Metadata] AbstractObjectAttributesManagerBase.h(184)::createObject : File (data/scene_datasets/gibson_semantic/./Monson.glb) exists but is not a recognized config filename extension, so new default Stage Template attributes created and registered.
[14:16:04:691066]:[Metadata] AttributesManagerBase.h(380)::createFromJsonOrDefaultInternal : <Stage Template>: Proposing JSON name : data/scene_datasets/gibson_semantic/./Monticello.stage_config.json from original name : data/scene_datasets/gibson_semantic/./Monticello.glb| This file does not exist.
[14:16:04:691103]:[Metadata] AbstractObjectAttributesManagerBase.h(184)::createObject : File (data/scene_datasets/gibson_semantic/./Monticello.glb) exists but is not a recognized config filename extension, so new default Stage Template attributes created and registered.
[14:16:04:691113]:[Metadata] AttributesManagerBase.h(380)::createFromJsonOrDefaultInternal : <Stage Template>: Proposing JSON name : data/scene_datasets/gibson_semantic/./Montreal.stage_config.json from original name : data/scene_datasets/gibson_semantic/./Montreal.glb| This file does not exist.
[14:16:04:691150]:[Metadata] AbstractObjectAttributesManagerBase.h(184)::createObject : File (data/scene_datasets/gibson_semantic/./Montreal.glb) exists but is not a recognized config filename extension, so new default Stage Template attributes created and registered.
[14:16:04:691160]:[Metadata] AttributesManagerBase.h(380)::createFromJsonOrDefaultInternal : <Stage Template>: Proposing JSON name : data/scene_datasets/gibson_semantic/./Moonachie.stage_config.json from original name : data/scene_datasets/gibson_semantic/./Moonachie.glb| This file does not exist.
[14:16:04:691197]:[Metadata] AbstractObjectAttributesManagerBase.h(184)::createObject : File (data/scene_datasets/gibson_semantic/./Moonachie.glb) exists but is not a recognized config filename extension, so new default Stage Template attributes created and registered.
[14:16:04:691206]:[Metadata] AttributesManagerBase.h(380)::createFromJsonOrDefaultInternal : <Stage Template>: Proposing JSON name : data/scene_datasets/gibson_semantic/./Mosinee.stage_config.json from original name : data/scene_datasets/gibson_semantic/./Mosinee.glb| This file does not exist.
[14:16:04:691244]:[Metadata] AbstractObjectAttributesManagerBase.h(184)::createObject : File (data/scene_datasets/gibson_semantic/./Mosinee.glb) exists but is not a recognized config filename extension, so new default Stage Template attributes created and registered.
[14:16:04:691254]:[Metadata] AttributesManagerBase.h(380)::createFromJsonOrDefaultInternal : <Stage Template>: Proposing JSON name : data/scene_datasets/gibson_semantic/./Mosquito.stage_config.json from original name : data/scene_datasets/gibson_semantic/./Mosquito.glb| This file does not exist.
[14:16:04:691290]:[Metadata] AbstractObjectAttributesManagerBase.h(184)::createObject : File (data/scene_datasets/gibson_semantic/./Mosquito.glb) exists but is not a recognized config filename extension, so new default Stage Template attributes created and registered.
[14:16:04:691302]:[Metadata] AttributesManagerBase.h(380)::createFromJsonOrDefaultInternal : <Stage Template>: Proposing JSON name : data/scene_datasets/gibson_semantic/./Mullica.stage_config.json from original name : data/scene_datasets/gibson_semantic/./Mullica.glb| This file does not exist.
[14:16:04:691342]:[Metadata] AbstractObjectAttributesManagerBase.h(184)::createObject : File (data/scene_datasets/gibson_semantic/./Mullica.glb) exists but is not a recognized config filename extension, so new default Stage Template attributes created and registered.
[14:16:04:691352]:[Metadata] AttributesManagerBase.h(380)::createFromJsonOrDefaultInternal : <Stage Template>: Proposing JSON name : data/scene_datasets/gibson_semantic/./Munsons.stage_config.json from original name : data/scene_datasets/gibson_semantic/./Munsons.glb| This file does not exist.
[14:16:04:691392]:[Metadata] AbstractObjectAttributesManagerBase.h(184)::createObject : File (data/scene_datasets/gibson_semantic/./Munsons.glb) exists but is not a recognized config filename extension, so new default Stage Template attributes created and registered.
[14:16:04:691405]:[Metadata] AttributesManagerBase.h(380)::createFromJsonOrDefaultInternal : <Stage Template>: Proposing JSON name : data/scene_datasets/gibson_semantic/./Murchison.stage_config.json from original name : data/scene_datasets/gibson_semantic/./Murchison.glb| This file does not exist.
[14:16:04:691442]:[Metadata] AbstractObjectAttributesManagerBase.h(184)::createObject : File (data/scene_datasets/gibson_semantic/./Murchison.glb) exists but is not a recognized config filename extension, so new default Stage Template attributes created and registered.
[14:16:04:691451]:[Metadata] AttributesManagerBase.h(380)::createFromJsonOrDefaultInternal : <Stage Template>: Proposing JSON name : data/scene_datasets/gibson_semantic/./Musicks.stage_config.json from original name : data/scene_datasets/gibson_semantic/./Musicks.glb| This file does not exist.
[14:16:04:691490]:[Metadata] AbstractObjectAttributesManagerBase.h(184)::createObject : File (data/scene_datasets/gibson_semantic/./Musicks.glb) exists but is not a recognized config filename extension, so new default Stage Template attributes created and registered.
[14:16:04:691499]:[Metadata] AttributesManagerBase.h(380)::createFromJsonOrDefaultInternal : <Stage Template>: Proposing JSON name : data/scene_datasets/gibson_semantic/./Neibert.stage_config.json from original name : data/scene_datasets/gibson_semantic/./Neibert.glb| This file does not exist.
[14:16:04:691536]:[Metadata] AbstractObjectAttributesManagerBase.h(184)::createObject : File (data/scene_datasets/gibson_semantic/./Neibert.glb) exists but is not a recognized config filename extension, so new default Stage Template attributes created and registered.
[14:16:04:691547]:[Metadata] AttributesManagerBase.h(380)::createFromJsonOrDefaultInternal : <Stage Template>: Proposing JSON name : data/scene_datasets/gibson_semantic/./Nemacolin.stage_config.json from original name : data/scene_datasets/gibson_semantic/./Nemacolin.glb| This file does not exist.
[14:16:04:691589]:[Metadata] AbstractObjectAttributesManagerBase.h(184)::createObject : File (data/scene_datasets/gibson_semantic/./Nemacolin.glb) exists but is not a recognized config filename extension, so new default Stage Template attributes created and registered.
[14:16:04:691599]:[Metadata] AttributesManagerBase.h(380)::createFromJsonOrDefaultInternal : <Stage Template>: Proposing JSON name : data/scene_datasets/gibson_semantic/./Neshkoro.stage_config.json from original name : data/scene_datasets/gibson_semantic/./Neshkoro.glb| This file does not exist.
[14:16:04:691637]:[Metadata] AbstractObjectAttributesManagerBase.h(184)::createObject : File (data/scene_datasets/gibson_semantic/./Neshkoro.glb) exists but is not a recognized config filename extension, so new default Stage Template attributes created and registered.
[14:16:04:691647]:[Metadata] AttributesManagerBase.h(380)::createFromJsonOrDefaultInternal : <Stage Template>: Proposing JSON name : data/scene_datasets/gibson_semantic/./Newcomb.stage_config.json from original name : data/scene_datasets/gibson_semantic/./Newcomb.glb| This file does not exist.
[14:16:04:691686]:[Metadata] AbstractObjectAttributesManagerBase.h(184)::createObject : File (data/scene_datasets/gibson_semantic/./Newcomb.glb) exists but is not a recognized config filename extension, so new default Stage Template attributes created and registered.
[14:16:04:691696]:[Metadata] AttributesManagerBase.h(380)::createFromJsonOrDefaultInternal : <Stage Template>: Proposing JSON name : data/scene_datasets/gibson_semantic/./Newfields.stage_config.json from original name : data/scene_datasets/gibson_semantic/./Newfields.glb| This file does not exist.
[14:16:04:691734]:[Metadata] AbstractObjectAttributesManagerBase.h(184)::createObject : File (data/scene_datasets/gibson_semantic/./Newfields.glb) exists but is not a recognized config filename extension, so new default Stage Template attributes created and registered.
[14:16:04:691744]:[Metadata] AttributesManagerBase.h(380)::createFromJsonOrDefaultInternal : <Stage Template>: Proposing JSON name : data/scene_datasets/gibson_semantic/./Nicut.stage_config.json from original name : data/scene_datasets/gibson_semantic/./Nicut.glb| This file does not exist.
[14:16:04:691781]:[Metadata] AbstractObjectAttributesManagerBase.h(184)::createObject : File (data/scene_datasets/gibson_semantic/./Nicut.glb) exists but is not a recognized config filename extension, so new default Stage Template attributes created and registered.
[14:16:04:691793]:[Metadata] AttributesManagerBase.h(380)::createFromJsonOrDefaultInternal : <Stage Template>: Proposing JSON name : data/scene_datasets/gibson_semantic/./Nimmons.stage_config.json from original name : data/scene_datasets/gibson_semantic/./Nimmons.glb| This file does not exist.
[14:16:04:691829]:[Metadata] AbstractObjectAttributesManagerBase.h(184)::createObject : File (data/scene_datasets/gibson_semantic/./Nimmons.glb) exists but is not a recognized config filename extension, so new default Stage Template attributes created and registered.
[14:16:04:691839]:[Metadata] AttributesManagerBase.h(380)::createFromJsonOrDefaultInternal : <Stage Template>: Proposing JSON name : data/scene_datasets/gibson_semantic/./Noonday.stage_config.json from original name : data/scene_datasets/gibson_semantic/./Noonday.glb| This file does not exist.
[14:16:04:691878]:[Metadata] AbstractObjectAttributesManagerBase.h(184)::createObject : File (data/scene_datasets/gibson_semantic/./Noonday.glb) exists but is not a recognized config filename extension, so new default Stage Template attributes created and registered.
[14:16:04:691888]:[Metadata] AttributesManagerBase.h(380)::createFromJsonOrDefaultInternal : <Stage Template>: Proposing JSON name : data/scene_datasets/gibson_semantic/./Northgate.stage_config.json from original name : data/scene_datasets/gibson_semantic/./Northgate.glb| This file does not exist.
[14:16:04:691924]:[Metadata] AbstractObjectAttributesManagerBase.h(184)::createObject : File (data/scene_datasets/gibson_semantic/./Northgate.glb) exists but is not a recognized config filename extension, so new default Stage Template attributes created and registered.
[14:16:04:691937]:[Metadata] AttributesManagerBase.h(380)::createFromJsonOrDefaultInternal : <Stage Template>: Proposing JSON name : data/scene_datasets/gibson_semantic/./Nuevo.stage_config.json from original name : data/scene_datasets/gibson_semantic/./Nuevo.glb| This file does not exist.
[14:16:04:691985]:[Metadata] AbstractObjectAttributesManagerBase.h(184)::createObject : File (data/scene_datasets/gibson_semantic/./Nuevo.glb) exists but is not a recognized config filename extension, so new default Stage Template attributes created and registered.
[14:16:04:691997]:[Metadata] AttributesManagerBase.h(380)::createFromJsonOrDefaultInternal : <Stage Template>: Proposing JSON name : data/scene_datasets/gibson_semantic/./Ogilvie.stage_config.json from original name : data/scene_datasets/gibson_semantic/./Ogilvie.glb| This file does not exist.
[14:16:04:692042]:[Metadata] AbstractObjectAttributesManagerBase.h(184)::createObject : File (data/scene_datasets/gibson_semantic/./Ogilvie.glb) exists but is not a recognized config filename extension, so new default Stage Template attributes created and registered.
[14:16:04:692095]:[Metadata] AttributesManagerBase.h(380)::createFromJsonOrDefaultInternal : <Stage Template>: Proposing JSON name : data/scene_datasets/gibson_semantic/./Okabena.stage_config.json from original name : data/scene_datasets/gibson_semantic/./Okabena.glb| This file does not exist.
[14:16:04:692158]:[Metadata] AbstractObjectAttributesManagerBase.h(184)::createObject : File (data/scene_datasets/gibson_semantic/./Okabena.glb) exists but is not a recognized config filename extension, so new default Stage Template attributes created and registered.
[14:16:04:692188]:[Metadata] AttributesManagerBase.h(380)::createFromJsonOrDefaultInternal : <Stage Template>: Proposing JSON name : data/scene_datasets/gibson_semantic/./Onaga.stage_config.json from original name : data/scene_datasets/gibson_semantic/./Onaga.glb| This file does not exist.
[14:16:04:692253]:[Metadata] AbstractObjectAttributesManagerBase.h(184)::createObject : File (data/scene_datasets/gibson_semantic/./Onaga.glb) exists but is not a recognized config filename extension, so new default Stage Template attributes created and registered.
[14:16:04:692283]:[Metadata] AttributesManagerBase.h(380)::createFromJsonOrDefaultInternal : <Stage Template>: Proposing JSON name : data/scene_datasets/gibson_semantic/./Ooltewah.stage_config.json from original name : data/scene_datasets/gibson_semantic/./Ooltewah.glb| This file does not exist.
[14:16:04:692344]:[Metadata] AbstractObjectAttributesManagerBase.h(184)::createObject : File (data/scene_datasets/gibson_semantic/./Ooltewah.glb) exists but is not a recognized config filename extension, so new default Stage Template attributes created and registered.
[14:16:04:692372]:[Metadata] AttributesManagerBase.h(380)::createFromJsonOrDefaultInternal : <Stage Template>: Proposing JSON name : data/scene_datasets/gibson_semantic/./Ophir.stage_config.json from original name : data/scene_datasets/gibson_semantic/./Ophir.glb| This file does not exist.
[14:16:04:692420]:[Metadata] AbstractObjectAttributesManagerBase.h(184)::createObject : File (data/scene_datasets/gibson_semantic/./Ophir.glb) exists but is not a recognized config filename extension, so new default Stage Template attributes created and registered.
[14:16:04:692431]:[Metadata] AttributesManagerBase.h(380)::createFromJsonOrDefaultInternal : <Stage Template>: Proposing JSON name : data/scene_datasets/gibson_semantic/./Orangeburg.stage_config.json from original name : data/scene_datasets/gibson_semantic/./Orangeburg.glb| This file does not exist.
[14:16:04:692475]:[Metadata] AbstractObjectAttributesManagerBase.h(184)::createObject : File (data/scene_datasets/gibson_semantic/./Orangeburg.glb) exists but is not a recognized config filename extension, so new default Stage Template attributes created and registered.
[14:16:04:692488]:[Metadata] AttributesManagerBase.h(380)::createFromJsonOrDefaultInternal : <Stage Template>: Proposing JSON name : data/scene_datasets/gibson_semantic/./Orason.stage_config.json from original name : data/scene_datasets/gibson_semantic/./Orason.glb| This file does not exist.
[14:16:04:692535]:[Metadata] AbstractObjectAttributesManagerBase.h(184)::createObject : File (data/scene_datasets/gibson_semantic/./Orason.glb) exists but is not a recognized config filename extension, so new default Stage Template attributes created and registered.
[14:16:04:692548]:[Metadata] AttributesManagerBase.h(380)::createFromJsonOrDefaultInternal : <Stage Template>: Proposing JSON name : data/scene_datasets/gibson_semantic/./Oriole.stage_config.json from original name : data/scene_datasets/gibson_semantic/./Oriole.glb| This file does not exist.
[14:16:04:692596]:[Metadata] AbstractObjectAttributesManagerBase.h(184)::createObject : File (data/scene_datasets/gibson_semantic/./Oriole.glb) exists but is not a recognized config filename extension, so new default Stage Template attributes created and registered.
[14:16:04:692608]:[Metadata] AttributesManagerBase.h(380)::createFromJsonOrDefaultInternal : <Stage Template>: Proposing JSON name : data/scene_datasets/gibson_semantic/./Ossipee.stage_config.json from original name : data/scene_datasets/gibson_semantic/./Ossipee.glb| This file does not exist.
[14:16:04:692654]:[Metadata] AbstractObjectAttributesManagerBase.h(184)::createObject : File (data/scene_datasets/gibson_semantic/./Ossipee.glb) exists but is not a recognized config filename extension, so new default Stage Template attributes created and registered.
[14:16:04:692667]:[Metadata] AttributesManagerBase.h(380)::createFromJsonOrDefaultInternal : <Stage Template>: Proposing JSON name : data/scene_datasets/gibson_semantic/./Ovalo.stage_config.json from original name : data/scene_datasets/gibson_semantic/./Ovalo.glb| This file does not exist.
[14:16:04:692716]:[Metadata] AbstractObjectAttributesManagerBase.h(184)::createObject : File (data/scene_datasets/gibson_semantic/./Ovalo.glb) exists but is not a recognized config filename extension, so new default Stage Template attributes created and registered.
[14:16:04:692729]:[Metadata] AttributesManagerBase.h(380)::createFromJsonOrDefaultInternal : <Stage Template>: Proposing JSON name : data/scene_datasets/gibson_semantic/./Oyens.stage_config.json from original name : data/scene_datasets/gibson_semantic/./Oyens.glb| This file does not exist.
[14:16:04:692775]:[Metadata] AbstractObjectAttributesManagerBase.h(184)::createObject : File (data/scene_datasets/gibson_semantic/./Oyens.glb) exists but is not a recognized config filename extension, so new default Stage Template attributes created and registered.
[14:16:04:692789]:[Metadata] AttributesManagerBase.h(380)::createFromJsonOrDefaultInternal : <Stage Template>: Proposing JSON name : data/scene_datasets/gibson_semantic/./Pablo.stage_config.json from original name : data/scene_datasets/gibson_semantic/./Pablo.glb| This file does not exist.
[14:16:04:692837]:[Metadata] AbstractObjectAttributesManagerBase.h(184)::createObject : File (data/scene_datasets/gibson_semantic/./Pablo.glb) exists but is not a recognized config filename extension, so new default Stage Template attributes created and registered.
[14:16:04:692849]:[Metadata] AttributesManagerBase.h(380)::createFromJsonOrDefaultInternal : <Stage Template>: Proposing JSON name : data/scene_datasets/gibson_semantic/./Pamelia.stage_config.json from original name : data/scene_datasets/gibson_semantic/./Pamelia.glb| This file does not exist.
[14:16:04:692900]:[Metadata] AbstractObjectAttributesManagerBase.h(184)::createObject : File (data/scene_datasets/gibson_semantic/./Pamelia.glb) exists but is not a recognized config filename extension, so new default Stage Template attributes created and registered.
[14:16:04:692912]:[Metadata] AttributesManagerBase.h(380)::createFromJsonOrDefaultInternal : <Stage Template>: Proposing JSON name : data/scene_datasets/gibson_semantic/./Parole.stage_config.json from original name : data/scene_datasets/gibson_semantic/./Parole.glb| This file does not exist.
[14:16:04:692960]:[Metadata] AbstractObjectAttributesManagerBase.h(184)::createObject : File (data/scene_datasets/gibson_semantic/./Parole.glb) exists but is not a recognized config filename extension, so new default Stage Template attributes created and registered.
[14:16:04:692973]:[Metadata] AttributesManagerBase.h(380)::createFromJsonOrDefaultInternal : <Stage Template>: Proposing JSON name : data/scene_datasets/gibson_semantic/./Pasatiempo.stage_config.json from original name : data/scene_datasets/gibson_semantic/./Pasatiempo.glb| This file does not exist.
[14:16:04:693021]:[Metadata] AbstractObjectAttributesManagerBase.h(184)::createObject : File (data/scene_datasets/gibson_semantic/./Pasatiempo.glb) exists but is not a recognized config filename extension, so new default Stage Template attributes created and registered.
[14:16:04:693035]:[Metadata] AttributesManagerBase.h(380)::createFromJsonOrDefaultInternal : <Stage Template>: Proposing JSON name : data/scene_datasets/gibson_semantic/./Peacock.stage_config.json from original name : data/scene_datasets/gibson_semantic/./Peacock.glb| This file does not exist.
[14:16:04:693084]:[Metadata] AbstractObjectAttributesManagerBase.h(184)::createObject : File (data/scene_datasets/gibson_semantic/./Peacock.glb) exists but is not a recognized config filename extension, so new default Stage Template attributes created and registered.
[14:16:04:693097]:[Metadata] AttributesManagerBase.h(380)::createFromJsonOrDefaultInternal : <Stage Template>: Proposing JSON name : data/scene_datasets/gibson_semantic/./Pearce.stage_config.json from original name : data/scene_datasets/gibson_semantic/./Pearce.glb| This file does not exist.
[14:16:04:693146]:[Metadata] AbstractObjectAttributesManagerBase.h(184)::createObject : File (data/scene_datasets/gibson_semantic/./Pearce.glb) exists but is not a recognized config filename extension, so new default Stage Template attributes created and registered.
[14:16:04:693158]:[Metadata] AttributesManagerBase.h(380)::createFromJsonOrDefaultInternal : <Stage Template>: Proposing JSON name : data/scene_datasets/gibson_semantic/./Peden.stage_config.json from original name : data/scene_datasets/gibson_semantic/./Peden.glb| This file does not exist.
[14:16:04:693206]:[Metadata] AbstractObjectAttributesManagerBase.h(184)::createObject : File (data/scene_datasets/gibson_semantic/./Peden.glb) exists but is not a recognized config filename extension, so new default Stage Template attributes created and registered.
[14:16:04:693218]:[Metadata] AttributesManagerBase.h(380)::createFromJsonOrDefaultInternal : <Stage Template>: Proposing JSON name : data/scene_datasets/gibson_semantic/./Pettigrew.stage_config.json from original name : data/scene_datasets/gibson_semantic/./Pettigrew.glb| This file does not exist.
[14:16:04:693265]:[Metadata] AbstractObjectAttributesManagerBase.h(184)::createObject : File (data/scene_datasets/gibson_semantic/./Pettigrew.glb) exists but is not a recognized config filename extension, so new default Stage Template attributes created and registered.
[14:16:04:693276]:[Metadata] AttributesManagerBase.h(380)::createFromJsonOrDefaultInternal : <Stage Template>: Proposing JSON name : data/scene_datasets/gibson_semantic/./Pinesdale.stage_config.json from original name : data/scene_datasets/gibson_semantic/./Pinesdale.glb| This file does not exist.
[14:16:04:693314]:[Metadata] AbstractObjectAttributesManagerBase.h(184)::createObject : File (data/scene_datasets/gibson_semantic/./Pinesdale.glb) exists but is not a recognized config filename extension, so new default Stage Template attributes created and registered.
[14:16:04:693324]:[Metadata] AttributesManagerBase.h(380)::createFromJsonOrDefaultInternal : <Stage Template>: Proposing JSON name : data/scene_datasets/gibson_semantic/./Pittsburg.stage_config.json from original name : data/scene_datasets/gibson_semantic/./Pittsburg.glb| This file does not exist.
[14:16:04:693365]:[Metadata] AbstractObjectAttributesManagerBase.h(184)::createObject : File (data/scene_datasets/gibson_semantic/./Pittsburg.glb) exists but is not a recognized config filename extension, so new default Stage Template attributes created and registered.
[14:16:04:693375]:[Metadata] AttributesManagerBase.h(380)::createFromJsonOrDefaultInternal : <Stage Template>: Proposing JSON name : data/scene_datasets/gibson_semantic/./Placida.stage_config.json from original name : data/scene_datasets/gibson_semantic/./Placida.glb| This file does not exist.
[14:16:04:693412]:[Metadata] AbstractObjectAttributesManagerBase.h(184)::createObject : File (data/scene_datasets/gibson_semantic/./Placida.glb) exists but is not a recognized config filename extension, so new default Stage Template attributes created and registered.
[14:16:04:693422]:[Metadata] AttributesManagerBase.h(380)::createFromJsonOrDefaultInternal : <Stage Template>: Proposing JSON name : data/scene_datasets/gibson_semantic/./Pleasant.stage_config.json from original name : data/scene_datasets/gibson_semantic/./Pleasant.glb| This file does not exist.
[14:16:04:693460]:[Metadata] AbstractObjectAttributesManagerBase.h(184)::createObject : File (data/scene_datasets/gibson_semantic/./Pleasant.glb) exists but is not a recognized config filename extension, so new default Stage Template attributes created and registered.
[14:16:04:693470]:[Metadata] AttributesManagerBase.h(380)::createFromJsonOrDefaultInternal : <Stage Template>: Proposing JSON name : data/scene_datasets/gibson_semantic/./Plumerville.stage_config.json from original name : data/scene_datasets/gibson_semantic/./Plumerville.glb| This file does not exist.
[14:16:04:693510]:[Metadata] AbstractObjectAttributesManagerBase.h(184)::createObject : File (data/scene_datasets/gibson_semantic/./Plumerville.glb) exists but is not a recognized config filename extension, so new default Stage Template attributes created and registered.
[14:16:04:693520]:[Metadata] AttributesManagerBase.h(380)::createFromJsonOrDefaultInternal : <Stage Template>: Proposing JSON name : data/scene_datasets/gibson_semantic/./Pocasset.stage_config.json from original name : data/scene_datasets/gibson_semantic/./Pocasset.glb| This file does not exist.
[14:16:04:693557]:[Metadata] AbstractObjectAttributesManagerBase.h(184)::createObject : File (data/scene_datasets/gibson_semantic/./Pocasset.glb) exists but is not a recognized config filename extension, so new default Stage Template attributes created and registered.
[14:16:04:693567]:[Metadata] AttributesManagerBase.h(380)::createFromJsonOrDefaultInternal : <Stage Template>: Proposing JSON name : data/scene_datasets/gibson_semantic/./Pocopson.stage_config.json from original name : data/scene_datasets/gibson_semantic/./Pocopson.glb| This file does not exist.
[14:16:04:693605]:[Metadata] AbstractObjectAttributesManagerBase.h(184)::createObject : File (data/scene_datasets/gibson_semantic/./Pocopson.glb) exists but is not a recognized config filename extension, so new default Stage Template attributes created and registered.
[14:16:04:693614]:[Metadata] AttributesManagerBase.h(380)::createFromJsonOrDefaultInternal : <Stage Template>: Proposing JSON name : data/scene_datasets/gibson_semantic/./Pomaria.stage_config.json from original name : data/scene_datasets/gibson_semantic/./Pomaria.glb| This file does not exist.
[14:16:04:693653]:[Metadata] AbstractObjectAttributesManagerBase.h(184)::createObject : File (data/scene_datasets/gibson_semantic/./Pomaria.glb) exists but is not a recognized config filename extension, so new default Stage Template attributes created and registered.
[14:16:04:693662]:[Metadata] AttributesManagerBase.h(380)::createFromJsonOrDefaultInternal : <Stage Template>: Proposing JSON name : data/scene_datasets/gibson_semantic/./Portal.stage_config.json from original name : data/scene_datasets/gibson_semantic/./Portal.glb| This file does not exist.
[14:16:04:693703]:[Metadata] AbstractObjectAttributesManagerBase.h(184)::createObject : File (data/scene_datasets/gibson_semantic/./Portal.glb) exists but is not a recognized config filename extension, so new default Stage Template attributes created and registered.
[14:16:04:693712]:[Metadata] AttributesManagerBase.h(380)::createFromJsonOrDefaultInternal : <Stage Template>: Proposing JSON name : data/scene_datasets/gibson_semantic/./Portola.stage_config.json from original name : data/scene_datasets/gibson_semantic/./Portola.glb| This file does not exist.
[14:16:04:693749]:[Metadata] AbstractObjectAttributesManagerBase.h(184)::createObject : File (data/scene_datasets/gibson_semantic/./Portola.glb) exists but is not a recognized config filename extension, so new default Stage Template attributes created and registered.
[14:16:04:693759]:[Metadata] AttributesManagerBase.h(380)::createFromJsonOrDefaultInternal : <Stage Template>: Proposing JSON name : data/scene_datasets/gibson_semantic/./Potosi.stage_config.json from original name : data/scene_datasets/gibson_semantic/./Potosi.glb| This file does not exist.
[14:16:04:693799]:[Metadata] AbstractObjectAttributesManagerBase.h(184)::createObject : File (data/scene_datasets/gibson_semantic/./Potosi.glb) exists but is not a recognized config filename extension, so new default Stage Template attributes created and registered.
[14:16:04:693809]:[Metadata] AttributesManagerBase.h(380)::createFromJsonOrDefaultInternal : <Stage Template>: Proposing JSON name : data/scene_datasets/gibson_semantic/./Potterville.stage_config.json from original name : data/scene_datasets/gibson_semantic/./Potterville.glb| This file does not exist.
[14:16:04:693849]:[Metadata] AbstractObjectAttributesManagerBase.h(184)::createObject : File (data/scene_datasets/gibson_semantic/./Potterville.glb) exists but is not a recognized config filename extension, so new default Stage Template attributes created and registered.
[14:16:04:693859]:[Metadata] AttributesManagerBase.h(380)::createFromJsonOrDefaultInternal : <Stage Template>: Proposing JSON name : data/scene_datasets/gibson_semantic/./Poyen.stage_config.json from original name : data/scene_datasets/gibson_semantic/./Poyen.glb| This file does not exist.
[14:16:04:693898]:[Metadata] AbstractObjectAttributesManagerBase.h(184)::createObject : File (data/scene_datasets/gibson_semantic/./Poyen.glb) exists but is not a recognized config filename extension, so new default Stage Template attributes created and registered.
[14:16:04:693907]:[Metadata] AttributesManagerBase.h(380)::createFromJsonOrDefaultInternal : <Stage Template>: Proposing JSON name : data/scene_datasets/gibson_semantic/./Quantico.stage_config.json from original name : data/scene_datasets/gibson_semantic/./Quantico.glb| This file does not exist.
[14:16:04:693944]:[Metadata] AbstractObjectAttributesManagerBase.h(184)::createObject : File (data/scene_datasets/gibson_semantic/./Quantico.glb) exists but is not a recognized config filename extension, so new default Stage Template attributes created and registered.
[14:16:04:693954]:[Metadata] AttributesManagerBase.h(380)::createFromJsonOrDefaultInternal : <Stage Template>: Proposing JSON name : data/scene_datasets/gibson_semantic/./Ranchester.stage_config.json from original name : data/scene_datasets/gibson_semantic/./Ranchester.glb| This file does not exist.
[14:16:04:693992]:[Metadata] AbstractObjectAttributesManagerBase.h(184)::createObject : File (data/scene_datasets/gibson_semantic/./Ranchester.glb) exists but is not a recognized config filename extension, so new default Stage Template attributes created and registered.
[14:16:04:694002]:[Metadata] AttributesManagerBase.h(380)::createFromJsonOrDefaultInternal : <Stage Template>: Proposing JSON name : data/scene_datasets/gibson_semantic/./Rancocas.stage_config.json from original name : data/scene_datasets/gibson_semantic/./Rancocas.glb| This file does not exist.
[14:16:04:694043]:[Metadata] AbstractObjectAttributesManagerBase.h(184)::createObject : File (data/scene_datasets/gibson_semantic/./Rancocas.glb) exists but is not a recognized config filename extension, so new default Stage Template attributes created and registered.
[14:16:04:694053]:[Metadata] AttributesManagerBase.h(380)::createFromJsonOrDefaultInternal : <Stage Template>: Proposing JSON name : data/scene_datasets/gibson_semantic/./Random.stage_config.json from original name : data/scene_datasets/gibson_semantic/./Random.glb| This file does not exist.
[14:16:04:694090]:[Metadata] AbstractObjectAttributesManagerBase.h(184)::createObject : File (data/scene_datasets/gibson_semantic/./Random.glb) exists but is not a recognized config filename extension, so new default Stage Template attributes created and registered.
[14:16:04:694100]:[Metadata] AttributesManagerBase.h(380)::createFromJsonOrDefaultInternal : <Stage Template>: Proposing JSON name : data/scene_datasets/gibson_semantic/./Readsboro.stage_config.json from original name : data/scene_datasets/gibson_semantic/./Readsboro.glb| This file does not exist.
[14:16:04:694137]:[Metadata] AbstractObjectAttributesManagerBase.h(184)::createObject : File (data/scene_datasets/gibson_semantic/./Readsboro.glb) exists but is not a recognized config filename extension, so new default Stage Template attributes created and registered.
[14:16:04:694146]:[Metadata] AttributesManagerBase.h(380)::createFromJsonOrDefaultInternal : <Stage Template>: Proposing JSON name : data/scene_datasets/gibson_semantic/./Redbank.stage_config.json from original name : data/scene_datasets/gibson_semantic/./Redbank.glb| This file does not exist.
[14:16:04:694183]:[Metadata] AbstractObjectAttributesManagerBase.h(184)::createObject : File (data/scene_datasets/gibson_semantic/./Redbank.glb) exists but is not a recognized config filename extension, so new default Stage Template attributes created and registered.
[14:16:04:694193]:[Metadata] AttributesManagerBase.h(380)::createFromJsonOrDefaultInternal : <Stage Template>: Proposing JSON name : data/scene_datasets/gibson_semantic/./Reserve.stage_config.json from original name : data/scene_datasets/gibson_semantic/./Reserve.glb| This file does not exist.
[14:16:04:694229]:[Metadata] AbstractObjectAttributesManagerBase.h(184)::createObject : File (data/scene_datasets/gibson_semantic/./Reserve.glb) exists but is not a recognized config filename extension, so new default Stage Template attributes created and registered.
[14:16:04:694239]:[Metadata] AttributesManagerBase.h(380)::createFromJsonOrDefaultInternal : <Stage Template>: Proposing JSON name : data/scene_datasets/gibson_semantic/./Retsof.stage_config.json from original name : data/scene_datasets/gibson_semantic/./Retsof.glb| This file does not exist.
[14:16:04:694276]:[Metadata] AbstractObjectAttributesManagerBase.h(184)::createObject : File (data/scene_datasets/gibson_semantic/./Retsof.glb) exists but is not a recognized config filename extension, so new default Stage Template attributes created and registered.
[14:16:04:694285]:[Metadata] AttributesManagerBase.h(380)::createFromJsonOrDefaultInternal : <Stage Template>: Proposing JSON name : data/scene_datasets/gibson_semantic/./Reyno.stage_config.json from original name : data/scene_datasets/gibson_semantic/./Reyno.glb| This file does not exist.
[14:16:04:694326]:[Metadata] AbstractObjectAttributesManagerBase.h(184)::createObject : File (data/scene_datasets/gibson_semantic/./Reyno.glb) exists but is not a recognized config filename extension, so new default Stage Template attributes created and registered.
[14:16:04:694336]:[Metadata] AttributesManagerBase.h(380)::createFromJsonOrDefaultInternal : <Stage Template>: Proposing JSON name : data/scene_datasets/gibson_semantic/./Ribera.stage_config.json from original name : data/scene_datasets/gibson_semantic/./Ribera.glb| This file does not exist.
[14:16:04:694372]:[Metadata] AbstractObjectAttributesManagerBase.h(184)::createObject : File (data/scene_datasets/gibson_semantic/./Ribera.glb) exists but is not a recognized config filename extension, so new default Stage Template attributes created and registered.
[14:16:04:694382]:[Metadata] AttributesManagerBase.h(380)::createFromJsonOrDefaultInternal : <Stage Template>: Proposing JSON name : data/scene_datasets/gibson_semantic/./Roane.stage_config.json from original name : data/scene_datasets/gibson_semantic/./Roane.glb| This file does not exist.
[14:16:04:694419]:[Metadata] AbstractObjectAttributesManagerBase.h(184)::createObject : File (data/scene_datasets/gibson_semantic/./Roane.glb) exists but is not a recognized config filename extension, so new default Stage Template attributes created and registered.
[14:16:04:694429]:[Metadata] AttributesManagerBase.h(380)::createFromJsonOrDefaultInternal : <Stage Template>: Proposing JSON name : data/scene_datasets/gibson_semantic/./Roeville.stage_config.json from original name : data/scene_datasets/gibson_semantic/./Roeville.glb| This file does not exist.
[14:16:04:694465]:[Metadata] AbstractObjectAttributesManagerBase.h(184)::createObject : File (data/scene_datasets/gibson_semantic/./Roeville.glb) exists but is not a recognized config filename extension, so new default Stage Template attributes created and registered.
[14:16:04:694474]:[Metadata] AttributesManagerBase.h(380)::createFromJsonOrDefaultInternal : <Stage Template>: Proposing JSON name : data/scene_datasets/gibson_semantic/./Rogue.stage_config.json from original name : data/scene_datasets/gibson_semantic/./Rogue.glb| This file does not exist.
[14:16:04:694513]:[Metadata] AbstractObjectAttributesManagerBase.h(184)::createObject : File (data/scene_datasets/gibson_semantic/./Rogue.glb) exists but is not a recognized config filename extension, so new default Stage Template attributes created and registered.
[14:16:04:694523]:[Metadata] AttributesManagerBase.h(380)::createFromJsonOrDefaultInternal : <Stage Template>: Proposing JSON name : data/scene_datasets/gibson_semantic/./Rosser.stage_config.json from original name : data/scene_datasets/gibson_semantic/./Rosser.glb| This file does not exist.
[14:16:04:694559]:[Metadata] AbstractObjectAttributesManagerBase.h(184)::createObject : File (data/scene_datasets/gibson_semantic/./Rosser.glb) exists but is not a recognized config filename extension, so new default Stage Template attributes created and registered.
[14:16:04:694569]:[Metadata] AttributesManagerBase.h(380)::createFromJsonOrDefaultInternal : <Stage Template>: Proposing JSON name : data/scene_datasets/gibson_semantic/./Rough.stage_config.json from original name : data/scene_datasets/gibson_semantic/./Rough.glb| This file does not exist.
[14:16:04:694604]:[Metadata] AbstractObjectAttributesManagerBase.h(184)::createObject : File (data/scene_datasets/gibson_semantic/./Rough.glb) exists but is not a recognized config filename extension, so new default Stage Template attributes created and registered.
[14:16:04:694614]:[Metadata] AttributesManagerBase.h(380)::createFromJsonOrDefaultInternal : <Stage Template>: Proposing JSON name : data/scene_datasets/gibson_semantic/./Roxboro.stage_config.json from original name : data/scene_datasets/gibson_semantic/./Roxboro.glb| This file does not exist.
[14:16:04:694661]:[Metadata] AbstractObjectAttributesManagerBase.h(184)::createObject : File (data/scene_datasets/gibson_semantic/./Roxboro.glb) exists but is not a recognized config filename extension, so new default Stage Template attributes created and registered.
[14:16:04:694671]:[Metadata] AttributesManagerBase.h(380)::createFromJsonOrDefaultInternal : <Stage Template>: Proposing JSON name : data/scene_datasets/gibson_semantic/./Ruckersville.stage_config.json from original name : data/scene_datasets/gibson_semantic/./Ruckersville.glb| This file does not exist.
[14:16:04:694710]:[Metadata] AbstractObjectAttributesManagerBase.h(184)::createObject : File (data/scene_datasets/gibson_semantic/./Ruckersville.glb) exists but is not a recognized config filename extension, so new default Stage Template attributes created and registered.
[14:16:04:694720]:[Metadata] AttributesManagerBase.h(380)::createFromJsonOrDefaultInternal : <Stage Template>: Proposing JSON name : data/scene_datasets/gibson_semantic/./Rutherford.stage_config.json from original name : data/scene_datasets/gibson_semantic/./Rutherford.glb| This file does not exist.
[14:16:04:694759]:[Metadata] AbstractObjectAttributesManagerBase.h(184)::createObject : File (data/scene_datasets/gibson_semantic/./Rutherford.glb) exists but is not a recognized config filename extension, so new default Stage Template attributes created and registered.
[14:16:04:694769]:[Metadata] AttributesManagerBase.h(380)::createFromJsonOrDefaultInternal : <Stage Template>: Proposing JSON name : data/scene_datasets/gibson_semantic/./Sagerton.stage_config.json from original name : data/scene_datasets/gibson_semantic/./Sagerton.glb| This file does not exist.
[14:16:04:694809]:[Metadata] AbstractObjectAttributesManagerBase.h(184)::createObject : File (data/scene_datasets/gibson_semantic/./Sagerton.glb) exists but is not a recognized config filename extension, so new default Stage Template attributes created and registered.
[14:16:04:694820]:[Metadata] AttributesManagerBase.h(380)::createFromJsonOrDefaultInternal : <Stage Template>: Proposing JSON name : data/scene_datasets/gibson_semantic/./Sanctuary.stage_config.json from original name : data/scene_datasets/gibson_semantic/./Sanctuary.glb| This file does not exist.
[14:16:04:694859]:[Metadata] AbstractObjectAttributesManagerBase.h(184)::createObject : File (data/scene_datasets/gibson_semantic/./Sanctuary.glb) exists but is not a recognized config filename extension, so new default Stage Template attributes created and registered.
[14:16:04:694872]:[Metadata] AttributesManagerBase.h(380)::createFromJsonOrDefaultInternal : <Stage Template>: Proposing JSON name : data/scene_datasets/gibson_semantic/./Sands.stage_config.json from original name : data/scene_datasets/gibson_semantic/./Sands.glb| This file does not exist.
[14:16:04:694916]:[Metadata] AbstractObjectAttributesManagerBase.h(184)::createObject : File (data/scene_datasets/gibson_semantic/./Sands.glb) exists but is not a recognized config filename extension, so new default Stage Template attributes created and registered.
[14:16:04:694931]:[Metadata] AttributesManagerBase.h(380)::createFromJsonOrDefaultInternal : <Stage Template>: Proposing JSON name : data/scene_datasets/gibson_semantic/./Sarcoxie.stage_config.json from original name : data/scene_datasets/gibson_semantic/./Sarcoxie.glb| This file does not exist.
[14:16:04:694974]:[Metadata] AbstractObjectAttributesManagerBase.h(184)::createObject : File (data/scene_datasets/gibson_semantic/./Sarcoxie.glb) exists but is not a recognized config filename extension, so new default Stage Template attributes created and registered.
[14:16:04:694985]:[Metadata] AttributesManagerBase.h(380)::createFromJsonOrDefaultInternal : <Stage Template>: Proposing JSON name : data/scene_datasets/gibson_semantic/./Sargents.stage_config.json from original name : data/scene_datasets/gibson_semantic/./Sargents.glb| This file does not exist.
[14:16:04:695031]:[Metadata] AbstractObjectAttributesManagerBase.h(184)::createObject : File (data/scene_datasets/gibson_semantic/./Sargents.glb) exists but is not a recognized config filename extension, so new default Stage Template attributes created and registered.
[14:16:04:695042]:[Metadata] AttributesManagerBase.h(380)::createFromJsonOrDefaultInternal : <Stage Template>: Proposing JSON name : data/scene_datasets/gibson_semantic/./Sasakwa.stage_config.json from original name : data/scene_datasets/gibson_semantic/./Sasakwa.glb| This file does not exist.
[14:16:04:695084]:[Metadata] AbstractObjectAttributesManagerBase.h(184)::createObject : File (data/scene_datasets/gibson_semantic/./Sasakwa.glb) exists but is not a recognized config filename extension, so new default Stage Template attributes created and registered.
[14:16:04:695096]:[Metadata] AttributesManagerBase.h(380)::createFromJsonOrDefaultInternal : <Stage Template>: Proposing JSON name : data/scene_datasets/gibson_semantic/./Sawpit.stage_config.json from original name : data/scene_datasets/gibson_semantic/./Sawpit.glb| This file does not exist.
[14:16:04:695138]:[Metadata] AbstractObjectAttributesManagerBase.h(184)::createObject : File (data/scene_datasets/gibson_semantic/./Sawpit.glb) exists but is not a recognized config filename extension, so new default Stage Template attributes created and registered.
[14:16:04:695148]:[Metadata] AttributesManagerBase.h(380)::createFromJsonOrDefaultInternal : <Stage Template>: Proposing JSON name : data/scene_datasets/gibson_semantic/./Scandinavia.stage_config.json from original name : data/scene_datasets/gibson_semantic/./Scandinavia.glb| This file does not exist.
[14:16:04:695189]:[Metadata] AbstractObjectAttributesManagerBase.h(184)::createObject : File (data/scene_datasets/gibson_semantic/./Scandinavia.glb) exists but is not a recognized config filename extension, so new default Stage Template attributes created and registered.
[14:16:04:695200]:[Metadata] AttributesManagerBase.h(380)::createFromJsonOrDefaultInternal : <Stage Template>: Proposing JSON name : data/scene_datasets/gibson_semantic/./Schiller.stage_config.json from original name : data/scene_datasets/gibson_semantic/./Schiller.glb| This file does not exist.
[14:16:04:695245]:[Metadata] AbstractObjectAttributesManagerBase.h(184)::createObject : File (data/scene_datasets/gibson_semantic/./Schiller.glb) exists but is not a recognized config filename extension, so new default Stage Template attributes created and registered.
[14:16:04:695258]:[Metadata] AttributesManagerBase.h(380)::createFromJsonOrDefaultInternal : <Stage Template>: Proposing JSON name : data/scene_datasets/gibson_semantic/./Schoolcraft.stage_config.json from original name : data/scene_datasets/gibson_semantic/./Schoolcraft.glb| This file does not exist.
[14:16:04:695306]:[Metadata] AbstractObjectAttributesManagerBase.h(184)::createObject : File (data/scene_datasets/gibson_semantic/./Schoolcraft.glb) exists but is not a recognized config filename extension, so new default Stage Template attributes created and registered.
[14:16:04:695319]:[Metadata] AttributesManagerBase.h(380)::createFromJsonOrDefaultInternal : <Stage Template>: Proposing JSON name : data/scene_datasets/gibson_semantic/./Scioto.stage_config.json from original name : data/scene_datasets/gibson_semantic/./Scioto.glb| This file does not exist.
[14:16:04:695366]:[Metadata] AbstractObjectAttributesManagerBase.h(184)::createObject : File (data/scene_datasets/gibson_semantic/./Scioto.glb) exists but is not a recognized config filename extension, so new default Stage Template attributes created and registered.
[14:16:04:695378]:[Metadata] AttributesManagerBase.h(380)::createFromJsonOrDefaultInternal : <Stage Template>: Proposing JSON name : data/scene_datasets/gibson_semantic/./Scottsmoor.stage_config.json from original name : data/scene_datasets/gibson_semantic/./Scottsmoor.glb| This file does not exist.
[14:16:04:695427]:[Metadata] AbstractObjectAttributesManagerBase.h(184)::createObject : File (data/scene_datasets/gibson_semantic/./Scottsmoor.glb) exists but is not a recognized config filename extension, so new default Stage Template attributes created and registered.
[14:16:04:695439]:[Metadata] AttributesManagerBase.h(380)::createFromJsonOrDefaultInternal : <Stage Template>: Proposing JSON name : data/scene_datasets/gibson_semantic/./Seatonville.stage_config.json from original name : data/scene_datasets/gibson_semantic/./Seatonville.glb| This file does not exist.
[14:16:04:695484]:[Metadata] AbstractObjectAttributesManagerBase.h(184)::createObject : File (data/scene_datasets/gibson_semantic/./Seatonville.glb) exists but is not a recognized config filename extension, so new default Stage Template attributes created and registered.
[14:16:04:695495]:[Metadata] AttributesManagerBase.h(380)::createFromJsonOrDefaultInternal : <Stage Template>: Proposing JSON name : data/scene_datasets/gibson_semantic/./Seeley.stage_config.json from original name : data/scene_datasets/gibson_semantic/./Seeley.glb| This file does not exist.
[14:16:04:695542]:[Metadata] AbstractObjectAttributesManagerBase.h(184)::createObject : File (data/scene_datasets/gibson_semantic/./Seeley.glb) exists but is not a recognized config filename extension, so new default Stage Template attributes created and registered.
[14:16:04:695553]:[Metadata] AttributesManagerBase.h(380)::createFromJsonOrDefaultInternal : <Stage Template>: Proposing JSON name : data/scene_datasets/gibson_semantic/./Seiling.stage_config.json from original name : data/scene_datasets/gibson_semantic/./Seiling.glb| This file does not exist.
[14:16:04:695603]:[Metadata] AbstractObjectAttributesManagerBase.h(184)::createObject : File (data/scene_datasets/gibson_semantic/./Seiling.glb) exists but is not a recognized config filename extension, so new default Stage Template attributes created and registered.
[14:16:04:695617]:[Metadata] AttributesManagerBase.h(380)::createFromJsonOrDefaultInternal : <Stage Template>: Proposing JSON name : data/scene_datasets/gibson_semantic/./Seward.stage_config.json from original name : data/scene_datasets/gibson_semantic/./Seward.glb| This file does not exist.
[14:16:04:695670]:[Metadata] AbstractObjectAttributesManagerBase.h(184)::createObject : File (data/scene_datasets/gibson_semantic/./Seward.glb) exists but is not a recognized config filename extension, so new default Stage Template attributes created and registered.
[14:16:04:695682]:[Metadata] AttributesManagerBase.h(380)::createFromJsonOrDefaultInternal : <Stage Template>: Proposing JSON name : data/scene_datasets/gibson_semantic/./Sharon.stage_config.json from original name : data/scene_datasets/gibson_semantic/./Sharon.glb| This file does not exist.
[14:16:04:695731]:[Metadata] AbstractObjectAttributesManagerBase.h(184)::createObject : File (data/scene_datasets/gibson_semantic/./Sharon.glb) exists but is not a recognized config filename extension, so new default Stage Template attributes created and registered.
[14:16:04:695741]:[Metadata] AttributesManagerBase.h(380)::createFromJsonOrDefaultInternal : <Stage Template>: Proposing JSON name : data/scene_datasets/gibson_semantic/./Shauck.stage_config.json from original name : data/scene_datasets/gibson_semantic/./Shauck.glb| This file does not exist.
[14:16:04:695778]:[Metadata] AbstractObjectAttributesManagerBase.h(184)::createObject : File (data/scene_datasets/gibson_semantic/./Shauck.glb) exists but is not a recognized config filename extension, so new default Stage Template attributes created and registered.
[14:16:04:695787]:[Metadata] AttributesManagerBase.h(380)::createFromJsonOrDefaultInternal : <Stage Template>: Proposing JSON name : data/scene_datasets/gibson_semantic/./Shelbiana.stage_config.json from original name : data/scene_datasets/gibson_semantic/./Shelbiana.glb| This file does not exist.
[14:16:04:695825]:[Metadata] AbstractObjectAttributesManagerBase.h(184)::createObject : File (data/scene_datasets/gibson_semantic/./Shelbiana.glb) exists but is not a recognized config filename extension, so new default Stage Template attributes created and registered.
[14:16:04:695836]:[Metadata] AttributesManagerBase.h(380)::createFromJsonOrDefaultInternal : <Stage Template>: Proposing JSON name : data/scene_datasets/gibson_semantic/./Shelbyville.stage_config.json from original name : data/scene_datasets/gibson_semantic/./Shelbyville.glb| This file does not exist.
[14:16:04:695871]:[Metadata] AbstractObjectAttributesManagerBase.h(184)::createObject : File (data/scene_datasets/gibson_semantic/./Shelbyville.glb) exists but is not a recognized config filename extension, so new default Stage Template attributes created and registered.
[14:16:04:695881]:[Metadata] AttributesManagerBase.h(380)::createFromJsonOrDefaultInternal : <Stage Template>: Proposing JSON name : data/scene_datasets/gibson_semantic/./Shellsburg.stage_config.json from original name : data/scene_datasets/gibson_semantic/./Shellsburg.glb| This file does not exist.
[14:16:04:695916]:[Metadata] AbstractObjectAttributesManagerBase.h(184)::createObject : File (data/scene_datasets/gibson_semantic/./Shellsburg.glb) exists but is not a recognized config filename extension, so new default Stage Template attributes created and registered.
[14:16:04:695925]:[Metadata] AttributesManagerBase.h(380)::createFromJsonOrDefaultInternal : <Stage Template>: Proposing JSON name : data/scene_datasets/gibson_semantic/./Sherrill.stage_config.json from original name : data/scene_datasets/gibson_semantic/./Sherrill.glb| This file does not exist.
[14:16:04:695963]:[Metadata] AbstractObjectAttributesManagerBase.h(184)::createObject : File (data/scene_datasets/gibson_semantic/./Sherrill.glb) exists but is not a recognized config filename extension, so new default Stage Template attributes created and registered.
[14:16:04:695974]:[Metadata] AttributesManagerBase.h(380)::createFromJsonOrDefaultInternal : <Stage Template>: Proposing JSON name : data/scene_datasets/gibson_semantic/./Shumway.stage_config.json from original name : data/scene_datasets/gibson_semantic/./Shumway.glb| This file does not exist.
[14:16:04:696009]:[Metadata] AbstractObjectAttributesManagerBase.h(184)::createObject : File (data/scene_datasets/gibson_semantic/./Shumway.glb) exists but is not a recognized config filename extension, so new default Stage Template attributes created and registered.
[14:16:04:696018]:[Metadata] AttributesManagerBase.h(380)::createFromJsonOrDefaultInternal : <Stage Template>: Proposing JSON name : data/scene_datasets/gibson_semantic/./Silas.stage_config.json from original name : data/scene_datasets/gibson_semantic/./Silas.glb| This file does not exist.
[14:16:04:696057]:[Metadata] AbstractObjectAttributesManagerBase.h(184)::createObject : File (data/scene_datasets/gibson_semantic/./Silas.glb) exists but is not a recognized config filename extension, so new default Stage Template attributes created and registered.
[14:16:04:696066]:[Metadata] AttributesManagerBase.h(380)::createFromJsonOrDefaultInternal : <Stage Template>: Proposing JSON name : data/scene_datasets/gibson_semantic/./Silerton.stage_config.json from original name : data/scene_datasets/gibson_semantic/./Silerton.glb| This file does not exist.
[14:16:04:696102]:[Metadata] AbstractObjectAttributesManagerBase.h(184)::createObject : File (data/scene_datasets/gibson_semantic/./Silerton.glb) exists but is not a recognized config filename extension, so new default Stage Template attributes created and registered.
[14:16:04:696111]:[Metadata] AttributesManagerBase.h(380)::createFromJsonOrDefaultInternal : <Stage Template>: Proposing JSON name : data/scene_datasets/gibson_semantic/./Silva.stage_config.json from original name : data/scene_datasets/gibson_semantic/./Silva.glb| This file does not exist.
[14:16:04:696145]:[Metadata] AbstractObjectAttributesManagerBase.h(184)::createObject : File (data/scene_datasets/gibson_semantic/./Silva.glb) exists but is not a recognized config filename extension, so new default Stage Template attributes created and registered.
[14:16:04:696156]:[Metadata] AttributesManagerBase.h(380)::createFromJsonOrDefaultInternal : <Stage Template>: Proposing JSON name : data/scene_datasets/gibson_semantic/./Siren.stage_config.json from original name : data/scene_datasets/gibson_semantic/./Siren.glb| This file does not exist.
[14:16:04:696191]:[Metadata] AbstractObjectAttributesManagerBase.h(184)::createObject : File (data/scene_datasets/gibson_semantic/./Siren.glb) exists but is not a recognized config filename extension, so new default Stage Template attributes created and registered.
[14:16:04:696201]:[Metadata] AttributesManagerBase.h(380)::createFromJsonOrDefaultInternal : <Stage Template>: Proposing JSON name : data/scene_datasets/gibson_semantic/./Sisters.stage_config.json from original name : data/scene_datasets/gibson_semantic/./Sisters.glb| This file does not exist.
[14:16:04:696237]:[Metadata] AbstractObjectAttributesManagerBase.h(184)::createObject : File (data/scene_datasets/gibson_semantic/./Sisters.glb) exists but is not a recognized config filename extension, so new default Stage Template attributes created and registered.
[14:16:04:696246]:[Metadata] AttributesManagerBase.h(380)::createFromJsonOrDefaultInternal : <Stage Template>: Proposing JSON name : data/scene_datasets/gibson_semantic/./Smoketown.stage_config.json from original name : data/scene_datasets/gibson_semantic/./Smoketown.glb| This file does not exist.
[14:16:04:696281]:[Metadata] AbstractObjectAttributesManagerBase.h(184)::createObject : File (data/scene_datasets/gibson_semantic/./Smoketown.glb) exists but is not a recognized config filename extension, so new default Stage Template attributes created and registered.
[14:16:04:696291]:[Metadata] AttributesManagerBase.h(380)::createFromJsonOrDefaultInternal : <Stage Template>: Proposing JSON name : data/scene_datasets/gibson_semantic/./Sodaville.stage_config.json from original name : data/scene_datasets/gibson_semantic/./Sodaville.glb| This file does not exist.
[14:16:04:696325]:[Metadata] AbstractObjectAttributesManagerBase.h(184)::createObject : File (data/scene_datasets/gibson_semantic/./Sodaville.glb) exists but is not a recognized config filename extension, so new default Stage Template attributes created and registered.
[14:16:04:696335]:[Metadata] AttributesManagerBase.h(380)::createFromJsonOrDefaultInternal : <Stage Template>: Proposing JSON name : data/scene_datasets/gibson_semantic/./Soldier.stage_config.json from original name : data/scene_datasets/gibson_semantic/./Soldier.glb| This file does not exist.
[14:16:04:696373]:[Metadata] AbstractObjectAttributesManagerBase.h(184)::createObject : File (data/scene_datasets/gibson_semantic/./Soldier.glb) exists but is not a recognized config filename extension, so new default Stage Template attributes created and registered.
[14:16:04:696383]:[Metadata] AttributesManagerBase.h(380)::createFromJsonOrDefaultInternal : <Stage Template>: Proposing JSON name : data/scene_datasets/gibson_semantic/./Southfield.stage_config.json from original name : data/scene_datasets/gibson_semantic/./Southfield.glb| This file does not exist.
[14:16:04:696418]:[Metadata] AbstractObjectAttributesManagerBase.h(184)::createObject : File (data/scene_datasets/gibson_semantic/./Southfield.glb) exists but is not a recognized config filename extension, so new default Stage Template attributes created and registered.
[14:16:04:696427]:[Metadata] AttributesManagerBase.h(380)::createFromJsonOrDefaultInternal : <Stage Template>: Proposing JSON name : data/scene_datasets/gibson_semantic/./Spencerville.stage_config.json from original name : data/scene_datasets/gibson_semantic/./Spencerville.glb| This file does not exist.
[14:16:04:696467]:[Metadata] AbstractObjectAttributesManagerBase.h(184)::createObject : File (data/scene_datasets/gibson_semantic/./Spencerville.glb) exists but is not a recognized config filename extension, so new default Stage Template attributes created and registered.
[14:16:04:696477]:[Metadata] AttributesManagerBase.h(380)::createFromJsonOrDefaultInternal : <Stage Template>: Proposing JSON name : data/scene_datasets/gibson_semantic/./Spotswood.stage_config.json from original name : data/scene_datasets/gibson_semantic/./Spotswood.glb| This file does not exist.
[14:16:04:696514]:[Metadata] AbstractObjectAttributesManagerBase.h(184)::createObject : File (data/scene_datasets/gibson_semantic/./Spotswood.glb) exists but is not a recognized config filename extension, so new default Stage Template attributes created and registered.
[14:16:04:696524]:[Metadata] AttributesManagerBase.h(380)::createFromJsonOrDefaultInternal : <Stage Template>: Proposing JSON name : data/scene_datasets/gibson_semantic/./Spread.stage_config.json from original name : data/scene_datasets/gibson_semantic/./Spread.glb| This file does not exist.
[14:16:04:696560]:[Metadata] AbstractObjectAttributesManagerBase.h(184)::createObject : File (data/scene_datasets/gibson_semantic/./Spread.glb) exists but is not a recognized config filename extension, so new default Stage Template attributes created and registered.
[14:16:04:696569]:[Metadata] AttributesManagerBase.h(380)::createFromJsonOrDefaultInternal : <Stage Template>: Proposing JSON name : data/scene_datasets/gibson_semantic/./Springerville.stage_config.json from original name : data/scene_datasets/gibson_semantic/./Springerville.glb| This file does not exist.
[14:16:04:696609]:[Metadata] AbstractObjectAttributesManagerBase.h(184)::createObject : File (data/scene_datasets/gibson_semantic/./Springerville.glb) exists but is not a recognized config filename extension, so new default Stage Template attributes created and registered.
[14:16:04:696619]:[Metadata] AttributesManagerBase.h(380)::createFromJsonOrDefaultInternal : <Stage Template>: Proposing JSON name : data/scene_datasets/gibson_semantic/./Springhill.stage_config.json from original name : data/scene_datasets/gibson_semantic/./Springhill.glb| This file does not exist.
[14:16:04:696654]:[Metadata] AbstractObjectAttributesManagerBase.h(184)::createObject : File (data/scene_datasets/gibson_semantic/./Springhill.glb) exists but is not a recognized config filename extension, so new default Stage Template attributes created and registered.
[14:16:04:696664]:[Metadata] AttributesManagerBase.h(380)::createFromJsonOrDefaultInternal : <Stage Template>: Proposing JSON name : data/scene_datasets/gibson_semantic/./Stanleyville.stage_config.json from original name : data/scene_datasets/gibson_semantic/./Stanleyville.glb| This file does not exist.
[14:16:04:696700]:[Metadata] AbstractObjectAttributesManagerBase.h(184)::createObject : File (data/scene_datasets/gibson_semantic/./Stanleyville.glb) exists but is not a recognized config filename extension, so new default Stage Template attributes created and registered.
[14:16:04:696710]:[Metadata] AttributesManagerBase.h(380)::createFromJsonOrDefaultInternal : <Stage Template>: Proposing JSON name : data/scene_datasets/gibson_semantic/./Starks.stage_config.json from original name : data/scene_datasets/gibson_semantic/./Starks.glb| This file does not exist.
[14:16:04:696745]:[Metadata] AbstractObjectAttributesManagerBase.h(184)::createObject : File (data/scene_datasets/gibson_semantic/./Starks.glb) exists but is not a recognized config filename extension, so new default Stage Template attributes created and registered.
[14:16:04:696754]:[Metadata] AttributesManagerBase.h(380)::createFromJsonOrDefaultInternal : <Stage Template>: Proposing JSON name : data/scene_datasets/gibson_semantic/./Stigler.stage_config.json from original name : data/scene_datasets/gibson_semantic/./Stigler.glb| This file does not exist.
[14:16:04:696789]:[Metadata] AbstractObjectAttributesManagerBase.h(184)::createObject : File (data/scene_datasets/gibson_semantic/./Stigler.glb) exists but is not a recognized config filename extension, so new default Stage Template attributes created and registered.
[14:16:04:696799]:[Metadata] AttributesManagerBase.h(380)::createFromJsonOrDefaultInternal : <Stage Template>: Proposing JSON name : data/scene_datasets/gibson_semantic/./Stilwell.stage_config.json from original name : data/scene_datasets/gibson_semantic/./Stilwell.glb| This file does not exist.
[14:16:04:696835]:[Metadata] AbstractObjectAttributesManagerBase.h(184)::createObject : File (data/scene_datasets/gibson_semantic/./Stilwell.glb) exists but is not a recognized config filename extension, so new default Stage Template attributes created and registered.
[14:16:04:696845]:[Metadata] AttributesManagerBase.h(380)::createFromJsonOrDefaultInternal : <Stage Template>: Proposing JSON name : data/scene_datasets/gibson_semantic/./Stockertown.stage_config.json from original name : data/scene_datasets/gibson_semantic/./Stockertown.glb| This file does not exist.
[14:16:04:696883]:[Metadata] AbstractObjectAttributesManagerBase.h(184)::createObject : File (data/scene_datasets/gibson_semantic/./Stockertown.glb) exists but is not a recognized config filename extension, so new default Stage Template attributes created and registered.
[14:16:04:696893]:[Metadata] AttributesManagerBase.h(380)::createFromJsonOrDefaultInternal : <Stage Template>: Proposing JSON name : data/scene_datasets/gibson_semantic/./Stockman.stage_config.json from original name : data/scene_datasets/gibson_semantic/./Stockman.glb| This file does not exist.
[14:16:04:696930]:[Metadata] AbstractObjectAttributesManagerBase.h(184)::createObject : File (data/scene_datasets/gibson_semantic/./Stockman.glb) exists but is not a recognized config filename extension, so new default Stage Template attributes created and registered.
[14:16:04:696940]:[Metadata] AttributesManagerBase.h(380)::createFromJsonOrDefaultInternal : <Stage Template>: Proposing JSON name : data/scene_datasets/gibson_semantic/./Stockwell.stage_config.json from original name : data/scene_datasets/gibson_semantic/./Stockwell.glb| This file does not exist.
[14:16:04:696976]:[Metadata] AbstractObjectAttributesManagerBase.h(184)::createObject : File (data/scene_datasets/gibson_semantic/./Stockwell.glb) exists but is not a recognized config filename extension, so new default Stage Template attributes created and registered.
[14:16:04:696986]:[Metadata] AttributesManagerBase.h(380)::createFromJsonOrDefaultInternal : <Stage Template>: Proposing JSON name : data/scene_datasets/gibson_semantic/./Stokes.stage_config.json from original name : data/scene_datasets/gibson_semantic/./Stokes.glb| This file does not exist.
[14:16:04:697022]:[Metadata] AbstractObjectAttributesManagerBase.h(184)::createObject : File (data/scene_datasets/gibson_semantic/./Stokes.glb) exists but is not a recognized config filename extension, so new default Stage Template attributes created and registered.
[14:16:04:697032]:[Metadata] AttributesManagerBase.h(380)::createFromJsonOrDefaultInternal : <Stage Template>: Proposing JSON name : data/scene_datasets/gibson_semantic/./Sugarville.stage_config.json from original name : data/scene_datasets/gibson_semantic/./Sugarville.glb| This file does not exist.
[14:16:04:697069]:[Metadata] AbstractObjectAttributesManagerBase.h(184)::createObject : File (data/scene_datasets/gibson_semantic/./Sugarville.glb) exists but is not a recognized config filename extension, so new default Stage Template attributes created and registered.
[14:16:04:697079]:[Metadata] AttributesManagerBase.h(380)::createFromJsonOrDefaultInternal : <Stage Template>: Proposing JSON name : data/scene_datasets/gibson_semantic/./Sultan.stage_config.json from original name : data/scene_datasets/gibson_semantic/./Sultan.glb| This file does not exist.
[14:16:04:697115]:[Metadata] AbstractObjectAttributesManagerBase.h(184)::createObject : File (data/scene_datasets/gibson_semantic/./Sultan.glb) exists but is not a recognized config filename extension, so new default Stage Template attributes created and registered.
[14:16:04:697124]:[Metadata] AttributesManagerBase.h(380)::createFromJsonOrDefaultInternal : <Stage Template>: Proposing JSON name : data/scene_datasets/gibson_semantic/./Sumas.stage_config.json from original name : data/scene_datasets/gibson_semantic/./Sumas.glb| This file does not exist.
[14:16:04:697160]:[Metadata] AbstractObjectAttributesManagerBase.h(184)::createObject : File (data/scene_datasets/gibson_semantic/./Sumas.glb) exists but is not a recognized config filename extension, so new default Stage Template attributes created and registered.
[14:16:04:697170]:[Metadata] AttributesManagerBase.h(380)::createFromJsonOrDefaultInternal : <Stage Template>: Proposing JSON name : data/scene_datasets/gibson_semantic/./Sundown.stage_config.json from original name : data/scene_datasets/gibson_semantic/./Sundown.glb| This file does not exist.
[14:16:04:697205]:[Metadata] AbstractObjectAttributesManagerBase.h(184)::createObject : File (data/scene_datasets/gibson_semantic/./Sundown.glb) exists but is not a recognized config filename extension, so new default Stage Template attributes created and registered.
[14:16:04:697215]:[Metadata] AttributesManagerBase.h(380)::createFromJsonOrDefaultInternal : <Stage Template>: Proposing JSON name : data/scene_datasets/gibson_semantic/./Sunshine.stage_config.json from original name : data/scene_datasets/gibson_semantic/./Sunshine.glb| This file does not exist.
[14:16:04:697249]:[Metadata] AbstractObjectAttributesManagerBase.h(184)::createObject : File (data/scene_datasets/gibson_semantic/./Sunshine.glb) exists but is not a recognized config filename extension, so new default Stage Template attributes created and registered.
[14:16:04:697259]:[Metadata] AttributesManagerBase.h(380)::createFromJsonOrDefaultInternal : <Stage Template>: Proposing JSON name : data/scene_datasets/gibson_semantic/./Superior.stage_config.json from original name : data/scene_datasets/gibson_semantic/./Superior.glb| This file does not exist.
[14:16:04:697294]:[Metadata] AbstractObjectAttributesManagerBase.h(184)::createObject : File (data/scene_datasets/gibson_semantic/./Superior.glb) exists but is not a recognized config filename extension, so new default Stage Template attributes created and registered.
[14:16:04:697303]:[Metadata] AttributesManagerBase.h(380)::createFromJsonOrDefaultInternal : <Stage Template>: Proposing JSON name : data/scene_datasets/gibson_semantic/./Sussex.stage_config.json from original name : data/scene_datasets/gibson_semantic/./Sussex.glb| This file does not exist.
[14:16:04:697342]:[Metadata] AbstractObjectAttributesManagerBase.h(184)::createObject : File (data/scene_datasets/gibson_semantic/./Sussex.glb) exists but is not a recognized config filename extension, so new default Stage Template attributes created and registered.
[14:16:04:697353]:[Metadata] AttributesManagerBase.h(380)::createFromJsonOrDefaultInternal : <Stage Template>: Proposing JSON name : data/scene_datasets/gibson_semantic/./Sweatman.stage_config.json from original name : data/scene_datasets/gibson_semantic/./Sweatman.glb| This file does not exist.
[14:16:04:697390]:[Metadata] AbstractObjectAttributesManagerBase.h(184)::createObject : File (data/scene_datasets/gibson_semantic/./Sweatman.glb) exists but is not a recognized config filename extension, so new default Stage Template attributes created and registered.
[14:16:04:697400]:[Metadata] AttributesManagerBase.h(380)::createFromJsonOrDefaultInternal : <Stage Template>: Proposing JSON name : data/scene_datasets/gibson_semantic/./Swisshome.stage_config.json from original name : data/scene_datasets/gibson_semantic/./Swisshome.glb| This file does not exist.
[14:16:04:697437]:[Metadata] AbstractObjectAttributesManagerBase.h(184)::createObject : File (data/scene_datasets/gibson_semantic/./Swisshome.glb) exists but is not a recognized config filename extension, so new default Stage Template attributes created and registered.
[14:16:04:697446]:[Metadata] AttributesManagerBase.h(380)::createFromJsonOrDefaultInternal : <Stage Template>: Proposing JSON name : data/scene_datasets/gibson_semantic/./Swormville.stage_config.json from original name : data/scene_datasets/gibson_semantic/./Swormville.glb| This file does not exist.
[14:16:04:697481]:[Metadata] AbstractObjectAttributesManagerBase.h(184)::createObject : File (data/scene_datasets/gibson_semantic/./Swormville.glb) exists but is not a recognized config filename extension, so new default Stage Template attributes created and registered.
[14:16:04:697491]:[Metadata] AttributesManagerBase.h(380)::createFromJsonOrDefaultInternal : <Stage Template>: Proposing JSON name : data/scene_datasets/gibson_semantic/./Tallmadge.stage_config.json from original name : data/scene_datasets/gibson_semantic/./Tallmadge.glb| This file does not exist.
[14:16:04:697527]:[Metadata] AbstractObjectAttributesManagerBase.h(184)::createObject : File (data/scene_datasets/gibson_semantic/./Tallmadge.glb) exists but is not a recognized config filename extension, so new default Stage Template attributes created and registered.
[14:16:04:697537]:[Metadata] AttributesManagerBase.h(380)::createFromJsonOrDefaultInternal : <Stage Template>: Proposing JSON name : data/scene_datasets/gibson_semantic/./Tansboro.stage_config.json from original name : data/scene_datasets/gibson_semantic/./Tansboro.glb| This file does not exist.
[14:16:04:697571]:[Metadata] AbstractObjectAttributesManagerBase.h(184)::createObject : File (data/scene_datasets/gibson_semantic/./Tansboro.glb) exists but is not a recognized config filename extension, so new default Stage Template attributes created and registered.
[14:16:04:697580]:[Metadata] AttributesManagerBase.h(380)::createFromJsonOrDefaultInternal : <Stage Template>: Proposing JSON name : data/scene_datasets/gibson_semantic/./Tariffville.stage_config.json from original name : data/scene_datasets/gibson_semantic/./Tariffville.glb| This file does not exist.
[14:16:04:697615]:[Metadata] AbstractObjectAttributesManagerBase.h(184)::createObject : File (data/scene_datasets/gibson_semantic/./Tariffville.glb) exists but is not a recognized config filename extension, so new default Stage Template attributes created and registered.
[14:16:04:697624]:[Metadata] AttributesManagerBase.h(380)::createFromJsonOrDefaultInternal : <Stage Template>: Proposing JSON name : data/scene_datasets/gibson_semantic/./Terrell.stage_config.json from original name : data/scene_datasets/gibson_semantic/./Terrell.glb| This file does not exist.
[14:16:04:697662]:[Metadata] AbstractObjectAttributesManagerBase.h(184)::createObject : File (data/scene_datasets/gibson_semantic/./Terrell.glb) exists but is not a recognized config filename extension, so new default Stage Template attributes created and registered.
[14:16:04:697672]:[Metadata] AttributesManagerBase.h(380)::createFromJsonOrDefaultInternal : <Stage Template>: Proposing JSON name : data/scene_datasets/gibson_semantic/./Texasville.stage_config.json from original name : data/scene_datasets/gibson_semantic/./Texasville.glb| This file does not exist.
[14:16:04:697708]:[Metadata] AbstractObjectAttributesManagerBase.h(184)::createObject : File (data/scene_datasets/gibson_semantic/./Texasville.glb) exists but is not a recognized config filename extension, so new default Stage Template attributes created and registered.
[14:16:04:697718]:[Metadata] AttributesManagerBase.h(380)::createFromJsonOrDefaultInternal : <Stage Template>: Proposing JSON name : data/scene_datasets/gibson_semantic/./Thrall.stage_config.json from original name : data/scene_datasets/gibson_semantic/./Thrall.glb| This file does not exist.
[14:16:04:697753]:[Metadata] AbstractObjectAttributesManagerBase.h(184)::createObject : File (data/scene_datasets/gibson_semantic/./Thrall.glb) exists but is not a recognized config filename extension, so new default Stage Template attributes created and registered.
[14:16:04:697762]:[Metadata] AttributesManagerBase.h(380)::createFromJsonOrDefaultInternal : <Stage Template>: Proposing JSON name : data/scene_datasets/gibson_semantic/./Tilghmanton.stage_config.json from original name : data/scene_datasets/gibson_semantic/./Tilghmanton.glb| This file does not exist.
[14:16:04:697799]:[Metadata] AbstractObjectAttributesManagerBase.h(184)::createObject : File (data/scene_datasets/gibson_semantic/./Tilghmanton.glb) exists but is not a recognized config filename extension, so new default Stage Template attributes created and registered.
[14:16:04:697808]:[Metadata] AttributesManagerBase.h(380)::createFromJsonOrDefaultInternal : <Stage Template>: Proposing JSON name : data/scene_datasets/gibson_semantic/./Tillman.stage_config.json from original name : data/scene_datasets/gibson_semantic/./Tillman.glb| This file does not exist.
[14:16:04:697845]:[Metadata] AbstractObjectAttributesManagerBase.h(184)::createObject : File (data/scene_datasets/gibson_semantic/./Tillman.glb) exists but is not a recognized config filename extension, so new default Stage Template attributes created and registered.
[14:16:04:697854]:[Metadata] AttributesManagerBase.h(380)::createFromJsonOrDefaultInternal : <Stage Template>: Proposing JSON name : data/scene_datasets/gibson_semantic/./Timberon.stage_config.json from original name : data/scene_datasets/gibson_semantic/./Timberon.glb| This file does not exist.
[14:16:04:697889]:[Metadata] AbstractObjectAttributesManagerBase.h(184)::createObject : File (data/scene_datasets/gibson_semantic/./Timberon.glb) exists but is not a recognized config filename extension, so new default Stage Template attributes created and registered.
[14:16:04:697899]:[Metadata] AttributesManagerBase.h(380)::createFromJsonOrDefaultInternal : <Stage Template>: Proposing JSON name : data/scene_datasets/gibson_semantic/./Tippecanoe.stage_config.json from original name : data/scene_datasets/gibson_semantic/./Tippecanoe.glb| This file does not exist.
[14:16:04:697934]:[Metadata] AbstractObjectAttributesManagerBase.h(184)::createObject : File (data/scene_datasets/gibson_semantic/./Tippecanoe.glb) exists but is not a recognized config filename extension, so new default Stage Template attributes created and registered.
[14:16:04:697944]:[Metadata] AttributesManagerBase.h(380)::createFromJsonOrDefaultInternal : <Stage Template>: Proposing JSON name : data/scene_datasets/gibson_semantic/./Tokeland.stage_config.json from original name : data/scene_datasets/gibson_semantic/./Tokeland.glb| This file does not exist.
[14:16:04:697982]:[Metadata] AbstractObjectAttributesManagerBase.h(184)::createObject : File (data/scene_datasets/gibson_semantic/./Tokeland.glb) exists but is not a recognized config filename extension, so new default Stage Template attributes created and registered.
[14:16:04:697992]:[Metadata] AttributesManagerBase.h(380)::createFromJsonOrDefaultInternal : <Stage Template>: Proposing JSON name : data/scene_datasets/gibson_semantic/./Tolstoy.stage_config.json from original name : data/scene_datasets/gibson_semantic/./Tolstoy.glb| This file does not exist.
[14:16:04:698027]:[Metadata] AbstractObjectAttributesManagerBase.h(184)::createObject : File (data/scene_datasets/gibson_semantic/./Tolstoy.glb) exists but is not a recognized config filename extension, so new default Stage Template attributes created and registered.
[14:16:04:698037]:[Metadata] AttributesManagerBase.h(380)::createFromJsonOrDefaultInternal : <Stage Template>: Proposing JSON name : data/scene_datasets/gibson_semantic/./Tomales.stage_config.json from original name : data/scene_datasets/gibson_semantic/./Tomales.glb| This file does not exist.
[14:16:04:698072]:[Metadata] AbstractObjectAttributesManagerBase.h(184)::createObject : File (data/scene_datasets/gibson_semantic/./Tomales.glb) exists but is not a recognized config filename extension, so new default Stage Template attributes created and registered.
[14:16:04:698082]:[Metadata] AttributesManagerBase.h(380)::createFromJsonOrDefaultInternal : <Stage Template>: Proposing JSON name : data/scene_datasets/gibson_semantic/./Tomkins.stage_config.json from original name : data/scene_datasets/gibson_semantic/./Tomkins.glb| This file does not exist.
[14:16:04:698116]:[Metadata] AbstractObjectAttributesManagerBase.h(184)::createObject : File (data/scene_datasets/gibson_semantic/./Tomkins.glb) exists but is not a recognized config filename extension, so new default Stage Template attributes created and registered.
[14:16:04:698126]:[Metadata] AttributesManagerBase.h(380)::createFromJsonOrDefaultInternal : <Stage Template>: Proposing JSON name : data/scene_datasets/gibson_semantic/./Torrington.stage_config.json from original name : data/scene_datasets/gibson_semantic/./Torrington.glb| This file does not exist.
[14:16:04:698160]:[Metadata] AbstractObjectAttributesManagerBase.h(184)::createObject : File (data/scene_datasets/gibson_semantic/./Torrington.glb) exists but is not a recognized config filename extension, so new default Stage Template attributes created and registered.
[14:16:04:698169]:[Metadata] AttributesManagerBase.h(380)::createFromJsonOrDefaultInternal : <Stage Template>: Proposing JSON name : data/scene_datasets/gibson_semantic/./Touhy.stage_config.json from original name : data/scene_datasets/gibson_semantic/./Touhy.glb| This file does not exist.
[14:16:04:698205]:[Metadata] AbstractObjectAttributesManagerBase.h(184)::createObject : File (data/scene_datasets/gibson_semantic/./Touhy.glb) exists but is not a recognized config filename extension, so new default Stage Template attributes created and registered.
[14:16:04:698214]:[Metadata] AttributesManagerBase.h(380)::createFromJsonOrDefaultInternal : <Stage Template>: Proposing JSON name : data/scene_datasets/gibson_semantic/./Tradewinds.stage_config.json from original name : data/scene_datasets/gibson_semantic/./Tradewinds.glb| This file does not exist.
[14:16:04:698249]:[Metadata] AbstractObjectAttributesManagerBase.h(184)::createObject : File (data/scene_datasets/gibson_semantic/./Tradewinds.glb) exists but is not a recognized config filename extension, so new default Stage Template attributes created and registered.
[14:16:04:698259]:[Metadata] AttributesManagerBase.h(380)::createFromJsonOrDefaultInternal : <Stage Template>: Proposing JSON name : data/scene_datasets/gibson_semantic/./Trail.stage_config.json from original name : data/scene_datasets/gibson_semantic/./Trail.glb| This file does not exist.
[14:16:04:698295]:[Metadata] AbstractObjectAttributesManagerBase.h(184)::createObject : File (data/scene_datasets/gibson_semantic/./Trail.glb) exists but is not a recognized config filename extension, so new default Stage Template attributes created and registered.
[14:16:04:698305]:[Metadata] AttributesManagerBase.h(380)::createFromJsonOrDefaultInternal : <Stage Template>: Proposing JSON name : data/scene_datasets/gibson_semantic/./Traver.stage_config.json from original name : data/scene_datasets/gibson_semantic/./Traver.glb| This file does not exist.
[14:16:04:698340]:[Metadata] AbstractObjectAttributesManagerBase.h(184)::createObject : File (data/scene_datasets/gibson_semantic/./Traver.glb) exists but is not a recognized config filename extension, so new default Stage Template attributes created and registered.
[14:16:04:698349]:[Metadata] AttributesManagerBase.h(380)::createFromJsonOrDefaultInternal : <Stage Template>: Proposing JSON name : data/scene_datasets/gibson_semantic/./Tyler.stage_config.json from original name : data/scene_datasets/gibson_semantic/./Tyler.glb| This file does not exist.
[14:16:04:698384]:[Metadata] AbstractObjectAttributesManagerBase.h(184)::createObject : File (data/scene_datasets/gibson_semantic/./Tyler.glb) exists but is not a recognized config filename extension, so new default Stage Template attributes created and registered.
[14:16:04:698394]:[Metadata] AttributesManagerBase.h(380)::createFromJsonOrDefaultInternal : <Stage Template>: Proposing JSON name : data/scene_datasets/gibson_semantic/./Umpqua.stage_config.json from original name : data/scene_datasets/gibson_semantic/./Umpqua.glb| This file does not exist.
[14:16:04:698428]:[Metadata] AbstractObjectAttributesManagerBase.h(184)::createObject : File (data/scene_datasets/gibson_semantic/./Umpqua.glb) exists but is not a recognized config filename extension, so new default Stage Template attributes created and registered.
[14:16:04:698437]:[Metadata] AttributesManagerBase.h(380)::createFromJsonOrDefaultInternal : <Stage Template>: Proposing JSON name : data/scene_datasets/gibson_semantic/./Uncertain.stage_config.json from original name : data/scene_datasets/gibson_semantic/./Uncertain.glb| This file does not exist.
[14:16:04:698473]:[Metadata] AbstractObjectAttributesManagerBase.h(184)::createObject : File (data/scene_datasets/gibson_semantic/./Uncertain.glb) exists but is not a recognized config filename extension, so new default Stage Template attributes created and registered.
[14:16:04:698483]:[Metadata] AttributesManagerBase.h(380)::createFromJsonOrDefaultInternal : <Stage Template>: Proposing JSON name : data/scene_datasets/gibson_semantic/./Upham.stage_config.json from original name : data/scene_datasets/gibson_semantic/./Upham.glb| This file does not exist.
[14:16:04:698518]:[Metadata] AbstractObjectAttributesManagerBase.h(184)::createObject : File (data/scene_datasets/gibson_semantic/./Upham.glb) exists but is not a recognized config filename extension, so new default Stage Template attributes created and registered.
[14:16:04:698528]:[Metadata] AttributesManagerBase.h(380)::createFromJsonOrDefaultInternal : <Stage Template>: Proposing JSON name : data/scene_datasets/gibson_semantic/./Vails.stage_config.json from original name : data/scene_datasets/gibson_semantic/./Vails.glb| This file does not exist.
[14:16:04:698565]:[Metadata] AbstractObjectAttributesManagerBase.h(184)::createObject : File (data/scene_datasets/gibson_semantic/./Vails.glb) exists but is not a recognized config filename extension, so new default Stage Template attributes created and registered.
[14:16:04:698575]:[Metadata] AttributesManagerBase.h(380)::createFromJsonOrDefaultInternal : <Stage Template>: Proposing JSON name : data/scene_datasets/gibson_semantic/./Victorville.stage_config.json from original name : data/scene_datasets/gibson_semantic/./Victorville.glb| This file does not exist.
[14:16:04:698615]:[Metadata] AbstractObjectAttributesManagerBase.h(184)::createObject : File (data/scene_datasets/gibson_semantic/./Victorville.glb) exists but is not a recognized config filename extension, so new default Stage Template attributes created and registered.
[14:16:04:698625]:[Metadata] AttributesManagerBase.h(380)::createFromJsonOrDefaultInternal : <Stage Template>: Proposing JSON name : data/scene_datasets/gibson_semantic/./Voorhees.stage_config.json from original name : data/scene_datasets/gibson_semantic/./Voorhees.glb| This file does not exist.
[14:16:04:698666]:[Metadata] AbstractObjectAttributesManagerBase.h(184)::createObject : File (data/scene_datasets/gibson_semantic/./Voorhees.glb) exists but is not a recognized config filename extension, so new default Stage Template attributes created and registered.
[14:16:04:698676]:[Metadata] AttributesManagerBase.h(380)::createFromJsonOrDefaultInternal : <Stage Template>: Proposing JSON name : data/scene_datasets/gibson_semantic/./Waimea.stage_config.json from original name : data/scene_datasets/gibson_semantic/./Waimea.glb| This file does not exist.
[14:16:04:698712]:[Metadata] AbstractObjectAttributesManagerBase.h(184)::createObject : File (data/scene_datasets/gibson_semantic/./Waimea.glb) exists but is not a recognized config filename extension, so new default Stage Template attributes created and registered.
[14:16:04:698722]:[Metadata] AttributesManagerBase.h(380)::createFromJsonOrDefaultInternal : <Stage Template>: Proposing JSON name : data/scene_datasets/gibson_semantic/./Wainscott.stage_config.json from original name : data/scene_datasets/gibson_semantic/./Wainscott.glb| This file does not exist.
[14:16:04:698759]:[Metadata] AbstractObjectAttributesManagerBase.h(184)::createObject : File (data/scene_datasets/gibson_semantic/./Wainscott.glb) exists but is not a recognized config filename extension, so new default Stage Template attributes created and registered.
[14:16:04:698769]:[Metadata] AttributesManagerBase.h(380)::createFromJsonOrDefaultInternal : <Stage Template>: Proposing JSON name : data/scene_datasets/gibson_semantic/./Waipahu.stage_config.json from original name : data/scene_datasets/gibson_semantic/./Waipahu.glb| This file does not exist.
[14:16:04:698803]:[Metadata] AbstractObjectAttributesManagerBase.h(184)::createObject : File (data/scene_datasets/gibson_semantic/./Waipahu.glb) exists but is not a recognized config filename extension, so new default Stage Template attributes created and registered.
[14:16:04:698813]:[Metadata] AttributesManagerBase.h(380)::createFromJsonOrDefaultInternal : <Stage Template>: Proposing JSON name : data/scene_datasets/gibson_semantic/./Waldenburg.stage_config.json from original name : data/scene_datasets/gibson_semantic/./Waldenburg.glb| This file does not exist.
[14:16:04:698848]:[Metadata] AbstractObjectAttributesManagerBase.h(184)::createObject : File (data/scene_datasets/gibson_semantic/./Waldenburg.glb) exists but is not a recognized config filename extension, so new default Stage Template attributes created and registered.
[14:16:04:698857]:[Metadata] AttributesManagerBase.h(380)::createFromJsonOrDefaultInternal : <Stage Template>: Proposing JSON name : data/scene_datasets/gibson_semantic/./Warrenville.stage_config.json from original name : data/scene_datasets/gibson_semantic/./Warrenville.glb| This file does not exist.
[14:16:04:698892]:[Metadata] AbstractObjectAttributesManagerBase.h(184)::createObject : File (data/scene_datasets/gibson_semantic/./Warrenville.glb) exists but is not a recognized config filename extension, so new default Stage Template attributes created and registered.
[14:16:04:698902]:[Metadata] AttributesManagerBase.h(380)::createFromJsonOrDefaultInternal : <Stage Template>: Proposing JSON name : data/scene_datasets/gibson_semantic/./Wattsville.stage_config.json from original name : data/scene_datasets/gibson_semantic/./Wattsville.glb| This file does not exist.
[14:16:04:698937]:[Metadata] AbstractObjectAttributesManagerBase.h(184)::createObject : File (data/scene_datasets/gibson_semantic/./Wattsville.glb) exists but is not a recognized config filename extension, so new default Stage Template attributes created and registered.
[14:16:04:698946]:[Metadata] AttributesManagerBase.h(380)::createFromJsonOrDefaultInternal : <Stage Template>: Proposing JSON name : data/scene_datasets/gibson_semantic/./Waucousta.stage_config.json from original name : data/scene_datasets/gibson_semantic/./Waucousta.glb| This file does not exist.
[14:16:04:698984]:[Metadata] AbstractObjectAttributesManagerBase.h(184)::createObject : File (data/scene_datasets/gibson_semantic/./Waucousta.glb) exists but is not a recognized config filename extension, so new default Stage Template attributes created and registered.
[14:16:04:698994]:[Metadata] AttributesManagerBase.h(380)::createFromJsonOrDefaultInternal : <Stage Template>: Proposing JSON name : data/scene_datasets/gibson_semantic/./Waukeenah.stage_config.json from original name : data/scene_datasets/gibson_semantic/./Waukeenah.glb| This file does not exist.
[14:16:04:699029]:[Metadata] AbstractObjectAttributesManagerBase.h(184)::createObject : File (data/scene_datasets/gibson_semantic/./Waukeenah.glb) exists but is not a recognized config filename extension, so new default Stage Template attributes created and registered.
[14:16:04:699039]:[Metadata] AttributesManagerBase.h(380)::createFromJsonOrDefaultInternal : <Stage Template>: Proposing JSON name : data/scene_datasets/gibson_semantic/./Webster.stage_config.json from original name : data/scene_datasets/gibson_semantic/./Webster.glb| This file does not exist.
[14:16:04:699074]:[Metadata] AbstractObjectAttributesManagerBase.h(184)::createObject : File (data/scene_datasets/gibson_semantic/./Webster.glb) exists but is not a recognized config filename extension, so new default Stage Template attributes created and registered.
[14:16:04:699085]:[Metadata] AttributesManagerBase.h(380)::createFromJsonOrDefaultInternal : <Stage Template>: Proposing JSON name : data/scene_datasets/gibson_semantic/./Weleetka.stage_config.json from original name : data/scene_datasets/gibson_semantic/./Weleetka.glb| This file does not exist.
[14:16:04:699119]:[Metadata] AbstractObjectAttributesManagerBase.h(184)::createObject : File (data/scene_datasets/gibson_semantic/./Weleetka.glb) exists but is not a recognized config filename extension, so new default Stage Template attributes created and registered.
[14:16:04:699129]:[Metadata] AttributesManagerBase.h(380)::createFromJsonOrDefaultInternal : <Stage Template>: Proposing JSON name : data/scene_datasets/gibson_semantic/./Wells.stage_config.json from original name : data/scene_datasets/gibson_semantic/./Wells.glb| This file does not exist.
[14:16:04:699167]:[Metadata] AbstractObjectAttributesManagerBase.h(184)::createObject : File (data/scene_datasets/gibson_semantic/./Wells.glb) exists but is not a recognized config filename extension, so new default Stage Template attributes created and registered.
[14:16:04:699177]:[Metadata] AttributesManagerBase.h(380)::createFromJsonOrDefaultInternal : <Stage Template>: Proposing JSON name : data/scene_datasets/gibson_semantic/./Wesley.stage_config.json from original name : data/scene_datasets/gibson_semantic/./Wesley.glb| This file does not exist.
[14:16:04:699212]:[Metadata] AbstractObjectAttributesManagerBase.h(184)::createObject : File (data/scene_datasets/gibson_semantic/./Wesley.glb) exists but is not a recognized config filename extension, so new default Stage Template attributes created and registered.
[14:16:04:699222]:[Metadata] AttributesManagerBase.h(380)::createFromJsonOrDefaultInternal : <Stage Template>: Proposing JSON name : data/scene_datasets/gibson_semantic/./Westerville.stage_config.json from original name : data/scene_datasets/gibson_semantic/./Westerville.glb| This file does not exist.
[14:16:04:699259]:[Metadata] AbstractObjectAttributesManagerBase.h(184)::createObject : File (data/scene_datasets/gibson_semantic/./Westerville.glb) exists but is not a recognized config filename extension, so new default Stage Template attributes created and registered.
[14:16:04:699268]:[Metadata] AttributesManagerBase.h(380)::createFromJsonOrDefaultInternal : <Stage Template>: Proposing JSON name : data/scene_datasets/gibson_semantic/./Westfield.stage_config.json from original name : data/scene_datasets/gibson_semantic/./Westfield.glb| This file does not exist.
[14:16:04:699305]:[Metadata] AbstractObjectAttributesManagerBase.h(184)::createObject : File (data/scene_datasets/gibson_semantic/./Westfield.glb) exists but is not a recognized config filename extension, so new default Stage Template attributes created and registered.
[14:16:04:699315]:[Metadata] AttributesManagerBase.h(380)::createFromJsonOrDefaultInternal : <Stage Template>: Proposing JSON name : data/scene_datasets/gibson_semantic/./Whiteriver.stage_config.json from original name : data/scene_datasets/gibson_semantic/./Whiteriver.glb| This file does not exist.
[14:16:04:699351]:[Metadata] AbstractObjectAttributesManagerBase.h(184)::createObject : File (data/scene_datasets/gibson_semantic/./Whiteriver.glb) exists but is not a recognized config filename extension, so new default Stage Template attributes created and registered.
[14:16:04:699361]:[Metadata] AttributesManagerBase.h(380)::createFromJsonOrDefaultInternal : <Stage Template>: Proposing JSON name : data/scene_datasets/gibson_semantic/./Whitethorn.stage_config.json from original name : data/scene_datasets/gibson_semantic/./Whitethorn.glb| This file does not exist.
[14:16:04:699396]:[Metadata] AbstractObjectAttributesManagerBase.h(184)::createObject : File (data/scene_datasets/gibson_semantic/./Whitethorn.glb) exists but is not a recognized config filename extension, so new default Stage Template attributes created and registered.
[14:16:04:699405]:[Metadata] AttributesManagerBase.h(380)::createFromJsonOrDefaultInternal : <Stage Template>: Proposing JSON name : data/scene_datasets/gibson_semantic/./Wiconisco.stage_config.json from original name : data/scene_datasets/gibson_semantic/./Wiconisco.glb| This file does not exist.
[14:16:04:699440]:[Metadata] AbstractObjectAttributesManagerBase.h(184)::createObject : File (data/scene_datasets/gibson_semantic/./Wiconisco.glb) exists but is not a recognized config filename extension, so new default Stage Template attributes created and registered.
[14:16:04:699449]:[Metadata] AttributesManagerBase.h(380)::createFromJsonOrDefaultInternal : <Stage Template>: Proposing JSON name : data/scene_datasets/gibson_semantic/./Wilbraham.stage_config.json from original name : data/scene_datasets/gibson_semantic/./Wilbraham.glb| This file does not exist.
[14:16:04:699485]:[Metadata] AbstractObjectAttributesManagerBase.h(184)::createObject : File (data/scene_datasets/gibson_semantic/./Wilbraham.glb) exists but is not a recognized config filename extension, so new default Stage Template attributes created and registered.
[14:16:04:699495]:[Metadata] AttributesManagerBase.h(380)::createFromJsonOrDefaultInternal : <Stage Template>: Proposing JSON name : data/scene_datasets/gibson_semantic/./Wilkinsburg.stage_config.json from original name : data/scene_datasets/gibson_semantic/./Wilkinsburg.glb| This file does not exist.
[14:16:04:699531]:[Metadata] AbstractObjectAttributesManagerBase.h(184)::createObject : File (data/scene_datasets/gibson_semantic/./Wilkinsburg.glb) exists but is not a recognized config filename extension, so new default Stage Template attributes created and registered.
[14:16:04:699540]:[Metadata] AttributesManagerBase.h(380)::createFromJsonOrDefaultInternal : <Stage Template>: Proposing JSON name : data/scene_datasets/gibson_semantic/./Willow.stage_config.json from original name : data/scene_datasets/gibson_semantic/./Willow.glb| This file does not exist.
[14:16:04:699575]:[Metadata] AbstractObjectAttributesManagerBase.h(184)::createObject : File (data/scene_datasets/gibson_semantic/./Willow.glb) exists but is not a recognized config filename extension, so new default Stage Template attributes created and registered.
[14:16:04:699585]:[Metadata] AttributesManagerBase.h(380)::createFromJsonOrDefaultInternal : <Stage Template>: Proposing JSON name : data/scene_datasets/gibson_semantic/./Wilseyville.stage_config.json from original name : data/scene_datasets/gibson_semantic/./Wilseyville.glb| This file does not exist.
[14:16:04:699620]:[Metadata] AbstractObjectAttributesManagerBase.h(184)::createObject : File (data/scene_datasets/gibson_semantic/./Wilseyville.glb) exists but is not a recognized config filename extension, so new default Stage Template attributes created and registered.
[14:16:04:699629]:[Metadata] AttributesManagerBase.h(380)::createFromJsonOrDefaultInternal : <Stage Template>: Proposing JSON name : data/scene_datasets/gibson_semantic/./Windhorst.stage_config.json from original name : data/scene_datasets/gibson_semantic/./Windhorst.glb| This file does not exist.
[14:16:04:699665]:[Metadata] AbstractObjectAttributesManagerBase.h(184)::createObject : File (data/scene_datasets/gibson_semantic/./Windhorst.glb) exists but is not a recognized config filename extension, so new default Stage Template attributes created and registered.
[14:16:04:699674]:[Metadata] AttributesManagerBase.h(380)::createFromJsonOrDefaultInternal : <Stage Template>: Proposing JSON name : data/scene_datasets/gibson_semantic/./Winfield.stage_config.json from original name : data/scene_datasets/gibson_semantic/./Winfield.glb| This file does not exist.
[14:16:04:699709]:[Metadata] AbstractObjectAttributesManagerBase.h(184)::createObject : File (data/scene_datasets/gibson_semantic/./Winfield.glb) exists but is not a recognized config filename extension, so new default Stage Template attributes created and registered.
[14:16:04:699719]:[Metadata] AttributesManagerBase.h(380)::createFromJsonOrDefaultInternal : <Stage Template>: Proposing JSON name : data/scene_datasets/gibson_semantic/./Winooski.stage_config.json from original name : data/scene_datasets/gibson_semantic/./Winooski.glb| This file does not exist.
[14:16:04:699757]:[Metadata] AbstractObjectAttributesManagerBase.h(184)::createObject : File (data/scene_datasets/gibson_semantic/./Winooski.glb) exists but is not a recognized config filename extension, so new default Stage Template attributes created and registered.
[14:16:04:699767]:[Metadata] AttributesManagerBase.h(380)::createFromJsonOrDefaultInternal : <Stage Template>: Proposing JSON name : data/scene_datasets/gibson_semantic/./Winthrop.stage_config.json from original name : data/scene_datasets/gibson_semantic/./Winthrop.glb| This file does not exist.
[14:16:04:699802]:[Metadata] AbstractObjectAttributesManagerBase.h(184)::createObject : File (data/scene_datasets/gibson_semantic/./Winthrop.glb) exists but is not a recognized config filename extension, so new default Stage Template attributes created and registered.
[14:16:04:699812]:[Metadata] AttributesManagerBase.h(380)::createFromJsonOrDefaultInternal : <Stage Template>: Proposing JSON name : data/scene_datasets/gibson_semantic/./Woodbine.stage_config.json from original name : data/scene_datasets/gibson_semantic/./Woodbine.glb| This file does not exist.
[14:16:04:699847]:[Metadata] AbstractObjectAttributesManagerBase.h(184)::createObject : File (data/scene_datasets/gibson_semantic/./Woodbine.glb) exists but is not a recognized config filename extension, so new default Stage Template attributes created and registered.
[14:16:04:699856]:[Metadata] AttributesManagerBase.h(380)::createFromJsonOrDefaultInternal : <Stage Template>: Proposing JSON name : data/scene_datasets/gibson_semantic/./Woonsocket.stage_config.json from original name : data/scene_datasets/gibson_semantic/./Woonsocket.glb| This file does not exist.
[14:16:04:699890]:[Metadata] AbstractObjectAttributesManagerBase.h(184)::createObject : File (data/scene_datasets/gibson_semantic/./Woonsocket.glb) exists but is not a recognized config filename extension, so new default Stage Template attributes created and registered.
[14:16:04:699900]:[Metadata] AttributesManagerBase.h(380)::createFromJsonOrDefaultInternal : <Stage Template>: Proposing JSON name : data/scene_datasets/gibson_semantic/./Wyatt.stage_config.json from original name : data/scene_datasets/gibson_semantic/./Wyatt.glb| This file does not exist.
[14:16:04:699935]:[Metadata] AbstractObjectAttributesManagerBase.h(184)::createObject : File (data/scene_datasets/gibson_semantic/./Wyatt.glb) exists but is not a recognized config filename extension, so new default Stage Template attributes created and registered.
[14:16:04:699945]:[Metadata] AttributesManagerBase.h(380)::createFromJsonOrDefaultInternal : <Stage Template>: Proposing JSON name : data/scene_datasets/gibson_semantic/./Wyldwood.stage_config.json from original name : data/scene_datasets/gibson_semantic/./Wyldwood.glb| This file does not exist.
[14:16:04:699980]:[Metadata] AbstractObjectAttributesManagerBase.h(184)::createObject : File (data/scene_datasets/gibson_semantic/./Wyldwood.glb) exists but is not a recognized config filename extension, so new default Stage Template attributes created and registered.
[14:16:04:699989]:[Metadata] AttributesManagerBase.h(380)::createFromJsonOrDefaultInternal : <Stage Template>: Proposing JSON name : data/scene_datasets/gibson_semantic/./Yadkinville.stage_config.json from original name : data/scene_datasets/gibson_semantic/./Yadkinville.glb| This file does not exist.
[14:16:04:700023]:[Metadata] AbstractObjectAttributesManagerBase.h(184)::createObject : File (data/scene_datasets/gibson_semantic/./Yadkinville.glb) exists but is not a recognized config filename extension, so new default Stage Template attributes created and registered.
[14:16:04:700033]:[Metadata] AttributesManagerBase.h(380)::createFromJsonOrDefaultInternal : <Stage Template>: Proposing JSON name : data/scene_datasets/gibson_semantic/./Yankeetown.stage_config.json from original name : data/scene_datasets/gibson_semantic/./Yankeetown.glb| This file does not exist.
[14:16:04:700067]:[Metadata] AbstractObjectAttributesManagerBase.h(184)::createObject : File (data/scene_datasets/gibson_semantic/./Yankeetown.glb) exists but is not a recognized config filename extension, so new default Stage Template attributes created and registered.
[14:16:04:700077]:[Metadata] AttributesManagerBase.h(380)::createFromJsonOrDefaultInternal : <Stage Template>: Proposing JSON name : data/scene_datasets/gibson_semantic/./Yscloskey.stage_config.json from original name : data/scene_datasets/gibson_semantic/./Yscloskey.glb| This file does not exist.
[14:16:04:700115]:[Metadata] AbstractObjectAttributesManagerBase.h(184)::createObject : File (data/scene_datasets/gibson_semantic/./Yscloskey.glb) exists but is not a recognized config filename extension, so new default Stage Template attributes created and registered.
[14:16:04:700122]:[Metadata] AttributesManagerBase.h(285)::loadAllFileBasedTemplates : <Stage Template> : Loaded file-based templates: 492
[14:16:04:700146]:[Metadata] AttributesManagerBase.h(360)::buildAttrSrcPathsFromJSONAndLoad : <Stage Template>:1paths specified in JSON doc forStage Templatetemplates.
[14:16:04:700156]:[Metadata] SceneDatasetAttributesManager.cpp(283)::readDatasetJSONCell : "scene_instances" cell in JSON config not appropriately configured. Skipping.
[14:16:04:700179]:[IO] JsonStlTypes.h(124)::readMember<std::map<std::__cxx11::basic_string<char>, std::__cxx11::basic_string<char> > > : Invalid JSON Object value specified in JSON config at semantic_scene_descriptor_instances ; Unable to populate std::map.
[14:16:04:700249]:[Metadata] SceneDatasetAttributesManager.cpp(37)::createObject : JSON Configuration File (data/scene_datasets/gibson_semantic/gibson.scene_dataset_config.json) based dataset attributes created  and registered.
[14:16:04:700256]:[Metadata] MetadataMediator.cpp(120)::createSceneDataset : Dataset data/scene_datasets/gibson_semantic/gibson.scene_dataset_config.json successfully created.
[14:16:04:700265]:[Metadata] MetadataMediator.cpp(217)::setActiveSceneDatasetName : Attempt to create new dataset data/scene_datasets/gibson_semantic/gibson.scene_dataset_config.json   succeeded. Currently active dataset : data/scene_datasets/gibson_semantic/gibson.scene_dataset_config.json
[14:16:04:700274]:[Metadata] MetadataMediator.cpp(175)::setCurrPhysicsAttributesHandle : Old physics manager attributes  changed to ./data/default.physics_config.json successfully.
[14:16:04:700289]:[Metadata] MetadataMediator.cpp(66)::setSimulatorConfiguration : Set new simulator config for scene/stage : data/scene_datasets/gibson_semantic/Corozal.glb and dataset : data/scene_datasets/gibson_semantic/gibson.scene_dataset_config.json which is currently active dataset.
Renderer: NVIDIA L40S/PCIe/SSE2 by NVIDIA Corporation
OpenGL version: 4.6.0 NVIDIA 580.159.04
Using optional features:
    GL_ARB_vertex_array_object
    GL_ARB_separate_shader_objects
    GL_ARB_robustness
    GL_ARB_texture_storage
    GL_ARB_texture_view
    GL_ARB_framebuffer_no_attachments
    GL_ARB_invalidate_subdata
    GL_ARB_texture_storage_multisample
    GL_ARB_multi_bind
    GL_ARB_direct_state_access
    GL_ARB_get_texture_sub_image
    GL_ARB_texture_filter_anisotropic
    GL_KHR_debug
    GL_KHR_parallel_shader_compile
    GL_NV_depth_buffer_float
Using driver workarounds:
    no-forward-compatible-core-context
    nv-egl-incorrect-gl11-function-pointers
    no-layout-qualifiers-on-old-glsl
    nv-zero-context-profile-mask
    nv-implementation-color-read-format-dsa-broken
    nv-cubemap-inconsistent-compressed-image-size
    nv-cubemap-broken-full-compressed-image-query
    nv-compressed-block-size-in-bits
[14:16:05:047640]:[Metadata] MetadataMediator.cpp(297)::getSceneInstanceAttributesByName : Dataset : data/scene_datasets/gibson_semantic/gibson.scene_dataset_config.json has no preloaded SceneInstanceAttributes or StageAttributes named : data/scene_datasets/gibson_semantic/Corozal.glb so loading/creating a new StageAttributes with this name, and then creating a SceneInstanceAttributes with the same name that references this stage.
[14:16:05:047723]:[Metadata] AttributesManagerBase.h(380)::createFromJsonOrDefaultInternal : <Stage Template>: Proposing JSON name : data/scene_datasets/gibson_semantic/Corozal.stage_config.json from original name : data/scene_datasets/gibson_semantic/Corozal.glb| This file does not exist.
[14:16:05:047834]:[Metadata] AbstractObjectAttributesManagerBase.h(184)::createObject : File (data/scene_datasets/gibson_semantic/Corozal.glb) exists but is not a recognized config filename extension, so new default Stage Template attributes created and registered.
[14:16:05:047974]:[Metadata] SceneDatasetAttributes.cpp(47)::addNewSceneInstanceToDataset : Dataset : 'gibson' : Stage Attributes 'data/scene_datasets/gibson_semantic/Corozal.glb' specified in Scene Attributes exists in dataset library.
[14:16:05:048017]:[Metadata] SceneDatasetAttributes.cpp(84)::addNewSceneInstanceToDataset : Dataset : 'gibson' : Lighting Layout Attributes 'no_lights' specified in Scene Attributes but does not exist in dataset, so creating.
[14:16:05:048063]:[Metadata] AttributesManagerBase.h(380)::createFromJsonOrDefaultInternal : <Lighting Layout>: Proposing JSON name : no_lights.lighting_config.json from original name : no_lights| This file does not exist.
[14:16:05:048112]:[Metadata] LightLayoutAttributesManager.cpp(38)::createObject : File (no_lights) not found, so new default light layout attributes created and registered.
[14:16:05:048155]:[Sim] Simulator.cpp(235)::createSceneInstance : Navmesh file location in scene instance : data/scene_datasets/gibson_semantic/Corozal.navmesh
[14:16:05:048207]:[Sim] Simulator.cpp(240)::createSceneInstance : Loading navmesh from data/scene_datasets/gibson_semantic/Corozal.navmesh
[14:16:05:048271]:[Nav] PathFinder.cpp(1035)::loadNavMesh : NavMeshSettings aren't present, guessing that they are the default
[14:16:05:053004]:[Sim] Simulator.cpp(242)::createSceneInstance : Navmesh Loaded.
[14:16:05:053087]:[Scene] SceneGraph.h(85)::createDrawableGroup : Created DrawableGroup: 
[14:16:05:053118]:[Assets] ResourceManager.cpp(308)::loadSemanticSceneDescriptor : SceneInstance : data/scene_datasets/gibson_semantic/Corozal.glb proposed Semantic Scene Descriptor filename : data/scene_datasets/gibson_semantic/Corozal.scn
[14:16:05:053733]:[Assets] ResourceManager.cpp(319)::loadSemanticSceneDescriptor : SSD with SceneInstanceAttributes-provided name  data/scene_datasets/gibson_semantic/Corozal.scn successfully found and loaded
[14:16:05:053811]:[Assets] ResourceManager.cpp(1666)::configureImporterManagerGLExtensions : Importing Basis files as BC7.
[14:16:05:054186]:[Sim] Simulator.cpp(309)::createSceneInstance : Using scene instance-specified Light key : - no_lights -
[14:16:05:054228]:[Metadata] MetadataMediator.cpp(66)::setSimulatorConfiguration : Set new simulator config for scene/stage : data/scene_datasets/gibson_semantic/Corozal.glb and dataset : data/scene_datasets/gibson_semantic/gibson.scene_dataset_config.json which is currently active dataset.
[14:16:05:054328]:[Sim] Simulator.cpp(419)::instanceStageForSceneAttributes : Start to load stage named : data/scene_datasets/gibson_semantic/Corozal.glb with render asset : data/scene_datasets/gibson_semantic/Corozal.glb and collision asset : data/scene_datasets/gibson_semantic/Corozal.glb
[14:16:05:054410]:[Assets] ResourceManager.cpp(702)::createStageAssetInfosFromAttributes : Frame :{"up":[0,0,1],"front":[0,1,0],"origin":[0,0,0]} for render mesh named : data/scene_datasets/gibson_semantic/Corozal.glb|{"up":[0,0,1],"front":[0,1,0],"origin":[0,0,0]} for semantic mesh named : data/scene_datasets/gibson_semantic/Corozal_semantic.ply with type specified as semantic|Semantic Txtrs : False
[14:16:05:054444]:[Assets] ResourceManager.cpp(442)::loadStage : Loading Semantic Stage mesh : data/scene_datasets/gibson_semantic/Corozal_semantic.ply
[14:16:05:054471]:[Scene] SceneGraph.h(85)::createDrawableGroup : Created DrawableGroup: 
[14:16:05:054497]:[Assets] ResourceManager.cpp(984)::loadStageInternal : Attempting to load stage data/scene_datasets/gibson_semantic/Corozal_semantic.ply 
[14:16:05:054524]:[Assets] ResourceManager.cpp(863)::loadRenderAsset : Loading Semantic Mesh asset named: data/scene_datasets/gibson_semantic/Corozal_semantic.ply
[14:16:05:054548]:[Assets] ResourceManager.cpp(1666)::configureImporterManagerGLExtensions : Importing Basis files as BC7.
[14:16:05:229653]:[Assets] ResourceManager.cpp(475)::loadStage : Semantic Stage mesh : data/scene_datasets/gibson_semantic/Corozal_semantic.ply loaded.
[14:16:05:229872]:[Assets] ResourceManager.cpp(518)::loadStage : Start load render asset data/scene_datasets/gibson_semantic/Corozal.glb .
[14:16:05:229922]:[Assets] ResourceManager.cpp(984)::loadStageInternal : Attempting to load stage data/scene_datasets/gibson_semantic/Corozal.glb 
[14:16:05:229984]:[Assets] ResourceManager.cpp(866)::loadRenderAsset : Loading general asset named: data/scene_datasets/gibson_semantic/Corozal.glb
[14:16:05:230032]:[Assets] ResourceManager.cpp(1666)::configureImporterManagerGLExtensions : Importing Basis files as BC7.
[14:16:08:502181]:[Assets] ResourceManager.cpp(2105)::loadMaterials : Building 2 materials for asset named 'Corozal.glb' : 
[14:16:08:502308]:[Assets] ResourceManager.cpp(2210)::loadMaterials : Idx 00:Flat.
[14:16:08:502334]:[Assets] ResourceManager.cpp(2210)::loadMaterials : Idx 01:Flat.
[14:16:08:546392]:[Sim] Simulator.cpp(446)::instanceStageForSceneAttributes : Successfully loaded stage named : data/scene_datasets/gibson_semantic/Corozal.glb
[14:16:08:546471]:[Sim] Simulator.cpp(203)::reconfigure : CreateSceneInstance success == true for active scene name : data/scene_datasets/gibson_semantic/Corozal.glb  with renderer.
[14:16:08:574726]:[Nav] PathFinder.cpp(571)::build : Building navmesh with 237 x 410 cells
[14:16:08:714446]:[Nav] PathFinder.cpp(845)::build : Created navmesh with 583 vertices 283 polygons
[14:16:08:714601]:[Sim] Simulator.cpp(908)::recomputeNavMesh : reconstruct navmesh successful
2026-07-23 14:16:08,727 Initializing task ObjectNav-v1
2026-07-23 14:16:10,200 agent number of parameters: 0
[traj] episode 0 — unknown
[traj] reset #1 -> episode 0
  0%|          | 0/399 [00:00<?, ?it/s]BLIP2ITMClient.cosine: (480, 640, 3), Seems like there is a couch ahead.
Step: 0 | Mode: initialize | Action: 2
BLIP2ITMClient.cosine: (480, 640, 3), Seems like there is a couch ahead.
Step: 1 | Mode: initialize | Action: 2
BLIP2ITMClient.cosine: (480, 640, 3), Seems like there is a couch ahead.
Step: 2 | Mode: initialize | Action: 2
BLIP2ITMClient.cosine: (480, 640, 3), Seems like there is a couch ahead.
Step: 3 | Mode: initialize | Action: 2
BLIP2ITMClient.cosine: (480, 640, 3), Seems like there is a couch ahead.
Step: 4 | Mode: initialize | Action: 2
BLIP2ITMClient.cosine: (480, 640, 3), Seems like there is a couch ahead.
Step: 5 | Mode: initialize | Action: 2
BLIP2ITMClient.cosine: (480, 640, 3), Seems like there is a couch ahead.
Step: 6 | Mode: initialize | Action: 2
BLIP2ITMClient.cosine: (480, 640, 3), Seems like there is a couch ahead.
Step: 7 | Mode: initialize | Action: 2
BLIP2ITMClient.cosine: (480, 640, 3), Seems like there is a couch ahead.
Step: 8 | Mode: initialize | Action: 2
BLIP2ITMClient.cosine: (480, 640, 3), Seems like there is a couch ahead.
Step: 9 | Mode: initialize | Action: 2
BLIP2ITMClient.cosine: (480, 640, 3), Seems like there is a couch ahead.
Step: 10 | Mode: initialize | Action: 2
BLIP2ITMClient.cosine: (480, 640, 3), Seems like there is a couch ahead.
Step: 11 | Mode: initialize | Action: 2
BLIP2ITMClient.cosine: (480, 640, 3), Seems like there is a couch ahead.
BLIP2ITMClient.cosine: (480, 640, 3), Seems like there is a couch ahead.
Best value: 10.66%
Step: 12 | Mode: explore | Action: 2
BLIP2ITMClient.cosine: (480, 640, 3), Seems like there is a couch ahead.
Sticking to last point.
Best value: 10.66%
Step: 13 | Mode: explore | Action: 2
BLIP2ITMClient.cosine: (480, 640, 3), Seems like there is a couch ahead.
Sticking to last point.
Best value: 10.66%
Step: 14 | Mode: explore | Action: 2
BLIP2ITMClient.cosine: (480, 640, 3), Seems like there is a couch ahead.
Sticking to last point.
Best value: 10.66%
Step: 15 | Mode: explore | Action: 1
BLIP2ITMClient.cosine: (480, 640, 3), Seems like there is a couch ahead.
BLIP2ITMClient.cosine: (480, 640, 3), Seems like there is a couch ahead.
Sticking to last point.
Best value: 10.66%
Step: 16 | Mode: explore | Action: 2
BLIP2ITMClient.cosine: (480, 640, 3), Seems like there is a couch ahead.
BLIP2ITMClient.cosine: (480, 640, 3), Seems like there is a couch ahead.
Sticking to last point.
Best value: 12.58%
Step: 17 | Mode: explore | Action: 1
BLIP2ITMClient.cosine: (480, 640, 3), Seems like there is a couch ahead.
BLIP2ITMClient.cosine: (480, 640, 3), Seems like there is a couch ahead.
Sticking to last point.
Best value: 15.16%
Step: 18 | Mode: explore | Action: 1
BLIP2ITMClient.cosine: (480, 640, 3), Seems like there is a couch ahead.
BLIP2ITMClient.cosine: (480, 640, 3), Seems like there is a couch ahead.
Sticking to last point.
Best value: 15.16%
Step: 19 | Mode: explore | Action: 2
BLIP2ITMClient.cosine: (480, 640, 3), Seems like there is a couch ahead.
BLIP2ITMClient.cosine: (480, 640, 3), Seems like there is a couch ahead.
Best value: 18.49%
Step: 20 | Mode: explore | Action: 1
BLIP2ITMClient.cosine: (480, 640, 3), Seems like there is a couch ahead.
BLIP2ITMClient.cosine: (480, 640, 3), Seems like there is a couch ahead.
Sticking to last point.
Best value: 18.49%
Step: 21 | Mode: explore | Action: 1
BLIP2ITMClient.cosine: (480, 640, 3), Seems like there is a couch ahead.
BLIP2ITMClient.cosine: (480, 640, 3), Seems like there is a couch ahead.
Sticking to last point.
Best value: 18.49%
Step: 22 | Mode: explore | Action: 2
BLIP2ITMClient.cosine: (480, 640, 3), Seems like there is a couch ahead.
BLIP2ITMClient.cosine: (480, 640, 3), Seems like there is a couch ahead.
Best value: 18.45%
Step: 23 | Mode: explore | Action: 1
BLIP2ITMClient.cosine: (480, 640, 3), Seems like there is a couch ahead.
BLIP2ITMClient.cosine: (480, 640, 3), Seems like there is a couch ahead.
Best value: 16.85%
Step: 24 | Mode: explore | Action: 1
BLIP2ITMClient.cosine: (480, 640, 3), Seems like there is a couch ahead.
BLIP2ITMClient.cosine: (480, 640, 3), Seems like there is a couch ahead.
Sticking to last point.
Best value: 16.85%
Step: 25 | Mode: explore | Action: 1
BLIP2ITMClient.cosine: (480, 640, 3), Seems like there is a couch ahead.
BLIP2ITMClient.cosine: (480, 640, 3), Seems like there is a couch ahead.
Sticking to last point.
Best value: 16.85%
Step: 26 | Mode: explore | Action: 1
BLIP2ITMClient.cosine: (480, 640, 3), Seems like there is a couch ahead.
BLIP2ITMClient.cosine: (480, 640, 3), Seems like there is a couch ahead.
Sticking to last point.
Best value: 16.85%
Step: 27 | Mode: explore | Action: 1
BLIP2ITMClient.cosine: (480, 640, 3), Seems like there is a couch ahead.
BLIP2ITMClient.cosine: (480, 640, 3), Seems like there is a couch ahead.
Sticking to last point.
Best value: 16.85%
Step: 28 | Mode: explore | Action: 3
BLIP2ITMClient.cosine: (480, 640, 3), Seems like there is a couch ahead.
Sticking to last point.
Best value: 16.85%
Step: 29 | Mode: explore | Action: 1
BLIP2ITMClient.cosine: (480, 640, 3), Seems like there is a couch ahead.
BLIP2ITMClient.cosine: (480, 640, 3), Seems like there is a couch ahead.
Sticking to last point.
Best value: 16.85%
Step: 30 | Mode: explore | Action: 1
BLIP2ITMClient.cosine: (480, 640, 3), Seems like there is a couch ahead.
BLIP2ITMClient.cosine: (480, 640, 3), Seems like there is a couch ahead.
Sticking to last point.
Best value: 16.85%
Step: 31 | Mode: explore | Action: 1
BLIP2ITMClient.cosine: (480, 640, 3), Seems like there is a couch ahead.
BLIP2ITMClient.cosine: (480, 640, 3), Seems like there is a couch ahead.
Sticking to last point.
Best value: 16.85%
Step: 32 | Mode: explore | Action: 1
BLIP2ITMClient.cosine: (480, 640, 3), Seems like there is a couch ahead.
BLIP2ITMClient.cosine: (480, 640, 3), Seems like there is a couch ahead.
Sticking to last point.
Best value: 16.85%
Step: 33 | Mode: explore | Action: 3
BLIP2ITMClient.cosine: (480, 640, 3), Seems like there is a couch ahead.
Sticking to last point.
Best value: 16.85%
Step: 34 | Mode: explore | Action: 1
BLIP2ITMClient.cosine: (480, 640, 3), Seems like there is a couch ahead.
Sticking to last point.
Best value: 16.85%
Step: 35 | Mode: explore | Action: 1
BLIP2ITMClient.cosine: (480, 640, 3), Seems like there is a couch ahead.
BLIP2ITMClient.cosine: (480, 640, 3), Seems like there is a couch ahead.
Best value: 17.58%
Step: 36 | Mode: explore | Action: 1
BLIP2ITMClient.cosine: (480, 640, 3), Seems like there is a couch ahead.
Sticking to last point.
Best value: 17.58%
Step: 37 | Mode: explore | Action: 2
BLIP2ITMClient.cosine: (480, 640, 3), Seems like there is a couch ahead.
BLIP2ITMClient.cosine: (480, 640, 3), Seems like there is a couch ahead.
Sticking to last point.
Best value: 17.58%
Step: 38 | Mode: explore | Action: 2
BLIP2ITMClient.cosine: (480, 640, 3), Seems like there is a couch ahead.
Sticking to last point.
Best value: 17.58%
Step: 39 | Mode: explore | Action: 2
BLIP2ITMClient.cosine: (480, 640, 3), Seems like there is a couch ahead.
Sticking to last point.
Best value: 17.58%
Step: 40 | Mode: explore | Action: 2
BLIP2ITMClient.cosine: (480, 640, 3), Seems like there is a couch ahead.
BLIP2ITMClient.cosine: (480, 640, 3), Seems like there is a couch ahead.
Best value: 16.62%
Step: 41 | Mode: explore | Action: 2
BLIP2ITMClient.cosine: (480, 640, 3), Seems like there is a couch ahead.
Best value: 14.49%
Step: 42 | Mode: explore | Action: 2
BLIP2ITMClient.cosine: (480, 640, 3), Seems like there is a couch ahead.
BLIP2ITMClient.cosine: (480, 640, 3), Seems like there is a couch ahead.
Sticking to last point.
Best value: 14.49%
Step: 43 | Mode: explore | Action: 1
BLIP2ITMClient.cosine: (480, 640, 3), Seems like there is a couch ahead.
Sticking to last point.
Best value: 14.49%
Step: 44 | Mode: explore | Action: 1
BLIP2ITMClient.cosine: (480, 640, 3), Seems like there is a couch ahead.
Sticking to last point.
Best value: 14.49%
Step: 45 | Mode: explore | Action: 2
BLIP2ITMClient.cosine: (480, 640, 3), Seems like there is a couch ahead.
Sticking to last point.
Best value: 14.49%
Step: 46 | Mode: explore | Action: 2
  0%|          | 1/399 [00:47<5:18:06, 47.96s/it]BLIP2ITMClient.cosine: (480, 640, 3), Seems like there is a couch ahead.
Sticking to last point.
Best value: 14.49%
Step: 47 | Mode: explore | Action: 2
BLIP2ITMClient.cosine: (480, 640, 3), Seems like there is a couch ahead.
Sticking to last point.
Best value: 14.49%
Step: 48 | Mode: explore | Action: 2
BLIP2ITMClient.cosine: (480, 640, 3), Seems like there is a couch ahead.
Sticking to last point.
Best value: 14.49%
Step: 49 | Mode: explore | Action: 2
BLIP2ITMClient.cosine: (480, 640, 3), Seems like there is a couch ahead.
Sticking to last point.
Best value: 14.49%
Step: 50 | Mode: explore | Action: 2
BLIP2ITMClient.cosine: (480, 640, 3), Seems like there is a couch ahead.
Sticking to last point.
Best value: 14.49%
Step: 51 | Mode: explore | Action: 1
BLIP2ITMClient.cosine: (480, 640, 3), Seems like there is a couch ahead.
Sticking to last point.
Best value: 14.49%
Step: 52 | Mode: explore | Action: 1
BLIP2ITMClient.cosine: (480, 640, 3), Seems like there is a couch ahead.
Sticking to last point.
Best value: 14.49%
Step: 53 | Mode: explore | Action: 3
BLIP2ITMClient.cosine: (480, 640, 3), Seems like there is a couch ahead.
Step: 54 | Mode: navigate | Action: 3
BLIP2ITMClient.cosine: (480, 640, 3), Seems like there is a couch ahead.
Step: 55 | Mode: navigate | Action: 1
BLIP2ITMClient.cosine: (480, 640, 3), Seems like there is a couch ahead.
Step: 56 | Mode: navigate | Action: 1
BLIP2ITMClient.cosine: (480, 640, 3), Seems like there is a couch ahead.
Step: 57 | Mode: navigate | Action: 1
BLIP2ITMClient.cosine: (480, 640, 3), Seems like there is a couch ahead.
Step: 58 | Mode: navigate | Action: 1
BLIP2ITMClient.cosine: (480, 640, 3), Seems like there is a couch ahead.
Step: 59 | Mode: navigate | Action: 3
BLIP2ITMClient.cosine: (480, 640, 3), Seems like there is a couch ahead.
Step: 60 | Mode: navigate | Action: 1
BLIP2ITMClient.cosine: (480, 640, 3), Seems like there is a couch ahead.
Step: 61 | Mode: navigate | Action: 1
BLIP2ITMClient.cosine: (480, 640, 3), Seems like there is a couch ahead.
Step: 62 | Mode: navigate | Action: 1
BLIP2ITMClient.cosine: (480, 640, 3), Seems like there is a couch ahead.
Step: 63 | Mode: navigate | Action: 3
BLIP2ITMClient.cosine: (480, 640, 3), Seems like there is a couch ahead.
Step: 64 | Mode: navigate | Action: 1
BLIP2ITMClient.cosine: (480, 640, 3), Seems like there is a couch ahead.
Step: 65 | Mode: navigate | Action: 1
BLIP2ITMClient.cosine: (480, 640, 3), Seems like there is a couch ahead.
Step: 66 | Mode: navigate | Action: 2
BLIP2ITMClient.cosine: (480, 640, 3), Seems like there is a couch ahead.
Step: 67 | Mode: navigate | Action: 1
BLIP2ITMClient.cosine: (480, 640, 3), Seems like there is a couch ahead.
Step: 68 | Mode: navigate | Action: 0
[traj] episode 1 — unknown
Episode 0 in scene Corozal failed due to 'bad_stop_true_positive'.
[traj] captured failure_cause: bad_stop_true_positive
[traj] value map: max=0.2820, nonzero=34306
[traj] saved episode Corozal_0 (69 steps, failed)
BLIP2ITMClient.cosine: (480, 640, 3), Seems like there is a couch ahead.
Step: 0 | Mode: initialize | Action: 2
BLIP2ITMClient.cosine: (480, 640, 3), Seems like there is a couch ahead.
Step: 1 | Mode: initialize | Action: 2
BLIP2ITMClient.cosine: (480, 640, 3), Seems like there is a couch ahead.
Step: 2 | Mode: initialize | Action: 2
BLIP2ITMClient.cosine: (480, 640, 3), Seems like there is a couch ahead.
Step: 3 | Mode: initialize | Action: 2
BLIP2ITMClient.cosine: (480, 640, 3), Seems like there is a couch ahead.
Step: 4 | Mode: initialize | Action: 2
BLIP2ITMClient.cosine: (480, 640, 3), Seems like there is a couch ahead.
Step: 5 | Mode: initialize | Action: 2
BLIP2ITMClient.cosine: (480, 640, 3), Seems like there is a couch ahead.
Step: 6 | Mode: initialize | Action: 2
BLIP2ITMClient.cosine: (480, 640, 3), Seems like there is a couch ahead.
Step: 7 | Mode: initialize | Action: 2
BLIP2ITMClient.cosine: (480, 640, 3), Seems like there is a couch ahead.
Step: 8 | Mode: initialize | Action: 2
BLIP2ITMClient.cosine: (480, 640, 3), Seems like there is a couch ahead.
Step: 9 | Mode: initialize | Action: 2
BLIP2ITMClient.cosine: (480, 640, 3), Seems like there is a couch ahead.
Step: 10 | Mode: initialize | Action: 2
BLIP2ITMClient.cosine: (480, 640, 3), Seems like there is a couch ahead.
Step: 11 | Mode: initialize | Action: 2
BLIP2ITMClient.cosine: (480, 640, 3), Seems like there is a couch ahead.
BLIP2ITMClient.cosine: (480, 640, 3), Seems like there is a couch ahead.
Best value: 18.74%
Step: 12 | Mode: explore | Action: 2
BLIP2ITMClient.cosine: (480, 640, 3), Seems like there is a couch ahead.
Sticking to last point.
Best value: 18.74%
Step: 13 | Mode: explore | Action: 2
BLIP2ITMClient.cosine: (480, 640, 3), Seems like there is a couch ahead.
Sticking to last point.
Best value: 18.74%
Step: 14 | Mode: explore | Action: 1
BLIP2ITMClient.cosine: (480, 640, 3), Seems like there is a couch ahead.
BLIP2ITMClient.cosine: (480, 640, 3), Seems like there is a couch ahead.
Sticking to last point.
Best value: 22.44%
Step: 15 | Mode: explore | Action: 1
BLIP2ITMClient.cosine: (480, 640, 3), Seems like there is a couch ahead.
BLIP2ITMClient.cosine: (480, 640, 3), Seems like there is a couch ahead.
Sticking to last point.
Best value: 23.49%
Step: 16 | Mode: explore | Action: 1
BLIP2ITMClient.cosine: (480, 640, 3), Seems like there is a couch ahead.
BLIP2ITMClient.cosine: (480, 640, 3), Seems like there is a couch ahead.
Sticking to last point.
Best value: 22.79%
Step: 17 | Mode: explore | Action: 3
BLIP2ITMClient.cosine: (480, 640, 3), Seems like there is a couch ahead.
Sticking to last point.
Best value: 22.79%
Step: 18 | Mode: explore | Action: 1
BLIP2ITMClient.cosine: (480, 640, 3), Seems like there is a couch ahead.
Sticking to last point.
Best value: 22.79%
Step: 19 | Mode: explore | Action: 1
BLIP2ITMClient.cosine: (480, 640, 3), Seems like there is a couch ahead.
BLIP2ITMClient.cosine: (480, 640, 3), Seems like there is a couch ahead.
Sticking to last point.
Best value: 22.79%
Step: 20 | Mode: explore | Action: 2
BLIP2ITMClient.cosine: (480, 640, 3), Seems like there is a couch ahead.
BLIP2ITMClient.cosine: (480, 640, 3), Seems like there is a couch ahead.
Sticking to last point.
Best value: 22.23%
Step: 21 | Mode: explore | Action: 1
BLIP2ITMClient.cosine: (480, 640, 3), Seems like there is a couch ahead.
Sticking to last point.
Best value: 22.23%
Step: 22 | Mode: explore | Action: 1
BLIP2ITMClient.cosine: (480, 640, 3), Seems like there is a couch ahead.
Sticking to last point.
Best value: 22.23%
Step: 23 | Mode: explore | Action: 1
BLIP2ITMClient.cosine: (480, 640, 3), Seems like there is a couch ahead.
Sticking to last point.
Best value: 22.23%
Step: 24 | Mode: explore | Action: 1
BLIP2ITMClient.cosine: (480, 640, 3), Seems like there is a couch ahead.
Sticking to last point.
Best value: 22.23%
Step: 25 | Mode: explore | Action: 2
BLIP2ITMClient.cosine: (480, 640, 3), Seems like there is a couch ahead.
BLIP2ITMClient.cosine: (480, 640, 3), Seems like there is a couch ahead.
Sticking to last point.
Best value: 24.88%
Step: 26 | Mode: explore | Action: 2
BLIP2ITMClient.cosine: (480, 640, 3), Seems like there is a couch ahead.
Best value: 20.67%
Step: 27 | Mode: explore | Action: 2
BLIP2ITMClient.cosine: (480, 640, 3), Seems like there is a couch ahead.
BLIP2ITMClient.cosine: (480, 640, 3), Seems like there is a couch ahead.
Sticking to last point.
Best value: 20.67%
Step: 28 | Mode: explore | Action: 2
BLIP2ITMClient.cosine: (480, 640, 3), Seems like there is a couch ahead.
BLIP2ITMClient.cosine: (480, 640, 3), Seems like there is a couch ahead.
Sticking to last point.
Best value: 20.67%
Step: 29 | Mode: explore | Action: 2
BLIP2ITMClient.cosine: (480, 640, 3), Seems like there is a couch ahead.
Sticking to last point.
Best value: 20.67%
Step: 30 | Mode: explore | Action: 2
BLIP2ITMClient.cosine: (480, 640, 3), Seems like there is a couch ahead.
Sticking to last point.
Best value: 20.67%
Step: 31 | Mode: explore | Action: 2
BLIP2ITMClient.cosine: (480, 640, 3), Seems like there is a couch ahead.
Best value: 18.74%
Step: 32 | Mode: explore | Action: 2
BLIP2ITMClient.cosine: (480, 640, 3), Seems like there is a couch ahead.
Sticking to last point.
Best value: 18.74%
Step: 33 | Mode: explore | Action: 3
BLIP2ITMClient.cosine: (480, 640, 3), Seems like there is a couch ahead.
Sticking to last point.
Best value: 18.74%
Step: 34 | Mode: explore | Action: 1
BLIP2ITMClient.cosine: (480, 640, 3), Seems like there is a couch ahead.
Sticking to last point.
Best value: 18.74%
Step: 35 | Mode: explore | Action: 3
BLIP2ITMClient.cosine: (480, 640, 3), Seems like there is a couch ahead.
BLIP2ITMClient.cosine: (480, 640, 3), Seems like there is a couch ahead.
Sticking to last point.
Best value: 18.74%
Step: 36 | Mode: explore | Action: 1
BLIP2ITMClient.cosine: (480, 640, 3), Seems like there is a couch ahead.
Sticking to last point.
Best value: 18.74%
Step: 37 | Mode: explore | Action: 1
BLIP2ITMClient.cosine: (480, 640, 3), Seems like there is a couch ahead.
Sticking to last point.
Best value: 18.74%
Step: 38 | Mode: explore | Action: 1
BLIP2ITMClient.cosine: (480, 640, 3), Seems like there is a couch ahead.
Sticking to last point.
Best value: 18.74%
Step: 39 | Mode: explore | Action: 3
BLIP2ITMClient.cosine: (480, 640, 3), Seems like there is a couch ahead.
Sticking to last point.
Best value: 18.74%
Step: 40 | Mode: explore | Action: 1
BLIP2ITMClient.cosine: (480, 640, 3), Seems like there is a couch ahead.
Sticking to last point.
Best value: 18.74%
Step: 41 | Mode: explore | Action: 1
BLIP2ITMClient.cosine: (480, 640, 3), Seems like there is a couch ahead.
Sticking to last point.
Best value: 18.74%
Step: 42 | Mode: explore | Action: 1
BLIP2ITMClient.cosine: (480, 640, 3), Seems like there is a couch ahead.
Sticking to last point.
Best value: 18.74%
Step: 43 | Mode: explore | Action: 1
BLIP2ITMClient.cosine: (480, 640, 3), Seems like there is a couch ahead.
BLIP2ITMClient.cosine: (480, 640, 3), Seems like there is a couch ahead.
Best value: 16.28%
Step: 44 | Mode: explore | Action: 2
BLIP2ITMClient.cosine: (480, 640, 3), Seems like there is a couch ahead.
Sticking to last point.
Best value: 16.28%
Step: 45 | Mode: explore | Action: 1
BLIP2ITMClient.cosine: (480, 640, 3), Seems like there is a couch ahead.
Sticking to last point.
Best value: 16.28%
Step: 46 | Mode: explore | Action: 1
BLIP2ITMClient.cosine: (480, 640, 3), Seems like there is a couch ahead.
BLIP2ITMClient.cosine: (480, 640, 3), Seems like there is a couch ahead.
Best value: 16.28%
Step: 47 | Mode: explore | Action: 1
BLIP2ITMClient.cosine: (480, 640, 3), Seems like there is a couch ahead.
Sticking to last point.
Best value: 16.28%
Step: 48 | Mode: explore | Action: 1
BLIP2ITMClient.cosine: (480, 640, 3), Seems like there is a couch ahead.
BLIP2ITMClient.cosine: (480, 640, 3), Seems like there is a couch ahead.
Sticking to last point.
Best value: 16.28%
Step: 49 | Mode: explore | Action: 1
BLIP2ITMClient.cosine: (480, 640, 3), Seems like there is a couch ahead.
BLIP2ITMClient.cosine: (480, 640, 3), Seems like there is a couch ahead.
Sticking to last point.
Best value: 16.28%
Step: 50 | Mode: explore | Action: 1
BLIP2ITMClient.cosine: (480, 640, 3), Seems like there is a couch ahead.
BLIP2ITMClient.cosine: (480, 640, 3), Seems like there is a couch ahead.
Sticking to last point.
Best value: 16.28%
Step: 51 | Mode: explore | Action: 1
BLIP2ITMClient.cosine: (480, 640, 3), Seems like there is a couch ahead.
BLIP2ITMClient.cosine: (480, 640, 3), Seems like there is a couch ahead.
Sticking to last point.
Best value: 16.28%
Step: 52 | Mode: explore | Action: 1
BLIP2ITMClient.cosine: (480, 640, 3), Seems like there is a couch ahead.
BLIP2ITMClient.cosine: (480, 640, 3), Seems like there is a couch ahead.
Sticking to last point.
Best value: 16.28%
Step: 53 | Mode: explore | Action: 1
BLIP2ITMClient.cosine: (480, 640, 3), Seems like there is a couch ahead.
Sticking to last point.
Best value: 16.28%
Step: 54 | Mode: explore | Action: 1
BLIP2ITMClient.cosine: (480, 640, 3), Seems like there is a couch ahead.
Sticking to last point.
Best value: 16.28%
Step: 55 | Mode: explore | Action: 1
BLIP2ITMClient.cosine: (480, 640, 3), Seems like there is a couch ahead.
Sticking to last point.
Best value: 16.28%
Step: 56 | Mode: explore | Action: 1
BLIP2ITMClient.cosine: (480, 640, 3), Seems like there is a couch ahead.
BLIP2ITMClient.cosine: (480, 640, 3), Seems like there is a couch ahead.
Best value: 12.48%
Step: 57 | Mode: explore | Action: 3
BLIP2ITMClient.cosine: (480, 640, 3), Seems like there is a couch ahead.
Sticking to last point.
Best value: 12.48%
Step: 58 | Mode: explore | Action: 3
BLIP2ITMClient.cosine: (480, 640, 3), Seems like there is a couch ahead.
Sticking to last point.
Best value: 12.48%
Step: 59 | Mode: explore | Action: 3
BLIP2ITMClient.cosine: (480, 640, 3), Seems like there is a couch ahead.
Sticking to last point.
Best value: 12.48%
Step: 60 | Mode: explore | Action: 3
BLIP2ITMClient.cosine: (480, 640, 3), Seems like there is a couch ahead.
Best value: 11.86%
Step: 61 | Mode: explore | Action: 2
BLIP2ITMClient.cosine: (480, 640, 3), Seems like there is a couch ahead.
Sticking to last point.
Best value: 11.86%
Step: 62 | Mode: explore | Action: 2
BLIP2ITMClient.cosine: (480, 640, 3), Seems like there is a couch ahead.
Sticking to last point.
Best value: 11.86%
Step: 63 | Mode: explore | Action: 2
BLIP2ITMClient.cosine: (480, 640, 3), Seems like there is a couch ahead.
Sticking to last point.
Best value: 11.86%
Step: 64 | Mode: explore | Action: 1
BLIP2ITMClient.cosine: (480, 640, 3), Seems like there is a couch ahead.
Sticking to last point.
Best value: 11.86%
Step: 65 | Mode: explore | Action: 1
BLIP2ITMClient.cosine: (480, 640, 3), Seems like there is a couch ahead.
Sticking to last point.
Best value: 11.86%
Step: 66 | Mode: explore | Action: 2
BLIP2ITMClient.cosine: (480, 640, 3), Seems like there is a couch ahead.
Sticking to last point.
Best value: 11.86%
Step: 67 | Mode: explore | Action: 1
BLIP2ITMClient.cosine: (480, 640, 3), Seems like there is a couch ahead.
Sticking to last point.
Best value: 11.86%
Step: 68 | Mode: explore | Action: 2
BLIP2ITMClient.cosine: (480, 640, 3), Seems like there is a couch ahead.
Sticking to last point.
Best value: 11.86%
Step: 69 | Mode: explore | Action: 1
BLIP2ITMClient.cosine: (480, 640, 3), Seems like there is a couch ahead.
Sticking to last point.
Best value: 11.86%
Step: 70 | Mode: explore | Action: 3
BLIP2ITMClient.cosine: (480, 640, 3), Seems like there is a couch ahead.
Sticking to last point.
Best value: 11.86%
Step: 71 | Mode: explore | Action: 3
BLIP2ITMClient.cosine: (480, 640, 3), Seems like there is a couch ahead.
BLIP2ITMClient.cosine: (480, 640, 3), Seems like there is a couch ahead.
Best value: 11.37%
Step: 72 | Mode: explore | Action: 2
BLIP2ITMClient.cosine: (480, 640, 3), Seems like there is a couch ahead.
Sticking to last point.
Best value: 11.37%
Step: 73 | Mode: explore | Action: 2
BLIP2ITMClient.cosine: (480, 640, 3), Seems like there is a couch ahead.
Sticking to last point.
Best value: 11.37%
Step: 74 | Mode: explore | Action: 2
BLIP2ITMClient.cosine: (480, 640, 3), Seems like there is a couch ahead.
Step: 75 | Mode: navigate | Action: 2
BLIP2ITMClient.cosine: (480, 640, 3), Seems like there is a couch ahead.
Step: 76 | Mode: navigate | Action: 2
BLIP2ITMClient.cosine: (480, 640, 3), Seems like there is a couch ahead.
Step: 77 | Mode: navigate | Action: 1
BLIP2ITMClient.cosine: (480, 640, 3), Seems like there is a couch ahead.
Step: 78 | Mode: navigate | Action: 1
BLIP2ITMClient.cosine: (480, 640, 3), Seems like there is a couch ahead.
Step: 79 | Mode: navigate | Action: 2
BLIP2ITMClient.cosine: (480, 640, 3), Seems like there is a couch ahead.
Step: 80 | Mode: navigate | Action: 1
BLIP2ITMClient.cosine: (480, 640, 3), Seems like there is a couch ahead.
Step: 81 | Mode: navigate | Action: 2
BLIP2ITMClient.cosine: (480, 640, 3), Seems like there is a couch ahead.
Step: 82 | Mode: navigate | Action: 1
BLIP2ITMClient.cosine: (480, 640, 3), Seems like there is a couch ahead.
Step: 83 | Mode: navigate | Action: 3
BLIP2ITMClient.cosine: (480, 640, 3), Seems like there is a couch ahead.
Step: 84 | Mode: navigate | Action: 3
  1%|          | 2/399 [01:39<5:32:15, 50.22s/it]BLIP2ITMClient.cosine: (480, 640, 3), Seems like there is a couch ahead.
Step: 85 | Mode: navigate | Action: 3
BLIP2ITMClient.cosine: (480, 640, 3), Seems like there is a couch ahead.
Step: 86 | Mode: navigate | Action: 1
BLIP2ITMClient.cosine: (480, 640, 3), Seems like there is a couch ahead.
Step: 87 | Mode: navigate | Action: 1
BLIP2ITMClient.cosine: (480, 640, 3), Seems like there is a couch ahead.
Step: 88 | Mode: navigate | Action: 1
BLIP2ITMClient.cosine: (480, 640, 3), Seems like there is a couch ahead.
Step: 89 | Mode: navigate | Action: 1
BLIP2ITMClient.cosine: (480, 640, 3), Seems like there is a couch ahead.
Step: 90 | Mode: navigate | Action: 1
BLIP2ITMClient.cosine: (480, 640, 3), Seems like there is a couch ahead.
Step: 91 | Mode: navigate | Action: 3
BLIP2ITMClient.cosine: (480, 640, 3), Seems like there is a couch ahead.
Step: 92 | Mode: navigate | Action: 1
BLIP2ITMClient.cosine: (480, 640, 3), Seems like there is a couch ahead.
Step: 93 | Mode: navigate | Action: 1
BLIP2ITMClient.cosine: (480, 640, 3), Seems like there is a couch ahead.
Step: 94 | Mode: navigate | Action: 1
BLIP2ITMClient.cosine: (480, 640, 3), Seems like there is a couch ahead.
Step: 95 | Mode: navigate | Action: 2
BLIP2ITMClient.cosine: (480, 640, 3), Seems like there is a couch ahead.
Step: 96 | Mode: navigate | Action: 1
BLIP2ITMClient.cosine: (480, 640, 3), Seems like there is a couch ahead.
Step: 97 | Mode: navigate | Action: 1
BLIP2ITMClient.cosine: (480, 640, 3), Seems like there is a couch ahead.
Step: 98 | Mode: navigate | Action: 1
BLIP2ITMClient.cosine: (480, 640, 3), Seems like there is a couch ahead.
Step: 99 | Mode: navigate | Action: 1
BLIP2ITMClient.cosine: (480, 640, 3), Seems like there is a couch ahead.
Step: 100 | Mode: navigate | Action: 1
BLIP2ITMClient.cosine: (480, 640, 3), Seems like there is a couch ahead.
Step: 101 | Mode: navigate | Action: 1
BLIP2ITMClient.cosine: (480, 640, 3), Seems like there is a couch ahead.
Step: 102 | Mode: navigate | Action: 0
[traj] episode 2 — unknown
Episode 1 in scene Corozal failed due to 'bad_stop_true_positive'.
[traj] captured failure_cause: bad_stop_true_positive
[traj] value map: max=0.2933, nonzero=29332
[traj] saved episode Corozal_1 (103 steps, failed)
BLIP2ITMClient.cosine: (480, 640, 3), Seems like there is a potted plant ahead.
Step: 0 | Mode: initialize | Action: 2
BLIP2ITMClient.cosine: (480, 640, 3), Seems like there is a potted plant ahead.
Step: 1 | Mode: initialize | Action: 2
BLIP2ITMClient.cosine: (480, 640, 3), Seems like there is a potted plant ahead.
Step: 2 | Mode: initialize | Action: 2
BLIP2ITMClient.cosine: (480, 640, 3), Seems like there is a potted plant ahead.
Step: 3 | Mode: initialize | Action: 2
BLIP2ITMClient.cosine: (480, 640, 3), Seems like there is a potted plant ahead.
Step: 4 | Mode: initialize | Action: 2
BLIP2ITMClient.cosine: (480, 640, 3), Seems like there is a potted plant ahead.
Step: 5 | Mode: initialize | Action: 2
BLIP2ITMClient.cosine: (480, 640, 3), Seems like there is a potted plant ahead.
Step: 6 | Mode: initialize | Action: 2
BLIP2ITMClient.cosine: (480, 640, 3), Seems like there is a potted plant ahead.
Step: 7 | Mode: initialize | Action: 2
BLIP2ITMClient.cosine: (480, 640, 3), Seems like there is a potted plant ahead.
Step: 8 | Mode: initialize | Action: 2
BLIP2ITMClient.cosine: (480, 640, 3), Seems like there is a potted plant ahead.
Step: 9 | Mode: initialize | Action: 2
BLIP2ITMClient.cosine: (480, 640, 3), Seems like there is a potted plant ahead.
Step: 10 | Mode: initialize | Action: 2
BLIP2ITMClient.cosine: (480, 640, 3), Seems like there is a potted plant ahead.
Step: 11 | Mode: initialize | Action: 2
BLIP2ITMClient.cosine: (480, 640, 3), Seems like there is a potted plant ahead.
BLIP2ITMClient.cosine: (480, 640, 3), Seems like there is a potted plant ahead.
Best value: 18.84%
Step: 12 | Mode: explore | Action: 3
BLIP2ITMClient.cosine: (480, 640, 3), Seems like there is a potted plant ahead.
Sticking to last point.
Best value: 18.84%
Step: 13 | Mode: explore | Action: 3
BLIP2ITMClient.cosine: (480, 640, 3), Seems like there is a potted plant ahead.
Sticking to last point.
Best value: 18.84%
Step: 14 | Mode: explore | Action: 3
BLIP2ITMClient.cosine: (480, 640, 3), Seems like there is a potted plant ahead.
Sticking to last point.
Best value: 18.84%
Step: 15 | Mode: explore | Action: 3
BLIP2ITMClient.cosine: (480, 640, 3), Seems like there is a potted plant ahead.
Sticking to last point.
Best value: 18.84%
Step: 16 | Mode: explore | Action: 1
BLIP2ITMClient.cosine: (480, 640, 3), Seems like there is a potted plant ahead.
BLIP2ITMClient.cosine: (480, 640, 3), Seems like there is a potted plant ahead.
Best value: 18.84%
Step: 17 | Mode: explore | Action: 3
BLIP2ITMClient.cosine: (480, 640, 3), Seems like there is a potted plant ahead.
Sticking to last point.
Best value: 18.84%
Step: 18 | Mode: explore | Action: 1
BLIP2ITMClient.cosine: (480, 640, 3), Seems like there is a potted plant ahead.
BLIP2ITMClient.cosine: (480, 640, 3), Seems like there is a potted plant ahead.
Sticking to last point.
Best value: 18.84%
Step: 19 | Mode: explore | Action: 1
BLIP2ITMClient.cosine: (480, 640, 3), Seems like there is a potted plant ahead.
BLIP2ITMClient.cosine: (480, 640, 3), Seems like there is a potted plant ahead.
Sticking to last point.
Best value: 18.84%
Step: 20 | Mode: explore | Action: 1
BLIP2ITMClient.cosine: (480, 640, 3), Seems like there is a potted plant ahead.
Sticking to last point.
Best value: 18.84%
Step: 21 | Mode: explore | Action: 3
BLIP2ITMClient.cosine: (480, 640, 3), Seems like there is a potted plant ahead.
BLIP2ITMClient.cosine: (480, 640, 3), Seems like there is a potted plant ahead.
Sticking to last point.
Best value: 18.84%
Step: 22 | Mode: explore | Action: 3
BLIP2ITMClient.cosine: (480, 640, 3), Seems like there is a potted plant ahead.
BLIP2ITMClient.cosine: (480, 640, 3), Seems like there is a potted plant ahead.
Sticking to last point.
Best value: 18.84%
Step: 23 | Mode: explore | Action: 3
BLIP2ITMClient.cosine: (480, 640, 3), Seems like there is a potted plant ahead.
BLIP2ITMClient.cosine: (480, 640, 3), Seems like there is a potted plant ahead.
Sticking to last point.
Best value: 18.84%
Step: 24 | Mode: explore | Action: 3
BLIP2ITMClient.cosine: (480, 640, 3), Seems like there is a potted plant ahead.
BLIP2ITMClient.cosine: (480, 640, 3), Seems like there is a potted plant ahead.
Sticking to last point.
Best value: 18.84%
Step: 25 | Mode: explore | Action: 3
BLIP2ITMClient.cosine: (480, 640, 3), Seems like there is a potted plant ahead.
Sticking to last point.
Best value: 18.84%
Step: 26 | Mode: explore | Action: 3
BLIP2ITMClient.cosine: (480, 640, 3), Seems like there is a potted plant ahead.
Sticking to last point.
Best value: 18.84%
Step: 27 | Mode: explore | Action: 1
BLIP2ITMClient.cosine: (480, 640, 3), Seems like there is a potted plant ahead.
Sticking to last point.
Best value: 18.84%
Step: 28 | Mode: explore | Action: 1
BLIP2ITMClient.cosine: (480, 640, 3), Seems like there is a potted plant ahead.
Sticking to last point.
Best value: 18.84%
Step: 29 | Mode: explore | Action: 2
BLIP2ITMClient.cosine: (480, 640, 3), Seems like there is a potted plant ahead.
BLIP2ITMClient.cosine: (480, 640, 3), Seems like there is a potted plant ahead.
Sticking to last point.
Best value: 18.84%
Step: 30 | Mode: explore | Action: 1
BLIP2ITMClient.cosine: (480, 640, 3), Seems like there is a potted plant ahead.
Sticking to last point.
Best value: 18.84%
Step: 31 | Mode: explore | Action: 2
BLIP2ITMClient.cosine: (480, 640, 3), Seems like there is a potted plant ahead.
Sticking to last point.
Best value: 18.84%
Step: 32 | Mode: explore | Action: 1
BLIP2ITMClient.cosine: (480, 640, 3), Seems like there is a potted plant ahead.
BLIP2ITMClient.cosine: (480, 640, 3), Seems like there is a potted plant ahead.
Sticking to last point.
Best value: 18.84%
Step: 33 | Mode: explore | Action: 1
BLIP2ITMClient.cosine: (480, 640, 3), Seems like there is a potted plant ahead.
BLIP2ITMClient.cosine: (480, 640, 3), Seems like there is a potted plant ahead.
Sticking to last point.
Best value: 18.84%
Step: 34 | Mode: explore | Action: 1
BLIP2ITMClient.cosine: (480, 640, 3), Seems like there is a potted plant ahead.
BLIP2ITMClient.cosine: (480, 640, 3), Seems like there is a potted plant ahead.
Sticking to last point.
Best value: 18.84%
Step: 35 | Mode: explore | Action: 1
BLIP2ITMClient.cosine: (480, 640, 3), Seems like there is a potted plant ahead.
BLIP2ITMClient.cosine: (480, 640, 3), Seems like there is a potted plant ahead.
Best value: 18.84%
Step: 36 | Mode: explore | Action: 2
BLIP2ITMClient.cosine: (480, 640, 3), Seems like there is a potted plant ahead.
Sticking to last point.
Best value: 18.84%
Step: 37 | Mode: explore | Action: 2
BLIP2ITMClient.cosine: (480, 640, 3), Seems like there is a potted plant ahead.
Sticking to last point.
Best value: 18.84%
Step: 38 | Mode: explore | Action: 2
BLIP2ITMClient.cosine: (480, 640, 3), Seems like there is a potted plant ahead.
Sticking to last point.
Best value: 18.84%
Step: 39 | Mode: explore | Action: 2
BLIP2ITMClient.cosine: (480, 640, 3), Seems like there is a potted plant ahead.
Sticking to last point.
Best value: 18.84%
Step: 40 | Mode: explore | Action: 2
BLIP2ITMClient.cosine: (480, 640, 3), Seems like there is a potted plant ahead.
BLIP2ITMClient.cosine: (480, 640, 3), Seems like there is a potted plant ahead.
Sticking to last point.
Best value: 18.84%
Step: 41 | Mode: explore | Action: 2
BLIP2ITMClient.cosine: (480, 640, 3), Seems like there is a potted plant ahead.
Sticking to last point.
Best value: 18.84%
Step: 42 | Mode: explore | Action: 1
BLIP2ITMClient.cosine: (480, 640, 3), Seems like there is a potted plant ahead.
Sticking to last point.
Best value: 18.84%
Step: 43 | Mode: explore | Action: 1
BLIP2ITMClient.cosine: (480, 640, 3), Seems like there is a potted plant ahead.
BLIP2ITMClient.cosine: (480, 640, 3), Seems like there is a potted plant ahead.
Best value: 13.20%
Step: 44 | Mode: explore | Action: 1
BLIP2ITMClient.cosine: (480, 640, 3), Seems like there is a potted plant ahead.
Sticking to last point.
Best value: 13.20%
Step: 45 | Mode: explore | Action: 1
BLIP2ITMClient.cosine: (480, 640, 3), Seems like there is a potted plant ahead.
Sticking to last point.
Best value: 13.20%
Step: 46 | Mode: explore | Action: 3
BLIP2ITMClient.cosine: (480, 640, 3), Seems like there is a potted plant ahead.
Sticking to last point.
Best value: 13.20%
Step: 47 | Mode: explore | Action: 1
BLIP2ITMClient.cosine: (480, 640, 3), Seems like there is a potted plant ahead.
Sticking to last point.
Best value: 13.20%
Step: 48 | Mode: explore | Action: 1
BLIP2ITMClient.cosine: (480, 640, 3), Seems like there is a potted plant ahead.
Sticking to last point.
Best value: 13.20%
Step: 49 | Mode: explore | Action: 3
BLIP2ITMClient.cosine: (480, 640, 3), Seems like there is a potted plant ahead.
Sticking to last point.
Best value: 13.20%
Step: 50 | Mode: explore | Action: 1
BLIP2ITMClient.cosine: (480, 640, 3), Seems like there is a potted plant ahead.
Sticking to last point.
Best value: 13.20%
Step: 51 | Mode: explore | Action: 1
BLIP2ITMClient.cosine: (480, 640, 3), Seems like there is a potted plant ahead.
Sticking to last point.
Best value: 13.20%
Step: 52 | Mode: explore | Action: 2
BLIP2ITMClient.cosine: (480, 640, 3), Seems like there is a potted plant ahead.
BLIP2ITMClient.cosine: (480, 640, 3), Seems like there is a potted plant ahead.
Sticking to last point.
Best value: 14.19%
Step: 53 | Mode: explore | Action: 2
BLIP2ITMClient.cosine: (480, 640, 3), Seems like there is a potted plant ahead.
Sticking to last point.
Best value: 14.19%
Step: 54 | Mode: explore | Action: 1
BLIP2ITMClient.cosine: (480, 640, 3), Seems like there is a potted plant ahead.
Sticking to last point.
Best value: 14.19%
Step: 55 | Mode: explore | Action: 3
BLIP2ITMClient.cosine: (480, 640, 3), Seems like there is a potted plant ahead.
Sticking to last point.
Best value: 14.19%
Step: 56 | Mode: explore | Action: 2
BLIP2ITMClient.cosine: (480, 640, 3), Seems like there is a potted plant ahead.
Sticking to last point.
Best value: 14.19%
Step: 57 | Mode: explore | Action: 2
BLIP2ITMClient.cosine: (480, 640, 3), Seems like there is a potted plant ahead.
Sticking to last point.
Best value: 14.19%
Step: 58 | Mode: explore | Action: 3
BLIP2ITMClient.cosine: (480, 640, 3), Seems like there is a potted plant ahead.
Sticking to last point.
Best value: 14.19%
Step: 59 | Mode: explore | Action: 3
BLIP2ITMClient.cosine: (480, 640, 3), Seems like there is a potted plant ahead.
Sticking to last point.
Best value: 14.19%
Step: 60 | Mode: explore | Action: 1
BLIP2ITMClient.cosine: (480, 640, 3), Seems like there is a potted plant ahead.
BLIP2ITMClient.cosine: (480, 640, 3), Seems like there is a potted plant ahead.
Sticking to last point.
Best value: 15.35%
Step: 61 | Mode: explore | Action: 1
BLIP2ITMClient.cosine: (480, 640, 3), Seems like there is a potted plant ahead.
BLIP2ITMClient.cosine: (480, 640, 3), Seems like there is a potted plant ahead.
Sticking to last point.
Best value: 16.96%
Step: 62 | Mode: explore | Action: 2
BLIP2ITMClient.cosine: (480, 640, 3), Seems like there is a potted plant ahead.
BLIP2ITMClient.cosine: (480, 640, 3), Seems like there is a potted plant ahead.
Best value: 13.51%
Step: 63 | Mode: explore | Action: 1
BLIP2ITMClient.cosine: (480, 640, 3), Seems like there is a potted plant ahead.
BLIP2ITMClient.cosine: (480, 640, 3), Seems like there is a potted plant ahead.
Sticking to last point.
Best value: 14.77%
Step: 64 | Mode: explore | Action: 2
BLIP2ITMClient.cosine: (480, 640, 3), Seems like there is a potted plant ahead.
Sticking to last point.
Best value: 14.77%
Step: 65 | Mode: explore | Action: 3
BLIP2ITMClient.cosine: (480, 640, 3), Seems like there is a potted plant ahead.
Sticking to last point.
Best value: 14.77%
Step: 66 | Mode: explore | Action: 1
BLIP2ITMClient.cosine: (480, 640, 3), Seems like there is a potted plant ahead.
BLIP2ITMClient.cosine: (480, 640, 3), Seems like there is a potted plant ahead.
Best value: 11.11%
Step: 67 | Mode: explore | Action: 2
BLIP2ITMClient.cosine: (480, 640, 3), Seems like there is a potted plant ahead.
Step: 68 | Mode: navigate | Action: 2
BLIP2ITMClient.cosine: (480, 640, 3), Seems like there is a potted plant ahead.
Step: 69 | Mode: navigate | Action: 2
BLIP2ITMClient.cosine: (480, 640, 3), Seems like there is a potted plant ahead.
Step: 70 | Mode: navigate | Action: 2
BLIP2ITMClient.cosine: (480, 640, 3), Seems like there is a potted plant ahead.
Step: 71 | Mode: navigate | Action: 2
BLIP2ITMClient.cosine: (480, 640, 3), Seems like there is a potted plant ahead.
Step: 72 | Mode: navigate | Action: 1
BLIP2ITMClient.cosine: (480, 640, 3), Seems like there is a potted plant ahead.
Step: 73 | Mode: navigate | Action: 1
BLIP2ITMClient.cosine: (480, 640, 3), Seems like there is a potted plant ahead.
Step: 74 | Mode: navigate | Action: 3
BLIP2ITMClient.cosine: (480, 640, 3), Seems like there is a potted plant ahead.
Step: 75 | Mode: navigate | Action: 3
BLIP2ITMClient.cosine: (480, 640, 3), Seems like there is a potted plant ahead.
Step: 76 | Mode: navigate | Action: 3
BLIP2ITMClient.cosine: (480, 640, 3), Seems like there is a potted plant ahead.
Step: 77 | Mode: navigate | Action: 2
BLIP2ITMClient.cosine: (480, 640, 3), Seems like there is a potted plant ahead.
Step: 78 | Mode: navigate | Action: 1
BLIP2ITMClient.cosine: (480, 640, 3), Seems like there is a potted plant ahead.
Step: 79 | Mode: navigate | Action: 1
BLIP2ITMClient.cosine: (480, 640, 3), Seems like there is a potted plant ahead.
Step: 80 | Mode: navigate | Action: 3
BLIP2ITMClient.cosine: (480, 640, 3), Seems like there is a potted plant ahead.
Step: 81 | Mode: navigate | Action: 3
BLIP2ITMClient.cosine: (480, 640, 3), Seems like there is a potted plant ahead.
Step: 82 | Mode: navigate | Action: 3
BLIP2ITMClient.cosine: (480, 640, 3), Seems like there is a potted plant ahead.
Step: 83 | Mode: navigate | Action: 3
BLIP2ITMClient.cosine: (480, 640, 3), Seems like there is a potted plant ahead.
Step: 84 | Mode: navigate | Action: 3
BLIP2ITMClient.cosine: (480, 640, 3), Seems like there is a potted plant ahead.
Step: 85 | Mode: navigate | Action: 3
BLIP2ITMClient.cosine: (480, 640, 3), Seems like there is a potted plant ahead.
  1%|          | 3/399 [02:36<5:51:01, 53.19s/it]Step: 86 | Mode: navigate | Action: 1
BLIP2ITMClient.cosine: (480, 640, 3), Seems like there is a potted plant ahead.
Step: 87 | Mode: navigate | Action: 1
BLIP2ITMClient.cosine: (480, 640, 3), Seems like there is a potted plant ahead.
Step: 88 | Mode: navigate | Action: 2
BLIP2ITMClient.cosine: (480, 640, 3), Seems like there is a potted plant ahead.
Step: 89 | Mode: navigate | Action: 2
BLIP2ITMClient.cosine: (480, 640, 3), Seems like there is a potted plant ahead.
Step: 90 | Mode: navigate | Action: 1
BLIP2ITMClient.cosine: (480, 640, 3), Seems like there is a potted plant ahead.
Step: 91 | Mode: navigate | Action: 2
BLIP2ITMClient.cosine: (480, 640, 3), Seems like there is a potted plant ahead.
Step: 92 | Mode: navigate | Action: 1
BLIP2ITMClient.cosine: (480, 640, 3), Seems like there is a potted plant ahead.
Step: 93 | Mode: navigate | Action: 2
BLIP2ITMClient.cosine: (480, 640, 3), Seems like there is a potted plant ahead.
Step: 94 | Mode: navigate | Action: 1
BLIP2ITMClient.cosine: (480, 640, 3), Seems like there is a potted plant ahead.
Step: 95 | Mode: navigate | Action: 2
BLIP2ITMClient.cosine: (480, 640, 3), Seems like there is a potted plant ahead.
Step: 96 | Mode: navigate | Action: 3
BLIP2ITMClient.cosine: (480, 640, 3), Seems like there is a potted plant ahead.
Step: 97 | Mode: navigate | Action: 1
BLIP2ITMClient.cosine: (480, 640, 3), Seems like there is a potted plant ahead.
Step: 98 | Mode: navigate | Action: 3
BLIP2ITMClient.cosine: (480, 640, 3), Seems like there is a potted plant ahead.
Step: 99 | Mode: navigate | Action: 1
BLIP2ITMClient.cosine: (480, 640, 3), Seems like there is a potted plant ahead.
Step: 100 | Mode: navigate | Action: 3
BLIP2ITMClient.cosine: (480, 640, 3), Seems like there is a potted plant ahead.
Step: 101 | Mode: navigate | Action: 1
BLIP2ITMClient.cosine: (480, 640, 3), Seems like there is a potted plant ahead.
Step: 102 | Mode: navigate | Action: 2
BLIP2ITMClient.cosine: (480, 640, 3), Seems like there is a potted plant ahead.
Step: 103 | Mode: navigate | Action: 2
BLIP2ITMClient.cosine: (480, 640, 3), Seems like there is a potted plant ahead.
Step: 104 | Mode: navigate | Action: 1
BLIP2ITMClient.cosine: (480, 640, 3), Seems like there is a potted plant ahead.
Step: 105 | Mode: navigate | Action: 2
BLIP2ITMClient.cosine: (480, 640, 3), Seems like there is a potted plant ahead.
Step: 106 | Mode: navigate | Action: 2
BLIP2ITMClient.cosine: (480, 640, 3), Seems like there is a potted plant ahead.
Step: 107 | Mode: navigate | Action: 1
BLIP2ITMClient.cosine: (480, 640, 3), Seems like there is a potted plant ahead.
Step: 108 | Mode: navigate | Action: 0
[traj] episode 3 — unknown
Episode 2 in scene Corozal failed due to 'false_positive'.
[traj] captured failure_cause: false_positive
[traj] value map: max=0.2490, nonzero=13480
[traj] saved episode Corozal_2 (109 steps, failed)
BLIP2ITMClient.cosine: (480, 640, 3), Seems like there is a tv ahead.
Step: 0 | Mode: initialize | Action: 2
BLIP2ITMClient.cosine: (480, 640, 3), Seems like there is a tv ahead.
Step: 1 | Mode: initialize | Action: 2
BLIP2ITMClient.cosine: (480, 640, 3), Seems like there is a tv ahead.
Step: 2 | Mode: initialize | Action: 2
BLIP2ITMClient.cosine: (480, 640, 3), Seems like there is a tv ahead.
Step: 3 | Mode: initialize | Action: 2
BLIP2ITMClient.cosine: (480, 640, 3), Seems like there is a tv ahead.
Step: 4 | Mode: initialize | Action: 2
BLIP2ITMClient.cosine: (480, 640, 3), Seems like there is a tv ahead.
Step: 5 | Mode: initialize | Action: 2
BLIP2ITMClient.cosine: (480, 640, 3), Seems like there is a tv ahead.
Step: 6 | Mode: initialize | Action: 2
BLIP2ITMClient.cosine: (480, 640, 3), Seems like there is a tv ahead.
Step: 7 | Mode: initialize | Action: 2
BLIP2ITMClient.cosine: (480, 640, 3), Seems like there is a tv ahead.
Step: 8 | Mode: initialize | Action: 2
BLIP2ITMClient.cosine: (480, 640, 3), Seems like there is a tv ahead.
Step: 9 | Mode: initialize | Action: 2
BLIP2ITMClient.cosine: (480, 640, 3), Seems like there is a tv ahead.
Step: 10 | Mode: initialize | Action: 2
BLIP2ITMClient.cosine: (480, 640, 3), Seems like there is a tv ahead.
Step: 11 | Mode: initialize | Action: 2
BLIP2ITMClient.cosine: (480, 640, 3), Seems like there is a tv ahead.
BLIP2ITMClient.cosine: (480, 640, 3), Seems like there is a tv ahead.
Best value: 15.77%
Step: 12 | Mode: explore | Action: 3
BLIP2ITMClient.cosine: (480, 640, 3), Seems like there is a tv ahead.
Sticking to last point.
Best value: 15.77%
Step: 13 | Mode: explore | Action: 3
BLIP2ITMClient.cosine: (480, 640, 3), Seems like there is a tv ahead.
Sticking to last point.
Best value: 15.77%
Step: 14 | Mode: explore | Action: 1
BLIP2ITMClient.cosine: (480, 640, 3), Seems like there is a tv ahead.
BLIP2ITMClient.cosine: (480, 640, 3), Seems like there is a tv ahead.
Sticking to last point.
Best value: 15.77%
Step: 15 | Mode: explore | Action: 1
BLIP2ITMClient.cosine: (480, 640, 3), Seems like there is a tv ahead.
BLIP2ITMClient.cosine: (480, 640, 3), Seems like there is a tv ahead.
Sticking to last point.
Best value: 15.77%
Step: 16 | Mode: explore | Action: 1
BLIP2ITMClient.cosine: (480, 640, 3), Seems like there is a tv ahead.
BLIP2ITMClient.cosine: (480, 640, 3), Seems like there is a tv ahead.
Sticking to last point.
Best value: 15.77%
Step: 17 | Mode: explore | Action: 3
BLIP2ITMClient.cosine: (480, 640, 3), Seems like there is a tv ahead.
BLIP2ITMClient.cosine: (480, 640, 3), Seems like there is a tv ahead.
Sticking to last point.
Best value: 15.77%
Step: 18 | Mode: explore | Action: 1
BLIP2ITMClient.cosine: (480, 640, 3), Seems like there is a tv ahead.
BLIP2ITMClient.cosine: (480, 640, 3), Seems like there is a tv ahead.
Sticking to last point.
Best value: 15.77%
Step: 19 | Mode: explore | Action: 1
BLIP2ITMClient.cosine: (480, 640, 3), Seems like there is a tv ahead.
BLIP2ITMClient.cosine: (480, 640, 3), Seems like there is a tv ahead.
Sticking to last point.
Best value: 15.77%
Step: 20 | Mode: explore | Action: 1
BLIP2ITMClient.cosine: (480, 640, 3), Seems like there is a tv ahead.
BLIP2ITMClient.cosine: (480, 640, 3), Seems like there is a tv ahead.
Sticking to last point.
Best value: 15.77%
Step: 21 | Mode: explore | Action: 1
BLIP2ITMClient.cosine: (480, 640, 3), Seems like there is a tv ahead.
BLIP2ITMClient.cosine: (480, 640, 3), Seems like there is a tv ahead.
Sticking to last point.
Best value: 15.77%
Step: 22 | Mode: explore | Action: 3
BLIP2ITMClient.cosine: (480, 640, 3), Seems like there is a tv ahead.
BLIP2ITMClient.cosine: (480, 640, 3), Seems like there is a tv ahead.
Sticking to last point.
Best value: 15.77%
Step: 23 | Mode: explore | Action: 1
BLIP2ITMClient.cosine: (480, 640, 3), Seems like there is a tv ahead.
BLIP2ITMClient.cosine: (480, 640, 3), Seems like there is a tv ahead.
Sticking to last point.
Best value: 15.77%
Step: 24 | Mode: explore | Action: 1
BLIP2ITMClient.cosine: (480, 640, 3), Seems like there is a tv ahead.
BLIP2ITMClient.cosine: (480, 640, 3), Seems like there is a tv ahead.
Sticking to last point.
Best value: 15.77%
Step: 25 | Mode: explore | Action: 3
BLIP2ITMClient.cosine: (480, 640, 3), Seems like there is a tv ahead.
BLIP2ITMClient.cosine: (480, 640, 3), Seems like there is a tv ahead.
Sticking to last point.
Best value: 15.77%
Step: 26 | Mode: explore | Action: 1
BLIP2ITMClient.cosine: (480, 640, 3), Seems like there is a tv ahead.
BLIP2ITMClient.cosine: (480, 640, 3), Seems like there is a tv ahead.
Sticking to last point.
Best value: 15.77%
Step: 27 | Mode: explore | Action: 1
BLIP2ITMClient.cosine: (480, 640, 3), Seems like there is a tv ahead.
Step: 28 | Mode: navigate | Action: 2
BLIP2ITMClient.cosine: (480, 640, 3), Seems like there is a tv ahead.
Step: 29 | Mode: navigate | Action: 1
BLIP2ITMClient.cosine: (480, 640, 3), Seems like there is a tv ahead.
Step: 30 | Mode: navigate | Action: 1
BLIP2ITMClient.cosine: (480, 640, 3), Seems like there is a tv ahead.
Step: 31 | Mode: navigate | Action: 1
BLIP2ITMClient.cosine: (480, 640, 3), Seems like there is a tv ahead.
Step: 32 | Mode: navigate | Action: 2
BLIP2ITMClient.cosine: (480, 640, 3), Seems like there is a tv ahead.
Step: 33 | Mode: navigate | Action: 2
  1%|          | 4/399 [03:02<4:40:39, 42.63s/it][14:19:37:567586]:[Physics] PhysicsManager.cpp(54)::~PhysicsManager : Deconstructing PhysicsManager
[14:19:37:567691]:[Scene] SceneManager.h(21)::~SceneManager : Deconstructing SceneManager
[14:19:37:567700]:[Scene] SceneGraph.h(25)::~SceneGraph : Deconstructing SceneGraph
[14:19:37:568326]:[Sensor] Sensor.cpp(69)::~Sensor : Deconstructing Sensor
[14:19:37:568417]:[Sensor] Sensor.cpp(69)::~Sensor : Deconstructing Sensor
[14:19:37:568431]:[Scene] SceneGraph.h(25)::~SceneGraph : Deconstructing SceneGraph
[14:19:37:568473]:[Scene] SemanticScene.h(48)::~SemanticScene : Deconstructing SemanticScene
BLIP2ITMClient.cosine: (480, 640, 3), Seems like there is a tv ahead.
Step: 34 | Mode: navigate | Action: 1
BLIP2ITMClient.cosine: (480, 640, 3), Seems like there is a tv ahead.
Step: 35 | Mode: navigate | Action: 1
BLIP2ITMClient.cosine: (480, 640, 3), Seems like there is a tv ahead.
Step: 36 | Mode: navigate | Action: 1
BLIP2ITMClient.cosine: (480, 640, 3), Seems like there is a tv ahead.
Step: 37 | Mode: navigate | Action: 2
BLIP2ITMClient.cosine: (480, 640, 3), Seems like there is a tv ahead.
Step: 38 | Mode: navigate | Action: 1
BLIP2ITMClient.cosine: (480, 640, 3), Seems like there is a tv ahead.
Step: 39 | Mode: navigate | Action: 3
BLIP2ITMClient.cosine: (480, 640, 3), Seems like there is a tv ahead.
Step: 40 | Mode: navigate | Action: 3
BLIP2ITMClient.cosine: (480, 640, 3), Seems like there is a tv ahead.
Step: 41 | Mode: navigate | Action: 3
BLIP2ITMClient.cosine: (480, 640, 3), Seems like there is a tv ahead.
Step: 42 | Mode: navigate | Action: 1
BLIP2ITMClient.cosine: (480, 640, 3), Seems like there is a tv ahead.
Step: 43 | Mode: navigate | Action: 1
BLIP2ITMClient.cosine: (480, 640, 3), Seems like there is a tv ahead.
Step: 44 | Mode: navigate | Action: 1
BLIP2ITMClient.cosine: (480, 640, 3), Seems like there is a tv ahead.
Step: 45 | Mode: navigate | Action: 2
BLIP2ITMClient.cosine: (480, 640, 3), Seems like there is a tv ahead.
Step: 46 | Mode: navigate | Action: 1
BLIP2ITMClient.cosine: (480, 640, 3), Seems like there is a tv ahead.
Step: 47 | Mode: navigate | Action: 1
BLIP2ITMClient.cosine: (480, 640, 3), Seems like there is a tv ahead.
Step: 48 | Mode: navigate | Action: 2
BLIP2ITMClient.cosine: (480, 640, 3), Seems like there is a tv ahead.
Step: 49 | Mode: navigate | Action: 1
BLIP2ITMClient.cosine: (480, 640, 3), Seems like there is a tv ahead.
Step: 50 | Mode: navigate | Action: 0
[traj] episode 4 — unknown
Episode 3 in scene Corozal failed due to 'false_positive'.
[traj] captured failure_cause: false_positive
[traj] value map: max=0.3546, nonzero=26975
[traj] saved episode Corozal_3 (51 steps, failed)
BLIP2ITMClient.cosine: (480, 640, 3), Seems like there is a couch ahead.
Step: 0 | Mode: initialize | Action: 2
BLIP2ITMClient.cosine: (480, 640, 3), Seems like there is a couch ahead.
Step: 1 | Mode: initialize | Action: 2
BLIP2ITMClient.cosine: (480, 640, 3), Seems like there is a couch ahead.
Step: 2 | Mode: initialize | Action: 2
BLIP2ITMClient.cosine: (480, 640, 3), Seems like there is a couch ahead.
Step: 3 | Mode: initialize | Action: 2
BLIP2ITMClient.cosine: (480, 640, 3), Seems like there is a couch ahead.
Step: 4 | Mode: initialize | Action: 2
BLIP2ITMClient.cosine: (480, 640, 3), Seems like there is a couch ahead.
Step: 5 | Mode: initialize | Action: 2
BLIP2ITMClient.cosine: (480, 640, 3), Seems like there is a couch ahead.
Step: 6 | Mode: initialize | Action: 2
BLIP2ITMClient.cosine: (480, 640, 3), Seems like there is a couch ahead.
Step: 7 | Mode: initialize | Action: 2
BLIP2ITMClient.cosine: (480, 640, 3), Seems like there is a couch ahead.
Step: 8 | Mode: initialize | Action: 2
BLIP2ITMClient.cosine: (480, 640, 3), Seems like there is a couch ahead.
Step: 9 | Mode: initialize | Action: 2
BLIP2ITMClient.cosine: (480, 640, 3), Seems like there is a couch ahead.
Step: 10 | Mode: initialize | Action: 2
BLIP2ITMClient.cosine: (480, 640, 3), Seems like there is a couch ahead.
Step: 11 | Mode: initialize | Action: 2
BLIP2ITMClient.cosine: (480, 640, 3), Seems like there is a couch ahead.
Step: 12 | Mode: navigate | Action: 3
BLIP2ITMClient.cosine: (480, 640, 3), Seems like there is a couch ahead.
Step: 13 | Mode: navigate | Action: 3
BLIP2ITMClient.cosine: (480, 640, 3), Seems like there is a couch ahead.
Step: 14 | Mode: navigate | Action: 1
BLIP2ITMClient.cosine: (480, 640, 3), Seems like there is a couch ahead.
Step: 15 | Mode: navigate | Action: 1
BLIP2ITMClient.cosine: (480, 640, 3), Seems like there is a couch ahead.
Step: 16 | Mode: navigate | Action: 2
BLIP2ITMClient.cosine: (480, 640, 3), Seems like there is a couch ahead.
Step: 17 | Mode: navigate | Action: 1
BLIP2ITMClient.cosine: (480, 640, 3), Seems like there is a couch ahead.
Step: 18 | Mode: navigate | Action: 1
BLIP2ITMClient.cosine: (480, 640, 3), Seems like there is a couch ahead.
Step: 19 | Mode: navigate | Action: 1
BLIP2ITMClient.cosine: (480, 640, 3), Seems like there is a couch ahead.
Step: 20 | Mode: navigate | Action: 2
BLIP2ITMClient.cosine: (480, 640, 3), Seems like there is a couch ahead.
Step: 21 | Mode: navigate | Action: 1
BLIP2ITMClient.cosine: (480, 640, 3), Seems like there is a couch ahead.
Step: 22 | Mode: navigate | Action: 1
BLIP2ITMClient.cosine: (480, 640, 3), Seems like there is a couch ahead.
Step: 23 | Mode: navigate | Action: 1
BLIP2ITMClient.cosine: (480, 640, 3), Seems like there is a couch ahead.
Step: 24 | Mode: navigate | Action: 1
BLIP2ITMClient.cosine: (480, 640, 3), Seems like there is a couch ahead.
Step: 25 | Mode: navigate | Action: 2
BLIP2ITMClient.cosine: (480, 640, 3), Seems like there is a couch ahead.
Step: 26 | Mode: navigate | Action: 1
BLIP2ITMClient.cosine: (480, 640, 3), Seems like there is a couch ahead.
Step: 27 | Mode: navigate | Action: 1
BLIP2ITMClient.cosine: (480, 640, 3), Seems like there is a couch ahead.
Step: 28 | Mode: navigate | Action: 1
BLIP2ITMClient.cosine: (480, 640, 3), Seems like there is a couch ahead.
Step: 29 | Mode: navigate | Action: 2
BLIP2ITMClient.cosine: (480, 640, 3), Seems like there is a couch ahead.
Step: 30 | Mode: navigate | Action: 1
BLIP2ITMClient.cosine: (480, 640, 3), Seems like there is a couch ahead.
Step: 31 | Mode: navigate | Action: 1
BLIP2ITMClient.cosine: (480, 640, 3), Seems like there is a couch ahead.
Step: 32 | Mode: navigate | Action: 1
BLIP2ITMClient.cosine: (480, 640, 3), Seems like there is a couch ahead.
Step: 33 | Mode: navigate | Action: 0
Error executing job with overrides: ['habitat_baselines.evaluate=True', 'habitat_baselines.test_episode_count=-1', 'habitat.dataset.data_path=data/datasets/objectnav/gibson/v1.1/val/Corozal_full.json.gz', 'habitat.dataset.content_scenes=[Corozal]', 'habitat_baselines.num_environments=1', 'habitat.environment.iterator_options.shuffle=false']
[14:19:37:576099]:[Gfx] Renderer.cpp(71)::~Impl : Deconstructing Renderer
[14:19:37:576131]:[Gfx] WindowlessContext.h(17)::~WindowlessContext : Deconstructing WindowlessContext
Process ForkServerProcess-1:
Traceback (most recent call last):
  File "/opt/conda/envs/DCON/lib/python3.9/multiprocessing/process.py", line 315, in _bootstrap
    self.run()
  File "/opt/conda/envs/DCON/lib/python3.9/multiprocessing/process.py", line 108, in run
    self._target(*self._args, **self._kwargs)
  File "/opt/conda/envs/DCON/lib/python3.9/contextlib.py", line 79, in inner
    return func(*args, **kwds)
  File "/opt/conda/envs/DCON/lib/python3.9/site-packages/habitat/core/vector_env.py", line 260, in _worker_env
    observations = env.reset()
  File "/opt/conda/envs/DCON/lib/python3.9/site-packages/habitat/gym/gym_env_episode_count_wrapper.py", line 61, in reset
    return self.env.reset(**kwargs)
  File "/opt/conda/envs/DCON/lib/python3.9/site-packages/habitat/gym/gym_env_obs_dict_wrapper.py", line 36, in reset
    return self.env.reset(**kwargs)
  File "/opt/conda/envs/DCON/lib/python3.9/site-packages/gym/core.py", line 283, in reset
    return self.env.reset(**kwargs)
  File "/opt/conda/envs/DCON/lib/python3.9/site-packages/habitat/gym/gym_wrapper.py", line 301, in reset
    obs = self.env.reset(*args, return_info=return_info, **kwargs)
  File "/opt/conda/envs/DCON/lib/python3.9/site-packages/habitat/core/environments.py", line 59, in reset
    return super().reset(*args, return_info=return_info, **kwargs)
  File "/opt/conda/envs/DCON/lib/python3.9/contextlib.py", line 79, in inner
    return func(*args, **kwds)
  File "/opt/conda/envs/DCON/lib/python3.9/site-packages/habitat/core/env.py", line 424, in reset
    observations = self._env.reset()
  File "/opt/conda/envs/DCON/lib/python3.9/site-packages/habitat/core/env.py", line 263, in reset
    self._task.measurements.reset_measures(
  File "/opt/conda/envs/DCON/lib/python3.9/site-packages/habitat/core/embodied_task.py", line 165, in reset_measures
    measure.reset_metric(*args, **kwargs)
  File "/opt/conda/envs/DCON/lib/python3.9/site-packages/habitat/tasks/nav/nav.py", line 586, in reset_metric
    self.update_metric(  # type:ignore
  File "/opt/conda/envs/DCON/lib/python3.9/site-packages/habitat/tasks/nav/nav.py", line 606, in update_metric
    self._start_end_episode_distance
ZeroDivisionError: float division by zero
Traceback (most recent call last):
  File "/workspace/vlfm/vlfm/run.py", line 57, in main
    execute_exp(cfg, "eval" if cfg.habitat_baselines.evaluate else "train")
  File "/opt/conda/envs/DCON/lib/python3.9/site-packages/habitat_baselines/run.py", line 62, in execute_exp
    trainer.eval()
  File "/opt/conda/envs/DCON/lib/python3.9/site-packages/habitat_baselines/common/base_trainer.py", line 132, in eval
    self._eval_checkpoint(
  File "/workspace/vlfm/vlfm/utils/vlfm_trainer.py", line 212, in _eval_checkpoint
    outputs = self.envs.step(step_data)
  File "/workspace/vlfm/eval_with_trajectory.py", line 311, in _patched_step
    result = _orig_step(self, data)
  File "/opt/conda/envs/DCON/lib/python3.9/site-packages/habitat/core/vector_env.py", line 449, in step
    return self.wait_step()
  File "/opt/conda/envs/DCON/lib/python3.9/contextlib.py", line 79, in inner
    return func(*args, **kwds)
  File "/opt/conda/envs/DCON/lib/python3.9/site-packages/habitat/core/vector_env.py", line 436, in wait_step
    return [
  File "/opt/conda/envs/DCON/lib/python3.9/site-packages/habitat/core/vector_env.py", line 437, in <listcomp>
    self.wait_step_at(index_env) for index_env in range(self.num_envs)
  File "/opt/conda/envs/DCON/lib/python3.9/contextlib.py", line 79, in inner
    return func(*args, **kwds)
  File "/opt/conda/envs/DCON/lib/python3.9/site-packages/habitat/core/vector_env.py", line 410, in wait_step_at
    return self._connection_read_fns[index_env]()
  File "/opt/conda/envs/DCON/lib/python3.9/site-packages/habitat/core/vector_env.py", line 108, in __call__
    res = self.read_fn()
  File "/opt/conda/envs/DCON/lib/python3.9/site-packages/habitat/utils/pickle5_multiprocessing.py", line 68, in recv
    buf = self.recv_bytes()
  File "/opt/conda/envs/DCON/lib/python3.9/multiprocessing/connection.py", line 216, in recv_bytes
    buf = self._recv_bytes(maxlength)
  File "/opt/conda/envs/DCON/lib/python3.9/multiprocessing/connection.py", line 414, in _recv_bytes
    buf = self._recv(4)
  File "/opt/conda/envs/DCON/lib/python3.9/multiprocessing/connection.py", line 383, in _recv
    raise EOFError
EOFError

Set the environment variable HYDRA_FULL_ERROR=1 for a complete stack trace.
Exception ignored in: <function VectorEnv.__del__ at 0x7fb117bce790>
Traceback (most recent call last):
  File "/opt/conda/envs/DCON/lib/python3.9/site-packages/habitat/core/vector_env.py", line 589, in __del__
    self.close()
  File "/opt/conda/envs/DCON/lib/python3.9/site-packages/habitat/core/vector_env.py", line 457, in close
    read_fn()
  File "/opt/conda/envs/DCON/lib/python3.9/site-packages/habitat/core/vector_env.py", line 108, in __call__
    res = self.read_fn()
  File "/opt/conda/envs/DCON/lib/python3.9/site-packages/habitat/utils/pickle5_multiprocessing.py", line 68, in recv
    buf = self.recv_bytes()
  File "/opt/conda/envs/DCON/lib/python3.9/multiprocessing/connection.py", line 216, in recv_bytes
    buf = self._recv_bytes(maxlength)
  File "/opt/conda/envs/DCON/lib/python3.9/multiprocessing/connection.py", line 414, in _recv_bytes
    buf = self._recv(4)
  File "/opt/conda/envs/DCON/lib/python3.9/multiprocessing/connection.py", line 383, in _recv
    raise EOFError
EOFError: 
  1%|          | 4/399 [03:21<5:31:42, 50.39s/it]
