Gym has been unmaintained since 2022 and does not support NumPy 2.0 amongst other critical functionality.
Please upgrade to Gymnasium, the maintained drop-in replacement of Gym, or contact the authors of your software and request that they upgrade.
See the migration guide at https://gymnasium.farama.org/introduction/migration_guide/ for additional information.
Neither `ifconfig` (`ifconfig -a`) nor `ip` (`ip address show`) commands are available, listing network interfaces is likely to fail
/opt/conda/envs/DCON/lib/python3.9/site-packages/fairscale/experimental/nn/offload.py:19: FutureWarning: `torch.cuda.amp.custom_fwd(args...)` is deprecated. Please use `torch.amp.custom_fwd(args..., device_type='cuda')` instead.
  return torch.cuda.amp.custom_fwd(orig_func)  # type: ignore
/opt/conda/envs/DCON/lib/python3.9/site-packages/fairscale/experimental/nn/offload.py:30: FutureWarning: `torch.cuda.amp.custom_bwd(args...)` is deprecated. Please use `torch.amp.custom_bwd(args..., device_type='cuda')` instead.
  return torch.cuda.amp.custom_bwd(orig_func)  # type: ignore
[traj] RUN_ID = 20260721_094158
2026-07-21 09:41:59,415 env config: habitat_baselines:
  evaluate: true
  trainer_name: vlfm
  updater_name: PPO
  distrib_updater_name: DDPPO
  torch_gpu_id: 0
  tensorboard_dir: tb
  writer_type: tb
  video_dir: video_dir
  video_fps: 10
  test_episode_count: -1
  eval_ckpt_path_dir: data/dummy_policy.pth
  num_environments: 1
  num_processes: -1
  rollout_storage_name: RolloutStorage
  checkpoint_folder: data/new_checkpoints
  num_updates: 270000
  num_checkpoints: 100
  checkpoint_interval: -1
  total_num_steps: -1.0
  log_interval: 10
  log_file: train.log
  force_blind_policy: false
  verbose: true
  eval_keys_to_include_in_name: []
  force_torch_single_threaded: true
  wb:
    project_name: ''
    entity: ''
    group: ''
    run_name: ''
  load_resume_state_config: false
  eval:
    split: val
    use_ckpt_config: true
    should_load_ckpt: false
    evals_per_ep: 1
    video_option: []
    extra_sim_sensors: {}
  profiling:
    capture_start_step: -1
    num_steps_to_capture: -1
  rl:
    agent:
      type: SingleAgentAccessMgr
    preemption:
      append_slurm_job_id: false
      save_resume_state_interval: 100
      save_state_batch_only: false
    policy:
      name: HabitatITMPolicy
      action_distribution_type: categorical
      action_dist:
        use_log_std: true
        use_softplus: false
        std_init: ???
        log_std_init: 0.0
        use_std_param: false
        clamp_std: true
        min_std: 1.0e-06
        max_std: 1
        min_log_std: -5
        max_log_std: 2
        action_activation: tanh
        scheduled_std: false
      obs_transforms: {}
      hierarchical_policy: ???
      text_prompt: Seems like there is a target_object ahead.
      pointnav_policy_path: data/pointnav_weights.pth
      depth_image_shape:
      - 224
      - 224
      pointnav_stop_radius: 0.9
      use_max_confidence: false
      object_map_erosion_size: 5
      exploration_thresh: 0.0
      obstacle_map_area_threshold: 1.5
      min_obstacle_height: 0.61
      max_obstacle_height: 0.88
      hole_area_thresh: 100000
      use_vqa: false
      vqa_prompt: 'Is this '
      coco_threshold: 0.8
      non_coco_threshold: 0.4
      agent_radius: 0.18
    ppo:
      clip_param: 0.2
      ppo_epoch: 4
      num_mini_batch: 2
      value_loss_coef: 0.5
      entropy_coef: 0.01
      lr: 0.00025
      eps: 1.0e-05
      max_grad_norm: 0.2
      num_steps: 64
      use_gae: true
      use_linear_lr_decay: false
      use_linear_clip_decay: false
      gamma: 0.99
      tau: 0.95
      reward_window_size: 50
      use_normalized_advantage: false
      hidden_size: 512
      entropy_target_factor: 0.0
      use_adaptive_entropy_pen: false
      use_clipped_value_loss: true
      use_double_buffered_sampler: false
    ddppo:
      sync_frac: 0.6
      distrib_backend: NCCL
      rnn_type: LSTM
      num_recurrent_layers: 2
      backbone: resnet50
      pretrained_weights: data/ddppo-models/gibson-2plus-resnet50.pth
      pretrained: false
      pretrained_encoder: false
      train_encoder: true
      reset_critic: false
      force_distributed: false
    ver:
      variable_experience: true
      num_inference_workers: 2
      overlap_rollouts_and_learn: false
    auxiliary_losses: {}
habitat:
  seed: 100
  env_task: GymHabitatEnv
  env_task_gym_dependencies: []
  env_task_gym_id: ''
  environment:
    max_episode_steps: 500
    max_episode_seconds: 10000000
    iterator_options:
      cycle: true
      shuffle: true
      group_by_scene: true
      num_episode_sample: -1
      max_scene_repeat_episodes: -1
      max_scene_repeat_steps: 50000
      step_repetition_range: 0.2
  simulator:
    type: Sim-v0
    action_space_config: v1
    action_space_config_arguments: {}
    forward_step_size: 0.25
    create_renderer: false
    requires_textures: true
    auto_sleep: false
    step_physics: true
    concur_render: false
    needs_markers: true
    update_articulated_agent: true
    scene: data/scene_datasets/habitat-test-scenes/van-gogh-room.glb
    scene_dataset: data/scene_datasets/gibson_semantic/gibson.scene_dataset_config.json
    additional_object_paths: []
    seed: ${habitat.seed}
    turn_angle: 30
    tilt_angle: 30
    default_agent_id: 0
    debug_render: false
    debug_render_articulated_agent: false
    kinematic_mode: false
    debug_render_goal: true
    robot_joint_start_noise: 0.0
    ctrl_freq: 120.0
    ac_freq_ratio: 4
    load_objs: true
    hold_thresh: 0.15
    grasp_impulse: 10000.0
    agents:
      main_agent:
        height: 0.88
        radius: 0.18
        grasp_managers: 1
        sim_sensors:
          rgb_sensor:
            type: HabitatSimRGBSensor
            height: 480
            width: 640
            position:
            - 0.0
            - 0.88
            - 0.0
            orientation:
            - 0.0
            - 0.0
            - 0.0
            hfov: 79
            sensor_subtype: PINHOLE
            noise_model: None
            noise_model_kwargs: {}
          depth_sensor:
            type: HabitatSimDepthSensor
            height: 480
            width: 640
            position:
            - 0.0
            - 0.88
            - 0.0
            orientation:
            - 0.0
            - 0.0
            - 0.0
            hfov: 79
            sensor_subtype: PINHOLE
            noise_model: None
            noise_model_kwargs: {}
            min_depth: 0.5
            max_depth: 5.0
            normalize_depth: true
        is_set_start_state: false
        start_position:
        - 0.0
        - 0.0
        - 0.0
        start_rotation:
        - 0.0
        - 0.0
        - 0.0
        - 1.0
        joint_start_noise: 0.1
        articulated_agent_urdf: data/robots/hab_fetch/robots/hab_fetch.urdf
        articulated_agent_type: FetchRobot
        ik_arm_urdf: data/robots/hab_fetch/robots/fetch_onlyarm.urdf
        motion_data_path: ''
    agents_order:
    - main_agent
    habitat_sim_v0:
      gpu_device_id: 0
      gpu_gpu: false
      allow_sliding: false
      frustum_culling: true
      enable_physics: false
      physics_config_file: ./data/default.physics_config.json
      leave_context_with_background_renderer: false
      enable_gfx_replay_save: false
    ep_info: null
    object_ids_start: 100
  task:
    reward_measure: distance_to_goal_reward
    success_measure: spl
    success_reward: 2.5
    slack_reward: -0.001
    end_on_success: true
    type: ObjectNav-v1
    lab_sensors:
      objectgoal_sensor:
        type: ObjectGoalSensor
        goal_spec: TASK_CATEGORY_ID
        goal_spec_max_val: 50
      compass_sensor:
        type: CompassSensor
      gps_sensor:
        type: GPSSensor
        dimensionality: 2
      base_explorer:
        type: BaseExplorer
        ang_vel: 10.0
        area_thresh: 3.0
        forward_step_size: 0.25
        fov: 79
        lin_vel: 0.25
        map_resolution: 256
        minimize_time: true
        success_distance: 0.18
        turn_angle: 10.0
        visibility_dist: 4.5
      heading_sensor:
        type: HeadingSensor
      frontier_sensor:
        type: FrontierSensor
    measurements:
      distance_to_goal:
        type: DistanceToGoal
        distance_to: VIEW_POINTS
      success:
        type: Success
        success_distance: 1.0
      spl:
        type: SPL
      soft_spl:
        type: SoftSPL
      distance_to_goal_reward:
        type: DistanceToGoalReward
      frontier_exploration_map:
        type: FrontierExplorationMap
        max_episode_steps: 1000
        map_padding: 3
        map_resolution: 1024
        draw_source: true
        draw_border: true
        draw_shortest_path: true
        draw_view_points: true
        draw_goal_positions: true
        draw_goal_aabbs: false
        fog_of_war:
          draw: true
          visibility_dist: 5.0
          fov: 90
        draw_waypoints: true
      traveled_stairs:
        type: TraveledStairs
    goal_sensor_uuid: objectgoal
    count_obj_collisions: true
    settle_steps: 5
    constraint_violation_ends_episode: true
    constraint_violation_drops_object: false
    force_regenerate: false
    should_save_to_cache: false
    object_in_hand_sample_prob: 0.167
    min_start_distance: 3.0
    render_target: true
    physics_stability_steps: 1
    num_spawn_attempts: 200
    spawn_max_dist_to_obj: 2.0
    base_angle_noise: 0.523599
    ee_sample_factor: 0.2
    ee_exclude_region: 0.0
    base_noise: 0.05
    spawn_region_scale: 0.2
    joint_max_impulse: -1.0
    desired_resting_position:
    - 0.5
    - 0.0
    - 1.0
    use_marker_t: true
    cache_robot_init: false
    success_state: 0.0
    should_enforce_target_within_reach: false
    task_spec_base_path: habitat/task/rearrange/pddl/
    task_spec: ''
    pddl_domain_def: replica_cad
    obj_succ_thresh: 0.3
    enable_safe_drop: false
    art_succ_thresh: 0.15
    robot_at_thresh: 2.0
    filter_nav_to_tasks: []
    actions:
      stop:
        type: StopAction
        agent_index: 0
      move_forward:
        type: MoveForwardAction
        agent_index: 0
      turn_left:
        type: TurnLeftAction
        agent_index: 0
      turn_right:
        type: TurnRightAction
        agent_index: 0
      look_up:
        type: LookUpAction
        agent_index: 0
      look_down:
        type: LookDownAction
        agent_index: 0
  dataset:
    type: ObjectNav-v1
    split: val
    scenes_dir: data/scene_datasets
    content_scenes:
    - Darden
    data_path: data/datasets/objectnav/gibson/v1.1/val/val.json.gz
  gym:
    obs_keys: null
    action_keys: null
    achieved_goal_keys: []
    desired_goal_keys: []

2026-07-21 09:41:59,416 Initializing dataset ObjectNav-v1
Gym has been unmaintained since 2022 and does not support NumPy 2.0 amongst other critical functionality.
Please upgrade to Gymnasium, the maintained drop-in replacement of Gym, or contact the authors of your software and request that they upgrade.
See the migration guide at https://gymnasium.farama.org/introduction/migration_guide/ for additional information.
Neither `ifconfig` (`ifconfig -a`) nor `ip` (`ip address show`) commands are available, listing network interfaces is likely to fail
FutureWarning: `torch.cuda.amp.custom_fwd(args...)` is deprecated. Please use `torch.amp.custom_fwd(args..., device_type='cuda')` instead.
FutureWarning: `torch.cuda.amp.custom_bwd(args...)` is deprecated. Please use `torch.amp.custom_bwd(args..., device_type='cuda')` instead.
2026-07-21 09:42:05,963 Initializing dataset ObjectNav-v1
2026-07-21 09:42:06,008 initializing sim Sim-v0
[09:42:06:016323]:[Metadata] AttributesManagerBase.h(380)::createFromJsonOrDefaultInternal : <Dataset>: Proposing JSON name : default.scene_dataset_config.json from original name : default| This file does not exist.
[09:42:06:016444]:[Metadata] AssetAttributesManager.cpp(123)::createObject : Asset attributes (capsule3DSolid:capsule3DSolid_hemiRings_4_cylRings_1_segments_12_halfLen_0.75_useTexCoords_false_useTangents_false) created and registered.
[09:42:06:016484]:[Metadata] AssetAttributesManager.cpp(123)::createObject : Asset attributes (capsule3DWireframe:capsule3DWireframe_hemiRings_8_cylRings_1_segments_16_halfLen_1) created and registered.
[09:42:06:016501]:[Metadata] AssetAttributesManager.cpp(123)::createObject : Asset attributes (coneSolid:coneSolid_segments_12_halfLen_1.25_rings_1_useTexCoords_false_useTangents_false_capEnd_true) created and registered.
[09:42:06:016515]:[Metadata] AssetAttributesManager.cpp(123)::createObject : Asset attributes (coneWireframe:coneWireframe_segments_32_halfLen_1.25) created and registered.
[09:42:06:016527]:[Metadata] AssetAttributesManager.cpp(123)::createObject : Asset attributes (cubeSolid:cubeSolid) created and registered.
[09:42:06:016540]:[Metadata] AssetAttributesManager.cpp(123)::createObject : Asset attributes (cubeWireframe:cubeWireframe) created and registered.
[09:42:06:016555]:[Metadata] AssetAttributesManager.cpp(123)::createObject : Asset attributes (cylinderSolid:cylinderSolid_rings_1_segments_12_halfLen_1_useTexCoords_false_useTangents_false_capEnds_true) created and registered.
[09:42:06:016568]:[Metadata] AssetAttributesManager.cpp(123)::createObject : Asset attributes (cylinderWireframe:cylinderWireframe_rings_1_segments_32_halfLen_1) created and registered.
[09:42:06:016583]:[Metadata] AssetAttributesManager.cpp(123)::createObject : Asset attributes (icosphereSolid:icosphereSolid_subdivs_1) created and registered.
[09:42:06:016597]:[Metadata] AssetAttributesManager.cpp(123)::createObject : Asset attributes (icosphereWireframe:icosphereWireframe_subdivs_1) created and registered.
[09:42:06:016610]:[Metadata] AssetAttributesManager.cpp(123)::createObject : Asset attributes (uvSphereSolid:uvSphereSolid_rings_8_segments_16_useTexCoords_false_useTangents_false) created and registered.
[09:42:06:016623]:[Metadata] AssetAttributesManager.cpp(123)::createObject : Asset attributes (uvSphereWireframe:uvSphereWireframe_rings_16_segments_32) created and registered.
[09:42:06:016633]:[Metadata] AssetAttributesManager.cpp(112)::AssetAttributesManager : Built default primitive asset templates : 12
[09:42:06:016853]:[Metadata] SceneDatasetAttributesManager.cpp(37)::createObject : File (default) not found, so new default dataset attributes created  and registered.
[09:42:06:016861]:[Metadata] MetadataMediator.cpp(120)::createSceneDataset : Dataset default successfully created.
[09:42:06:016875]:[Metadata] AttributesManagerBase.h(380)::createFromJsonOrDefaultInternal : <Physics Manager>: Proposing JSON name : ./data/default.physics_config.json from original name : ./data/default.physics_config.json| This file does not exist.
[09:42:06:016887]:[Metadata] PhysicsAttributesManager.cpp(26)::createObject : File (./data/default.physics_config.json) not found, so new default physics manager attributes created and registered.
[09:42:06:016896]:[Metadata] MetadataMediator.cpp(210)::setActiveSceneDatasetName : Attempting to create new dataset data/scene_datasets/gibson_semantic/gibson.scene_dataset_config.json
[09:42:06:016910]:[Metadata] AttributesManagerBase.h(380)::createFromJsonOrDefaultInternal : <Dataset>: Proposing JSON name : data/scene_datasets/gibson_semantic/gibson.scene_dataset_config.json from original name : data/scene_datasets/gibson_semantic/gibson.scene_dataset_config.json| This file exists.
[09:42:06:016958]:[Metadata] AssetAttributesManager.cpp(123)::createObject : Asset attributes (capsule3DSolid:capsule3DSolid_hemiRings_4_cylRings_1_segments_12_halfLen_0.75_useTexCoords_false_useTangents_false) created and registered.
[09:42:06:016979]:[Metadata] AssetAttributesManager.cpp(123)::createObject : Asset attributes (capsule3DWireframe:capsule3DWireframe_hemiRings_8_cylRings_1_segments_16_halfLen_1) created and registered.
[09:42:06:016991]:[Metadata] AssetAttributesManager.cpp(123)::createObject : Asset attributes (coneSolid:coneSolid_segments_12_halfLen_1.25_rings_1_useTexCoords_false_useTangents_false_capEnd_true) created and registered.
[09:42:06:017001]:[Metadata] AssetAttributesManager.cpp(123)::createObject : Asset attributes (coneWireframe:coneWireframe_segments_32_halfLen_1.25) created and registered.
[09:42:06:017011]:[Metadata] AssetAttributesManager.cpp(123)::createObject : Asset attributes (cubeSolid:cubeSolid) created and registered.
[09:42:06:017019]:[Metadata] AssetAttributesManager.cpp(123)::createObject : Asset attributes (cubeWireframe:cubeWireframe) created and registered.
[09:42:06:017030]:[Metadata] AssetAttributesManager.cpp(123)::createObject : Asset attributes (cylinderSolid:cylinderSolid_rings_1_segments_12_halfLen_1_useTexCoords_false_useTangents_false_capEnds_true) created and registered.
[09:42:06:017040]:[Metadata] AssetAttributesManager.cpp(123)::createObject : Asset attributes (cylinderWireframe:cylinderWireframe_rings_1_segments_32_halfLen_1) created and registered.
[09:42:06:017050]:[Metadata] AssetAttributesManager.cpp(123)::createObject : Asset attributes (icosphereSolid:icosphereSolid_subdivs_1) created and registered.
[09:42:06:017059]:[Metadata] AssetAttributesManager.cpp(123)::createObject : Asset attributes (icosphereWireframe:icosphereWireframe_subdivs_1) created and registered.
[09:42:06:017068]:[Metadata] AssetAttributesManager.cpp(123)::createObject : Asset attributes (uvSphereSolid:uvSphereSolid_rings_8_segments_16_useTexCoords_false_useTangents_false) created and registered.
[09:42:06:017078]:[Metadata] AssetAttributesManager.cpp(123)::createObject : Asset attributes (uvSphereWireframe:uvSphereWireframe_rings_16_segments_32) created and registered.
[09:42:06:017086]:[Metadata] AssetAttributesManager.cpp(112)::AssetAttributesManager : Built default primitive asset templates : 12
[09:42:06:017202]:[Metadata] AttributesManagerBase.h(352)::buildAttrSrcPathsFromJSONAndLoad : Glob path result for data/scene_datasets/gibson_semantic/./ : data/scene_datasets/gibson_semantic/./
[09:42:06:017220]:[Metadata] AttributesManagerBase.h(303)::loadAllTemplatesFromPathAndExt : Parsing Stage Template library directory: data/scene_datasets/gibson_semantic/./ for '.glb' files
[09:42:06:017947]:[Metadata] AttributesManagerBase.h(265)::loadAllFileBasedTemplates : Loading 492  Stage Template templates found in data/scene_datasets/gibson_semantic/.
[09:42:06:017962]:[Metadata] AttributesManagerBase.h(380)::createFromJsonOrDefaultInternal : <Stage Template>: Proposing JSON name : data/scene_datasets/gibson_semantic/./Ackermanville.stage_config.json from original name : data/scene_datasets/gibson_semantic/./Ackermanville.glb| This file does not exist.
[09:42:06:018008]:[Metadata] AbstractObjectAttributesManagerBase.h(184)::createObject : File (data/scene_datasets/gibson_semantic/./Ackermanville.glb) exists but is not a recognized config filename extension, so new default Stage Template attributes created and registered.
[09:42:06:018019]:[Metadata] AttributesManagerBase.h(380)::createFromJsonOrDefaultInternal : <Stage Template>: Proposing JSON name : data/scene_datasets/gibson_semantic/./Adairsville.stage_config.json from original name : data/scene_datasets/gibson_semantic/./Adairsville.glb| This file does not exist.
[09:42:06:018058]:[Metadata] AbstractObjectAttributesManagerBase.h(184)::createObject : File (data/scene_datasets/gibson_semantic/./Adairsville.glb) exists but is not a recognized config filename extension, so new default Stage Template attributes created and registered.
[09:42:06:018070]:[Metadata] AttributesManagerBase.h(380)::createFromJsonOrDefaultInternal : <Stage Template>: Proposing JSON name : data/scene_datasets/gibson_semantic/./Adrian.stage_config.json from original name : data/scene_datasets/gibson_semantic/./Adrian.glb| This file does not exist.
[09:42:06:018109]:[Metadata] AbstractObjectAttributesManagerBase.h(184)::createObject : File (data/scene_datasets/gibson_semantic/./Adrian.glb) exists but is not a recognized config filename extension, so new default Stage Template attributes created and registered.
[09:42:06:018118]:[Metadata] AttributesManagerBase.h(380)::createFromJsonOrDefaultInternal : <Stage Template>: Proposing JSON name : data/scene_datasets/gibson_semantic/./Airport.stage_config.json from original name : data/scene_datasets/gibson_semantic/./Airport.glb| This file does not exist.
[09:42:06:018155]:[Metadata] AbstractObjectAttributesManagerBase.h(184)::createObject : File (data/scene_datasets/gibson_semantic/./Airport.glb) exists but is not a recognized config filename extension, so new default Stage Template attributes created and registered.
[09:42:06:018166]:[Metadata] AttributesManagerBase.h(380)::createFromJsonOrDefaultInternal : <Stage Template>: Proposing JSON name : data/scene_datasets/gibson_semantic/./Albertville.stage_config.json from original name : data/scene_datasets/gibson_semantic/./Albertville.glb| This file does not exist.
[09:42:06:018203]:[Metadata] AbstractObjectAttributesManagerBase.h(184)::createObject : File (data/scene_datasets/gibson_semantic/./Albertville.glb) exists but is not a recognized config filename extension, so new default Stage Template attributes created and registered.
[09:42:06:018213]:[Metadata] AttributesManagerBase.h(380)::createFromJsonOrDefaultInternal : <Stage Template>: Proposing JSON name : data/scene_datasets/gibson_semantic/./Aldrich.stage_config.json from original name : data/scene_datasets/gibson_semantic/./Aldrich.glb| This file does not exist.
[09:42:06:018251]:[Metadata] AbstractObjectAttributesManagerBase.h(184)::createObject : File (data/scene_datasets/gibson_semantic/./Aldrich.glb) exists but is not a recognized config filename extension, so new default Stage Template attributes created and registered.
[09:42:06:018261]:[Metadata] AttributesManagerBase.h(380)::createFromJsonOrDefaultInternal : <Stage Template>: Proposing JSON name : data/scene_datasets/gibson_semantic/./Alfred.stage_config.json from original name : data/scene_datasets/gibson_semantic/./Alfred.glb| This file does not exist.
[09:42:06:018298]:[Metadata] AbstractObjectAttributesManagerBase.h(184)::createObject : File (data/scene_datasets/gibson_semantic/./Alfred.glb) exists but is not a recognized config filename extension, so new default Stage Template attributes created and registered.
[09:42:06:018307]:[Metadata] AttributesManagerBase.h(380)::createFromJsonOrDefaultInternal : <Stage Template>: Proposing JSON name : data/scene_datasets/gibson_semantic/./Allensville.stage_config.json from original name : data/scene_datasets/gibson_semantic/./Allensville.glb| This file does not exist.
[09:42:06:018345]:[Metadata] AbstractObjectAttributesManagerBase.h(184)::createObject : File (data/scene_datasets/gibson_semantic/./Allensville.glb) exists but is not a recognized config filename extension, so new default Stage Template attributes created and registered.
[09:42:06:018355]:[Metadata] AttributesManagerBase.h(380)::createFromJsonOrDefaultInternal : <Stage Template>: Proposing JSON name : data/scene_datasets/gibson_semantic/./Almena.stage_config.json from original name : data/scene_datasets/gibson_semantic/./Almena.glb| This file does not exist.
[09:42:06:018391]:[Metadata] AbstractObjectAttributesManagerBase.h(184)::createObject : File (data/scene_datasets/gibson_semantic/./Almena.glb) exists but is not a recognized config filename extension, so new default Stage Template attributes created and registered.
[09:42:06:018401]:[Metadata] AttributesManagerBase.h(380)::createFromJsonOrDefaultInternal : <Stage Template>: Proposing JSON name : data/scene_datasets/gibson_semantic/./Almota.stage_config.json from original name : data/scene_datasets/gibson_semantic/./Almota.glb| This file does not exist.
[09:42:06:018440]:[Metadata] AbstractObjectAttributesManagerBase.h(184)::createObject : File (data/scene_datasets/gibson_semantic/./Almota.glb) exists but is not a recognized config filename extension, so new default Stage Template attributes created and registered.
[09:42:06:018449]:[Metadata] AttributesManagerBase.h(380)::createFromJsonOrDefaultInternal : <Stage Template>: Proposing JSON name : data/scene_datasets/gibson_semantic/./Aloha.stage_config.json from original name : data/scene_datasets/gibson_semantic/./Aloha.glb| This file does not exist.
[09:42:06:018487]:[Metadata] AbstractObjectAttributesManagerBase.h(184)::createObject : File (data/scene_datasets/gibson_semantic/./Aloha.glb) exists but is not a recognized config filename extension, so new default Stage Template attributes created and registered.
[09:42:06:018496]:[Metadata] AttributesManagerBase.h(380)::createFromJsonOrDefaultInternal : <Stage Template>: Proposing JSON name : data/scene_datasets/gibson_semantic/./Alstown.stage_config.json from original name : data/scene_datasets/gibson_semantic/./Alstown.glb| This file does not exist.
[09:42:06:018532]:[Metadata] AbstractObjectAttributesManagerBase.h(184)::createObject : File (data/scene_datasets/gibson_semantic/./Alstown.glb) exists but is not a recognized config filename extension, so new default Stage Template attributes created and registered.
[09:42:06:018542]:[Metadata] AttributesManagerBase.h(380)::createFromJsonOrDefaultInternal : <Stage Template>: Proposing JSON name : data/scene_datasets/gibson_semantic/./American.stage_config.json from original name : data/scene_datasets/gibson_semantic/./American.glb| This file does not exist.
[09:42:06:018581]:[Metadata] AbstractObjectAttributesManagerBase.h(184)::createObject : File (data/scene_datasets/gibson_semantic/./American.glb) exists but is not a recognized config filename extension, so new default Stage Template attributes created and registered.
[09:42:06:018591]:[Metadata] AttributesManagerBase.h(380)::createFromJsonOrDefaultInternal : <Stage Template>: Proposing JSON name : data/scene_datasets/gibson_semantic/./Anaheim.stage_config.json from original name : data/scene_datasets/gibson_semantic/./Anaheim.glb| This file does not exist.
[09:42:06:018643]:[Metadata] AbstractObjectAttributesManagerBase.h(184)::createObject : File (data/scene_datasets/gibson_semantic/./Anaheim.glb) exists but is not a recognized config filename extension, so new default Stage Template attributes created and registered.
[09:42:06:018654]:[Metadata] AttributesManagerBase.h(380)::createFromJsonOrDefaultInternal : <Stage Template>: Proposing JSON name : data/scene_datasets/gibson_semantic/./Ancor.stage_config.json from original name : data/scene_datasets/gibson_semantic/./Ancor.glb| This file does not exist.
[09:42:06:018691]:[Metadata] AbstractObjectAttributesManagerBase.h(184)::createObject : File (data/scene_datasets/gibson_semantic/./Ancor.glb) exists but is not a recognized config filename extension, so new default Stage Template attributes created and registered.
[09:42:06:018701]:[Metadata] AttributesManagerBase.h(380)::createFromJsonOrDefaultInternal : <Stage Template>: Proposing JSON name : data/scene_datasets/gibson_semantic/./Andover.stage_config.json from original name : data/scene_datasets/gibson_semantic/./Andover.glb| This file does not exist.
[09:42:06:018739]:[Metadata] AbstractObjectAttributesManagerBase.h(184)::createObject : File (data/scene_datasets/gibson_semantic/./Andover.glb) exists but is not a recognized config filename extension, so new default Stage Template attributes created and registered.
[09:42:06:018749]:[Metadata] AttributesManagerBase.h(380)::createFromJsonOrDefaultInternal : <Stage Template>: Proposing JSON name : data/scene_datasets/gibson_semantic/./Angiola.stage_config.json from original name : data/scene_datasets/gibson_semantic/./Angiola.glb| This file does not exist.
[09:42:06:018785]:[Metadata] AbstractObjectAttributesManagerBase.h(184)::createObject : File (data/scene_datasets/gibson_semantic/./Angiola.glb) exists but is not a recognized config filename extension, so new default Stage Template attributes created and registered.
[09:42:06:018795]:[Metadata] AttributesManagerBase.h(380)::createFromJsonOrDefaultInternal : <Stage Template>: Proposing JSON name : data/scene_datasets/gibson_semantic/./Annawan.stage_config.json from original name : data/scene_datasets/gibson_semantic/./Annawan.glb| This file does not exist.
[09:42:06:018832]:[Metadata] AbstractObjectAttributesManagerBase.h(184)::createObject : File (data/scene_datasets/gibson_semantic/./Annawan.glb) exists but is not a recognized config filename extension, so new default Stage Template attributes created and registered.
[09:42:06:018842]:[Metadata] AttributesManagerBase.h(380)::createFromJsonOrDefaultInternal : <Stage Template>: Proposing JSON name : data/scene_datasets/gibson_semantic/./Annona.stage_config.json from original name : data/scene_datasets/gibson_semantic/./Annona.glb| This file does not exist.
[09:42:06:018877]:[Metadata] AbstractObjectAttributesManagerBase.h(184)::createObject : File (data/scene_datasets/gibson_semantic/./Annona.glb) exists but is not a recognized config filename extension, so new default Stage Template attributes created and registered.
[09:42:06:018887]:[Metadata] AttributesManagerBase.h(380)::createFromJsonOrDefaultInternal : <Stage Template>: Proposing JSON name : data/scene_datasets/gibson_semantic/./Anthoston.stage_config.json from original name : data/scene_datasets/gibson_semantic/./Anthoston.glb| This file does not exist.
[09:42:06:018923]:[Metadata] AbstractObjectAttributesManagerBase.h(184)::createObject : File (data/scene_datasets/gibson_semantic/./Anthoston.glb) exists but is not a recognized config filename extension, so new default Stage Template attributes created and registered.
[09:42:06:018933]:[Metadata] AttributesManagerBase.h(380)::createFromJsonOrDefaultInternal : <Stage Template>: Proposing JSON name : data/scene_datasets/gibson_semantic/./Apache.stage_config.json from original name : data/scene_datasets/gibson_semantic/./Apache.glb| This file does not exist.
[09:42:06:018969]:[Metadata] AbstractObjectAttributesManagerBase.h(184)::createObject : File (data/scene_datasets/gibson_semantic/./Apache.glb) exists but is not a recognized config filename extension, so new default Stage Template attributes created and registered.
[09:42:06:018980]:[Metadata] AttributesManagerBase.h(380)::createFromJsonOrDefaultInternal : <Stage Template>: Proposing JSON name : data/scene_datasets/gibson_semantic/./Applewold.stage_config.json from original name : data/scene_datasets/gibson_semantic/./Applewold.glb| This file does not exist.
[09:42:06:019016]:[Metadata] AbstractObjectAttributesManagerBase.h(184)::createObject : File (data/scene_datasets/gibson_semantic/./Applewold.glb) exists but is not a recognized config filename extension, so new default Stage Template attributes created and registered.
[09:42:06:019026]:[Metadata] AttributesManagerBase.h(380)::createFromJsonOrDefaultInternal : <Stage Template>: Proposing JSON name : data/scene_datasets/gibson_semantic/./Arbutus.stage_config.json from original name : data/scene_datasets/gibson_semantic/./Arbutus.glb| This file does not exist.
[09:42:06:019062]:[Metadata] AbstractObjectAttributesManagerBase.h(184)::createObject : File (data/scene_datasets/gibson_semantic/./Arbutus.glb) exists but is not a recognized config filename extension, so new default Stage Template attributes created and registered.
[09:42:06:019072]:[Metadata] AttributesManagerBase.h(380)::createFromJsonOrDefaultInternal : <Stage Template>: Proposing JSON name : data/scene_datasets/gibson_semantic/./Archer.stage_config.json from original name : data/scene_datasets/gibson_semantic/./Archer.glb| This file does not exist.
[09:42:06:019109]:[Metadata] AbstractObjectAttributesManagerBase.h(184)::createObject : File (data/scene_datasets/gibson_semantic/./Archer.glb) exists but is not a recognized config filename extension, so new default Stage Template attributes created and registered.
[09:42:06:019119]:[Metadata] AttributesManagerBase.h(380)::createFromJsonOrDefaultInternal : <Stage Template>: Proposing JSON name : data/scene_datasets/gibson_semantic/./Arkansaw.stage_config.json from original name : data/scene_datasets/gibson_semantic/./Arkansaw.glb| This file does not exist.
[09:42:06:019155]:[Metadata] AbstractObjectAttributesManagerBase.h(184)::createObject : File (data/scene_datasets/gibson_semantic/./Arkansaw.glb) exists but is not a recognized config filename extension, so new default Stage Template attributes created and registered.
[09:42:06:019165]:[Metadata] AttributesManagerBase.h(380)::createFromJsonOrDefaultInternal : <Stage Template>: Proposing JSON name : data/scene_datasets/gibson_semantic/./Arona.stage_config.json from original name : data/scene_datasets/gibson_semantic/./Arona.glb| This file does not exist.
[09:42:06:019200]:[Metadata] AbstractObjectAttributesManagerBase.h(184)::createObject : File (data/scene_datasets/gibson_semantic/./Arona.glb) exists but is not a recognized config filename extension, so new default Stage Template attributes created and registered.
[09:42:06:019209]:[Metadata] AttributesManagerBase.h(380)::createFromJsonOrDefaultInternal : <Stage Template>: Proposing JSON name : data/scene_datasets/gibson_semantic/./Artois.stage_config.json from original name : data/scene_datasets/gibson_semantic/./Artois.glb| This file does not exist.
[09:42:06:019246]:[Metadata] AbstractObjectAttributesManagerBase.h(184)::createObject : File (data/scene_datasets/gibson_semantic/./Artois.glb) exists but is not a recognized config filename extension, so new default Stage Template attributes created and registered.
[09:42:06:019256]:[Metadata] AttributesManagerBase.h(380)::createFromJsonOrDefaultInternal : <Stage Template>: Proposing JSON name : data/scene_datasets/gibson_semantic/./Ashport.stage_config.json from original name : data/scene_datasets/gibson_semantic/./Ashport.glb| This file does not exist.
[09:42:06:019291]:[Metadata] AbstractObjectAttributesManagerBase.h(184)::createObject : File (data/scene_datasets/gibson_semantic/./Ashport.glb) exists but is not a recognized config filename extension, so new default Stage Template attributes created and registered.
[09:42:06:019301]:[Metadata] AttributesManagerBase.h(380)::createFromJsonOrDefaultInternal : <Stage Template>: Proposing JSON name : data/scene_datasets/gibson_semantic/./Assinippi.stage_config.json from original name : data/scene_datasets/gibson_semantic/./Assinippi.glb| This file does not exist.
[09:42:06:019337]:[Metadata] AbstractObjectAttributesManagerBase.h(184)::createObject : File (data/scene_datasets/gibson_semantic/./Assinippi.glb) exists but is not a recognized config filename extension, so new default Stage Template attributes created and registered.
[09:42:06:019347]:[Metadata] AttributesManagerBase.h(380)::createFromJsonOrDefaultInternal : <Stage Template>: Proposing JSON name : data/scene_datasets/gibson_semantic/./Athens.stage_config.json from original name : data/scene_datasets/gibson_semantic/./Athens.glb| This file does not exist.
[09:42:06:019383]:[Metadata] AbstractObjectAttributesManagerBase.h(184)::createObject : File (data/scene_datasets/gibson_semantic/./Athens.glb) exists but is not a recognized config filename extension, so new default Stage Template attributes created and registered.
[09:42:06:019393]:[Metadata] AttributesManagerBase.h(380)::createFromJsonOrDefaultInternal : <Stage Template>: Proposing JSON name : data/scene_datasets/gibson_semantic/./Auburn.stage_config.json from original name : data/scene_datasets/gibson_semantic/./Auburn.glb| This file does not exist.
[09:42:06:019428]:[Metadata] AbstractObjectAttributesManagerBase.h(184)::createObject : File (data/scene_datasets/gibson_semantic/./Auburn.glb) exists but is not a recognized config filename extension, so new default Stage Template attributes created and registered.
[09:42:06:019438]:[Metadata] AttributesManagerBase.h(380)::createFromJsonOrDefaultInternal : <Stage Template>: Proposing JSON name : data/scene_datasets/gibson_semantic/./Aulander.stage_config.json from original name : data/scene_datasets/gibson_semantic/./Aulander.glb| This file does not exist.
[09:42:06:019473]:[Metadata] AbstractObjectAttributesManagerBase.h(184)::createObject : File (data/scene_datasets/gibson_semantic/./Aulander.glb) exists but is not a recognized config filename extension, so new default Stage Template attributes created and registered.
[09:42:06:019483]:[Metadata] AttributesManagerBase.h(380)::createFromJsonOrDefaultInternal : <Stage Template>: Proposing JSON name : data/scene_datasets/gibson_semantic/./Avonia.stage_config.json from original name : data/scene_datasets/gibson_semantic/./Avonia.glb| This file does not exist.
[09:42:06:019518]:[Metadata] AbstractObjectAttributesManagerBase.h(184)::createObject : File (data/scene_datasets/gibson_semantic/./Avonia.glb) exists but is not a recognized config filename extension, so new default Stage Template attributes created and registered.
[09:42:06:019528]:[Metadata] AttributesManagerBase.h(380)::createFromJsonOrDefaultInternal : <Stage Template>: Proposing JSON name : data/scene_datasets/gibson_semantic/./Azusa.stage_config.json from original name : data/scene_datasets/gibson_semantic/./Azusa.glb| This file does not exist.
[09:42:06:019562]:[Metadata] AbstractObjectAttributesManagerBase.h(184)::createObject : File (data/scene_datasets/gibson_semantic/./Azusa.glb) exists but is not a recognized config filename extension, so new default Stage Template attributes created and registered.
[09:42:06:019572]:[Metadata] AttributesManagerBase.h(380)::createFromJsonOrDefaultInternal : <Stage Template>: Proposing JSON name : data/scene_datasets/gibson_semantic/./Ballantine.stage_config.json from original name : data/scene_datasets/gibson_semantic/./Ballantine.glb| This file does not exist.
[09:42:06:019608]:[Metadata] AbstractObjectAttributesManagerBase.h(184)::createObject : File (data/scene_datasets/gibson_semantic/./Ballantine.glb) exists but is not a recognized config filename extension, so new default Stage Template attributes created and registered.
[09:42:06:019618]:[Metadata] AttributesManagerBase.h(380)::createFromJsonOrDefaultInternal : <Stage Template>: Proposing JSON name : data/scene_datasets/gibson_semantic/./Ballou.stage_config.json from original name : data/scene_datasets/gibson_semantic/./Ballou.glb| This file does not exist.
[09:42:06:019654]:[Metadata] AbstractObjectAttributesManagerBase.h(184)::createObject : File (data/scene_datasets/gibson_semantic/./Ballou.glb) exists but is not a recognized config filename extension, so new default Stage Template attributes created and registered.
[09:42:06:019664]:[Metadata] AttributesManagerBase.h(380)::createFromJsonOrDefaultInternal : <Stage Template>: Proposing JSON name : data/scene_datasets/gibson_semantic/./Baneberry.stage_config.json from original name : data/scene_datasets/gibson_semantic/./Baneberry.glb| This file does not exist.
[09:42:06:019701]:[Metadata] AbstractObjectAttributesManagerBase.h(184)::createObject : File (data/scene_datasets/gibson_semantic/./Baneberry.glb) exists but is not a recognized config filename extension, so new default Stage Template attributes created and registered.
[09:42:06:019710]:[Metadata] AttributesManagerBase.h(380)::createFromJsonOrDefaultInternal : <Stage Template>: Proposing JSON name : data/scene_datasets/gibson_semantic/./Barboursville.stage_config.json from original name : data/scene_datasets/gibson_semantic/./Barboursville.glb| This file does not exist.
[09:42:06:019746]:[Metadata] AbstractObjectAttributesManagerBase.h(184)::createObject : File (data/scene_datasets/gibson_semantic/./Barboursville.glb) exists but is not a recognized config filename extension, so new default Stage Template attributes created and registered.
[09:42:06:019756]:[Metadata] AttributesManagerBase.h(380)::createFromJsonOrDefaultInternal : <Stage Template>: Proposing JSON name : data/scene_datasets/gibson_semantic/./Barranquitas.stage_config.json from original name : data/scene_datasets/gibson_semantic/./Barranquitas.glb| This file does not exist.
[09:42:06:019792]:[Metadata] AbstractObjectAttributesManagerBase.h(184)::createObject : File (data/scene_datasets/gibson_semantic/./Barranquitas.glb) exists but is not a recognized config filename extension, so new default Stage Template attributes created and registered.
[09:42:06:019801]:[Metadata] AttributesManagerBase.h(380)::createFromJsonOrDefaultInternal : <Stage Template>: Proposing JSON name : data/scene_datasets/gibson_semantic/./Bautista.stage_config.json from original name : data/scene_datasets/gibson_semantic/./Bautista.glb| This file does not exist.
[09:42:06:019836]:[Metadata] AbstractObjectAttributesManagerBase.h(184)::createObject : File (data/scene_datasets/gibson_semantic/./Bautista.glb) exists but is not a recognized config filename extension, so new default Stage Template attributes created and registered.
[09:42:06:019846]:[Metadata] AttributesManagerBase.h(380)::createFromJsonOrDefaultInternal : <Stage Template>: Proposing JSON name : data/scene_datasets/gibson_semantic/./Beach.stage_config.json from original name : data/scene_datasets/gibson_semantic/./Beach.glb| This file does not exist.
[09:42:06:019881]:[Metadata] AbstractObjectAttributesManagerBase.h(184)::createObject : File (data/scene_datasets/gibson_semantic/./Beach.glb) exists but is not a recognized config filename extension, so new default Stage Template attributes created and registered.
[09:42:06:019890]:[Metadata] AttributesManagerBase.h(380)::createFromJsonOrDefaultInternal : <Stage Template>: Proposing JSON name : data/scene_datasets/gibson_semantic/./Beechwood.stage_config.json from original name : data/scene_datasets/gibson_semantic/./Beechwood.glb| This file does not exist.
[09:42:06:019926]:[Metadata] AbstractObjectAttributesManagerBase.h(184)::createObject : File (data/scene_datasets/gibson_semantic/./Beechwood.glb) exists but is not a recognized config filename extension, so new default Stage Template attributes created and registered.
[09:42:06:019936]:[Metadata] AttributesManagerBase.h(380)::createFromJsonOrDefaultInternal : <Stage Template>: Proposing JSON name : data/scene_datasets/gibson_semantic/./Bellwood.stage_config.json from original name : data/scene_datasets/gibson_semantic/./Bellwood.glb| This file does not exist.
[09:42:06:019972]:[Metadata] AbstractObjectAttributesManagerBase.h(184)::createObject : File (data/scene_datasets/gibson_semantic/./Bellwood.glb) exists but is not a recognized config filename extension, so new default Stage Template attributes created and registered.
[09:42:06:019981]:[Metadata] AttributesManagerBase.h(380)::createFromJsonOrDefaultInternal : <Stage Template>: Proposing JSON name : data/scene_datasets/gibson_semantic/./Benevolence.stage_config.json from original name : data/scene_datasets/gibson_semantic/./Benevolence.glb| This file does not exist.
[09:42:06:020017]:[Metadata] AbstractObjectAttributesManagerBase.h(184)::createObject : File (data/scene_datasets/gibson_semantic/./Benevolence.glb) exists but is not a recognized config filename extension, so new default Stage Template attributes created and registered.
[09:42:06:020027]:[Metadata] AttributesManagerBase.h(380)::createFromJsonOrDefaultInternal : <Stage Template>: Proposing JSON name : data/scene_datasets/gibson_semantic/./Bethlehem.stage_config.json from original name : data/scene_datasets/gibson_semantic/./Bethlehem.glb| This file does not exist.
[09:42:06:020062]:[Metadata] AbstractObjectAttributesManagerBase.h(184)::createObject : File (data/scene_datasets/gibson_semantic/./Bethlehem.glb) exists but is not a recognized config filename extension, so new default Stage Template attributes created and registered.
[09:42:06:020072]:[Metadata] AttributesManagerBase.h(380)::createFromJsonOrDefaultInternal : <Stage Template>: Proposing JSON name : data/scene_datasets/gibson_semantic/./Bettendorf.stage_config.json from original name : data/scene_datasets/gibson_semantic/./Bettendorf.glb| This file does not exist.
[09:42:06:020108]:[Metadata] AbstractObjectAttributesManagerBase.h(184)::createObject : File (data/scene_datasets/gibson_semantic/./Bettendorf.glb) exists but is not a recognized config filename extension, so new default Stage Template attributes created and registered.
[09:42:06:020117]:[Metadata] AttributesManagerBase.h(380)::createFromJsonOrDefaultInternal : <Stage Template>: Proposing JSON name : data/scene_datasets/gibson_semantic/./Biltmore.stage_config.json from original name : data/scene_datasets/gibson_semantic/./Biltmore.glb| This file does not exist.
[09:42:06:020153]:[Metadata] AbstractObjectAttributesManagerBase.h(184)::createObject : File (data/scene_datasets/gibson_semantic/./Biltmore.glb) exists but is not a recognized config filename extension, so new default Stage Template attributes created and registered.
[09:42:06:020162]:[Metadata] AttributesManagerBase.h(380)::createFromJsonOrDefaultInternal : <Stage Template>: Proposing JSON name : data/scene_datasets/gibson_semantic/./Blackstone.stage_config.json from original name : data/scene_datasets/gibson_semantic/./Blackstone.glb| This file does not exist.
[09:42:06:020197]:[Metadata] AbstractObjectAttributesManagerBase.h(184)::createObject : File (data/scene_datasets/gibson_semantic/./Blackstone.glb) exists but is not a recognized config filename extension, so new default Stage Template attributes created and registered.
[09:42:06:020207]:[Metadata] AttributesManagerBase.h(380)::createFromJsonOrDefaultInternal : <Stage Template>: Proposing JSON name : data/scene_datasets/gibson_semantic/./Bohemia.stage_config.json from original name : data/scene_datasets/gibson_semantic/./Bohemia.glb| This file does not exist.
[09:42:06:020242]:[Metadata] AbstractObjectAttributesManagerBase.h(184)::createObject : File (data/scene_datasets/gibson_semantic/./Bohemia.glb) exists but is not a recognized config filename extension, so new default Stage Template attributes created and registered.
[09:42:06:020252]:[Metadata] AttributesManagerBase.h(380)::createFromJsonOrDefaultInternal : <Stage Template>: Proposing JSON name : data/scene_datasets/gibson_semantic/./Bolton.stage_config.json from original name : data/scene_datasets/gibson_semantic/./Bolton.glb| This file does not exist.
[09:42:06:020287]:[Metadata] AbstractObjectAttributesManagerBase.h(184)::createObject : File (data/scene_datasets/gibson_semantic/./Bolton.glb) exists but is not a recognized config filename extension, so new default Stage Template attributes created and registered.
[09:42:06:020297]:[Metadata] AttributesManagerBase.h(380)::createFromJsonOrDefaultInternal : <Stage Template>: Proposing JSON name : data/scene_datasets/gibson_semantic/./Bonesteel.stage_config.json from original name : data/scene_datasets/gibson_semantic/./Bonesteel.glb| This file does not exist.
[09:42:06:020333]:[Metadata] AbstractObjectAttributesManagerBase.h(184)::createObject : File (data/scene_datasets/gibson_semantic/./Bonesteel.glb) exists but is not a recognized config filename extension, so new default Stage Template attributes created and registered.
[09:42:06:020342]:[Metadata] AttributesManagerBase.h(380)::createFromJsonOrDefaultInternal : <Stage Template>: Proposing JSON name : data/scene_datasets/gibson_semantic/./Bonnie.stage_config.json from original name : data/scene_datasets/gibson_semantic/./Bonnie.glb| This file does not exist.
[09:42:06:020379]:[Metadata] AbstractObjectAttributesManagerBase.h(184)::createObject : File (data/scene_datasets/gibson_semantic/./Bonnie.glb) exists but is not a recognized config filename extension, so new default Stage Template attributes created and registered.
[09:42:06:020388]:[Metadata] AttributesManagerBase.h(380)::createFromJsonOrDefaultInternal : <Stage Template>: Proposing JSON name : data/scene_datasets/gibson_semantic/./Booth.stage_config.json from original name : data/scene_datasets/gibson_semantic/./Booth.glb| This file does not exist.
[09:42:06:020424]:[Metadata] AbstractObjectAttributesManagerBase.h(184)::createObject : File (data/scene_datasets/gibson_semantic/./Booth.glb) exists but is not a recognized config filename extension, so new default Stage Template attributes created and registered.
[09:42:06:020465]:[Metadata] AttributesManagerBase.h(380)::createFromJsonOrDefaultInternal : <Stage Template>: Proposing JSON name : data/scene_datasets/gibson_semantic/./Bountiful.stage_config.json from original name : data/scene_datasets/gibson_semantic/./Bountiful.glb| This file does not exist.
[09:42:06:020520]:[Metadata] AbstractObjectAttributesManagerBase.h(184)::createObject : File (data/scene_datasets/gibson_semantic/./Bountiful.glb) exists but is not a recognized config filename extension, so new default Stage Template attributes created and registered.
[09:42:06:020544]:[Metadata] AttributesManagerBase.h(380)::createFromJsonOrDefaultInternal : <Stage Template>: Proposing JSON name : data/scene_datasets/gibson_semantic/./Bowlus.stage_config.json from original name : data/scene_datasets/gibson_semantic/./Bowlus.glb| This file does not exist.
[09:42:06:020600]:[Metadata] AbstractObjectAttributesManagerBase.h(184)::createObject : File (data/scene_datasets/gibson_semantic/./Bowlus.glb) exists but is not a recognized config filename extension, so new default Stage Template attributes created and registered.
[09:42:06:020612]:[Metadata] AttributesManagerBase.h(380)::createFromJsonOrDefaultInternal : <Stage Template>: Proposing JSON name : data/scene_datasets/gibson_semantic/./Bowmore.stage_config.json from original name : data/scene_datasets/gibson_semantic/./Bowmore.glb| This file does not exist.
[09:42:06:020648]:[Metadata] AbstractObjectAttributesManagerBase.h(184)::createObject : File (data/scene_datasets/gibson_semantic/./Bowmore.glb) exists but is not a recognized config filename extension, so new default Stage Template attributes created and registered.
[09:42:06:020659]:[Metadata] AttributesManagerBase.h(380)::createFromJsonOrDefaultInternal : <Stage Template>: Proposing JSON name : data/scene_datasets/gibson_semantic/./Branford.stage_config.json from original name : data/scene_datasets/gibson_semantic/./Branford.glb| This file does not exist.
[09:42:06:020695]:[Metadata] AbstractObjectAttributesManagerBase.h(184)::createObject : File (data/scene_datasets/gibson_semantic/./Branford.glb) exists but is not a recognized config filename extension, so new default Stage Template attributes created and registered.
[09:42:06:020704]:[Metadata] AttributesManagerBase.h(380)::createFromJsonOrDefaultInternal : <Stage Template>: Proposing JSON name : data/scene_datasets/gibson_semantic/./Braxton.stage_config.json from original name : data/scene_datasets/gibson_semantic/./Braxton.glb| This file does not exist.
[09:42:06:020740]:[Metadata] AbstractObjectAttributesManagerBase.h(184)::createObject : File (data/scene_datasets/gibson_semantic/./Braxton.glb) exists but is not a recognized config filename extension, so new default Stage Template attributes created and registered.
[09:42:06:020750]:[Metadata] AttributesManagerBase.h(380)::createFromJsonOrDefaultInternal : <Stage Template>: Proposing JSON name : data/scene_datasets/gibson_semantic/./Bremerton.stage_config.json from original name : data/scene_datasets/gibson_semantic/./Bremerton.glb| This file does not exist.
[09:42:06:020788]:[Metadata] AbstractObjectAttributesManagerBase.h(184)::createObject : File (data/scene_datasets/gibson_semantic/./Bremerton.glb) exists but is not a recognized config filename extension, so new default Stage Template attributes created and registered.
[09:42:06:020797]:[Metadata] AttributesManagerBase.h(380)::createFromJsonOrDefaultInternal : <Stage Template>: Proposing JSON name : data/scene_datasets/gibson_semantic/./Brevort.stage_config.json from original name : data/scene_datasets/gibson_semantic/./Brevort.glb| This file does not exist.
[09:42:06:020833]:[Metadata] AbstractObjectAttributesManagerBase.h(184)::createObject : File (data/scene_datasets/gibson_semantic/./Brevort.glb) exists but is not a recognized config filename extension, so new default Stage Template attributes created and registered.
[09:42:06:020842]:[Metadata] AttributesManagerBase.h(380)::createFromJsonOrDefaultInternal : <Stage Template>: Proposing JSON name : data/scene_datasets/gibson_semantic/./Brewton.stage_config.json from original name : data/scene_datasets/gibson_semantic/./Brewton.glb| This file does not exist.
[09:42:06:020878]:[Metadata] AbstractObjectAttributesManagerBase.h(184)::createObject : File (data/scene_datasets/gibson_semantic/./Brewton.glb) exists but is not a recognized config filename extension, so new default Stage Template attributes created and registered.
[09:42:06:020888]:[Metadata] AttributesManagerBase.h(380)::createFromJsonOrDefaultInternal : <Stage Template>: Proposing JSON name : data/scene_datasets/gibson_semantic/./Broseley.stage_config.json from original name : data/scene_datasets/gibson_semantic/./Broseley.glb| This file does not exist.
[09:42:06:020923]:[Metadata] AbstractObjectAttributesManagerBase.h(184)::createObject : File (data/scene_datasets/gibson_semantic/./Broseley.glb) exists but is not a recognized config filename extension, so new default Stage Template attributes created and registered.
[09:42:06:020933]:[Metadata] AttributesManagerBase.h(380)::createFromJsonOrDefaultInternal : <Stage Template>: Proposing JSON name : data/scene_datasets/gibson_semantic/./Brown.stage_config.json from original name : data/scene_datasets/gibson_semantic/./Brown.glb| This file does not exist.
[09:42:06:020969]:[Metadata] AbstractObjectAttributesManagerBase.h(184)::createObject : File (data/scene_datasets/gibson_semantic/./Brown.glb) exists but is not a recognized config filename extension, so new default Stage Template attributes created and registered.
[09:42:06:020979]:[Metadata] AttributesManagerBase.h(380)::createFromJsonOrDefaultInternal : <Stage Template>: Proposing JSON name : data/scene_datasets/gibson_semantic/./Browntown.stage_config.json from original name : data/scene_datasets/gibson_semantic/./Browntown.glb| This file does not exist.
[09:42:06:021014]:[Metadata] AbstractObjectAttributesManagerBase.h(184)::createObject : File (data/scene_datasets/gibson_semantic/./Browntown.glb) exists but is not a recognized config filename extension, so new default Stage Template attributes created and registered.
[09:42:06:021024]:[Metadata] AttributesManagerBase.h(380)::createFromJsonOrDefaultInternal : <Stage Template>: Proposing JSON name : data/scene_datasets/gibson_semantic/./Burien.stage_config.json from original name : data/scene_datasets/gibson_semantic/./Burien.glb| This file does not exist.
[09:42:06:021060]:[Metadata] AbstractObjectAttributesManagerBase.h(184)::createObject : File (data/scene_datasets/gibson_semantic/./Burien.glb) exists but is not a recognized config filename extension, so new default Stage Template attributes created and registered.
[09:42:06:021070]:[Metadata] AttributesManagerBase.h(380)::createFromJsonOrDefaultInternal : <Stage Template>: Proposing JSON name : data/scene_datasets/gibson_semantic/./Bushong.stage_config.json from original name : data/scene_datasets/gibson_semantic/./Bushong.glb| This file does not exist.
[09:42:06:021106]:[Metadata] AbstractObjectAttributesManagerBase.h(184)::createObject : File (data/scene_datasets/gibson_semantic/./Bushong.glb) exists but is not a recognized config filename extension, so new default Stage Template attributes created and registered.
[09:42:06:021116]:[Metadata] AttributesManagerBase.h(380)::createFromJsonOrDefaultInternal : <Stage Template>: Proposing JSON name : data/scene_datasets/gibson_semantic/./Byers.stage_config.json from original name : data/scene_datasets/gibson_semantic/./Byers.glb| This file does not exist.
[09:42:06:021155]:[Metadata] AbstractObjectAttributesManagerBase.h(184)::createObject : File (data/scene_datasets/gibson_semantic/./Byers.glb) exists but is not a recognized config filename extension, so new default Stage Template attributes created and registered.
[09:42:06:021164]:[Metadata] AttributesManagerBase.h(380)::createFromJsonOrDefaultInternal : <Stage Template>: Proposing JSON name : data/scene_datasets/gibson_semantic/./Cabin.stage_config.json from original name : data/scene_datasets/gibson_semantic/./Cabin.glb| This file does not exist.
[09:42:06:021200]:[Metadata] AbstractObjectAttributesManagerBase.h(184)::createObject : File (data/scene_datasets/gibson_semantic/./Cabin.glb) exists but is not a recognized config filename extension, so new default Stage Template attributes created and registered.
[09:42:06:021210]:[Metadata] AttributesManagerBase.h(380)::createFromJsonOrDefaultInternal : <Stage Template>: Proposing JSON name : data/scene_datasets/gibson_semantic/./Callicoon.stage_config.json from original name : data/scene_datasets/gibson_semantic/./Callicoon.glb| This file does not exist.
[09:42:06:021246]:[Metadata] AbstractObjectAttributesManagerBase.h(184)::createObject : File (data/scene_datasets/gibson_semantic/./Callicoon.glb) exists but is not a recognized config filename extension, so new default Stage Template attributes created and registered.
[09:42:06:021256]:[Metadata] AttributesManagerBase.h(380)::createFromJsonOrDefaultInternal : <Stage Template>: Proposing JSON name : data/scene_datasets/gibson_semantic/./Calmar.stage_config.json from original name : data/scene_datasets/gibson_semantic/./Calmar.glb| This file does not exist.
[09:42:06:021291]:[Metadata] AbstractObjectAttributesManagerBase.h(184)::createObject : File (data/scene_datasets/gibson_semantic/./Calmar.glb) exists but is not a recognized config filename extension, so new default Stage Template attributes created and registered.
[09:42:06:021301]:[Metadata] AttributesManagerBase.h(380)::createFromJsonOrDefaultInternal : <Stage Template>: Proposing JSON name : data/scene_datasets/gibson_semantic/./Cantwell.stage_config.json from original name : data/scene_datasets/gibson_semantic/./Cantwell.glb| This file does not exist.
[09:42:06:021336]:[Metadata] AbstractObjectAttributesManagerBase.h(184)::createObject : File (data/scene_datasets/gibson_semantic/./Cantwell.glb) exists but is not a recognized config filename extension, so new default Stage Template attributes created and registered.
[09:42:06:021347]:[Metadata] AttributesManagerBase.h(380)::createFromJsonOrDefaultInternal : <Stage Template>: Proposing JSON name : data/scene_datasets/gibson_semantic/./Capistrano.stage_config.json from original name : data/scene_datasets/gibson_semantic/./Capistrano.glb| This file does not exist.
[09:42:06:021382]:[Metadata] AbstractObjectAttributesManagerBase.h(184)::createObject : File (data/scene_datasets/gibson_semantic/./Capistrano.glb) exists but is not a recognized config filename extension, so new default Stage Template attributes created and registered.
[09:42:06:021391]:[Metadata] AttributesManagerBase.h(380)::createFromJsonOrDefaultInternal : <Stage Template>: Proposing JSON name : data/scene_datasets/gibson_semantic/./Carneiro.stage_config.json from original name : data/scene_datasets/gibson_semantic/./Carneiro.glb| This file does not exist.
[09:42:06:021427]:[Metadata] AbstractObjectAttributesManagerBase.h(184)::createObject : File (data/scene_datasets/gibson_semantic/./Carneiro.glb) exists but is not a recognized config filename extension, so new default Stage Template attributes created and registered.
[09:42:06:021437]:[Metadata] AttributesManagerBase.h(380)::createFromJsonOrDefaultInternal : <Stage Template>: Proposing JSON name : data/scene_datasets/gibson_semantic/./Carpendale.stage_config.json from original name : data/scene_datasets/gibson_semantic/./Carpendale.glb| This file does not exist.
[09:42:06:021472]:[Metadata] AbstractObjectAttributesManagerBase.h(184)::createObject : File (data/scene_datasets/gibson_semantic/./Carpendale.glb) exists but is not a recognized config filename extension, so new default Stage Template attributes created and registered.
[09:42:06:021482]:[Metadata] AttributesManagerBase.h(380)::createFromJsonOrDefaultInternal : <Stage Template>: Proposing JSON name : data/scene_datasets/gibson_semantic/./Carpio.stage_config.json from original name : data/scene_datasets/gibson_semantic/./Carpio.glb| This file does not exist.
[09:42:06:021518]:[Metadata] AbstractObjectAttributesManagerBase.h(184)::createObject : File (data/scene_datasets/gibson_semantic/./Carpio.glb) exists but is not a recognized config filename extension, so new default Stage Template attributes created and registered.
[09:42:06:021528]:[Metadata] AttributesManagerBase.h(380)::createFromJsonOrDefaultInternal : <Stage Template>: Proposing JSON name : data/scene_datasets/gibson_semantic/./Cashel.stage_config.json from original name : data/scene_datasets/gibson_semantic/./Cashel.glb| This file does not exist.
[09:42:06:021563]:[Metadata] AbstractObjectAttributesManagerBase.h(184)::createObject : File (data/scene_datasets/gibson_semantic/./Cashel.glb) exists but is not a recognized config filename extension, so new default Stage Template attributes created and registered.
[09:42:06:021573]:[Metadata] AttributesManagerBase.h(380)::createFromJsonOrDefaultInternal : <Stage Template>: Proposing JSON name : data/scene_datasets/gibson_semantic/./Cason.stage_config.json from original name : data/scene_datasets/gibson_semantic/./Cason.glb| This file does not exist.
[09:42:06:021608]:[Metadata] AbstractObjectAttributesManagerBase.h(184)::createObject : File (data/scene_datasets/gibson_semantic/./Cason.glb) exists but is not a recognized config filename extension, so new default Stage Template attributes created and registered.
[09:42:06:021618]:[Metadata] AttributesManagerBase.h(380)::createFromJsonOrDefaultInternal : <Stage Template>: Proposing JSON name : data/scene_datasets/gibson_semantic/./Castor.stage_config.json from original name : data/scene_datasets/gibson_semantic/./Castor.glb| This file does not exist.
[09:42:06:021654]:[Metadata] AbstractObjectAttributesManagerBase.h(184)::createObject : File (data/scene_datasets/gibson_semantic/./Castor.glb) exists but is not a recognized config filename extension, so new default Stage Template attributes created and registered.
[09:42:06:021664]:[Metadata] AttributesManagerBase.h(380)::createFromJsonOrDefaultInternal : <Stage Template>: Proposing JSON name : data/scene_datasets/gibson_semantic/./Castroville.stage_config.json from original name : data/scene_datasets/gibson_semantic/./Castroville.glb| This file does not exist.
[09:42:06:021699]:[Metadata] AbstractObjectAttributesManagerBase.h(184)::createObject : File (data/scene_datasets/gibson_semantic/./Castroville.glb) exists but is not a recognized config filename extension, so new default Stage Template attributes created and registered.
[09:42:06:021708]:[Metadata] AttributesManagerBase.h(380)::createFromJsonOrDefaultInternal : <Stage Template>: Proposing JSON name : data/scene_datasets/gibson_semantic/./Cayuse.stage_config.json from original name : data/scene_datasets/gibson_semantic/./Cayuse.glb| This file does not exist.
[09:42:06:021743]:[Metadata] AbstractObjectAttributesManagerBase.h(184)::createObject : File (data/scene_datasets/gibson_semantic/./Cayuse.glb) exists but is not a recognized config filename extension, so new default Stage Template attributes created and registered.
[09:42:06:021753]:[Metadata] AttributesManagerBase.h(380)::createFromJsonOrDefaultInternal : <Stage Template>: Proposing JSON name : data/scene_datasets/gibson_semantic/./Cebolla.stage_config.json from original name : data/scene_datasets/gibson_semantic/./Cebolla.glb| This file does not exist.
[09:42:06:021788]:[Metadata] AbstractObjectAttributesManagerBase.h(184)::createObject : File (data/scene_datasets/gibson_semantic/./Cebolla.glb) exists but is not a recognized config filename extension, so new default Stage Template attributes created and registered.
[09:42:06:021799]:[Metadata] AttributesManagerBase.h(380)::createFromJsonOrDefaultInternal : <Stage Template>: Proposing JSON name : data/scene_datasets/gibson_semantic/./Channel.stage_config.json from original name : data/scene_datasets/gibson_semantic/./Channel.glb| This file does not exist.
[09:42:06:021834]:[Metadata] AbstractObjectAttributesManagerBase.h(184)::createObject : File (data/scene_datasets/gibson_semantic/./Channel.glb) exists but is not a recognized config filename extension, so new default Stage Template attributes created and registered.
[09:42:06:021844]:[Metadata] AttributesManagerBase.h(380)::createFromJsonOrDefaultInternal : <Stage Template>: Proposing JSON name : data/scene_datasets/gibson_semantic/./Checotah.stage_config.json from original name : data/scene_datasets/gibson_semantic/./Checotah.glb| This file does not exist.
[09:42:06:021882]:[Metadata] AbstractObjectAttributesManagerBase.h(184)::createObject : File (data/scene_datasets/gibson_semantic/./Checotah.glb) exists but is not a recognized config filename extension, so new default Stage Template attributes created and registered.
[09:42:06:021891]:[Metadata] AttributesManagerBase.h(380)::createFromJsonOrDefaultInternal : <Stage Template>: Proposing JSON name : data/scene_datasets/gibson_semantic/./Chesaning.stage_config.json from original name : data/scene_datasets/gibson_semantic/./Chesaning.glb| This file does not exist.
[09:42:06:021927]:[Metadata] AbstractObjectAttributesManagerBase.h(184)::createObject : File (data/scene_datasets/gibson_semantic/./Chesaning.glb) exists but is not a recognized config filename extension, so new default Stage Template attributes created and registered.
[09:42:06:021936]:[Metadata] AttributesManagerBase.h(380)::createFromJsonOrDefaultInternal : <Stage Template>: Proposing JSON name : data/scene_datasets/gibson_semantic/./Chesterbrook.stage_config.json from original name : data/scene_datasets/gibson_semantic/./Chesterbrook.glb| This file does not exist.
[09:42:06:021972]:[Metadata] AbstractObjectAttributesManagerBase.h(184)::createObject : File (data/scene_datasets/gibson_semantic/./Chesterbrook.glb) exists but is not a recognized config filename extension, so new default Stage Template attributes created and registered.
[09:42:06:021982]:[Metadata] AttributesManagerBase.h(380)::createFromJsonOrDefaultInternal : <Stage Template>: Proposing JSON name : data/scene_datasets/gibson_semantic/./Chilhowie.stage_config.json from original name : data/scene_datasets/gibson_semantic/./Chilhowie.glb| This file does not exist.
[09:42:06:022017]:[Metadata] AbstractObjectAttributesManagerBase.h(184)::createObject : File (data/scene_datasets/gibson_semantic/./Chilhowie.glb) exists but is not a recognized config filename extension, so new default Stage Template attributes created and registered.
[09:42:06:022027]:[Metadata] AttributesManagerBase.h(380)::createFromJsonOrDefaultInternal : <Stage Template>: Proposing JSON name : data/scene_datasets/gibson_semantic/./Chiloquin.stage_config.json from original name : data/scene_datasets/gibson_semantic/./Chiloquin.glb| This file does not exist.
[09:42:06:022062]:[Metadata] AbstractObjectAttributesManagerBase.h(184)::createObject : File (data/scene_datasets/gibson_semantic/./Chiloquin.glb) exists but is not a recognized config filename extension, so new default Stage Template attributes created and registered.
[09:42:06:022072]:[Metadata] AttributesManagerBase.h(380)::createFromJsonOrDefaultInternal : <Stage Template>: Proposing JSON name : data/scene_datasets/gibson_semantic/./Chireno.stage_config.json from original name : data/scene_datasets/gibson_semantic/./Chireno.glb| This file does not exist.
[09:42:06:022108]:[Metadata] AbstractObjectAttributesManagerBase.h(184)::createObject : File (data/scene_datasets/gibson_semantic/./Chireno.glb) exists but is not a recognized config filename extension, so new default Stage Template attributes created and registered.
[09:42:06:022118]:[Metadata] AttributesManagerBase.h(380)::createFromJsonOrDefaultInternal : <Stage Template>: Proposing JSON name : data/scene_datasets/gibson_semantic/./Chrisney.stage_config.json from original name : data/scene_datasets/gibson_semantic/./Chrisney.glb| This file does not exist.
[09:42:06:022153]:[Metadata] AbstractObjectAttributesManagerBase.h(184)::createObject : File (data/scene_datasets/gibson_semantic/./Chrisney.glb) exists but is not a recognized config filename extension, so new default Stage Template attributes created and registered.
[09:42:06:022163]:[Metadata] AttributesManagerBase.h(380)::createFromJsonOrDefaultInternal : <Stage Template>: Proposing JSON name : data/scene_datasets/gibson_semantic/./Churchton.stage_config.json from original name : data/scene_datasets/gibson_semantic/./Churchton.glb| This file does not exist.
[09:42:06:022198]:[Metadata] AbstractObjectAttributesManagerBase.h(184)::createObject : File (data/scene_datasets/gibson_semantic/./Churchton.glb) exists but is not a recognized config filename extension, so new default Stage Template attributes created and registered.
[09:42:06:022208]:[Metadata] AttributesManagerBase.h(380)::createFromJsonOrDefaultInternal : <Stage Template>: Proposing JSON name : data/scene_datasets/gibson_semantic/./Circleville.stage_config.json from original name : data/scene_datasets/gibson_semantic/./Circleville.glb| This file does not exist.
[09:42:06:022242]:[Metadata] AbstractObjectAttributesManagerBase.h(184)::createObject : File (data/scene_datasets/gibson_semantic/./Circleville.glb) exists but is not a recognized config filename extension, so new default Stage Template attributes created and registered.
[09:42:06:022252]:[Metadata] AttributesManagerBase.h(380)::createFromJsonOrDefaultInternal : <Stage Template>: Proposing JSON name : data/scene_datasets/gibson_semantic/./Cisne.stage_config.json from original name : data/scene_datasets/gibson_semantic/./Cisne.glb| This file does not exist.
[09:42:06:022287]:[Metadata] AbstractObjectAttributesManagerBase.h(184)::createObject : File (data/scene_datasets/gibson_semantic/./Cisne.glb) exists but is not a recognized config filename extension, so new default Stage Template attributes created and registered.
[09:42:06:022297]:[Metadata] AttributesManagerBase.h(380)::createFromJsonOrDefaultInternal : <Stage Template>: Proposing JSON name : data/scene_datasets/gibson_semantic/./Clairton.stage_config.json from original name : data/scene_datasets/gibson_semantic/./Clairton.glb| This file does not exist.
[09:42:06:022333]:[Metadata] AbstractObjectAttributesManagerBase.h(184)::createObject : File (data/scene_datasets/gibson_semantic/./Clairton.glb) exists but is not a recognized config filename extension, so new default Stage Template attributes created and registered.
[09:42:06:022343]:[Metadata] AttributesManagerBase.h(380)::createFromJsonOrDefaultInternal : <Stage Template>: Proposing JSON name : data/scene_datasets/gibson_semantic/./Clarkridge.stage_config.json from original name : data/scene_datasets/gibson_semantic/./Clarkridge.glb| This file does not exist.
[09:42:06:022378]:[Metadata] AbstractObjectAttributesManagerBase.h(184)::createObject : File (data/scene_datasets/gibson_semantic/./Clarkridge.glb) exists but is not a recognized config filename extension, so new default Stage Template attributes created and registered.
[09:42:06:022388]:[Metadata] AttributesManagerBase.h(380)::createFromJsonOrDefaultInternal : <Stage Template>: Proposing JSON name : data/scene_datasets/gibson_semantic/./Clive.stage_config.json from original name : data/scene_datasets/gibson_semantic/./Clive.glb| This file does not exist.
[09:42:06:022423]:[Metadata] AbstractObjectAttributesManagerBase.h(184)::createObject : File (data/scene_datasets/gibson_semantic/./Clive.glb) exists but is not a recognized config filename extension, so new default Stage Template attributes created and registered.
[09:42:06:022434]:[Metadata] AttributesManagerBase.h(380)::createFromJsonOrDefaultInternal : <Stage Template>: Proposing JSON name : data/scene_datasets/gibson_semantic/./Cobalt.stage_config.json from original name : data/scene_datasets/gibson_semantic/./Cobalt.glb| This file does not exist.
[09:42:06:022470]:[Metadata] AbstractObjectAttributesManagerBase.h(184)::createObject : File (data/scene_datasets/gibson_semantic/./Cobalt.glb) exists but is not a recognized config filename extension, so new default Stage Template attributes created and registered.
[09:42:06:022479]:[Metadata] AttributesManagerBase.h(380)::createFromJsonOrDefaultInternal : <Stage Template>: Proposing JSON name : data/scene_datasets/gibson_semantic/./Codell.stage_config.json from original name : data/scene_datasets/gibson_semantic/./Codell.glb| This file does not exist.
[09:42:06:022515]:[Metadata] AbstractObjectAttributesManagerBase.h(184)::createObject : File (data/scene_datasets/gibson_semantic/./Codell.glb) exists but is not a recognized config filename extension, so new default Stage Template attributes created and registered.
[09:42:06:022525]:[Metadata] AttributesManagerBase.h(380)::createFromJsonOrDefaultInternal : <Stage Template>: Proposing JSON name : data/scene_datasets/gibson_semantic/./Coffeen.stage_config.json from original name : data/scene_datasets/gibson_semantic/./Coffeen.glb| This file does not exist.
[09:42:06:022560]:[Metadata] AbstractObjectAttributesManagerBase.h(184)::createObject : File (data/scene_datasets/gibson_semantic/./Coffeen.glb) exists but is not a recognized config filename extension, so new default Stage Template attributes created and registered.
[09:42:06:022569]:[Metadata] AttributesManagerBase.h(380)::createFromJsonOrDefaultInternal : <Stage Template>: Proposing JSON name : data/scene_datasets/gibson_semantic/./Cohoes.stage_config.json from original name : data/scene_datasets/gibson_semantic/./Cohoes.glb| This file does not exist.
[09:42:06:022604]:[Metadata] AbstractObjectAttributesManagerBase.h(184)::createObject : File (data/scene_datasets/gibson_semantic/./Cohoes.glb) exists but is not a recognized config filename extension, so new default Stage Template attributes created and registered.
[09:42:06:022614]:[Metadata] AttributesManagerBase.h(380)::createFromJsonOrDefaultInternal : <Stage Template>: Proposing JSON name : data/scene_datasets/gibson_semantic/./Cokeville.stage_config.json from original name : data/scene_datasets/gibson_semantic/./Cokeville.glb| This file does not exist.
[09:42:06:022660]:[Metadata] AbstractObjectAttributesManagerBase.h(184)::createObject : File (data/scene_datasets/gibson_semantic/./Cokeville.glb) exists but is not a recognized config filename extension, so new default Stage Template attributes created and registered.
[09:42:06:022669]:[Metadata] AttributesManagerBase.h(380)::createFromJsonOrDefaultInternal : <Stage Template>: Proposing JSON name : data/scene_datasets/gibson_semantic/./Colebrook.stage_config.json from original name : data/scene_datasets/gibson_semantic/./Colebrook.glb| This file does not exist.
[09:42:06:022705]:[Metadata] AbstractObjectAttributesManagerBase.h(184)::createObject : File (data/scene_datasets/gibson_semantic/./Colebrook.glb) exists but is not a recognized config filename extension, so new default Stage Template attributes created and registered.
[09:42:06:022715]:[Metadata] AttributesManagerBase.h(380)::createFromJsonOrDefaultInternal : <Stage Template>: Proposing JSON name : data/scene_datasets/gibson_semantic/./Collierville.stage_config.json from original name : data/scene_datasets/gibson_semantic/./Collierville.glb| This file does not exist.
[09:42:06:022749]:[Metadata] AbstractObjectAttributesManagerBase.h(184)::createObject : File (data/scene_datasets/gibson_semantic/./Collierville.glb) exists but is not a recognized config filename extension, so new default Stage Template attributes created and registered.
[09:42:06:022759]:[Metadata] AttributesManagerBase.h(380)::createFromJsonOrDefaultInternal : <Stage Template>: Proposing JSON name : data/scene_datasets/gibson_semantic/./Connoquenessing.stage_config.json from original name : data/scene_datasets/gibson_semantic/./Connoquenessing.glb| This file does not exist.
[09:42:06:022795]:[Metadata] AbstractObjectAttributesManagerBase.h(184)::createObject : File (data/scene_datasets/gibson_semantic/./Connoquenessing.glb) exists but is not a recognized config filename extension, so new default Stage Template attributes created and registered.
[09:42:06:022804]:[Metadata] AttributesManagerBase.h(380)::createFromJsonOrDefaultInternal : <Stage Template>: Proposing JSON name : data/scene_datasets/gibson_semantic/./Convoy.stage_config.json from original name : data/scene_datasets/gibson_semantic/./Convoy.glb| This file does not exist.
[09:42:06:022840]:[Metadata] AbstractObjectAttributesManagerBase.h(184)::createObject : File (data/scene_datasets/gibson_semantic/./Convoy.glb) exists but is not a recognized config filename extension, so new default Stage Template attributes created and registered.
[09:42:06:022851]:[Metadata] AttributesManagerBase.h(380)::createFromJsonOrDefaultInternal : <Stage Template>: Proposing JSON name : data/scene_datasets/gibson_semantic/./Cooperstown.stage_config.json from original name : data/scene_datasets/gibson_semantic/./Cooperstown.glb| This file does not exist.
[09:42:06:022886]:[Metadata] AbstractObjectAttributesManagerBase.h(184)::createObject : File (data/scene_datasets/gibson_semantic/./Cooperstown.glb) exists but is not a recognized config filename extension, so new default Stage Template attributes created and registered.
[09:42:06:022895]:[Metadata] AttributesManagerBase.h(380)::createFromJsonOrDefaultInternal : <Stage Template>: Proposing JSON name : data/scene_datasets/gibson_semantic/./Copemish.stage_config.json from original name : data/scene_datasets/gibson_semantic/./Copemish.glb| This file does not exist.
[09:42:06:022931]:[Metadata] AbstractObjectAttributesManagerBase.h(184)::createObject : File (data/scene_datasets/gibson_semantic/./Copemish.glb) exists but is not a recognized config filename extension, so new default Stage Template attributes created and registered.
[09:42:06:022941]:[Metadata] AttributesManagerBase.h(380)::createFromJsonOrDefaultInternal : <Stage Template>: Proposing JSON name : data/scene_datasets/gibson_semantic/./Corder.stage_config.json from original name : data/scene_datasets/gibson_semantic/./Corder.glb| This file does not exist.
[09:42:06:022975]:[Metadata] AbstractObjectAttributesManagerBase.h(184)::createObject : File (data/scene_datasets/gibson_semantic/./Corder.glb) exists but is not a recognized config filename extension, so new default Stage Template attributes created and registered.
[09:42:06:022985]:[Metadata] AttributesManagerBase.h(380)::createFromJsonOrDefaultInternal : <Stage Template>: Proposing JSON name : data/scene_datasets/gibson_semantic/./Cornville.stage_config.json from original name : data/scene_datasets/gibson_semantic/./Cornville.glb| This file does not exist.
[09:42:06:023021]:[Metadata] AbstractObjectAttributesManagerBase.h(184)::createObject : File (data/scene_datasets/gibson_semantic/./Cornville.glb) exists but is not a recognized config filename extension, so new default Stage Template attributes created and registered.
[09:42:06:023031]:[Metadata] AttributesManagerBase.h(380)::createFromJsonOrDefaultInternal : <Stage Template>: Proposing JSON name : data/scene_datasets/gibson_semantic/./Coronado.stage_config.json from original name : data/scene_datasets/gibson_semantic/./Coronado.glb| This file does not exist.
[09:42:06:023067]:[Metadata] AbstractObjectAttributesManagerBase.h(184)::createObject : File (data/scene_datasets/gibson_semantic/./Coronado.glb) exists but is not a recognized config filename extension, so new default Stage Template attributes created and registered.
[09:42:06:023076]:[Metadata] AttributesManagerBase.h(380)::createFromJsonOrDefaultInternal : <Stage Template>: Proposing JSON name : data/scene_datasets/gibson_semantic/./Corozal.stage_config.json from original name : data/scene_datasets/gibson_semantic/./Corozal.glb| This file does not exist.
[09:42:06:023110]:[Metadata] AbstractObjectAttributesManagerBase.h(184)::createObject : File (data/scene_datasets/gibson_semantic/./Corozal.glb) exists but is not a recognized config filename extension, so new default Stage Template attributes created and registered.
[09:42:06:023120]:[Metadata] AttributesManagerBase.h(380)::createFromJsonOrDefaultInternal : <Stage Template>: Proposing JSON name : data/scene_datasets/gibson_semantic/./Cosmos.stage_config.json from original name : data/scene_datasets/gibson_semantic/./Cosmos.glb| This file does not exist.
[09:42:06:023155]:[Metadata] AbstractObjectAttributesManagerBase.h(184)::createObject : File (data/scene_datasets/gibson_semantic/./Cosmos.glb) exists but is not a recognized config filename extension, so new default Stage Template attributes created and registered.
[09:42:06:023165]:[Metadata] AttributesManagerBase.h(380)::createFromJsonOrDefaultInternal : <Stage Template>: Proposing JSON name : data/scene_datasets/gibson_semantic/./Cottonport.stage_config.json from original name : data/scene_datasets/gibson_semantic/./Cottonport.glb| This file does not exist.
[09:42:06:023201]:[Metadata] AbstractObjectAttributesManagerBase.h(184)::createObject : File (data/scene_datasets/gibson_semantic/./Cottonport.glb) exists but is not a recognized config filename extension, so new default Stage Template attributes created and registered.
[09:42:06:023210]:[Metadata] AttributesManagerBase.h(380)::createFromJsonOrDefaultInternal : <Stage Template>: Proposing JSON name : data/scene_datasets/gibson_semantic/./Country.stage_config.json from original name : data/scene_datasets/gibson_semantic/./Country.glb| This file does not exist.
[09:42:06:023247]:[Metadata] AbstractObjectAttributesManagerBase.h(184)::createObject : File (data/scene_datasets/gibson_semantic/./Country.glb) exists but is not a recognized config filename extension, so new default Stage Template attributes created and registered.
[09:42:06:023256]:[Metadata] AttributesManagerBase.h(380)::createFromJsonOrDefaultInternal : <Stage Template>: Proposing JSON name : data/scene_datasets/gibson_semantic/./Crandon.stage_config.json from original name : data/scene_datasets/gibson_semantic/./Crandon.glb| This file does not exist.
[09:42:06:023291]:[Metadata] AbstractObjectAttributesManagerBase.h(184)::createObject : File (data/scene_datasets/gibson_semantic/./Crandon.glb) exists but is not a recognized config filename extension, so new default Stage Template attributes created and registered.
[09:42:06:023300]:[Metadata] AttributesManagerBase.h(380)::createFromJsonOrDefaultInternal : <Stage Template>: Proposing JSON name : data/scene_datasets/gibson_semantic/./Creede.stage_config.json from original name : data/scene_datasets/gibson_semantic/./Creede.glb| This file does not exist.
[09:42:06:023336]:[Metadata] AbstractObjectAttributesManagerBase.h(184)::createObject : File (data/scene_datasets/gibson_semantic/./Creede.glb) exists but is not a recognized config filename extension, so new default Stage Template attributes created and registered.
[09:42:06:023345]:[Metadata] AttributesManagerBase.h(380)::createFromJsonOrDefaultInternal : <Stage Template>: Proposing JSON name : data/scene_datasets/gibson_semantic/./Crookston.stage_config.json from original name : data/scene_datasets/gibson_semantic/./Crookston.glb| This file does not exist.
[09:42:06:023380]:[Metadata] AbstractObjectAttributesManagerBase.h(184)::createObject : File (data/scene_datasets/gibson_semantic/./Crookston.glb) exists but is not a recognized config filename extension, so new default Stage Template attributes created and registered.
[09:42:06:023390]:[Metadata] AttributesManagerBase.h(380)::createFromJsonOrDefaultInternal : <Stage Template>: Proposing JSON name : data/scene_datasets/gibson_semantic/./Crugers.stage_config.json from original name : data/scene_datasets/gibson_semantic/./Crugers.glb| This file does not exist.
[09:42:06:023425]:[Metadata] AbstractObjectAttributesManagerBase.h(184)::createObject : File (data/scene_datasets/gibson_semantic/./Crugers.glb) exists but is not a recognized config filename extension, so new default Stage Template attributes created and registered.
[09:42:06:023435]:[Metadata] AttributesManagerBase.h(380)::createFromJsonOrDefaultInternal : <Stage Template>: Proposing JSON name : data/scene_datasets/gibson_semantic/./Culbertson.stage_config.json from original name : data/scene_datasets/gibson_semantic/./Culbertson.glb| This file does not exist.
[09:42:06:023470]:[Metadata] AbstractObjectAttributesManagerBase.h(184)::createObject : File (data/scene_datasets/gibson_semantic/./Culbertson.glb) exists but is not a recognized config filename extension, so new default Stage Template attributes created and registered.
[09:42:06:023480]:[Metadata] AttributesManagerBase.h(380)::createFromJsonOrDefaultInternal : <Stage Template>: Proposing JSON name : data/scene_datasets/gibson_semantic/./Cullison.stage_config.json from original name : data/scene_datasets/gibson_semantic/./Cullison.glb| This file does not exist.
[09:42:06:023516]:[Metadata] AbstractObjectAttributesManagerBase.h(184)::createObject : File (data/scene_datasets/gibson_semantic/./Cullison.glb) exists but is not a recognized config filename extension, so new default Stage Template attributes created and registered.
[09:42:06:023545]:[Metadata] AttributesManagerBase.h(380)::createFromJsonOrDefaultInternal : <Stage Template>: Proposing JSON name : data/scene_datasets/gibson_semantic/./Cutlerville.stage_config.json from original name : data/scene_datasets/gibson_semantic/./Cutlerville.glb| This file does not exist.
[09:42:06:023582]:[Metadata] AbstractObjectAttributesManagerBase.h(184)::createObject : File (data/scene_datasets/gibson_semantic/./Cutlerville.glb) exists but is not a recognized config filename extension, so new default Stage Template attributes created and registered.
[09:42:06:023591]:[Metadata] AttributesManagerBase.h(380)::createFromJsonOrDefaultInternal : <Stage Template>: Proposing JSON name : data/scene_datasets/gibson_semantic/./Dansville.stage_config.json from original name : data/scene_datasets/gibson_semantic/./Dansville.glb| This file does not exist.
[09:42:06:023628]:[Metadata] AbstractObjectAttributesManagerBase.h(184)::createObject : File (data/scene_datasets/gibson_semantic/./Dansville.glb) exists but is not a recognized config filename extension, so new default Stage Template attributes created and registered.
[09:42:06:023638]:[Metadata] AttributesManagerBase.h(380)::createFromJsonOrDefaultInternal : <Stage Template>: Proposing JSON name : data/scene_datasets/gibson_semantic/./Darden.stage_config.json from original name : data/scene_datasets/gibson_semantic/./Darden.glb| This file does not exist.
[09:42:06:023673]:[Metadata] AbstractObjectAttributesManagerBase.h(184)::createObject : File (data/scene_datasets/gibson_semantic/./Darden.glb) exists but is not a recognized config filename extension, so new default Stage Template attributes created and registered.
[09:42:06:023683]:[Metadata] AttributesManagerBase.h(380)::createFromJsonOrDefaultInternal : <Stage Template>: Proposing JSON name : data/scene_datasets/gibson_semantic/./Darnestown.stage_config.json from original name : data/scene_datasets/gibson_semantic/./Darnestown.glb| This file does not exist.
[09:42:06:023719]:[Metadata] AbstractObjectAttributesManagerBase.h(184)::createObject : File (data/scene_datasets/gibson_semantic/./Darnestown.glb) exists but is not a recognized config filename extension, so new default Stage Template attributes created and registered.
[09:42:06:023728]:[Metadata] AttributesManagerBase.h(380)::createFromJsonOrDefaultInternal : <Stage Template>: Proposing JSON name : data/scene_datasets/gibson_semantic/./Deatsville.stage_config.json from original name : data/scene_datasets/gibson_semantic/./Deatsville.glb| This file does not exist.
[09:42:06:023763]:[Metadata] AbstractObjectAttributesManagerBase.h(184)::createObject : File (data/scene_datasets/gibson_semantic/./Deatsville.glb) exists but is not a recognized config filename extension, so new default Stage Template attributes created and registered.
[09:42:06:023773]:[Metadata] AttributesManagerBase.h(380)::createFromJsonOrDefaultInternal : <Stage Template>: Proposing JSON name : data/scene_datasets/gibson_semantic/./Dedham.stage_config.json from original name : data/scene_datasets/gibson_semantic/./Dedham.glb| This file does not exist.
[09:42:06:023808]:[Metadata] AbstractObjectAttributesManagerBase.h(184)::createObject : File (data/scene_datasets/gibson_semantic/./Dedham.glb) exists but is not a recognized config filename extension, so new default Stage Template attributes created and registered.
[09:42:06:023818]:[Metadata] AttributesManagerBase.h(380)::createFromJsonOrDefaultInternal : <Stage Template>: Proposing JSON name : data/scene_datasets/gibson_semantic/./Deemston.stage_config.json from original name : data/scene_datasets/gibson_semantic/./Deemston.glb| This file does not exist.
[09:42:06:023854]:[Metadata] AbstractObjectAttributesManagerBase.h(184)::createObject : File (data/scene_datasets/gibson_semantic/./Deemston.glb) exists but is not a recognized config filename extension, so new default Stage Template attributes created and registered.
[09:42:06:023863]:[Metadata] AttributesManagerBase.h(380)::createFromJsonOrDefaultInternal : <Stage Template>: Proposing JSON name : data/scene_datasets/gibson_semantic/./Delton.stage_config.json from original name : data/scene_datasets/gibson_semantic/./Delton.glb| This file does not exist.
[09:42:06:023903]:[Metadata] AbstractObjectAttributesManagerBase.h(184)::createObject : File (data/scene_datasets/gibson_semantic/./Delton.glb) exists but is not a recognized config filename extension, so new default Stage Template attributes created and registered.
[09:42:06:023912]:[Metadata] AttributesManagerBase.h(380)::createFromJsonOrDefaultInternal : <Stage Template>: Proposing JSON name : data/scene_datasets/gibson_semantic/./Denmark.stage_config.json from original name : data/scene_datasets/gibson_semantic/./Denmark.glb| This file does not exist.
[09:42:06:023948]:[Metadata] AbstractObjectAttributesManagerBase.h(184)::createObject : File (data/scene_datasets/gibson_semantic/./Denmark.glb) exists but is not a recognized config filename extension, so new default Stage Template attributes created and registered.
[09:42:06:023958]:[Metadata] AttributesManagerBase.h(380)::createFromJsonOrDefaultInternal : <Stage Template>: Proposing JSON name : data/scene_datasets/gibson_semantic/./Divide.stage_config.json from original name : data/scene_datasets/gibson_semantic/./Divide.glb| This file does not exist.
[09:42:06:023993]:[Metadata] AbstractObjectAttributesManagerBase.h(184)::createObject : File (data/scene_datasets/gibson_semantic/./Divide.glb) exists but is not a recognized config filename extension, so new default Stage Template attributes created and registered.
[09:42:06:024003]:[Metadata] AttributesManagerBase.h(380)::createFromJsonOrDefaultInternal : <Stage Template>: Proposing JSON name : data/scene_datasets/gibson_semantic/./Dryville.stage_config.json from original name : data/scene_datasets/gibson_semantic/./Dryville.glb| This file does not exist.
[09:42:06:024038]:[Metadata] AbstractObjectAttributesManagerBase.h(184)::createObject : File (data/scene_datasets/gibson_semantic/./Dryville.glb) exists but is not a recognized config filename extension, so new default Stage Template attributes created and registered.
[09:42:06:024047]:[Metadata] AttributesManagerBase.h(380)::createFromJsonOrDefaultInternal : <Stage Template>: Proposing JSON name : data/scene_datasets/gibson_semantic/./Duarte.stage_config.json from original name : data/scene_datasets/gibson_semantic/./Duarte.glb| This file does not exist.
[09:42:06:024083]:[Metadata] AbstractObjectAttributesManagerBase.h(184)::createObject : File (data/scene_datasets/gibson_semantic/./Duarte.glb) exists but is not a recognized config filename extension, so new default Stage Template attributes created and registered.
[09:42:06:024092]:[Metadata] AttributesManagerBase.h(380)::createFromJsonOrDefaultInternal : <Stage Template>: Proposing JSON name : data/scene_datasets/gibson_semantic/./Duluth.stage_config.json from original name : data/scene_datasets/gibson_semantic/./Duluth.glb| This file does not exist.
[09:42:06:024127]:[Metadata] AbstractObjectAttributesManagerBase.h(184)::createObject : File (data/scene_datasets/gibson_semantic/./Duluth.glb) exists but is not a recognized config filename extension, so new default Stage Template attributes created and registered.
[09:42:06:024136]:[Metadata] AttributesManagerBase.h(380)::createFromJsonOrDefaultInternal : <Stage Template>: Proposing JSON name : data/scene_datasets/gibson_semantic/./Dunmor.stage_config.json from original name : data/scene_datasets/gibson_semantic/./Dunmor.glb| This file does not exist.
[09:42:06:024172]:[Metadata] AbstractObjectAttributesManagerBase.h(184)::createObject : File (data/scene_datasets/gibson_semantic/./Dunmor.glb) exists but is not a recognized config filename extension, so new default Stage Template attributes created and registered.
[09:42:06:024182]:[Metadata] AttributesManagerBase.h(380)::createFromJsonOrDefaultInternal : <Stage Template>: Proposing JSON name : data/scene_datasets/gibson_semantic/./Eagan.stage_config.json from original name : data/scene_datasets/gibson_semantic/./Eagan.glb| This file does not exist.
[09:42:06:024217]:[Metadata] AbstractObjectAttributesManagerBase.h(184)::createObject : File (data/scene_datasets/gibson_semantic/./Eagan.glb) exists but is not a recognized config filename extension, so new default Stage Template attributes created and registered.
[09:42:06:024227]:[Metadata] AttributesManagerBase.h(380)::createFromJsonOrDefaultInternal : <Stage Template>: Proposing JSON name : data/scene_datasets/gibson_semantic/./Eagerville.stage_config.json from original name : data/scene_datasets/gibson_semantic/./Eagerville.glb| This file does not exist.
[09:42:06:024262]:[Metadata] AbstractObjectAttributesManagerBase.h(184)::createObject : File (data/scene_datasets/gibson_semantic/./Eagerville.glb) exists but is not a recognized config filename extension, so new default Stage Template attributes created and registered.
[09:42:06:024272]:[Metadata] AttributesManagerBase.h(380)::createFromJsonOrDefaultInternal : <Stage Template>: Proposing JSON name : data/scene_datasets/gibson_semantic/./Eastville.stage_config.json from original name : data/scene_datasets/gibson_semantic/./Eastville.glb| This file does not exist.
[09:42:06:024307]:[Metadata] AbstractObjectAttributesManagerBase.h(184)::createObject : File (data/scene_datasets/gibson_semantic/./Eastville.glb) exists but is not a recognized config filename extension, so new default Stage Template attributes created and registered.
[09:42:06:024317]:[Metadata] AttributesManagerBase.h(380)::createFromJsonOrDefaultInternal : <Stage Template>: Proposing JSON name : data/scene_datasets/gibson_semantic/./Edgemere.stage_config.json from original name : data/scene_datasets/gibson_semantic/./Edgemere.glb| This file does not exist.
[09:42:06:024353]:[Metadata] AbstractObjectAttributesManagerBase.h(184)::createObject : File (data/scene_datasets/gibson_semantic/./Edgemere.glb) exists but is not a recognized config filename extension, so new default Stage Template attributes created and registered.
[09:42:06:024362]:[Metadata] AttributesManagerBase.h(380)::createFromJsonOrDefaultInternal : <Stage Template>: Proposing JSON name : data/scene_datasets/gibson_semantic/./Ellaville.stage_config.json from original name : data/scene_datasets/gibson_semantic/./Ellaville.glb| This file does not exist.
[09:42:06:024398]:[Metadata] AbstractObjectAttributesManagerBase.h(184)::createObject : File (data/scene_datasets/gibson_semantic/./Ellaville.glb) exists but is not a recognized config filename extension, so new default Stage Template attributes created and registered.
[09:42:06:024407]:[Metadata] AttributesManagerBase.h(380)::createFromJsonOrDefaultInternal : <Stage Template>: Proposing JSON name : data/scene_datasets/gibson_semantic/./Elmira.stage_config.json from original name : data/scene_datasets/gibson_semantic/./Elmira.glb| This file does not exist.
[09:42:06:024443]:[Metadata] AbstractObjectAttributesManagerBase.h(184)::createObject : File (data/scene_datasets/gibson_semantic/./Elmira.glb) exists but is not a recognized config filename extension, so new default Stage Template attributes created and registered.
[09:42:06:024454]:[Metadata] AttributesManagerBase.h(380)::createFromJsonOrDefaultInternal : <Stage Template>: Proposing JSON name : data/scene_datasets/gibson_semantic/./Elton.stage_config.json from original name : data/scene_datasets/gibson_semantic/./Elton.glb| This file does not exist.
[09:42:06:024489]:[Metadata] AbstractObjectAttributesManagerBase.h(184)::createObject : File (data/scene_datasets/gibson_semantic/./Elton.glb) exists but is not a recognized config filename extension, so new default Stage Template attributes created and registered.
[09:42:06:024499]:[Metadata] AttributesManagerBase.h(380)::createFromJsonOrDefaultInternal : <Stage Template>: Proposing JSON name : data/scene_datasets/gibson_semantic/./Emmaus.stage_config.json from original name : data/scene_datasets/gibson_semantic/./Emmaus.glb| This file does not exist.
[09:42:06:024533]:[Metadata] AbstractObjectAttributesManagerBase.h(184)::createObject : File (data/scene_datasets/gibson_semantic/./Emmaus.glb) exists but is not a recognized config filename extension, so new default Stage Template attributes created and registered.
[09:42:06:024543]:[Metadata] AttributesManagerBase.h(380)::createFromJsonOrDefaultInternal : <Stage Template>: Proposing JSON name : data/scene_datasets/gibson_semantic/./Eudora.stage_config.json from original name : data/scene_datasets/gibson_semantic/./Eudora.glb| This file does not exist.
[09:42:06:024579]:[Metadata] AbstractObjectAttributesManagerBase.h(184)::createObject : File (data/scene_datasets/gibson_semantic/./Eudora.glb) exists but is not a recognized config filename extension, so new default Stage Template attributes created and registered.
[09:42:06:024589]:[Metadata] AttributesManagerBase.h(380)::createFromJsonOrDefaultInternal : <Stage Template>: Proposing JSON name : data/scene_datasets/gibson_semantic/./Euharlee.stage_config.json from original name : data/scene_datasets/gibson_semantic/./Euharlee.glb| This file does not exist.
[09:42:06:024624]:[Metadata] AbstractObjectAttributesManagerBase.h(184)::createObject : File (data/scene_datasets/gibson_semantic/./Euharlee.glb) exists but is not a recognized config filename extension, so new default Stage Template attributes created and registered.
[09:42:06:024634]:[Metadata] AttributesManagerBase.h(380)::createFromJsonOrDefaultInternal : <Stage Template>: Proposing JSON name : data/scene_datasets/gibson_semantic/./Everton.stage_config.json from original name : data/scene_datasets/gibson_semantic/./Everton.glb| This file does not exist.
[09:42:06:024669]:[Metadata] AbstractObjectAttributesManagerBase.h(184)::createObject : File (data/scene_datasets/gibson_semantic/./Everton.glb) exists but is not a recognized config filename extension, so new default Stage Template attributes created and registered.
[09:42:06:024679]:[Metadata] AttributesManagerBase.h(380)::createFromJsonOrDefaultInternal : <Stage Template>: Proposing JSON name : data/scene_datasets/gibson_semantic/./Ewell.stage_config.json from original name : data/scene_datasets/gibson_semantic/./Ewell.glb| This file does not exist.
[09:42:06:024714]:[Metadata] AbstractObjectAttributesManagerBase.h(184)::createObject : File (data/scene_datasets/gibson_semantic/./Ewell.glb) exists but is not a recognized config filename extension, so new default Stage Template attributes created and registered.
[09:42:06:024724]:[Metadata] AttributesManagerBase.h(380)::createFromJsonOrDefaultInternal : <Stage Template>: Proposing JSON name : data/scene_datasets/gibson_semantic/./Fedora.stage_config.json from original name : data/scene_datasets/gibson_semantic/./Fedora.glb| This file does not exist.
[09:42:06:024760]:[Metadata] AbstractObjectAttributesManagerBase.h(184)::createObject : File (data/scene_datasets/gibson_semantic/./Fedora.glb) exists but is not a recognized config filename extension, so new default Stage Template attributes created and registered.
[09:42:06:024769]:[Metadata] AttributesManagerBase.h(380)::createFromJsonOrDefaultInternal : <Stage Template>: Proposing JSON name : data/scene_datasets/gibson_semantic/./Fishersville.stage_config.json from original name : data/scene_datasets/gibson_semantic/./Fishersville.glb| This file does not exist.
[09:42:06:024805]:[Metadata] AbstractObjectAttributesManagerBase.h(184)::createObject : File (data/scene_datasets/gibson_semantic/./Fishersville.glb) exists but is not a recognized config filename extension, so new default Stage Template attributes created and registered.
[09:42:06:024815]:[Metadata] AttributesManagerBase.h(380)::createFromJsonOrDefaultInternal : <Stage Template>: Proposing JSON name : data/scene_datasets/gibson_semantic/./Fitchburg.stage_config.json from original name : data/scene_datasets/gibson_semantic/./Fitchburg.glb| This file does not exist.
[09:42:06:024849]:[Metadata] AbstractObjectAttributesManagerBase.h(184)::createObject : File (data/scene_datasets/gibson_semantic/./Fitchburg.glb) exists but is not a recognized config filename extension, so new default Stage Template attributes created and registered.
[09:42:06:024859]:[Metadata] AttributesManagerBase.h(380)::createFromJsonOrDefaultInternal : <Stage Template>: Proposing JSON name : data/scene_datasets/gibson_semantic/./Fleming.stage_config.json from original name : data/scene_datasets/gibson_semantic/./Fleming.glb| This file does not exist.
[09:42:06:024894]:[Metadata] AbstractObjectAttributesManagerBase.h(184)::createObject : File (data/scene_datasets/gibson_semantic/./Fleming.glb) exists but is not a recognized config filename extension, so new default Stage Template attributes created and registered.
[09:42:06:024904]:[Metadata] AttributesManagerBase.h(380)::createFromJsonOrDefaultInternal : <Stage Template>: Proposing JSON name : data/scene_datasets/gibson_semantic/./Fonda.stage_config.json from original name : data/scene_datasets/gibson_semantic/./Fonda.glb| This file does not exist.
[09:42:06:024939]:[Metadata] AbstractObjectAttributesManagerBase.h(184)::createObject : File (data/scene_datasets/gibson_semantic/./Fonda.glb) exists but is not a recognized config filename extension, so new default Stage Template attributes created and registered.
[09:42:06:024949]:[Metadata] AttributesManagerBase.h(380)::createFromJsonOrDefaultInternal : <Stage Template>: Proposing JSON name : data/scene_datasets/gibson_semantic/./Forkland.stage_config.json from original name : data/scene_datasets/gibson_semantic/./Forkland.glb| This file does not exist.
[09:42:06:024985]:[Metadata] AbstractObjectAttributesManagerBase.h(184)::createObject : File (data/scene_datasets/gibson_semantic/./Forkland.glb) exists but is not a recognized config filename extension, so new default Stage Template attributes created and registered.
[09:42:06:024995]:[Metadata] AttributesManagerBase.h(380)::createFromJsonOrDefaultInternal : <Stage Template>: Proposing JSON name : data/scene_datasets/gibson_semantic/./Foyil.stage_config.json from original name : data/scene_datasets/gibson_semantic/./Foyil.glb| This file does not exist.
[09:42:06:025031]:[Metadata] AbstractObjectAttributesManagerBase.h(184)::createObject : File (data/scene_datasets/gibson_semantic/./Foyil.glb) exists but is not a recognized config filename extension, so new default Stage Template attributes created and registered.
[09:42:06:025041]:[Metadata] AttributesManagerBase.h(380)::createFromJsonOrDefaultInternal : <Stage Template>: Proposing JSON name : data/scene_datasets/gibson_semantic/./Frankfort.stage_config.json from original name : data/scene_datasets/gibson_semantic/./Frankfort.glb| This file does not exist.
[09:42:06:025076]:[Metadata] AbstractObjectAttributesManagerBase.h(184)::createObject : File (data/scene_datasets/gibson_semantic/./Frankfort.glb) exists but is not a recognized config filename extension, so new default Stage Template attributes created and registered.
[09:42:06:025086]:[Metadata] AttributesManagerBase.h(380)::createFromJsonOrDefaultInternal : <Stage Template>: Proposing JSON name : data/scene_datasets/gibson_semantic/./Frankton.stage_config.json from original name : data/scene_datasets/gibson_semantic/./Frankton.glb| This file does not exist.
[09:42:06:025121]:[Metadata] AbstractObjectAttributesManagerBase.h(184)::createObject : File (data/scene_datasets/gibson_semantic/./Frankton.glb) exists but is not a recognized config filename extension, so new default Stage Template attributes created and registered.
[09:42:06:025131]:[Metadata] AttributesManagerBase.h(380)::createFromJsonOrDefaultInternal : <Stage Template>: Proposing JSON name : data/scene_datasets/gibson_semantic/./Fredericksburg.stage_config.json from original name : data/scene_datasets/gibson_semantic/./Fredericksburg.glb| This file does not exist.
[09:42:06:025166]:[Metadata] AbstractObjectAttributesManagerBase.h(184)::createObject : File (data/scene_datasets/gibson_semantic/./Fredericksburg.glb) exists but is not a recognized config filename extension, so new default Stage Template attributes created and registered.
[09:42:06:025176]:[Metadata] AttributesManagerBase.h(380)::createFromJsonOrDefaultInternal : <Stage Template>: Proposing JSON name : data/scene_datasets/gibson_semantic/./Freedom.stage_config.json from original name : data/scene_datasets/gibson_semantic/./Freedom.glb| This file does not exist.
[09:42:06:025212]:[Metadata] AbstractObjectAttributesManagerBase.h(184)::createObject : File (data/scene_datasets/gibson_semantic/./Freedom.glb) exists but is not a recognized config filename extension, so new default Stage Template attributes created and registered.
[09:42:06:025222]:[Metadata] AttributesManagerBase.h(380)::createFromJsonOrDefaultInternal : <Stage Template>: Proposing JSON name : data/scene_datasets/gibson_semantic/./Frierson.stage_config.json from original name : data/scene_datasets/gibson_semantic/./Frierson.glb| This file does not exist.
[09:42:06:025256]:[Metadata] AbstractObjectAttributesManagerBase.h(184)::createObject : File (data/scene_datasets/gibson_semantic/./Frierson.glb) exists but is not a recognized config filename extension, so new default Stage Template attributes created and registered.
[09:42:06:025266]:[Metadata] AttributesManagerBase.h(380)::createFromJsonOrDefaultInternal : <Stage Template>: Proposing JSON name : data/scene_datasets/gibson_semantic/./Frontenac.stage_config.json from original name : data/scene_datasets/gibson_semantic/./Frontenac.glb| This file does not exist.
[09:42:06:025301]:[Metadata] AbstractObjectAttributesManagerBase.h(184)::createObject : File (data/scene_datasets/gibson_semantic/./Frontenac.glb) exists but is not a recognized config filename extension, so new default Stage Template attributes created and registered.
[09:42:06:025310]:[Metadata] AttributesManagerBase.h(380)::createFromJsonOrDefaultInternal : <Stage Template>: Proposing JSON name : data/scene_datasets/gibson_semantic/./Funkstown.stage_config.json from original name : data/scene_datasets/gibson_semantic/./Funkstown.glb| This file does not exist.
[09:42:06:025345]:[Metadata] AbstractObjectAttributesManagerBase.h(184)::createObject : File (data/scene_datasets/gibson_semantic/./Funkstown.glb) exists but is not a recognized config filename extension, so new default Stage Template attributes created and registered.
[09:42:06:025355]:[Metadata] AttributesManagerBase.h(380)::createFromJsonOrDefaultInternal : <Stage Template>: Proposing JSON name : data/scene_datasets/gibson_semantic/./Galatia.stage_config.json from original name : data/scene_datasets/gibson_semantic/./Galatia.glb| This file does not exist.
[09:42:06:025389]:[Metadata] AbstractObjectAttributesManagerBase.h(184)::createObject : File (data/scene_datasets/gibson_semantic/./Galatia.glb) exists but is not a recognized config filename extension, so new default Stage Template attributes created and registered.
[09:42:06:025399]:[Metadata] AttributesManagerBase.h(380)::createFromJsonOrDefaultInternal : <Stage Template>: Proposing JSON name : data/scene_datasets/gibson_semantic/./Gasburg.stage_config.json from original name : data/scene_datasets/gibson_semantic/./Gasburg.glb| This file does not exist.
[09:42:06:025435]:[Metadata] AbstractObjectAttributesManagerBase.h(184)::createObject : File (data/scene_datasets/gibson_semantic/./Gasburg.glb) exists but is not a recognized config filename extension, so new default Stage Template attributes created and registered.
[09:42:06:025445]:[Metadata] AttributesManagerBase.h(380)::createFromJsonOrDefaultInternal : <Stage Template>: Proposing JSON name : data/scene_datasets/gibson_semantic/./Gaylord.stage_config.json from original name : data/scene_datasets/gibson_semantic/./Gaylord.glb| This file does not exist.
[09:42:06:025480]:[Metadata] AbstractObjectAttributesManagerBase.h(184)::createObject : File (data/scene_datasets/gibson_semantic/./Gaylord.glb) exists but is not a recognized config filename extension, so new default Stage Template attributes created and registered.
[09:42:06:025490]:[Metadata] AttributesManagerBase.h(380)::createFromJsonOrDefaultInternal : <Stage Template>: Proposing JSON name : data/scene_datasets/gibson_semantic/./Germfask.stage_config.json from original name : data/scene_datasets/gibson_semantic/./Germfask.glb| This file does not exist.
[09:42:06:025525]:[Metadata] AbstractObjectAttributesManagerBase.h(184)::createObject : File (data/scene_datasets/gibson_semantic/./Germfask.glb) exists but is not a recognized config filename extension, so new default Stage Template attributes created and registered.
[09:42:06:025535]:[Metadata] AttributesManagerBase.h(380)::createFromJsonOrDefaultInternal : <Stage Template>: Proposing JSON name : data/scene_datasets/gibson_semantic/./Gilbert.stage_config.json from original name : data/scene_datasets/gibson_semantic/./Gilbert.glb| This file does not exist.
[09:42:06:025570]:[Metadata] AbstractObjectAttributesManagerBase.h(184)::createObject : File (data/scene_datasets/gibson_semantic/./Gilbert.glb) exists but is not a recognized config filename extension, so new default Stage Template attributes created and registered.
[09:42:06:025580]:[Metadata] AttributesManagerBase.h(380)::createFromJsonOrDefaultInternal : <Stage Template>: Proposing JSON name : data/scene_datasets/gibson_semantic/./Gladstone.stage_config.json from original name : data/scene_datasets/gibson_semantic/./Gladstone.glb| This file does not exist.
[09:42:06:025615]:[Metadata] AbstractObjectAttributesManagerBase.h(184)::createObject : File (data/scene_datasets/gibson_semantic/./Gladstone.glb) exists but is not a recognized config filename extension, so new default Stage Template attributes created and registered.
[09:42:06:025625]:[Metadata] AttributesManagerBase.h(380)::createFromJsonOrDefaultInternal : <Stage Template>: Proposing JSON name : data/scene_datasets/gibson_semantic/./Glassboro.stage_config.json from original name : data/scene_datasets/gibson_semantic/./Glassboro.glb| This file does not exist.
[09:42:06:025661]:[Metadata] AbstractObjectAttributesManagerBase.h(184)::createObject : File (data/scene_datasets/gibson_semantic/./Glassboro.glb) exists but is not a recognized config filename extension, so new default Stage Template attributes created and registered.
[09:42:06:025671]:[Metadata] AttributesManagerBase.h(380)::createFromJsonOrDefaultInternal : <Stage Template>: Proposing JSON name : data/scene_datasets/gibson_semantic/./Glenmoor.stage_config.json from original name : data/scene_datasets/gibson_semantic/./Glenmoor.glb| This file does not exist.
[09:42:06:025706]:[Metadata] AbstractObjectAttributesManagerBase.h(184)::createObject : File (data/scene_datasets/gibson_semantic/./Glenmoor.glb) exists but is not a recognized config filename extension, so new default Stage Template attributes created and registered.
[09:42:06:025716]:[Metadata] AttributesManagerBase.h(380)::createFromJsonOrDefaultInternal : <Stage Template>: Proposing JSON name : data/scene_datasets/gibson_semantic/./Globe.stage_config.json from original name : data/scene_datasets/gibson_semantic/./Globe.glb| This file does not exist.
[09:42:06:025750]:[Metadata] AbstractObjectAttributesManagerBase.h(184)::createObject : File (data/scene_datasets/gibson_semantic/./Globe.glb) exists but is not a recognized config filename extension, so new default Stage Template attributes created and registered.
[09:42:06:025760]:[Metadata] AttributesManagerBase.h(380)::createFromJsonOrDefaultInternal : <Stage Template>: Proposing JSON name : data/scene_datasets/gibson_semantic/./Gloria.stage_config.json from original name : data/scene_datasets/gibson_semantic/./Gloria.glb| This file does not exist.
[09:42:06:025795]:[Metadata] AbstractObjectAttributesManagerBase.h(184)::createObject : File (data/scene_datasets/gibson_semantic/./Gloria.glb) exists but is not a recognized config filename extension, so new default Stage Template attributes created and registered.
[09:42:06:025804]:[Metadata] AttributesManagerBase.h(380)::createFromJsonOrDefaultInternal : <Stage Template>: Proposing JSON name : data/scene_datasets/gibson_semantic/./Goffs.stage_config.json from original name : data/scene_datasets/gibson_semantic/./Goffs.glb| This file does not exist.
[09:42:06:025840]:[Metadata] AbstractObjectAttributesManagerBase.h(184)::createObject : File (data/scene_datasets/gibson_semantic/./Goffs.glb) exists but is not a recognized config filename extension, so new default Stage Template attributes created and registered.
[09:42:06:025850]:[Metadata] AttributesManagerBase.h(380)::createFromJsonOrDefaultInternal : <Stage Template>: Proposing JSON name : data/scene_datasets/gibson_semantic/./Goodfield.stage_config.json from original name : data/scene_datasets/gibson_semantic/./Goodfield.glb| This file does not exist.
[09:42:06:025885]:[Metadata] AbstractObjectAttributesManagerBase.h(184)::createObject : File (data/scene_datasets/gibson_semantic/./Goodfield.glb) exists but is not a recognized config filename extension, so new default Stage Template attributes created and registered.
[09:42:06:025894]:[Metadata] AttributesManagerBase.h(380)::createFromJsonOrDefaultInternal : <Stage Template>: Proposing JSON name : data/scene_datasets/gibson_semantic/./Goodwine.stage_config.json from original name : data/scene_datasets/gibson_semantic/./Goodwine.glb| This file does not exist.
[09:42:06:025929]:[Metadata] AbstractObjectAttributesManagerBase.h(184)::createObject : File (data/scene_datasets/gibson_semantic/./Goodwine.glb) exists but is not a recognized config filename extension, so new default Stage Template attributes created and registered.
[09:42:06:025939]:[Metadata] AttributesManagerBase.h(380)::createFromJsonOrDefaultInternal : <Stage Template>: Proposing JSON name : data/scene_datasets/gibson_semantic/./Goodyear.stage_config.json from original name : data/scene_datasets/gibson_semantic/./Goodyear.glb| This file does not exist.
[09:42:06:025974]:[Metadata] AbstractObjectAttributesManagerBase.h(184)::createObject : File (data/scene_datasets/gibson_semantic/./Goodyear.glb) exists but is not a recognized config filename extension, so new default Stage Template attributes created and registered.
[09:42:06:025984]:[Metadata] AttributesManagerBase.h(380)::createFromJsonOrDefaultInternal : <Stage Template>: Proposing JSON name : data/scene_datasets/gibson_semantic/./Gough.stage_config.json from original name : data/scene_datasets/gibson_semantic/./Gough.glb| This file does not exist.
[09:42:06:026019]:[Metadata] AbstractObjectAttributesManagerBase.h(184)::createObject : File (data/scene_datasets/gibson_semantic/./Gough.glb) exists but is not a recognized config filename extension, so new default Stage Template attributes created and registered.
[09:42:06:026029]:[Metadata] AttributesManagerBase.h(380)::createFromJsonOrDefaultInternal : <Stage Template>: Proposing JSON name : data/scene_datasets/gibson_semantic/./Grace.stage_config.json from original name : data/scene_datasets/gibson_semantic/./Grace.glb| This file does not exist.
[09:42:06:026066]:[Metadata] AbstractObjectAttributesManagerBase.h(184)::createObject : File (data/scene_datasets/gibson_semantic/./Grace.glb) exists but is not a recognized config filename extension, so new default Stage Template attributes created and registered.
[09:42:06:026078]:[Metadata] AttributesManagerBase.h(380)::createFromJsonOrDefaultInternal : <Stage Template>: Proposing JSON name : data/scene_datasets/gibson_semantic/./Graceville.stage_config.json from original name : data/scene_datasets/gibson_semantic/./Graceville.glb| This file does not exist.
[09:42:06:026120]:[Metadata] AbstractObjectAttributesManagerBase.h(184)::createObject : File (data/scene_datasets/gibson_semantic/./Graceville.glb) exists but is not a recognized config filename extension, so new default Stage Template attributes created and registered.
[09:42:06:026156]:[Metadata] AttributesManagerBase.h(380)::createFromJsonOrDefaultInternal : <Stage Template>: Proposing JSON name : data/scene_datasets/gibson_semantic/./Gracey.stage_config.json from original name : data/scene_datasets/gibson_semantic/./Gracey.glb| This file does not exist.
[09:42:06:026217]:[Metadata] AbstractObjectAttributesManagerBase.h(184)::createObject : File (data/scene_datasets/gibson_semantic/./Gracey.glb) exists but is not a recognized config filename extension, so new default Stage Template attributes created and registered.
[09:42:06:026242]:[Metadata] AttributesManagerBase.h(380)::createFromJsonOrDefaultInternal : <Stage Template>: Proposing JSON name : data/scene_datasets/gibson_semantic/./Grainola.stage_config.json from original name : data/scene_datasets/gibson_semantic/./Grainola.glb| This file does not exist.
[09:42:06:026298]:[Metadata] AbstractObjectAttributesManagerBase.h(184)::createObject : File (data/scene_datasets/gibson_semantic/./Grainola.glb) exists but is not a recognized config filename extension, so new default Stage Template attributes created and registered.
[09:42:06:026327]:[Metadata] AttributesManagerBase.h(380)::createFromJsonOrDefaultInternal : <Stage Template>: Proposing JSON name : data/scene_datasets/gibson_semantic/./Grangeville.stage_config.json from original name : data/scene_datasets/gibson_semantic/./Grangeville.glb| This file does not exist.
[09:42:06:026381]:[Metadata] AbstractObjectAttributesManagerBase.h(184)::createObject : File (data/scene_datasets/gibson_semantic/./Grangeville.glb) exists but is not a recognized config filename extension, so new default Stage Template attributes created and registered.
[09:42:06:026393]:[Metadata] AttributesManagerBase.h(380)::createFromJsonOrDefaultInternal : <Stage Template>: Proposing JSON name : data/scene_datasets/gibson_semantic/./Grantsville.stage_config.json from original name : data/scene_datasets/gibson_semantic/./Grantsville.glb| This file does not exist.
[09:42:06:026437]:[Metadata] AbstractObjectAttributesManagerBase.h(184)::createObject : File (data/scene_datasets/gibson_semantic/./Grantsville.glb) exists but is not a recognized config filename extension, so new default Stage Template attributes created and registered.
[09:42:06:026467]:[Metadata] AttributesManagerBase.h(380)::createFromJsonOrDefaultInternal : <Stage Template>: Proposing JSON name : data/scene_datasets/gibson_semantic/./Grassy.stage_config.json from original name : data/scene_datasets/gibson_semantic/./Grassy.glb| This file does not exist.
[09:42:06:026534]:[Metadata] AbstractObjectAttributesManagerBase.h(184)::createObject : File (data/scene_datasets/gibson_semantic/./Grassy.glb) exists but is not a recognized config filename extension, so new default Stage Template attributes created and registered.
[09:42:06:026547]:[Metadata] AttributesManagerBase.h(380)::createFromJsonOrDefaultInternal : <Stage Template>: Proposing JSON name : data/scene_datasets/gibson_semantic/./Gratz.stage_config.json from original name : data/scene_datasets/gibson_semantic/./Gratz.glb| This file does not exist.
[09:42:06:026593]:[Metadata] AbstractObjectAttributesManagerBase.h(184)::createObject : File (data/scene_datasets/gibson_semantic/./Gratz.glb) exists but is not a recognized config filename extension, so new default Stage Template attributes created and registered.
[09:42:06:026606]:[Metadata] AttributesManagerBase.h(380)::createFromJsonOrDefaultInternal : <Stage Template>: Proposing JSON name : data/scene_datasets/gibson_semantic/./Gravelly.stage_config.json from original name : data/scene_datasets/gibson_semantic/./Gravelly.glb| This file does not exist.
[09:42:06:026658]:[Metadata] AbstractObjectAttributesManagerBase.h(184)::createObject : File (data/scene_datasets/gibson_semantic/./Gravelly.glb) exists but is not a recognized config filename extension, so new default Stage Template attributes created and registered.
[09:42:06:026672]:[Metadata] AttributesManagerBase.h(380)::createFromJsonOrDefaultInternal : <Stage Template>: Proposing JSON name : data/scene_datasets/gibson_semantic/./Greigsville.stage_config.json from original name : data/scene_datasets/gibson_semantic/./Greigsville.glb| This file does not exist.
[09:42:06:026717]:[Metadata] AbstractObjectAttributesManagerBase.h(184)::createObject : File (data/scene_datasets/gibson_semantic/./Greigsville.glb) exists but is not a recognized config filename extension, so new default Stage Template attributes created and registered.
[09:42:06:026730]:[Metadata] AttributesManagerBase.h(380)::createFromJsonOrDefaultInternal : <Stage Template>: Proposing JSON name : data/scene_datasets/gibson_semantic/./Haaswood.stage_config.json from original name : data/scene_datasets/gibson_semantic/./Haaswood.glb| This file does not exist.
[09:42:06:026775]:[Metadata] AbstractObjectAttributesManagerBase.h(184)::createObject : File (data/scene_datasets/gibson_semantic/./Haaswood.glb) exists but is not a recognized config filename extension, so new default Stage Template attributes created and registered.
[09:42:06:026788]:[Metadata] AttributesManagerBase.h(380)::createFromJsonOrDefaultInternal : <Stage Template>: Proposing JSON name : data/scene_datasets/gibson_semantic/./Hacienda.stage_config.json from original name : data/scene_datasets/gibson_semantic/./Hacienda.glb| This file does not exist.
[09:42:06:026834]:[Metadata] AbstractObjectAttributesManagerBase.h(184)::createObject : File (data/scene_datasets/gibson_semantic/./Hacienda.glb) exists but is not a recognized config filename extension, so new default Stage Template attributes created and registered.
[09:42:06:026846]:[Metadata] AttributesManagerBase.h(380)::createFromJsonOrDefaultInternal : <Stage Template>: Proposing JSON name : data/scene_datasets/gibson_semantic/./Hainesburg.stage_config.json from original name : data/scene_datasets/gibson_semantic/./Hainesburg.glb| This file does not exist.
[09:42:06:026893]:[Metadata] AbstractObjectAttributesManagerBase.h(184)::createObject : File (data/scene_datasets/gibson_semantic/./Hainesburg.glb) exists but is not a recognized config filename extension, so new default Stage Template attributes created and registered.
[09:42:06:026905]:[Metadata] AttributesManagerBase.h(380)::createFromJsonOrDefaultInternal : <Stage Template>: Proposing JSON name : data/scene_datasets/gibson_semantic/./Halfway.stage_config.json from original name : data/scene_datasets/gibson_semantic/./Halfway.glb| This file does not exist.
[09:42:06:026952]:[Metadata] AbstractObjectAttributesManagerBase.h(184)::createObject : File (data/scene_datasets/gibson_semantic/./Halfway.glb) exists but is not a recognized config filename extension, so new default Stage Template attributes created and registered.
[09:42:06:026965]:[Metadata] AttributesManagerBase.h(380)::createFromJsonOrDefaultInternal : <Stage Template>: Proposing JSON name : data/scene_datasets/gibson_semantic/./Hallettsville.stage_config.json from original name : data/scene_datasets/gibson_semantic/./Hallettsville.glb| This file does not exist.
[09:42:06:027006]:[Metadata] AbstractObjectAttributesManagerBase.h(184)::createObject : File (data/scene_datasets/gibson_semantic/./Hallettsville.glb) exists but is not a recognized config filename extension, so new default Stage Template attributes created and registered.
[09:42:06:027017]:[Metadata] AttributesManagerBase.h(380)::createFromJsonOrDefaultInternal : <Stage Template>: Proposing JSON name : data/scene_datasets/gibson_semantic/./Hambleton.stage_config.json from original name : data/scene_datasets/gibson_semantic/./Hambleton.glb| This file does not exist.
[09:42:06:027052]:[Metadata] AbstractObjectAttributesManagerBase.h(184)::createObject : File (data/scene_datasets/gibson_semantic/./Hambleton.glb) exists but is not a recognized config filename extension, so new default Stage Template attributes created and registered.
[09:42:06:027062]:[Metadata] AttributesManagerBase.h(380)::createFromJsonOrDefaultInternal : <Stage Template>: Proposing JSON name : data/scene_datasets/gibson_semantic/./Hanson.stage_config.json from original name : data/scene_datasets/gibson_semantic/./Hanson.glb| This file does not exist.
[09:42:06:027100]:[Metadata] AbstractObjectAttributesManagerBase.h(184)::createObject : File (data/scene_datasets/gibson_semantic/./Hanson.glb) exists but is not a recognized config filename extension, so new default Stage Template attributes created and registered.
[09:42:06:027110]:[Metadata] AttributesManagerBase.h(380)::createFromJsonOrDefaultInternal : <Stage Template>: Proposing JSON name : data/scene_datasets/gibson_semantic/./Harkeyville.stage_config.json from original name : data/scene_datasets/gibson_semantic/./Harkeyville.glb| This file does not exist.
[09:42:06:027145]:[Metadata] AbstractObjectAttributesManagerBase.h(184)::createObject : File (data/scene_datasets/gibson_semantic/./Harkeyville.glb) exists but is not a recognized config filename extension, so new default Stage Template attributes created and registered.
[09:42:06:027155]:[Metadata] AttributesManagerBase.h(380)::createFromJsonOrDefaultInternal : <Stage Template>: Proposing JSON name : data/scene_datasets/gibson_semantic/./Harrellsville.stage_config.json from original name : data/scene_datasets/gibson_semantic/./Harrellsville.glb| This file does not exist.
[09:42:06:027190]:[Metadata] AbstractObjectAttributesManagerBase.h(184)::createObject : File (data/scene_datasets/gibson_semantic/./Harrellsville.glb) exists but is not a recognized config filename extension, so new default Stage Template attributes created and registered.
[09:42:06:027200]:[Metadata] AttributesManagerBase.h(380)::createFromJsonOrDefaultInternal : <Stage Template>: Proposing JSON name : data/scene_datasets/gibson_semantic/./Hartline.stage_config.json from original name : data/scene_datasets/gibson_semantic/./Hartline.glb| This file does not exist.
[09:42:06:027236]:[Metadata] AbstractObjectAttributesManagerBase.h(184)::createObject : File (data/scene_datasets/gibson_semantic/./Hartline.glb) exists but is not a recognized config filename extension, so new default Stage Template attributes created and registered.
[09:42:06:027245]:[Metadata] AttributesManagerBase.h(380)::createFromJsonOrDefaultInternal : <Stage Template>: Proposing JSON name : data/scene_datasets/gibson_semantic/./Hatfield.stage_config.json from original name : data/scene_datasets/gibson_semantic/./Hatfield.glb| This file does not exist.
[09:42:06:027280]:[Metadata] AbstractObjectAttributesManagerBase.h(184)::createObject : File (data/scene_datasets/gibson_semantic/./Hatfield.glb) exists but is not a recognized config filename extension, so new default Stage Template attributes created and registered.
[09:42:06:027289]:[Metadata] AttributesManagerBase.h(380)::createFromJsonOrDefaultInternal : <Stage Template>: Proposing JSON name : data/scene_datasets/gibson_semantic/./Haxtun.stage_config.json from original name : data/scene_datasets/gibson_semantic/./Haxtun.glb| This file does not exist.
[09:42:06:027326]:[Metadata] AbstractObjectAttributesManagerBase.h(184)::createObject : File (data/scene_datasets/gibson_semantic/./Haxtun.glb) exists but is not a recognized config filename extension, so new default Stage Template attributes created and registered.
[09:42:06:027336]:[Metadata] AttributesManagerBase.h(380)::createFromJsonOrDefaultInternal : <Stage Template>: Proposing JSON name : data/scene_datasets/gibson_semantic/./Haymarket.stage_config.json from original name : data/scene_datasets/gibson_semantic/./Haymarket.glb| This file does not exist.
[09:42:06:027371]:[Metadata] AbstractObjectAttributesManagerBase.h(184)::createObject : File (data/scene_datasets/gibson_semantic/./Haymarket.glb) exists but is not a recognized config filename extension, so new default Stage Template attributes created and registered.
[09:42:06:027381]:[Metadata] AttributesManagerBase.h(380)::createFromJsonOrDefaultInternal : <Stage Template>: Proposing JSON name : data/scene_datasets/gibson_semantic/./Helix.stage_config.json from original name : data/scene_datasets/gibson_semantic/./Helix.glb| This file does not exist.
[09:42:06:027418]:[Metadata] AbstractObjectAttributesManagerBase.h(184)::createObject : File (data/scene_datasets/gibson_semantic/./Helix.glb) exists but is not a recognized config filename extension, so new default Stage Template attributes created and registered.
[09:42:06:027428]:[Metadata] AttributesManagerBase.h(380)::createFromJsonOrDefaultInternal : <Stage Template>: Proposing JSON name : data/scene_datasets/gibson_semantic/./Hendrix.stage_config.json from original name : data/scene_datasets/gibson_semantic/./Hendrix.glb| This file does not exist.
[09:42:06:027464]:[Metadata] AbstractObjectAttributesManagerBase.h(184)::createObject : File (data/scene_datasets/gibson_semantic/./Hendrix.glb) exists but is not a recognized config filename extension, so new default Stage Template attributes created and registered.
[09:42:06:027473]:[Metadata] AttributesManagerBase.h(380)::createFromJsonOrDefaultInternal : <Stage Template>: Proposing JSON name : data/scene_datasets/gibson_semantic/./Hennepin.stage_config.json from original name : data/scene_datasets/gibson_semantic/./Hennepin.glb| This file does not exist.
[09:42:06:027511]:[Metadata] AbstractObjectAttributesManagerBase.h(184)::createObject : File (data/scene_datasets/gibson_semantic/./Hennepin.glb) exists but is not a recognized config filename extension, so new default Stage Template attributes created and registered.
[09:42:06:027521]:[Metadata] AttributesManagerBase.h(380)::createFromJsonOrDefaultInternal : <Stage Template>: Proposing JSON name : data/scene_datasets/gibson_semantic/./Hercules.stage_config.json from original name : data/scene_datasets/gibson_semantic/./Hercules.glb| This file does not exist.
[09:42:06:027557]:[Metadata] AbstractObjectAttributesManagerBase.h(184)::createObject : File (data/scene_datasets/gibson_semantic/./Hercules.glb) exists but is not a recognized config filename extension, so new default Stage Template attributes created and registered.
[09:42:06:027566]:[Metadata] AttributesManagerBase.h(380)::createFromJsonOrDefaultInternal : <Stage Template>: Proposing JSON name : data/scene_datasets/gibson_semantic/./Herricks.stage_config.json from original name : data/scene_datasets/gibson_semantic/./Herricks.glb| This file does not exist.
[09:42:06:027601]:[Metadata] AbstractObjectAttributesManagerBase.h(184)::createObject : File (data/scene_datasets/gibson_semantic/./Herricks.glb) exists but is not a recognized config filename extension, so new default Stage Template attributes created and registered.
[09:42:06:027610]:[Metadata] AttributesManagerBase.h(380)::createFromJsonOrDefaultInternal : <Stage Template>: Proposing JSON name : data/scene_datasets/gibson_semantic/./Highspire.stage_config.json from original name : data/scene_datasets/gibson_semantic/./Highspire.glb| This file does not exist.
[09:42:06:027645]:[Metadata] AbstractObjectAttributesManagerBase.h(184)::createObject : File (data/scene_datasets/gibson_semantic/./Highspire.glb) exists but is not a recognized config filename extension, so new default Stage Template attributes created and registered.
[09:42:06:027655]:[Metadata] AttributesManagerBase.h(380)::createFromJsonOrDefaultInternal : <Stage Template>: Proposing JSON name : data/scene_datasets/gibson_semantic/./Hildebran.stage_config.json from original name : data/scene_datasets/gibson_semantic/./Hildebran.glb| This file does not exist.
[09:42:06:027690]:[Metadata] AbstractObjectAttributesManagerBase.h(184)::createObject : File (data/scene_datasets/gibson_semantic/./Hildebran.glb) exists but is not a recognized config filename extension, so new default Stage Template attributes created and registered.
[09:42:06:027700]:[Metadata] AttributesManagerBase.h(380)::createFromJsonOrDefaultInternal : <Stage Template>: Proposing JSON name : data/scene_datasets/gibson_semantic/./Hillsdale.stage_config.json from original name : data/scene_datasets/gibson_semantic/./Hillsdale.glb| This file does not exist.
[09:42:06:027736]:[Metadata] AbstractObjectAttributesManagerBase.h(184)::createObject : File (data/scene_datasets/gibson_semantic/./Hillsdale.glb) exists but is not a recognized config filename extension, so new default Stage Template attributes created and registered.
[09:42:06:027746]:[Metadata] AttributesManagerBase.h(380)::createFromJsonOrDefaultInternal : <Stage Template>: Proposing JSON name : data/scene_datasets/gibson_semantic/./Hindsboro.stage_config.json from original name : data/scene_datasets/gibson_semantic/./Hindsboro.glb| This file does not exist.
[09:42:06:027782]:[Metadata] AbstractObjectAttributesManagerBase.h(184)::createObject : File (data/scene_datasets/gibson_semantic/./Hindsboro.glb) exists but is not a recognized config filename extension, so new default Stage Template attributes created and registered.
[09:42:06:027792]:[Metadata] AttributesManagerBase.h(380)::createFromJsonOrDefaultInternal : <Stage Template>: Proposing JSON name : data/scene_datasets/gibson_semantic/./Hitchland.stage_config.json from original name : data/scene_datasets/gibson_semantic/./Hitchland.glb| This file does not exist.
[09:42:06:027827]:[Metadata] AbstractObjectAttributesManagerBase.h(184)::createObject : File (data/scene_datasets/gibson_semantic/./Hitchland.glb) exists but is not a recognized config filename extension, so new default Stage Template attributes created and registered.
[09:42:06:027837]:[Metadata] AttributesManagerBase.h(380)::createFromJsonOrDefaultInternal : <Stage Template>: Proposing JSON name : data/scene_datasets/gibson_semantic/./Hiteman.stage_config.json from original name : data/scene_datasets/gibson_semantic/./Hiteman.glb| This file does not exist.
[09:42:06:027873]:[Metadata] AbstractObjectAttributesManagerBase.h(184)::createObject : File (data/scene_datasets/gibson_semantic/./Hiteman.glb) exists but is not a recognized config filename extension, so new default Stage Template attributes created and registered.
[09:42:06:027883]:[Metadata] AttributesManagerBase.h(380)::createFromJsonOrDefaultInternal : <Stage Template>: Proposing JSON name : data/scene_datasets/gibson_semantic/./Hobson.stage_config.json from original name : data/scene_datasets/gibson_semantic/./Hobson.glb| This file does not exist.
[09:42:06:027918]:[Metadata] AbstractObjectAttributesManagerBase.h(184)::createObject : File (data/scene_datasets/gibson_semantic/./Hobson.glb) exists but is not a recognized config filename extension, so new default Stage Template attributes created and registered.
[09:42:06:027928]:[Metadata] AttributesManagerBase.h(380)::createFromJsonOrDefaultInternal : <Stage Template>: Proposing JSON name : data/scene_datasets/gibson_semantic/./Holcut.stage_config.json from original name : data/scene_datasets/gibson_semantic/./Holcut.glb| This file does not exist.
[09:42:06:027963]:[Metadata] AbstractObjectAttributesManagerBase.h(184)::createObject : File (data/scene_datasets/gibson_semantic/./Holcut.glb) exists but is not a recognized config filename extension, so new default Stage Template attributes created and registered.
[09:42:06:027973]:[Metadata] AttributesManagerBase.h(380)::createFromJsonOrDefaultInternal : <Stage Template>: Proposing JSON name : data/scene_datasets/gibson_semantic/./Hometown.stage_config.json from original name : data/scene_datasets/gibson_semantic/./Hometown.glb| This file does not exist.
[09:42:06:028008]:[Metadata] AbstractObjectAttributesManagerBase.h(184)::createObject : File (data/scene_datasets/gibson_semantic/./Hometown.glb) exists but is not a recognized config filename extension, so new default Stage Template attributes created and registered.
[09:42:06:028018]:[Metadata] AttributesManagerBase.h(380)::createFromJsonOrDefaultInternal : <Stage Template>: Proposing JSON name : data/scene_datasets/gibson_semantic/./Hominy.stage_config.json from original name : data/scene_datasets/gibson_semantic/./Hominy.glb| This file does not exist.
[09:42:06:028055]:[Metadata] AbstractObjectAttributesManagerBase.h(184)::createObject : File (data/scene_datasets/gibson_semantic/./Hominy.glb) exists but is not a recognized config filename extension, so new default Stage Template attributes created and registered.
[09:42:06:028065]:[Metadata] AttributesManagerBase.h(380)::createFromJsonOrDefaultInternal : <Stage Template>: Proposing JSON name : data/scene_datasets/gibson_semantic/./Hordville.stage_config.json from original name : data/scene_datasets/gibson_semantic/./Hordville.glb| This file does not exist.
[09:42:06:028100]:[Metadata] AbstractObjectAttributesManagerBase.h(184)::createObject : File (data/scene_datasets/gibson_semantic/./Hordville.glb) exists but is not a recognized config filename extension, so new default Stage Template attributes created and registered.
[09:42:06:028110]:[Metadata] AttributesManagerBase.h(380)::createFromJsonOrDefaultInternal : <Stage Template>: Proposing JSON name : data/scene_datasets/gibson_semantic/./Hornsby.stage_config.json from original name : data/scene_datasets/gibson_semantic/./Hornsby.glb| This file does not exist.
[09:42:06:028148]:[Metadata] AbstractObjectAttributesManagerBase.h(184)::createObject : File (data/scene_datasets/gibson_semantic/./Hornsby.glb) exists but is not a recognized config filename extension, so new default Stage Template attributes created and registered.
[09:42:06:028157]:[Metadata] AttributesManagerBase.h(380)::createFromJsonOrDefaultInternal : <Stage Template>: Proposing JSON name : data/scene_datasets/gibson_semantic/./Hortense.stage_config.json from original name : data/scene_datasets/gibson_semantic/./Hortense.glb| This file does not exist.
[09:42:06:028192]:[Metadata] AbstractObjectAttributesManagerBase.h(184)::createObject : File (data/scene_datasets/gibson_semantic/./Hortense.glb) exists but is not a recognized config filename extension, so new default Stage Template attributes created and registered.
[09:42:06:028202]:[Metadata] AttributesManagerBase.h(380)::createFromJsonOrDefaultInternal : <Stage Template>: Proposing JSON name : data/scene_datasets/gibson_semantic/./Howie.stage_config.json from original name : data/scene_datasets/gibson_semantic/./Howie.glb| This file does not exist.
[09:42:06:028238]:[Metadata] AbstractObjectAttributesManagerBase.h(184)::createObject : File (data/scene_datasets/gibson_semantic/./Howie.glb) exists but is not a recognized config filename extension, so new default Stage Template attributes created and registered.
[09:42:06:028248]:[Metadata] AttributesManagerBase.h(380)::createFromJsonOrDefaultInternal : <Stage Template>: Proposing JSON name : data/scene_datasets/gibson_semantic/./Hurley.stage_config.json from original name : data/scene_datasets/gibson_semantic/./Hurley.glb| This file does not exist.
[09:42:06:028284]:[Metadata] AbstractObjectAttributesManagerBase.h(184)::createObject : File (data/scene_datasets/gibson_semantic/./Hurley.glb) exists but is not a recognized config filename extension, so new default Stage Template attributes created and registered.
[09:42:06:028294]:[Metadata] AttributesManagerBase.h(380)::createFromJsonOrDefaultInternal : <Stage Template>: Proposing JSON name : data/scene_datasets/gibson_semantic/./Idanha.stage_config.json from original name : data/scene_datasets/gibson_semantic/./Idanha.glb| This file does not exist.
[09:42:06:028328]:[Metadata] AbstractObjectAttributesManagerBase.h(184)::createObject : File (data/scene_datasets/gibson_semantic/./Idanha.glb) exists but is not a recognized config filename extension, so new default Stage Template attributes created and registered.
[09:42:06:028338]:[Metadata] AttributesManagerBase.h(380)::createFromJsonOrDefaultInternal : <Stage Template>: Proposing JSON name : data/scene_datasets/gibson_semantic/./Inkom.stage_config.json from original name : data/scene_datasets/gibson_semantic/./Inkom.glb| This file does not exist.
[09:42:06:028374]:[Metadata] AbstractObjectAttributesManagerBase.h(184)::createObject : File (data/scene_datasets/gibson_semantic/./Inkom.glb) exists but is not a recognized config filename extension, so new default Stage Template attributes created and registered.
[09:42:06:028385]:[Metadata] AttributesManagerBase.h(380)::createFromJsonOrDefaultInternal : <Stage Template>: Proposing JSON name : data/scene_datasets/gibson_semantic/./Irvine.stage_config.json from original name : data/scene_datasets/gibson_semantic/./Irvine.glb| This file does not exist.
[09:42:06:028420]:[Metadata] AbstractObjectAttributesManagerBase.h(184)::createObject : File (data/scene_datasets/gibson_semantic/./Irvine.glb) exists but is not a recognized config filename extension, so new default Stage Template attributes created and registered.
[09:42:06:028429]:[Metadata] AttributesManagerBase.h(380)::createFromJsonOrDefaultInternal : <Stage Template>: Proposing JSON name : data/scene_datasets/gibson_semantic/./Islandton.stage_config.json from original name : data/scene_datasets/gibson_semantic/./Islandton.glb| This file does not exist.
[09:42:06:028465]:[Metadata] AbstractObjectAttributesManagerBase.h(184)::createObject : File (data/scene_datasets/gibson_semantic/./Islandton.glb) exists but is not a recognized config filename extension, so new default Stage Template attributes created and registered.
[09:42:06:028474]:[Metadata] AttributesManagerBase.h(380)::createFromJsonOrDefaultInternal : <Stage Template>: Proposing JSON name : data/scene_datasets/gibson_semantic/./Jacobus.stage_config.json from original name : data/scene_datasets/gibson_semantic/./Jacobus.glb| This file does not exist.
[09:42:06:028510]:[Metadata] AbstractObjectAttributesManagerBase.h(184)::createObject : File (data/scene_datasets/gibson_semantic/./Jacobus.glb) exists but is not a recognized config filename extension, so new default Stage Template attributes created and registered.
[09:42:06:028520]:[Metadata] AttributesManagerBase.h(380)::createFromJsonOrDefaultInternal : <Stage Template>: Proposing JSON name : data/scene_datasets/gibson_semantic/./Jenners.stage_config.json from original name : data/scene_datasets/gibson_semantic/./Jenners.glb| This file does not exist.
[09:42:06:028555]:[Metadata] AbstractObjectAttributesManagerBase.h(184)::createObject : File (data/scene_datasets/gibson_semantic/./Jenners.glb) exists but is not a recognized config filename extension, so new default Stage Template attributes created and registered.
[09:42:06:028565]:[Metadata] AttributesManagerBase.h(380)::createFromJsonOrDefaultInternal : <Stage Template>: Proposing JSON name : data/scene_datasets/gibson_semantic/./Jennie.stage_config.json from original name : data/scene_datasets/gibson_semantic/./Jennie.glb| This file does not exist.
[09:42:06:028601]:[Metadata] AbstractObjectAttributesManagerBase.h(184)::createObject : File (data/scene_datasets/gibson_semantic/./Jennie.glb) exists but is not a recognized config filename extension, so new default Stage Template attributes created and registered.
[09:42:06:028611]:[Metadata] AttributesManagerBase.h(380)::createFromJsonOrDefaultInternal : <Stage Template>: Proposing JSON name : data/scene_datasets/gibson_semantic/./Judith.stage_config.json from original name : data/scene_datasets/gibson_semantic/./Judith.glb| This file does not exist.
[09:42:06:028645]:[Metadata] AbstractObjectAttributesManagerBase.h(184)::createObject : File (data/scene_datasets/gibson_semantic/./Judith.glb) exists but is not a recognized config filename extension, so new default Stage Template attributes created and registered.
[09:42:06:028655]:[Metadata] AttributesManagerBase.h(380)::createFromJsonOrDefaultInternal : <Stage Template>: Proposing JSON name : data/scene_datasets/gibson_semantic/./Kangley.stage_config.json from original name : data/scene_datasets/gibson_semantic/./Kangley.glb| This file does not exist.
[09:42:06:028692]:[Metadata] AbstractObjectAttributesManagerBase.h(184)::createObject : File (data/scene_datasets/gibson_semantic/./Kangley.glb) exists but is not a recognized config filename extension, so new default Stage Template attributes created and registered.
[09:42:06:028702]:[Metadata] AttributesManagerBase.h(380)::createFromJsonOrDefaultInternal : <Stage Template>: Proposing JSON name : data/scene_datasets/gibson_semantic/./Kankakee.stage_config.json from original name : data/scene_datasets/gibson_semantic/./Kankakee.glb| This file does not exist.
[09:42:06:028737]:[Metadata] AbstractObjectAttributesManagerBase.h(184)::createObject : File (data/scene_datasets/gibson_semantic/./Kankakee.glb) exists but is not a recognized config filename extension, so new default Stage Template attributes created and registered.
[09:42:06:028747]:[Metadata] AttributesManagerBase.h(380)::createFromJsonOrDefaultInternal : <Stage Template>: Proposing JSON name : data/scene_datasets/gibson_semantic/./Kathryn.stage_config.json from original name : data/scene_datasets/gibson_semantic/./Kathryn.glb| This file does not exist.
[09:42:06:028784]:[Metadata] AbstractObjectAttributesManagerBase.h(184)::createObject : File (data/scene_datasets/gibson_semantic/./Kathryn.glb) exists but is not a recognized config filename extension, so new default Stage Template attributes created and registered.
[09:42:06:028793]:[Metadata] AttributesManagerBase.h(380)::createFromJsonOrDefaultInternal : <Stage Template>: Proposing JSON name : data/scene_datasets/gibson_semantic/./Keiser.stage_config.json from original name : data/scene_datasets/gibson_semantic/./Keiser.glb| This file does not exist.
[09:42:06:028828]:[Metadata] AbstractObjectAttributesManagerBase.h(184)::createObject : File (data/scene_datasets/gibson_semantic/./Keiser.glb) exists but is not a recognized config filename extension, so new default Stage Template attributes created and registered.
[09:42:06:028838]:[Metadata] AttributesManagerBase.h(380)::createFromJsonOrDefaultInternal : <Stage Template>: Proposing JSON name : data/scene_datasets/gibson_semantic/./Kemblesville.stage_config.json from original name : data/scene_datasets/gibson_semantic/./Kemblesville.glb| This file does not exist.
[09:42:06:028873]:[Metadata] AbstractObjectAttributesManagerBase.h(184)::createObject : File (data/scene_datasets/gibson_semantic/./Kemblesville.glb) exists but is not a recognized config filename extension, so new default Stage Template attributes created and registered.
[09:42:06:028883]:[Metadata] AttributesManagerBase.h(380)::createFromJsonOrDefaultInternal : <Stage Template>: Proposing JSON name : data/scene_datasets/gibson_semantic/./Kendall.stage_config.json from original name : data/scene_datasets/gibson_semantic/./Kendall.glb| This file does not exist.
[09:42:06:028920]:[Metadata] AbstractObjectAttributesManagerBase.h(184)::createObject : File (data/scene_datasets/gibson_semantic/./Kendall.glb) exists but is not a recognized config filename extension, so new default Stage Template attributes created and registered.
[09:42:06:028930]:[Metadata] AttributesManagerBase.h(380)::createFromJsonOrDefaultInternal : <Stage Template>: Proposing JSON name : data/scene_datasets/gibson_semantic/./Kerrtown.stage_config.json from original name : data/scene_datasets/gibson_semantic/./Kerrtown.glb| This file does not exist.
[09:42:06:028965]:[Metadata] AbstractObjectAttributesManagerBase.h(184)::createObject : File (data/scene_datasets/gibson_semantic/./Kerrtown.glb) exists but is not a recognized config filename extension, so new default Stage Template attributes created and registered.
[09:42:06:028975]:[Metadata] AttributesManagerBase.h(380)::createFromJsonOrDefaultInternal : <Stage Template>: Proposing JSON name : data/scene_datasets/gibson_semantic/./Kettle.stage_config.json from original name : data/scene_datasets/gibson_semantic/./Kettle.glb| This file does not exist.
[09:42:06:029011]:[Metadata] AbstractObjectAttributesManagerBase.h(184)::createObject : File (data/scene_datasets/gibson_semantic/./Kettle.glb) exists but is not a recognized config filename extension, so new default Stage Template attributes created and registered.
[09:42:06:029020]:[Metadata] AttributesManagerBase.h(380)::createFromJsonOrDefaultInternal : <Stage Template>: Proposing JSON name : data/scene_datasets/gibson_semantic/./Kevin.stage_config.json from original name : data/scene_datasets/gibson_semantic/./Kevin.glb| This file does not exist.
[09:42:06:029055]:[Metadata] AbstractObjectAttributesManagerBase.h(184)::createObject : File (data/scene_datasets/gibson_semantic/./Kevin.glb) exists but is not a recognized config filename extension, so new default Stage Template attributes created and registered.
[09:42:06:029065]:[Metadata] AttributesManagerBase.h(380)::createFromJsonOrDefaultInternal : <Stage Template>: Proposing JSON name : data/scene_datasets/gibson_semantic/./Keweenaw.stage_config.json from original name : data/scene_datasets/gibson_semantic/./Keweenaw.glb| This file does not exist.
[09:42:06:029100]:[Metadata] AbstractObjectAttributesManagerBase.h(184)::createObject : File (data/scene_datasets/gibson_semantic/./Keweenaw.glb) exists but is not a recognized config filename extension, so new default Stage Template attributes created and registered.
[09:42:06:029110]:[Metadata] AttributesManagerBase.h(380)::createFromJsonOrDefaultInternal : <Stage Template>: Proposing JSON name : data/scene_datasets/gibson_semantic/./Kildare.stage_config.json from original name : data/scene_datasets/gibson_semantic/./Kildare.glb| This file does not exist.
[09:42:06:029145]:[Metadata] AbstractObjectAttributesManagerBase.h(184)::createObject : File (data/scene_datasets/gibson_semantic/./Kildare.glb) exists but is not a recognized config filename extension, so new default Stage Template attributes created and registered.
[09:42:06:029155]:[Metadata] AttributesManagerBase.h(380)::createFromJsonOrDefaultInternal : <Stage Template>: Proposing JSON name : data/scene_datasets/gibson_semantic/./Kinde.stage_config.json from original name : data/scene_datasets/gibson_semantic/./Kinde.glb| This file does not exist.
[09:42:06:029190]:[Metadata] AbstractObjectAttributesManagerBase.h(184)::createObject : File (data/scene_datasets/gibson_semantic/./Kinde.glb) exists but is not a recognized config filename extension, so new default Stage Template attributes created and registered.
[09:42:06:029200]:[Metadata] AttributesManagerBase.h(380)::createFromJsonOrDefaultInternal : <Stage Template>: Proposing JSON name : data/scene_datasets/gibson_semantic/./Kingdom.stage_config.json from original name : data/scene_datasets/gibson_semantic/./Kingdom.glb| This file does not exist.
[09:42:06:029234]:[Metadata] AbstractObjectAttributesManagerBase.h(184)::createObject : File (data/scene_datasets/gibson_semantic/./Kingdom.glb) exists but is not a recognized config filename extension, so new default Stage Template attributes created and registered.
[09:42:06:029244]:[Metadata] AttributesManagerBase.h(380)::createFromJsonOrDefaultInternal : <Stage Template>: Proposing JSON name : data/scene_datasets/gibson_semantic/./Kinney.stage_config.json from original name : data/scene_datasets/gibson_semantic/./Kinney.glb| This file does not exist.
[09:42:06:029279]:[Metadata] AbstractObjectAttributesManagerBase.h(184)::createObject : File (data/scene_datasets/gibson_semantic/./Kinney.glb) exists but is not a recognized config filename extension, so new default Stage Template attributes created and registered.
[09:42:06:029289]:[Metadata] AttributesManagerBase.h(380)::createFromJsonOrDefaultInternal : <Stage Template>: Proposing JSON name : data/scene_datasets/gibson_semantic/./Kirksville.stage_config.json from original name : data/scene_datasets/gibson_semantic/./Kirksville.glb| This file does not exist.
[09:42:06:029323]:[Metadata] AbstractObjectAttributesManagerBase.h(184)::createObject : File (data/scene_datasets/gibson_semantic/./Kirksville.glb) exists but is not a recognized config filename extension, so new default Stage Template attributes created and registered.
[09:42:06:029333]:[Metadata] AttributesManagerBase.h(380)::createFromJsonOrDefaultInternal : <Stage Template>: Proposing JSON name : data/scene_datasets/gibson_semantic/./Kirwin.stage_config.json from original name : data/scene_datasets/gibson_semantic/./Kirwin.glb| This file does not exist.
[09:42:06:029368]:[Metadata] AbstractObjectAttributesManagerBase.h(184)::createObject : File (data/scene_datasets/gibson_semantic/./Kirwin.glb) exists but is not a recognized config filename extension, so new default Stage Template attributes created and registered.
[09:42:06:029378]:[Metadata] AttributesManagerBase.h(380)::createFromJsonOrDefaultInternal : <Stage Template>: Proposing JSON name : data/scene_datasets/gibson_semantic/./Klickitat.stage_config.json from original name : data/scene_datasets/gibson_semantic/./Klickitat.glb| This file does not exist.
[09:42:06:029412]:[Metadata] AbstractObjectAttributesManagerBase.h(184)::createObject : File (data/scene_datasets/gibson_semantic/./Klickitat.glb) exists but is not a recognized config filename extension, so new default Stage Template attributes created and registered.
[09:42:06:029422]:[Metadata] AttributesManagerBase.h(380)::createFromJsonOrDefaultInternal : <Stage Template>: Proposing JSON name : data/scene_datasets/gibson_semantic/./Kobuk.stage_config.json from original name : data/scene_datasets/gibson_semantic/./Kobuk.glb| This file does not exist.
[09:42:06:029457]:[Metadata] AbstractObjectAttributesManagerBase.h(184)::createObject : File (data/scene_datasets/gibson_semantic/./Kobuk.glb) exists but is not a recognized config filename extension, so new default Stage Template attributes created and registered.
[09:42:06:029466]:[Metadata] AttributesManagerBase.h(380)::createFromJsonOrDefaultInternal : <Stage Template>: Proposing JSON name : data/scene_datasets/gibson_semantic/./Kopperl.stage_config.json from original name : data/scene_datasets/gibson_semantic/./Kopperl.glb| This file does not exist.
[09:42:06:029501]:[Metadata] AbstractObjectAttributesManagerBase.h(184)::createObject : File (data/scene_datasets/gibson_semantic/./Kopperl.glb) exists but is not a recognized config filename extension, so new default Stage Template attributes created and registered.
[09:42:06:029511]:[Metadata] AttributesManagerBase.h(380)::createFromJsonOrDefaultInternal : <Stage Template>: Proposing JSON name : data/scene_datasets/gibson_semantic/./Kremlin.stage_config.json from original name : data/scene_datasets/gibson_semantic/./Kremlin.glb| This file does not exist.
[09:42:06:029546]:[Metadata] AbstractObjectAttributesManagerBase.h(184)::createObject : File (data/scene_datasets/gibson_semantic/./Kremlin.glb) exists but is not a recognized config filename extension, so new default Stage Template attributes created and registered.
[09:42:06:029555]:[Metadata] AttributesManagerBase.h(380)::createFromJsonOrDefaultInternal : <Stage Template>: Proposing JSON name : data/scene_datasets/gibson_semantic/./Kronborg.stage_config.json from original name : data/scene_datasets/gibson_semantic/./Kronborg.glb| This file does not exist.
[09:42:06:029591]:[Metadata] AbstractObjectAttributesManagerBase.h(184)::createObject : File (data/scene_datasets/gibson_semantic/./Kronborg.glb) exists but is not a recognized config filename extension, so new default Stage Template attributes created and registered.
[09:42:06:029601]:[Metadata] AttributesManagerBase.h(380)::createFromJsonOrDefaultInternal : <Stage Template>: Proposing JSON name : data/scene_datasets/gibson_semantic/./Lacon.stage_config.json from original name : data/scene_datasets/gibson_semantic/./Lacon.glb| This file does not exist.
[09:42:06:029635]:[Metadata] AbstractObjectAttributesManagerBase.h(184)::createObject : File (data/scene_datasets/gibson_semantic/./Lacon.glb) exists but is not a recognized config filename extension, so new default Stage Template attributes created and registered.
[09:42:06:029645]:[Metadata] AttributesManagerBase.h(380)::createFromJsonOrDefaultInternal : <Stage Template>: Proposing JSON name : data/scene_datasets/gibson_semantic/./Lajas.stage_config.json from original name : data/scene_datasets/gibson_semantic/./Lajas.glb| This file does not exist.
[09:42:06:029680]:[Metadata] AbstractObjectAttributesManagerBase.h(184)::createObject : File (data/scene_datasets/gibson_semantic/./Lajas.glb) exists but is not a recognized config filename extension, so new default Stage Template attributes created and registered.
[09:42:06:029691]:[Metadata] AttributesManagerBase.h(380)::createFromJsonOrDefaultInternal : <Stage Template>: Proposing JSON name : data/scene_datasets/gibson_semantic/./Lakeville.stage_config.json from original name : data/scene_datasets/gibson_semantic/./Lakeville.glb| This file does not exist.
[09:42:06:029728]:[Metadata] AbstractObjectAttributesManagerBase.h(184)::createObject : File (data/scene_datasets/gibson_semantic/./Lakeville.glb) exists but is not a recognized config filename extension, so new default Stage Template attributes created and registered.
[09:42:06:029758]:[Metadata] AttributesManagerBase.h(380)::createFromJsonOrDefaultInternal : <Stage Template>: Proposing JSON name : data/scene_datasets/gibson_semantic/./Laupahoehoe.stage_config.json from original name : data/scene_datasets/gibson_semantic/./Laupahoehoe.glb| This file does not exist.
[09:42:06:029809]:[Metadata] AbstractObjectAttributesManagerBase.h(184)::createObject : File (data/scene_datasets/gibson_semantic/./Laupahoehoe.glb) exists but is not a recognized config filename extension, so new default Stage Template attributes created and registered.
[09:42:06:029820]:[Metadata] AttributesManagerBase.h(380)::createFromJsonOrDefaultInternal : <Stage Template>: Proposing JSON name : data/scene_datasets/gibson_semantic/./Laytonsville.stage_config.json from original name : data/scene_datasets/gibson_semantic/./Laytonsville.glb| This file does not exist.
[09:42:06:029856]:[Metadata] AbstractObjectAttributesManagerBase.h(184)::createObject : File (data/scene_datasets/gibson_semantic/./Laytonsville.glb) exists but is not a recognized config filename extension, so new default Stage Template attributes created and registered.
[09:42:06:029866]:[Metadata] AttributesManagerBase.h(380)::createFromJsonOrDefaultInternal : <Stage Template>: Proposing JSON name : data/scene_datasets/gibson_semantic/./Leavittsburg.stage_config.json from original name : data/scene_datasets/gibson_semantic/./Leavittsburg.glb| This file does not exist.
[09:42:06:029901]:[Metadata] AbstractObjectAttributesManagerBase.h(184)::createObject : File (data/scene_datasets/gibson_semantic/./Leavittsburg.glb) exists but is not a recognized config filename extension, so new default Stage Template attributes created and registered.
[09:42:06:029911]:[Metadata] AttributesManagerBase.h(380)::createFromJsonOrDefaultInternal : <Stage Template>: Proposing JSON name : data/scene_datasets/gibson_semantic/./Lenoir.stage_config.json from original name : data/scene_datasets/gibson_semantic/./Lenoir.glb| This file does not exist.
[09:42:06:029946]:[Metadata] AbstractObjectAttributesManagerBase.h(184)::createObject : File (data/scene_datasets/gibson_semantic/./Lenoir.glb) exists but is not a recognized config filename extension, so new default Stage Template attributes created and registered.
[09:42:06:029971]:[Metadata] AttributesManagerBase.h(380)::createFromJsonOrDefaultInternal : <Stage Template>: Proposing JSON name : data/scene_datasets/gibson_semantic/./Leonardo.stage_config.json from original name : data/scene_datasets/gibson_semantic/./Leonardo.glb| This file does not exist.
[09:42:06:030009]:[Metadata] AbstractObjectAttributesManagerBase.h(184)::createObject : File (data/scene_datasets/gibson_semantic/./Leonardo.glb) exists but is not a recognized config filename extension, so new default Stage Template attributes created and registered.
[09:42:06:030019]:[Metadata] AttributesManagerBase.h(380)::createFromJsonOrDefaultInternal : <Stage Template>: Proposing JSON name : data/scene_datasets/gibson_semantic/./Lessley.stage_config.json from original name : data/scene_datasets/gibson_semantic/./Lessley.glb| This file does not exist.
[09:42:06:030053]:[Metadata] AbstractObjectAttributesManagerBase.h(184)::createObject : File (data/scene_datasets/gibson_semantic/./Lessley.glb) exists but is not a recognized config filename extension, so new default Stage Template attributes created and registered.
[09:42:06:030063]:[Metadata] AttributesManagerBase.h(380)::createFromJsonOrDefaultInternal : <Stage Template>: Proposing JSON name : data/scene_datasets/gibson_semantic/./Lincolnwood.stage_config.json from original name : data/scene_datasets/gibson_semantic/./Lincolnwood.glb| This file does not exist.
[09:42:06:030100]:[Metadata] AbstractObjectAttributesManagerBase.h(184)::createObject : File (data/scene_datasets/gibson_semantic/./Lincolnwood.glb) exists but is not a recognized config filename extension, so new default Stage Template attributes created and registered.
[09:42:06:030109]:[Metadata] AttributesManagerBase.h(380)::createFromJsonOrDefaultInternal : <Stage Template>: Proposing JSON name : data/scene_datasets/gibson_semantic/./Lindberg.stage_config.json from original name : data/scene_datasets/gibson_semantic/./Lindberg.glb| This file does not exist.
[09:42:06:030161]:[Metadata] AbstractObjectAttributesManagerBase.h(184)::createObject : File (data/scene_datasets/gibson_semantic/./Lindberg.glb) exists but is not a recognized config filename extension, so new default Stage Template attributes created and registered.
[09:42:06:030170]:[Metadata] AttributesManagerBase.h(380)::createFromJsonOrDefaultInternal : <Stage Template>: Proposing JSON name : data/scene_datasets/gibson_semantic/./Lindenwood.stage_config.json from original name : data/scene_datasets/gibson_semantic/./Lindenwood.glb| This file does not exist.
[09:42:06:030206]:[Metadata] AbstractObjectAttributesManagerBase.h(184)::createObject : File (data/scene_datasets/gibson_semantic/./Lindenwood.glb) exists but is not a recognized config filename extension, so new default Stage Template attributes created and registered.
[09:42:06:030216]:[Metadata] AttributesManagerBase.h(380)::createFromJsonOrDefaultInternal : <Stage Template>: Proposing JSON name : data/scene_datasets/gibson_semantic/./Lindsborg.stage_config.json from original name : data/scene_datasets/gibson_semantic/./Lindsborg.glb| This file does not exist.
[09:42:06:030251]:[Metadata] AbstractObjectAttributesManagerBase.h(184)::createObject : File (data/scene_datasets/gibson_semantic/./Lindsborg.glb) exists but is not a recognized config filename extension, so new default Stage Template attributes created and registered.
[09:42:06:030261]:[Metadata] AttributesManagerBase.h(380)::createFromJsonOrDefaultInternal : <Stage Template>: Proposing JSON name : data/scene_datasets/gibson_semantic/./Lineville.stage_config.json from original name : data/scene_datasets/gibson_semantic/./Lineville.glb| This file does not exist.
[09:42:06:030296]:[Metadata] AbstractObjectAttributesManagerBase.h(184)::createObject : File (data/scene_datasets/gibson_semantic/./Lineville.glb) exists but is not a recognized config filename extension, so new default Stage Template attributes created and registered.
[09:42:06:030308]:[Metadata] AttributesManagerBase.h(380)::createFromJsonOrDefaultInternal : <Stage Template>: Proposing JSON name : data/scene_datasets/gibson_semantic/./Lluveras.stage_config.json from original name : data/scene_datasets/gibson_semantic/./Lluveras.glb| This file does not exist.
[09:42:06:030351]:[Metadata] AbstractObjectAttributesManagerBase.h(184)::createObject : File (data/scene_datasets/gibson_semantic/./Lluveras.glb) exists but is not a recognized config filename extension, so new default Stage Template attributes created and registered.
[09:42:06:030362]:[Metadata] AttributesManagerBase.h(380)::createFromJsonOrDefaultInternal : <Stage Template>: Proposing JSON name : data/scene_datasets/gibson_semantic/./Lucan.stage_config.json from original name : data/scene_datasets/gibson_semantic/./Lucan.glb| This file does not exist.
[09:42:06:030404]:[Metadata] AbstractObjectAttributesManagerBase.h(184)::createObject : File (data/scene_datasets/gibson_semantic/./Lucan.glb) exists but is not a recognized config filename extension, so new default Stage Template attributes created and registered.
[09:42:06:030415]:[Metadata] AttributesManagerBase.h(380)::createFromJsonOrDefaultInternal : <Stage Template>: Proposing JSON name : data/scene_datasets/gibson_semantic/./Ludlowville.stage_config.json from original name : data/scene_datasets/gibson_semantic/./Ludlowville.glb| This file does not exist.
[09:42:06:030455]:[Metadata] AbstractObjectAttributesManagerBase.h(184)::createObject : File (data/scene_datasets/gibson_semantic/./Ludlowville.glb) exists but is not a recognized config filename extension, so new default Stage Template attributes created and registered.
[09:42:06:030467]:[Metadata] AttributesManagerBase.h(380)::createFromJsonOrDefaultInternal : <Stage Template>: Proposing JSON name : data/scene_datasets/gibson_semantic/./Lynchburg.stage_config.json from original name : data/scene_datasets/gibson_semantic/./Lynchburg.glb| This file does not exist.
[09:42:06:030510]:[Metadata] AbstractObjectAttributesManagerBase.h(184)::createObject : File (data/scene_datasets/gibson_semantic/./Lynchburg.glb) exists but is not a recognized config filename extension, so new default Stage Template attributes created and registered.
[09:42:06:030522]:[Metadata] AttributesManagerBase.h(380)::createFromJsonOrDefaultInternal : <Stage Template>: Proposing JSON name : data/scene_datasets/gibson_semantic/./Lynxville.stage_config.json from original name : data/scene_datasets/gibson_semantic/./Lynxville.glb| This file does not exist.
[09:42:06:030567]:[Metadata] AbstractObjectAttributesManagerBase.h(184)::createObject : File (data/scene_datasets/gibson_semantic/./Lynxville.glb) exists but is not a recognized config filename extension, so new default Stage Template attributes created and registered.
[09:42:06:030578]:[Metadata] AttributesManagerBase.h(380)::createFromJsonOrDefaultInternal : <Stage Template>: Proposing JSON name : data/scene_datasets/gibson_semantic/./MacArthur.stage_config.json from original name : data/scene_datasets/gibson_semantic/./MacArthur.glb| This file does not exist.
[09:42:06:030622]:[Metadata] AbstractObjectAttributesManagerBase.h(184)::createObject : File (data/scene_datasets/gibson_semantic/./MacArthur.glb) exists but is not a recognized config filename extension, so new default Stage Template attributes created and registered.
[09:42:06:030642]:[Metadata] AttributesManagerBase.h(380)::createFromJsonOrDefaultInternal : <Stage Template>: Proposing JSON name : data/scene_datasets/gibson_semantic/./Macedon.stage_config.json from original name : data/scene_datasets/gibson_semantic/./Macedon.glb| This file does not exist.
[09:42:06:030686]:[Metadata] AbstractObjectAttributesManagerBase.h(184)::createObject : File (data/scene_datasets/gibson_semantic/./Macedon.glb) exists but is not a recognized config filename extension, so new default Stage Template attributes created and registered.
[09:42:06:030699]:[Metadata] AttributesManagerBase.h(380)::createFromJsonOrDefaultInternal : <Stage Template>: Proposing JSON name : data/scene_datasets/gibson_semantic/./Macksville.stage_config.json from original name : data/scene_datasets/gibson_semantic/./Macksville.glb| This file does not exist.
[09:42:06:030739]:[Metadata] AbstractObjectAttributesManagerBase.h(184)::createObject : File (data/scene_datasets/gibson_semantic/./Macksville.glb) exists but is not a recognized config filename extension, so new default Stage Template attributes created and registered.
[09:42:06:030751]:[Metadata] AttributesManagerBase.h(380)::createFromJsonOrDefaultInternal : <Stage Template>: Proposing JSON name : data/scene_datasets/gibson_semantic/./Maguayo.stage_config.json from original name : data/scene_datasets/gibson_semantic/./Maguayo.glb| This file does not exist.
[09:42:06:030793]:[Metadata] AbstractObjectAttributesManagerBase.h(184)::createObject : File (data/scene_datasets/gibson_semantic/./Maguayo.glb) exists but is not a recognized config filename extension, so new default Stage Template attributes created and registered.
[09:42:06:030805]:[Metadata] AttributesManagerBase.h(380)::createFromJsonOrDefaultInternal : <Stage Template>: Proposing JSON name : data/scene_datasets/gibson_semantic/./Mahtomedi.stage_config.json from original name : data/scene_datasets/gibson_semantic/./Mahtomedi.glb| This file does not exist.
[09:42:06:030848]:[Metadata] AbstractObjectAttributesManagerBase.h(184)::createObject : File (data/scene_datasets/gibson_semantic/./Mahtomedi.glb) exists but is not a recognized config filename extension, so new default Stage Template attributes created and registered.
[09:42:06:030860]:[Metadata] AttributesManagerBase.h(380)::createFromJsonOrDefaultInternal : <Stage Template>: Proposing JSON name : data/scene_datasets/gibson_semantic/./Maida.stage_config.json from original name : data/scene_datasets/gibson_semantic/./Maida.glb| This file does not exist.
[09:42:06:030904]:[Metadata] AbstractObjectAttributesManagerBase.h(184)::createObject : File (data/scene_datasets/gibson_semantic/./Maida.glb) exists but is not a recognized config filename extension, so new default Stage Template attributes created and registered.
[09:42:06:030917]:[Metadata] AttributesManagerBase.h(380)::createFromJsonOrDefaultInternal : <Stage Template>: Proposing JSON name : data/scene_datasets/gibson_semantic/./Maiden.stage_config.json from original name : data/scene_datasets/gibson_semantic/./Maiden.glb| This file does not exist.
[09:42:06:030964]:[Metadata] AbstractObjectAttributesManagerBase.h(184)::createObject : File (data/scene_datasets/gibson_semantic/./Maiden.glb) exists but is not a recognized config filename extension, so new default Stage Template attributes created and registered.
[09:42:06:030976]:[Metadata] AttributesManagerBase.h(380)::createFromJsonOrDefaultInternal : <Stage Template>: Proposing JSON name : data/scene_datasets/gibson_semantic/./Maitland.stage_config.json from original name : data/scene_datasets/gibson_semantic/./Maitland.glb| This file does not exist.
[09:42:06:031017]:[Metadata] AbstractObjectAttributesManagerBase.h(184)::createObject : File (data/scene_datasets/gibson_semantic/./Maitland.glb) exists but is not a recognized config filename extension, so new default Stage Template attributes created and registered.
[09:42:06:031028]:[Metadata] AttributesManagerBase.h(380)::createFromJsonOrDefaultInternal : <Stage Template>: Proposing JSON name : data/scene_datasets/gibson_semantic/./Mammoth.stage_config.json from original name : data/scene_datasets/gibson_semantic/./Mammoth.glb| This file does not exist.
[09:42:06:031067]:[Metadata] AbstractObjectAttributesManagerBase.h(184)::createObject : File (data/scene_datasets/gibson_semantic/./Mammoth.glb) exists but is not a recognized config filename extension, so new default Stage Template attributes created and registered.
[09:42:06:031077]:[Metadata] AttributesManagerBase.h(380)::createFromJsonOrDefaultInternal : <Stage Template>: Proposing JSON name : data/scene_datasets/gibson_semantic/./Maricopa.stage_config.json from original name : data/scene_datasets/gibson_semantic/./Maricopa.glb| This file does not exist.
[09:42:06:031112]:[Metadata] AbstractObjectAttributesManagerBase.h(184)::createObject : File (data/scene_datasets/gibson_semantic/./Maricopa.glb) exists but is not a recognized config filename extension, so new default Stage Template attributes created and registered.
[09:42:06:031121]:[Metadata] AttributesManagerBase.h(380)::createFromJsonOrDefaultInternal : <Stage Template>: Proposing JSON name : data/scene_datasets/gibson_semantic/./Markleeville.stage_config.json from original name : data/scene_datasets/gibson_semantic/./Markleeville.glb| This file does not exist.
[09:42:06:031155]:[Metadata] AbstractObjectAttributesManagerBase.h(184)::createObject : File (data/scene_datasets/gibson_semantic/./Markleeville.glb) exists but is not a recognized config filename extension, so new default Stage Template attributes created and registered.
[09:42:06:031165]:[Metadata] AttributesManagerBase.h(380)::createFromJsonOrDefaultInternal : <Stage Template>: Proposing JSON name : data/scene_datasets/gibson_semantic/./Marksville.stage_config.json from original name : data/scene_datasets/gibson_semantic/./Marksville.glb| This file does not exist.
[09:42:06:031200]:[Metadata] AbstractObjectAttributesManagerBase.h(184)::createObject : File (data/scene_datasets/gibson_semantic/./Marksville.glb) exists but is not a recognized config filename extension, so new default Stage Template attributes created and registered.
[09:42:06:031211]:[Metadata] AttributesManagerBase.h(380)::createFromJsonOrDefaultInternal : <Stage Template>: Proposing JSON name : data/scene_datasets/gibson_semantic/./Marland.stage_config.json from original name : data/scene_datasets/gibson_semantic/./Marland.glb| This file does not exist.
[09:42:06:031246]:[Metadata] AbstractObjectAttributesManagerBase.h(184)::createObject : File (data/scene_datasets/gibson_semantic/./Marland.glb) exists but is not a recognized config filename extension, so new default Stage Template attributes created and registered.
[09:42:06:031256]:[Metadata] AttributesManagerBase.h(380)::createFromJsonOrDefaultInternal : <Stage Template>: Proposing JSON name : data/scene_datasets/gibson_semantic/./Marstons.stage_config.json from original name : data/scene_datasets/gibson_semantic/./Marstons.glb| This file does not exist.
[09:42:06:031291]:[Metadata] AbstractObjectAttributesManagerBase.h(184)::createObject : File (data/scene_datasets/gibson_semantic/./Marstons.glb) exists but is not a recognized config filename extension, so new default Stage Template attributes created and registered.
[09:42:06:031301]:[Metadata] AttributesManagerBase.h(380)::createFromJsonOrDefaultInternal : <Stage Template>: Proposing JSON name : data/scene_datasets/gibson_semantic/./Martinville.stage_config.json from original name : data/scene_datasets/gibson_semantic/./Martinville.glb| This file does not exist.
[09:42:06:031337]:[Metadata] AbstractObjectAttributesManagerBase.h(184)::createObject : File (data/scene_datasets/gibson_semantic/./Martinville.glb) exists but is not a recognized config filename extension, so new default Stage Template attributes created and registered.
[09:42:06:031346]:[Metadata] AttributesManagerBase.h(380)::createFromJsonOrDefaultInternal : <Stage Template>: Proposing JSON name : data/scene_datasets/gibson_semantic/./Maryhill.stage_config.json from original name : data/scene_datasets/gibson_semantic/./Maryhill.glb| This file does not exist.
[09:42:06:031381]:[Metadata] AbstractObjectAttributesManagerBase.h(184)::createObject : File (data/scene_datasets/gibson_semantic/./Maryhill.glb) exists but is not a recognized config filename extension, so new default Stage Template attributes created and registered.
[09:42:06:031391]:[Metadata] AttributesManagerBase.h(380)::createFromJsonOrDefaultInternal : <Stage Template>: Proposing JSON name : data/scene_datasets/gibson_semantic/./Mashulaville.stage_config.json from original name : data/scene_datasets/gibson_semantic/./Mashulaville.glb| This file does not exist.
[09:42:06:031426]:[Metadata] AbstractObjectAttributesManagerBase.h(184)::createObject : File (data/scene_datasets/gibson_semantic/./Mashulaville.glb) exists but is not a recognized config filename extension, so new default Stage Template attributes created and registered.
[09:42:06:031435]:[Metadata] AttributesManagerBase.h(380)::createFromJsonOrDefaultInternal : <Stage Template>: Proposing JSON name : data/scene_datasets/gibson_semantic/./Maugansville.stage_config.json from original name : data/scene_datasets/gibson_semantic/./Maugansville.glb| This file does not exist.
[09:42:06:031473]:[Metadata] AbstractObjectAttributesManagerBase.h(184)::createObject : File (data/scene_datasets/gibson_semantic/./Maugansville.glb) exists but is not a recognized config filename extension, so new default Stage Template attributes created and registered.
[09:42:06:031483]:[Metadata] AttributesManagerBase.h(380)::createFromJsonOrDefaultInternal : <Stage Template>: Proposing JSON name : data/scene_datasets/gibson_semantic/./Maunawili.stage_config.json from original name : data/scene_datasets/gibson_semantic/./Maunawili.glb| This file does not exist.
[09:42:06:031517]:[Metadata] AbstractObjectAttributesManagerBase.h(184)::createObject : File (data/scene_datasets/gibson_semantic/./Maunawili.glb) exists but is not a recognized config filename extension, so new default Stage Template attributes created and registered.
[09:42:06:031527]:[Metadata] AttributesManagerBase.h(380)::createFromJsonOrDefaultInternal : <Stage Template>: Proposing JSON name : data/scene_datasets/gibson_semantic/./Mayesville.stage_config.json from original name : data/scene_datasets/gibson_semantic/./Mayesville.glb| This file does not exist.
[09:42:06:031563]:[Metadata] AbstractObjectAttributesManagerBase.h(184)::createObject : File (data/scene_datasets/gibson_semantic/./Mayesville.glb) exists but is not a recognized config filename extension, so new default Stage Template attributes created and registered.
[09:42:06:031572]:[Metadata] AttributesManagerBase.h(380)::createFromJsonOrDefaultInternal : <Stage Template>: Proposing JSON name : data/scene_datasets/gibson_semantic/./Mazomanie.stage_config.json from original name : data/scene_datasets/gibson_semantic/./Mazomanie.glb| This file does not exist.
[09:42:06:031608]:[Metadata] AbstractObjectAttributesManagerBase.h(184)::createObject : File (data/scene_datasets/gibson_semantic/./Mazomanie.glb) exists but is not a recognized config filename extension, so new default Stage Template attributes created and registered.
[09:42:06:031618]:[Metadata] AttributesManagerBase.h(380)::createFromJsonOrDefaultInternal : <Stage Template>: Proposing JSON name : data/scene_datasets/gibson_semantic/./McCloud.stage_config.json from original name : data/scene_datasets/gibson_semantic/./McCloud.glb| This file does not exist.
[09:42:06:031655]:[Metadata] AbstractObjectAttributesManagerBase.h(184)::createObject : File (data/scene_datasets/gibson_semantic/./McCloud.glb) exists but is not a recognized config filename extension, so new default Stage Template attributes created and registered.
[09:42:06:031664]:[Metadata] AttributesManagerBase.h(380)::createFromJsonOrDefaultInternal : <Stage Template>: Proposing JSON name : data/scene_datasets/gibson_semantic/./McEwen.stage_config.json from original name : data/scene_datasets/gibson_semantic/./McEwen.glb| This file does not exist.
[09:42:06:031700]:[Metadata] AbstractObjectAttributesManagerBase.h(184)::createObject : File (data/scene_datasets/gibson_semantic/./McEwen.glb) exists but is not a recognized config filename extension, so new default Stage Template attributes created and registered.
[09:42:06:031709]:[Metadata] AttributesManagerBase.h(380)::createFromJsonOrDefaultInternal : <Stage Template>: Proposing JSON name : data/scene_datasets/gibson_semantic/./McKeesport.stage_config.json from original name : data/scene_datasets/gibson_semantic/./McKeesport.glb| This file does not exist.
[09:42:06:031745]:[Metadata] AbstractObjectAttributesManagerBase.h(184)::createObject : File (data/scene_datasets/gibson_semantic/./McKeesport.glb) exists but is not a recognized config filename extension, so new default Stage Template attributes created and registered.
[09:42:06:031754]:[Metadata] AttributesManagerBase.h(380)::createFromJsonOrDefaultInternal : <Stage Template>: Proposing JSON name : data/scene_datasets/gibson_semantic/./Melstone.stage_config.json from original name : data/scene_datasets/gibson_semantic/./Melstone.glb| This file does not exist.
[09:42:06:031790]:[Metadata] AbstractObjectAttributesManagerBase.h(184)::createObject : File (data/scene_datasets/gibson_semantic/./Melstone.glb) exists but is not a recognized config filename extension, so new default Stage Template attributes created and registered.
[09:42:06:031800]:[Metadata] AttributesManagerBase.h(380)::createFromJsonOrDefaultInternal : <Stage Template>: Proposing JSON name : data/scene_datasets/gibson_semantic/./Mentasta.stage_config.json from original name : data/scene_datasets/gibson_semantic/./Mentasta.glb| This file does not exist.
[09:42:06:031834]:[Metadata] AbstractObjectAttributesManagerBase.h(184)::createObject : File (data/scene_datasets/gibson_semantic/./Mentasta.glb) exists but is not a recognized config filename extension, so new default Stage Template attributes created and registered.
[09:42:06:031844]:[Metadata] AttributesManagerBase.h(380)::createFromJsonOrDefaultInternal : <Stage Template>: Proposing JSON name : data/scene_datasets/gibson_semantic/./Mentmore.stage_config.json from original name : data/scene_datasets/gibson_semantic/./Mentmore.glb| This file does not exist.
[09:42:06:031879]:[Metadata] AbstractObjectAttributesManagerBase.h(184)::createObject : File (data/scene_datasets/gibson_semantic/./Mentmore.glb) exists but is not a recognized config filename extension, so new default Stage Template attributes created and registered.
[09:42:06:031889]:[Metadata] AttributesManagerBase.h(380)::createFromJsonOrDefaultInternal : <Stage Template>: Proposing JSON name : data/scene_datasets/gibson_semantic/./Merchantville.stage_config.json from original name : data/scene_datasets/gibson_semantic/./Merchantville.glb| This file does not exist.
[09:42:06:031925]:[Metadata] AbstractObjectAttributesManagerBase.h(184)::createObject : File (data/scene_datasets/gibson_semantic/./Merchantville.glb) exists but is not a recognized config filename extension, so new default Stage Template attributes created and registered.
[09:42:06:031934]:[Metadata] AttributesManagerBase.h(380)::createFromJsonOrDefaultInternal : <Stage Template>: Proposing JSON name : data/scene_datasets/gibson_semantic/./Merlin.stage_config.json from original name : data/scene_datasets/gibson_semantic/./Merlin.glb| This file does not exist.
[09:42:06:031971]:[Metadata] AbstractObjectAttributesManagerBase.h(184)::createObject : File (data/scene_datasets/gibson_semantic/./Merlin.glb) exists but is not a recognized config filename extension, so new default Stage Template attributes created and registered.
[09:42:06:031980]:[Metadata] AttributesManagerBase.h(380)::createFromJsonOrDefaultInternal : <Stage Template>: Proposing JSON name : data/scene_datasets/gibson_semantic/./Merom.stage_config.json from original name : data/scene_datasets/gibson_semantic/./Merom.glb| This file does not exist.
[09:42:06:032016]:[Metadata] AbstractObjectAttributesManagerBase.h(184)::createObject : File (data/scene_datasets/gibson_semantic/./Merom.glb) exists but is not a recognized config filename extension, so new default Stage Template attributes created and registered.
[09:42:06:032025]:[Metadata] AttributesManagerBase.h(380)::createFromJsonOrDefaultInternal : <Stage Template>: Proposing JSON name : data/scene_datasets/gibson_semantic/./Mesic.stage_config.json from original name : data/scene_datasets/gibson_semantic/./Mesic.glb| This file does not exist.
[09:42:06:032060]:[Metadata] AbstractObjectAttributesManagerBase.h(184)::createObject : File (data/scene_datasets/gibson_semantic/./Mesic.glb) exists but is not a recognized config filename extension, so new default Stage Template attributes created and registered.
[09:42:06:032070]:[Metadata] AttributesManagerBase.h(380)::createFromJsonOrDefaultInternal : <Stage Template>: Proposing JSON name : data/scene_datasets/gibson_semantic/./Micanopy.stage_config.json from original name : data/scene_datasets/gibson_semantic/./Micanopy.glb| This file does not exist.
[09:42:06:032111]:[Metadata] AbstractObjectAttributesManagerBase.h(184)::createObject : File (data/scene_datasets/gibson_semantic/./Micanopy.glb) exists but is not a recognized config filename extension, so new default Stage Template attributes created and registered.
[09:42:06:032144]:[Metadata] AttributesManagerBase.h(380)::createFromJsonOrDefaultInternal : <Stage Template>: Proposing JSON name : data/scene_datasets/gibson_semantic/./Michiana.stage_config.json from original name : data/scene_datasets/gibson_semantic/./Michiana.glb| This file does not exist.
[09:42:06:032204]:[Metadata] AbstractObjectAttributesManagerBase.h(184)::createObject : File (data/scene_datasets/gibson_semantic/./Michiana.glb) exists but is not a recognized config filename extension, so new default Stage Template attributes created and registered.
[09:42:06:032217]:[Metadata] AttributesManagerBase.h(380)::createFromJsonOrDefaultInternal : <Stage Template>: Proposing JSON name : data/scene_datasets/gibson_semantic/./Mifflinburg.stage_config.json from original name : data/scene_datasets/gibson_semantic/./Mifflinburg.glb| This file does not exist.
[09:42:06:032259]:[Metadata] AbstractObjectAttributesManagerBase.h(184)::createObject : File (data/scene_datasets/gibson_semantic/./Mifflinburg.glb) exists but is not a recognized config filename extension, so new default Stage Template attributes created and registered.
[09:42:06:032288]:[Metadata] AttributesManagerBase.h(380)::createFromJsonOrDefaultInternal : <Stage Template>: Proposing JSON name : data/scene_datasets/gibson_semantic/./Mifflintown.stage_config.json from original name : data/scene_datasets/gibson_semantic/./Mifflintown.glb| This file does not exist.
[09:42:06:032348]:[Metadata] AbstractObjectAttributesManagerBase.h(184)::createObject : File (data/scene_datasets/gibson_semantic/./Mifflintown.glb) exists but is not a recognized config filename extension, so new default Stage Template attributes created and registered.
[09:42:06:032361]:[Metadata] AttributesManagerBase.h(380)::createFromJsonOrDefaultInternal : <Stage Template>: Proposing JSON name : data/scene_datasets/gibson_semantic/./Milaca.stage_config.json from original name : data/scene_datasets/gibson_semantic/./Milaca.glb| This file does not exist.
[09:42:06:032407]:[Metadata] AbstractObjectAttributesManagerBase.h(184)::createObject : File (data/scene_datasets/gibson_semantic/./Milaca.glb) exists but is not a recognized config filename extension, so new default Stage Template attributes created and registered.
[09:42:06:032445]:[Metadata] AttributesManagerBase.h(380)::createFromJsonOrDefaultInternal : <Stage Template>: Proposing JSON name : data/scene_datasets/gibson_semantic/./Milford.stage_config.json from original name : data/scene_datasets/gibson_semantic/./Milford.glb| This file does not exist.
[09:42:06:032483]:[Metadata] AbstractObjectAttributesManagerBase.h(184)::createObject : File (data/scene_datasets/gibson_semantic/./Milford.glb) exists but is not a recognized config filename extension, so new default Stage Template attributes created and registered.
[09:42:06:032492]:[Metadata] AttributesManagerBase.h(380)::createFromJsonOrDefaultInternal : <Stage Template>: Proposing JSON name : data/scene_datasets/gibson_semantic/./Millbury.stage_config.json from original name : data/scene_datasets/gibson_semantic/./Millbury.glb| This file does not exist.
[09:42:06:032528]:[Metadata] AbstractObjectAttributesManagerBase.h(184)::createObject : File (data/scene_datasets/gibson_semantic/./Millbury.glb) exists but is not a recognized config filename extension, so new default Stage Template attributes created and registered.
[09:42:06:032538]:[Metadata] AttributesManagerBase.h(380)::createFromJsonOrDefaultInternal : <Stage Template>: Proposing JSON name : data/scene_datasets/gibson_semantic/./Moark.stage_config.json from original name : data/scene_datasets/gibson_semantic/./Moark.glb| This file does not exist.
[09:42:06:032573]:[Metadata] AbstractObjectAttributesManagerBase.h(184)::createObject : File (data/scene_datasets/gibson_semantic/./Moark.glb) exists but is not a recognized config filename extension, so new default Stage Template attributes created and registered.
[09:42:06:032584]:[Metadata] AttributesManagerBase.h(380)::createFromJsonOrDefaultInternal : <Stage Template>: Proposing JSON name : data/scene_datasets/gibson_semantic/./Moberly.stage_config.json from original name : data/scene_datasets/gibson_semantic/./Moberly.glb| This file does not exist.
[09:42:06:032620]:[Metadata] AbstractObjectAttributesManagerBase.h(184)::createObject : File (data/scene_datasets/gibson_semantic/./Moberly.glb) exists but is not a recognized config filename extension, so new default Stage Template attributes created and registered.
[09:42:06:032629]:[Metadata] AttributesManagerBase.h(380)::createFromJsonOrDefaultInternal : <Stage Template>: Proposing JSON name : data/scene_datasets/gibson_semantic/./Mobridge.stage_config.json from original name : data/scene_datasets/gibson_semantic/./Mobridge.glb| This file does not exist.
[09:42:06:032664]:[Metadata] AbstractObjectAttributesManagerBase.h(184)::createObject : File (data/scene_datasets/gibson_semantic/./Mobridge.glb) exists but is not a recognized config filename extension, so new default Stage Template attributes created and registered.
[09:42:06:032674]:[Metadata] AttributesManagerBase.h(380)::createFromJsonOrDefaultInternal : <Stage Template>: Proposing JSON name : data/scene_datasets/gibson_semantic/./Model.stage_config.json from original name : data/scene_datasets/gibson_semantic/./Model.glb| This file does not exist.
[09:42:06:032709]:[Metadata] AbstractObjectAttributesManagerBase.h(184)::createObject : File (data/scene_datasets/gibson_semantic/./Model.glb) exists but is not a recognized config filename extension, so new default Stage Template attributes created and registered.
[09:42:06:032718]:[Metadata] AttributesManagerBase.h(380)::createFromJsonOrDefaultInternal : <Stage Template>: Proposing JSON name : data/scene_datasets/gibson_semantic/./Mogadore.stage_config.json from original name : data/scene_datasets/gibson_semantic/./Mogadore.glb| This file does not exist.
[09:42:06:032753]:[Metadata] AbstractObjectAttributesManagerBase.h(184)::createObject : File (data/scene_datasets/gibson_semantic/./Mogadore.glb) exists but is not a recognized config filename extension, so new default Stage Template attributes created and registered.
[09:42:06:032763]:[Metadata] AttributesManagerBase.h(380)::createFromJsonOrDefaultInternal : <Stage Template>: Proposing JSON name : data/scene_datasets/gibson_semantic/./Mogote.stage_config.json from original name : data/scene_datasets/gibson_semantic/./Mogote.glb| This file does not exist.
[09:42:06:032797]:[Metadata] AbstractObjectAttributesManagerBase.h(184)::createObject : File (data/scene_datasets/gibson_semantic/./Mogote.glb) exists but is not a recognized config filename extension, so new default Stage Template attributes created and registered.
[09:42:06:032807]:[Metadata] AttributesManagerBase.h(380)::createFromJsonOrDefaultInternal : <Stage Template>: Proposing JSON name : data/scene_datasets/gibson_semantic/./Monson.stage_config.json from original name : data/scene_datasets/gibson_semantic/./Monson.glb| This file does not exist.
[09:42:06:032842]:[Metadata] AbstractObjectAttributesManagerBase.h(184)::createObject : File (data/scene_datasets/gibson_semantic/./Monson.glb) exists but is not a recognized config filename extension, so new default Stage Template attributes created and registered.
[09:42:06:032852]:[Metadata] AttributesManagerBase.h(380)::createFromJsonOrDefaultInternal : <Stage Template>: Proposing JSON name : data/scene_datasets/gibson_semantic/./Monticello.stage_config.json from original name : data/scene_datasets/gibson_semantic/./Monticello.glb| This file does not exist.
[09:42:06:032886]:[Metadata] AbstractObjectAttributesManagerBase.h(184)::createObject : File (data/scene_datasets/gibson_semantic/./Monticello.glb) exists but is not a recognized config filename extension, so new default Stage Template attributes created and registered.
[09:42:06:032896]:[Metadata] AttributesManagerBase.h(380)::createFromJsonOrDefaultInternal : <Stage Template>: Proposing JSON name : data/scene_datasets/gibson_semantic/./Montreal.stage_config.json from original name : data/scene_datasets/gibson_semantic/./Montreal.glb| This file does not exist.
[09:42:06:032931]:[Metadata] AbstractObjectAttributesManagerBase.h(184)::createObject : File (data/scene_datasets/gibson_semantic/./Montreal.glb) exists but is not a recognized config filename extension, so new default Stage Template attributes created and registered.
[09:42:06:032942]:[Metadata] AttributesManagerBase.h(380)::createFromJsonOrDefaultInternal : <Stage Template>: Proposing JSON name : data/scene_datasets/gibson_semantic/./Moonachie.stage_config.json from original name : data/scene_datasets/gibson_semantic/./Moonachie.glb| This file does not exist.
[09:42:06:032978]:[Metadata] AbstractObjectAttributesManagerBase.h(184)::createObject : File (data/scene_datasets/gibson_semantic/./Moonachie.glb) exists but is not a recognized config filename extension, so new default Stage Template attributes created and registered.
[09:42:06:032988]:[Metadata] AttributesManagerBase.h(380)::createFromJsonOrDefaultInternal : <Stage Template>: Proposing JSON name : data/scene_datasets/gibson_semantic/./Mosinee.stage_config.json from original name : data/scene_datasets/gibson_semantic/./Mosinee.glb| This file does not exist.
[09:42:06:033023]:[Metadata] AbstractObjectAttributesManagerBase.h(184)::createObject : File (data/scene_datasets/gibson_semantic/./Mosinee.glb) exists but is not a recognized config filename extension, so new default Stage Template attributes created and registered.
[09:42:06:033033]:[Metadata] AttributesManagerBase.h(380)::createFromJsonOrDefaultInternal : <Stage Template>: Proposing JSON name : data/scene_datasets/gibson_semantic/./Mosquito.stage_config.json from original name : data/scene_datasets/gibson_semantic/./Mosquito.glb| This file does not exist.
[09:42:06:033068]:[Metadata] AbstractObjectAttributesManagerBase.h(184)::createObject : File (data/scene_datasets/gibson_semantic/./Mosquito.glb) exists but is not a recognized config filename extension, so new default Stage Template attributes created and registered.
[09:42:06:033078]:[Metadata] AttributesManagerBase.h(380)::createFromJsonOrDefaultInternal : <Stage Template>: Proposing JSON name : data/scene_datasets/gibson_semantic/./Mullica.stage_config.json from original name : data/scene_datasets/gibson_semantic/./Mullica.glb| This file does not exist.
[09:42:06:033113]:[Metadata] AbstractObjectAttributesManagerBase.h(184)::createObject : File (data/scene_datasets/gibson_semantic/./Mullica.glb) exists but is not a recognized config filename extension, so new default Stage Template attributes created and registered.
[09:42:06:033122]:[Metadata] AttributesManagerBase.h(380)::createFromJsonOrDefaultInternal : <Stage Template>: Proposing JSON name : data/scene_datasets/gibson_semantic/./Munsons.stage_config.json from original name : data/scene_datasets/gibson_semantic/./Munsons.glb| This file does not exist.
[09:42:06:033159]:[Metadata] AbstractObjectAttributesManagerBase.h(184)::createObject : File (data/scene_datasets/gibson_semantic/./Munsons.glb) exists but is not a recognized config filename extension, so new default Stage Template attributes created and registered.
[09:42:06:033169]:[Metadata] AttributesManagerBase.h(380)::createFromJsonOrDefaultInternal : <Stage Template>: Proposing JSON name : data/scene_datasets/gibson_semantic/./Murchison.stage_config.json from original name : data/scene_datasets/gibson_semantic/./Murchison.glb| This file does not exist.
[09:42:06:033204]:[Metadata] AbstractObjectAttributesManagerBase.h(184)::createObject : File (data/scene_datasets/gibson_semantic/./Murchison.glb) exists but is not a recognized config filename extension, so new default Stage Template attributes created and registered.
[09:42:06:033215]:[Metadata] AttributesManagerBase.h(380)::createFromJsonOrDefaultInternal : <Stage Template>: Proposing JSON name : data/scene_datasets/gibson_semantic/./Musicks.stage_config.json from original name : data/scene_datasets/gibson_semantic/./Musicks.glb| This file does not exist.
[09:42:06:033249]:[Metadata] AbstractObjectAttributesManagerBase.h(184)::createObject : File (data/scene_datasets/gibson_semantic/./Musicks.glb) exists but is not a recognized config filename extension, so new default Stage Template attributes created and registered.
[09:42:06:033259]:[Metadata] AttributesManagerBase.h(380)::createFromJsonOrDefaultInternal : <Stage Template>: Proposing JSON name : data/scene_datasets/gibson_semantic/./Neibert.stage_config.json from original name : data/scene_datasets/gibson_semantic/./Neibert.glb| This file does not exist.
[09:42:06:033295]:[Metadata] AbstractObjectAttributesManagerBase.h(184)::createObject : File (data/scene_datasets/gibson_semantic/./Neibert.glb) exists but is not a recognized config filename extension, so new default Stage Template attributes created and registered.
[09:42:06:033304]:[Metadata] AttributesManagerBase.h(380)::createFromJsonOrDefaultInternal : <Stage Template>: Proposing JSON name : data/scene_datasets/gibson_semantic/./Nemacolin.stage_config.json from original name : data/scene_datasets/gibson_semantic/./Nemacolin.glb| This file does not exist.
[09:42:06:033339]:[Metadata] AbstractObjectAttributesManagerBase.h(184)::createObject : File (data/scene_datasets/gibson_semantic/./Nemacolin.glb) exists but is not a recognized config filename extension, so new default Stage Template attributes created and registered.
[09:42:06:033349]:[Metadata] AttributesManagerBase.h(380)::createFromJsonOrDefaultInternal : <Stage Template>: Proposing JSON name : data/scene_datasets/gibson_semantic/./Neshkoro.stage_config.json from original name : data/scene_datasets/gibson_semantic/./Neshkoro.glb| This file does not exist.
[09:42:06:033385]:[Metadata] AbstractObjectAttributesManagerBase.h(184)::createObject : File (data/scene_datasets/gibson_semantic/./Neshkoro.glb) exists but is not a recognized config filename extension, so new default Stage Template attributes created and registered.
[09:42:06:033395]:[Metadata] AttributesManagerBase.h(380)::createFromJsonOrDefaultInternal : <Stage Template>: Proposing JSON name : data/scene_datasets/gibson_semantic/./Newcomb.stage_config.json from original name : data/scene_datasets/gibson_semantic/./Newcomb.glb| This file does not exist.
[09:42:06:033430]:[Metadata] AbstractObjectAttributesManagerBase.h(184)::createObject : File (data/scene_datasets/gibson_semantic/./Newcomb.glb) exists but is not a recognized config filename extension, so new default Stage Template attributes created and registered.
[09:42:06:033440]:[Metadata] AttributesManagerBase.h(380)::createFromJsonOrDefaultInternal : <Stage Template>: Proposing JSON name : data/scene_datasets/gibson_semantic/./Newfields.stage_config.json from original name : data/scene_datasets/gibson_semantic/./Newfields.glb| This file does not exist.
[09:42:06:033476]:[Metadata] AbstractObjectAttributesManagerBase.h(184)::createObject : File (data/scene_datasets/gibson_semantic/./Newfields.glb) exists but is not a recognized config filename extension, so new default Stage Template attributes created and registered.
[09:42:06:033486]:[Metadata] AttributesManagerBase.h(380)::createFromJsonOrDefaultInternal : <Stage Template>: Proposing JSON name : data/scene_datasets/gibson_semantic/./Nicut.stage_config.json from original name : data/scene_datasets/gibson_semantic/./Nicut.glb| This file does not exist.
[09:42:06:033522]:[Metadata] AbstractObjectAttributesManagerBase.h(184)::createObject : File (data/scene_datasets/gibson_semantic/./Nicut.glb) exists but is not a recognized config filename extension, so new default Stage Template attributes created and registered.
[09:42:06:033532]:[Metadata] AttributesManagerBase.h(380)::createFromJsonOrDefaultInternal : <Stage Template>: Proposing JSON name : data/scene_datasets/gibson_semantic/./Nimmons.stage_config.json from original name : data/scene_datasets/gibson_semantic/./Nimmons.glb| This file does not exist.
[09:42:06:033566]:[Metadata] AbstractObjectAttributesManagerBase.h(184)::createObject : File (data/scene_datasets/gibson_semantic/./Nimmons.glb) exists but is not a recognized config filename extension, so new default Stage Template attributes created and registered.
[09:42:06:033575]:[Metadata] AttributesManagerBase.h(380)::createFromJsonOrDefaultInternal : <Stage Template>: Proposing JSON name : data/scene_datasets/gibson_semantic/./Noonday.stage_config.json from original name : data/scene_datasets/gibson_semantic/./Noonday.glb| This file does not exist.
[09:42:06:033612]:[Metadata] AbstractObjectAttributesManagerBase.h(184)::createObject : File (data/scene_datasets/gibson_semantic/./Noonday.glb) exists but is not a recognized config filename extension, so new default Stage Template attributes created and registered.
[09:42:06:033621]:[Metadata] AttributesManagerBase.h(380)::createFromJsonOrDefaultInternal : <Stage Template>: Proposing JSON name : data/scene_datasets/gibson_semantic/./Northgate.stage_config.json from original name : data/scene_datasets/gibson_semantic/./Northgate.glb| This file does not exist.
[09:42:06:033657]:[Metadata] AbstractObjectAttributesManagerBase.h(184)::createObject : File (data/scene_datasets/gibson_semantic/./Northgate.glb) exists but is not a recognized config filename extension, so new default Stage Template attributes created and registered.
[09:42:06:033667]:[Metadata] AttributesManagerBase.h(380)::createFromJsonOrDefaultInternal : <Stage Template>: Proposing JSON name : data/scene_datasets/gibson_semantic/./Nuevo.stage_config.json from original name : data/scene_datasets/gibson_semantic/./Nuevo.glb| This file does not exist.
[09:42:06:033702]:[Metadata] AbstractObjectAttributesManagerBase.h(184)::createObject : File (data/scene_datasets/gibson_semantic/./Nuevo.glb) exists but is not a recognized config filename extension, so new default Stage Template attributes created and registered.
[09:42:06:033711]:[Metadata] AttributesManagerBase.h(380)::createFromJsonOrDefaultInternal : <Stage Template>: Proposing JSON name : data/scene_datasets/gibson_semantic/./Ogilvie.stage_config.json from original name : data/scene_datasets/gibson_semantic/./Ogilvie.glb| This file does not exist.
[09:42:06:033747]:[Metadata] AbstractObjectAttributesManagerBase.h(184)::createObject : File (data/scene_datasets/gibson_semantic/./Ogilvie.glb) exists but is not a recognized config filename extension, so new default Stage Template attributes created and registered.
[09:42:06:033756]:[Metadata] AttributesManagerBase.h(380)::createFromJsonOrDefaultInternal : <Stage Template>: Proposing JSON name : data/scene_datasets/gibson_semantic/./Okabena.stage_config.json from original name : data/scene_datasets/gibson_semantic/./Okabena.glb| This file does not exist.
[09:42:06:033791]:[Metadata] AbstractObjectAttributesManagerBase.h(184)::createObject : File (data/scene_datasets/gibson_semantic/./Okabena.glb) exists but is not a recognized config filename extension, so new default Stage Template attributes created and registered.
[09:42:06:033800]:[Metadata] AttributesManagerBase.h(380)::createFromJsonOrDefaultInternal : <Stage Template>: Proposing JSON name : data/scene_datasets/gibson_semantic/./Onaga.stage_config.json from original name : data/scene_datasets/gibson_semantic/./Onaga.glb| This file does not exist.
[09:42:06:033838]:[Metadata] AbstractObjectAttributesManagerBase.h(184)::createObject : File (data/scene_datasets/gibson_semantic/./Onaga.glb) exists but is not a recognized config filename extension, so new default Stage Template attributes created and registered.
[09:42:06:033847]:[Metadata] AttributesManagerBase.h(380)::createFromJsonOrDefaultInternal : <Stage Template>: Proposing JSON name : data/scene_datasets/gibson_semantic/./Ooltewah.stage_config.json from original name : data/scene_datasets/gibson_semantic/./Ooltewah.glb| This file does not exist.
[09:42:06:033882]:[Metadata] AbstractObjectAttributesManagerBase.h(184)::createObject : File (data/scene_datasets/gibson_semantic/./Ooltewah.glb) exists but is not a recognized config filename extension, so new default Stage Template attributes created and registered.
[09:42:06:033892]:[Metadata] AttributesManagerBase.h(380)::createFromJsonOrDefaultInternal : <Stage Template>: Proposing JSON name : data/scene_datasets/gibson_semantic/./Ophir.stage_config.json from original name : data/scene_datasets/gibson_semantic/./Ophir.glb| This file does not exist.
[09:42:06:033928]:[Metadata] AbstractObjectAttributesManagerBase.h(184)::createObject : File (data/scene_datasets/gibson_semantic/./Ophir.glb) exists but is not a recognized config filename extension, so new default Stage Template attributes created and registered.
[09:42:06:033937]:[Metadata] AttributesManagerBase.h(380)::createFromJsonOrDefaultInternal : <Stage Template>: Proposing JSON name : data/scene_datasets/gibson_semantic/./Orangeburg.stage_config.json from original name : data/scene_datasets/gibson_semantic/./Orangeburg.glb| This file does not exist.
[09:42:06:033972]:[Metadata] AbstractObjectAttributesManagerBase.h(184)::createObject : File (data/scene_datasets/gibson_semantic/./Orangeburg.glb) exists but is not a recognized config filename extension, so new default Stage Template attributes created and registered.
[09:42:06:033982]:[Metadata] AttributesManagerBase.h(380)::createFromJsonOrDefaultInternal : <Stage Template>: Proposing JSON name : data/scene_datasets/gibson_semantic/./Orason.stage_config.json from original name : data/scene_datasets/gibson_semantic/./Orason.glb| This file does not exist.
[09:42:06:034017]:[Metadata] AbstractObjectAttributesManagerBase.h(184)::createObject : File (data/scene_datasets/gibson_semantic/./Orason.glb) exists but is not a recognized config filename extension, so new default Stage Template attributes created and registered.
[09:42:06:034027]:[Metadata] AttributesManagerBase.h(380)::createFromJsonOrDefaultInternal : <Stage Template>: Proposing JSON name : data/scene_datasets/gibson_semantic/./Oriole.stage_config.json from original name : data/scene_datasets/gibson_semantic/./Oriole.glb| This file does not exist.
[09:42:06:034062]:[Metadata] AbstractObjectAttributesManagerBase.h(184)::createObject : File (data/scene_datasets/gibson_semantic/./Oriole.glb) exists but is not a recognized config filename extension, so new default Stage Template attributes created and registered.
[09:42:06:034072]:[Metadata] AttributesManagerBase.h(380)::createFromJsonOrDefaultInternal : <Stage Template>: Proposing JSON name : data/scene_datasets/gibson_semantic/./Ossipee.stage_config.json from original name : data/scene_datasets/gibson_semantic/./Ossipee.glb| This file does not exist.
[09:42:06:034107]:[Metadata] AbstractObjectAttributesManagerBase.h(184)::createObject : File (data/scene_datasets/gibson_semantic/./Ossipee.glb) exists but is not a recognized config filename extension, so new default Stage Template attributes created and registered.
[09:42:06:034117]:[Metadata] AttributesManagerBase.h(380)::createFromJsonOrDefaultInternal : <Stage Template>: Proposing JSON name : data/scene_datasets/gibson_semantic/./Ovalo.stage_config.json from original name : data/scene_datasets/gibson_semantic/./Ovalo.glb| This file does not exist.
[09:42:06:034152]:[Metadata] AbstractObjectAttributesManagerBase.h(184)::createObject : File (data/scene_datasets/gibson_semantic/./Ovalo.glb) exists but is not a recognized config filename extension, so new default Stage Template attributes created and registered.
[09:42:06:034162]:[Metadata] AttributesManagerBase.h(380)::createFromJsonOrDefaultInternal : <Stage Template>: Proposing JSON name : data/scene_datasets/gibson_semantic/./Oyens.stage_config.json from original name : data/scene_datasets/gibson_semantic/./Oyens.glb| This file does not exist.
[09:42:06:034198]:[Metadata] AbstractObjectAttributesManagerBase.h(184)::createObject : File (data/scene_datasets/gibson_semantic/./Oyens.glb) exists but is not a recognized config filename extension, so new default Stage Template attributes created and registered.
[09:42:06:034208]:[Metadata] AttributesManagerBase.h(380)::createFromJsonOrDefaultInternal : <Stage Template>: Proposing JSON name : data/scene_datasets/gibson_semantic/./Pablo.stage_config.json from original name : data/scene_datasets/gibson_semantic/./Pablo.glb| This file does not exist.
[09:42:06:034243]:[Metadata] AbstractObjectAttributesManagerBase.h(184)::createObject : File (data/scene_datasets/gibson_semantic/./Pablo.glb) exists but is not a recognized config filename extension, so new default Stage Template attributes created and registered.
[09:42:06:034253]:[Metadata] AttributesManagerBase.h(380)::createFromJsonOrDefaultInternal : <Stage Template>: Proposing JSON name : data/scene_datasets/gibson_semantic/./Pamelia.stage_config.json from original name : data/scene_datasets/gibson_semantic/./Pamelia.glb| This file does not exist.
[09:42:06:034288]:[Metadata] AbstractObjectAttributesManagerBase.h(184)::createObject : File (data/scene_datasets/gibson_semantic/./Pamelia.glb) exists but is not a recognized config filename extension, so new default Stage Template attributes created and registered.
[09:42:06:034298]:[Metadata] AttributesManagerBase.h(380)::createFromJsonOrDefaultInternal : <Stage Template>: Proposing JSON name : data/scene_datasets/gibson_semantic/./Parole.stage_config.json from original name : data/scene_datasets/gibson_semantic/./Parole.glb| This file does not exist.
[09:42:06:034335]:[Metadata] AbstractObjectAttributesManagerBase.h(184)::createObject : File (data/scene_datasets/gibson_semantic/./Parole.glb) exists but is not a recognized config filename extension, so new default Stage Template attributes created and registered.
[09:42:06:034345]:[Metadata] AttributesManagerBase.h(380)::createFromJsonOrDefaultInternal : <Stage Template>: Proposing JSON name : data/scene_datasets/gibson_semantic/./Pasatiempo.stage_config.json from original name : data/scene_datasets/gibson_semantic/./Pasatiempo.glb| This file does not exist.
[09:42:06:034381]:[Metadata] AbstractObjectAttributesManagerBase.h(184)::createObject : File (data/scene_datasets/gibson_semantic/./Pasatiempo.glb) exists but is not a recognized config filename extension, so new default Stage Template attributes created and registered.
[09:42:06:034390]:[Metadata] AttributesManagerBase.h(380)::createFromJsonOrDefaultInternal : <Stage Template>: Proposing JSON name : data/scene_datasets/gibson_semantic/./Peacock.stage_config.json from original name : data/scene_datasets/gibson_semantic/./Peacock.glb| This file does not exist.
[09:42:06:034425]:[Metadata] AbstractObjectAttributesManagerBase.h(184)::createObject : File (data/scene_datasets/gibson_semantic/./Peacock.glb) exists but is not a recognized config filename extension, so new default Stage Template attributes created and registered.
[09:42:06:034435]:[Metadata] AttributesManagerBase.h(380)::createFromJsonOrDefaultInternal : <Stage Template>: Proposing JSON name : data/scene_datasets/gibson_semantic/./Pearce.stage_config.json from original name : data/scene_datasets/gibson_semantic/./Pearce.glb| This file does not exist.
[09:42:06:034470]:[Metadata] AbstractObjectAttributesManagerBase.h(184)::createObject : File (data/scene_datasets/gibson_semantic/./Pearce.glb) exists but is not a recognized config filename extension, so new default Stage Template attributes created and registered.
[09:42:06:034480]:[Metadata] AttributesManagerBase.h(380)::createFromJsonOrDefaultInternal : <Stage Template>: Proposing JSON name : data/scene_datasets/gibson_semantic/./Peden.stage_config.json from original name : data/scene_datasets/gibson_semantic/./Peden.glb| This file does not exist.
[09:42:06:034515]:[Metadata] AbstractObjectAttributesManagerBase.h(184)::createObject : File (data/scene_datasets/gibson_semantic/./Peden.glb) exists but is not a recognized config filename extension, so new default Stage Template attributes created and registered.
[09:42:06:034525]:[Metadata] AttributesManagerBase.h(380)::createFromJsonOrDefaultInternal : <Stage Template>: Proposing JSON name : data/scene_datasets/gibson_semantic/./Pettigrew.stage_config.json from original name : data/scene_datasets/gibson_semantic/./Pettigrew.glb| This file does not exist.
[09:42:06:034561]:[Metadata] AbstractObjectAttributesManagerBase.h(184)::createObject : File (data/scene_datasets/gibson_semantic/./Pettigrew.glb) exists but is not a recognized config filename extension, so new default Stage Template attributes created and registered.
[09:42:06:034571]:[Metadata] AttributesManagerBase.h(380)::createFromJsonOrDefaultInternal : <Stage Template>: Proposing JSON name : data/scene_datasets/gibson_semantic/./Pinesdale.stage_config.json from original name : data/scene_datasets/gibson_semantic/./Pinesdale.glb| This file does not exist.
[09:42:06:034605]:[Metadata] AbstractObjectAttributesManagerBase.h(184)::createObject : File (data/scene_datasets/gibson_semantic/./Pinesdale.glb) exists but is not a recognized config filename extension, so new default Stage Template attributes created and registered.
[09:42:06:034615]:[Metadata] AttributesManagerBase.h(380)::createFromJsonOrDefaultInternal : <Stage Template>: Proposing JSON name : data/scene_datasets/gibson_semantic/./Pittsburg.stage_config.json from original name : data/scene_datasets/gibson_semantic/./Pittsburg.glb| This file does not exist.
[09:42:06:034659]:[Metadata] AbstractObjectAttributesManagerBase.h(184)::createObject : File (data/scene_datasets/gibson_semantic/./Pittsburg.glb) exists but is not a recognized config filename extension, so new default Stage Template attributes created and registered.
[09:42:06:034670]:[Metadata] AttributesManagerBase.h(380)::createFromJsonOrDefaultInternal : <Stage Template>: Proposing JSON name : data/scene_datasets/gibson_semantic/./Placida.stage_config.json from original name : data/scene_datasets/gibson_semantic/./Placida.glb| This file does not exist.
[09:42:06:034704]:[Metadata] AbstractObjectAttributesManagerBase.h(184)::createObject : File (data/scene_datasets/gibson_semantic/./Placida.glb) exists but is not a recognized config filename extension, so new default Stage Template attributes created and registered.
[09:42:06:034714]:[Metadata] AttributesManagerBase.h(380)::createFromJsonOrDefaultInternal : <Stage Template>: Proposing JSON name : data/scene_datasets/gibson_semantic/./Pleasant.stage_config.json from original name : data/scene_datasets/gibson_semantic/./Pleasant.glb| This file does not exist.
[09:42:06:034751]:[Metadata] AbstractObjectAttributesManagerBase.h(184)::createObject : File (data/scene_datasets/gibson_semantic/./Pleasant.glb) exists but is not a recognized config filename extension, so new default Stage Template attributes created and registered.
[09:42:06:034762]:[Metadata] AttributesManagerBase.h(380)::createFromJsonOrDefaultInternal : <Stage Template>: Proposing JSON name : data/scene_datasets/gibson_semantic/./Plumerville.stage_config.json from original name : data/scene_datasets/gibson_semantic/./Plumerville.glb| This file does not exist.
[09:42:06:034799]:[Metadata] AbstractObjectAttributesManagerBase.h(184)::createObject : File (data/scene_datasets/gibson_semantic/./Plumerville.glb) exists but is not a recognized config filename extension, so new default Stage Template attributes created and registered.
[09:42:06:034809]:[Metadata] AttributesManagerBase.h(380)::createFromJsonOrDefaultInternal : <Stage Template>: Proposing JSON name : data/scene_datasets/gibson_semantic/./Pocasset.stage_config.json from original name : data/scene_datasets/gibson_semantic/./Pocasset.glb| This file does not exist.
[09:42:06:034845]:[Metadata] AbstractObjectAttributesManagerBase.h(184)::createObject : File (data/scene_datasets/gibson_semantic/./Pocasset.glb) exists but is not a recognized config filename extension, so new default Stage Template attributes created and registered.
[09:42:06:034854]:[Metadata] AttributesManagerBase.h(380)::createFromJsonOrDefaultInternal : <Stage Template>: Proposing JSON name : data/scene_datasets/gibson_semantic/./Pocopson.stage_config.json from original name : data/scene_datasets/gibson_semantic/./Pocopson.glb| This file does not exist.
[09:42:06:034891]:[Metadata] AbstractObjectAttributesManagerBase.h(184)::createObject : File (data/scene_datasets/gibson_semantic/./Pocopson.glb) exists but is not a recognized config filename extension, so new default Stage Template attributes created and registered.
[09:42:06:034900]:[Metadata] AttributesManagerBase.h(380)::createFromJsonOrDefaultInternal : <Stage Template>: Proposing JSON name : data/scene_datasets/gibson_semantic/./Pomaria.stage_config.json from original name : data/scene_datasets/gibson_semantic/./Pomaria.glb| This file does not exist.
[09:42:06:034935]:[Metadata] AbstractObjectAttributesManagerBase.h(184)::createObject : File (data/scene_datasets/gibson_semantic/./Pomaria.glb) exists but is not a recognized config filename extension, so new default Stage Template attributes created and registered.
[09:42:06:034946]:[Metadata] AttributesManagerBase.h(380)::createFromJsonOrDefaultInternal : <Stage Template>: Proposing JSON name : data/scene_datasets/gibson_semantic/./Portal.stage_config.json from original name : data/scene_datasets/gibson_semantic/./Portal.glb| This file does not exist.
[09:42:06:034983]:[Metadata] AbstractObjectAttributesManagerBase.h(184)::createObject : File (data/scene_datasets/gibson_semantic/./Portal.glb) exists but is not a recognized config filename extension, so new default Stage Template attributes created and registered.
[09:42:06:034993]:[Metadata] AttributesManagerBase.h(380)::createFromJsonOrDefaultInternal : <Stage Template>: Proposing JSON name : data/scene_datasets/gibson_semantic/./Portola.stage_config.json from original name : data/scene_datasets/gibson_semantic/./Portola.glb| This file does not exist.
[09:42:06:035028]:[Metadata] AbstractObjectAttributesManagerBase.h(184)::createObject : File (data/scene_datasets/gibson_semantic/./Portola.glb) exists but is not a recognized config filename extension, so new default Stage Template attributes created and registered.
[09:42:06:035038]:[Metadata] AttributesManagerBase.h(380)::createFromJsonOrDefaultInternal : <Stage Template>: Proposing JSON name : data/scene_datasets/gibson_semantic/./Potosi.stage_config.json from original name : data/scene_datasets/gibson_semantic/./Potosi.glb| This file does not exist.
[09:42:06:035074]:[Metadata] AbstractObjectAttributesManagerBase.h(184)::createObject : File (data/scene_datasets/gibson_semantic/./Potosi.glb) exists but is not a recognized config filename extension, so new default Stage Template attributes created and registered.
[09:42:06:035084]:[Metadata] AttributesManagerBase.h(380)::createFromJsonOrDefaultInternal : <Stage Template>: Proposing JSON name : data/scene_datasets/gibson_semantic/./Potterville.stage_config.json from original name : data/scene_datasets/gibson_semantic/./Potterville.glb| This file does not exist.
[09:42:06:035119]:[Metadata] AbstractObjectAttributesManagerBase.h(184)::createObject : File (data/scene_datasets/gibson_semantic/./Potterville.glb) exists but is not a recognized config filename extension, so new default Stage Template attributes created and registered.
[09:42:06:035129]:[Metadata] AttributesManagerBase.h(380)::createFromJsonOrDefaultInternal : <Stage Template>: Proposing JSON name : data/scene_datasets/gibson_semantic/./Poyen.stage_config.json from original name : data/scene_datasets/gibson_semantic/./Poyen.glb| This file does not exist.
[09:42:06:035163]:[Metadata] AbstractObjectAttributesManagerBase.h(184)::createObject : File (data/scene_datasets/gibson_semantic/./Poyen.glb) exists but is not a recognized config filename extension, so new default Stage Template attributes created and registered.
[09:42:06:035173]:[Metadata] AttributesManagerBase.h(380)::createFromJsonOrDefaultInternal : <Stage Template>: Proposing JSON name : data/scene_datasets/gibson_semantic/./Quantico.stage_config.json from original name : data/scene_datasets/gibson_semantic/./Quantico.glb| This file does not exist.
[09:42:06:035208]:[Metadata] AbstractObjectAttributesManagerBase.h(184)::createObject : File (data/scene_datasets/gibson_semantic/./Quantico.glb) exists but is not a recognized config filename extension, so new default Stage Template attributes created and registered.
[09:42:06:035218]:[Metadata] AttributesManagerBase.h(380)::createFromJsonOrDefaultInternal : <Stage Template>: Proposing JSON name : data/scene_datasets/gibson_semantic/./Ranchester.stage_config.json from original name : data/scene_datasets/gibson_semantic/./Ranchester.glb| This file does not exist.
[09:42:06:035254]:[Metadata] AbstractObjectAttributesManagerBase.h(184)::createObject : File (data/scene_datasets/gibson_semantic/./Ranchester.glb) exists but is not a recognized config filename extension, so new default Stage Template attributes created and registered.
[09:42:06:035263]:[Metadata] AttributesManagerBase.h(380)::createFromJsonOrDefaultInternal : <Stage Template>: Proposing JSON name : data/scene_datasets/gibson_semantic/./Rancocas.stage_config.json from original name : data/scene_datasets/gibson_semantic/./Rancocas.glb| This file does not exist.
[09:42:06:035299]:[Metadata] AbstractObjectAttributesManagerBase.h(184)::createObject : File (data/scene_datasets/gibson_semantic/./Rancocas.glb) exists but is not a recognized config filename extension, so new default Stage Template attributes created and registered.
[09:42:06:035309]:[Metadata] AttributesManagerBase.h(380)::createFromJsonOrDefaultInternal : <Stage Template>: Proposing JSON name : data/scene_datasets/gibson_semantic/./Random.stage_config.json from original name : data/scene_datasets/gibson_semantic/./Random.glb| This file does not exist.
[09:42:06:035346]:[Metadata] AbstractObjectAttributesManagerBase.h(184)::createObject : File (data/scene_datasets/gibson_semantic/./Random.glb) exists but is not a recognized config filename extension, so new default Stage Template attributes created and registered.
[09:42:06:035356]:[Metadata] AttributesManagerBase.h(380)::createFromJsonOrDefaultInternal : <Stage Template>: Proposing JSON name : data/scene_datasets/gibson_semantic/./Readsboro.stage_config.json from original name : data/scene_datasets/gibson_semantic/./Readsboro.glb| This file does not exist.
[09:42:06:035391]:[Metadata] AbstractObjectAttributesManagerBase.h(184)::createObject : File (data/scene_datasets/gibson_semantic/./Readsboro.glb) exists but is not a recognized config filename extension, so new default Stage Template attributes created and registered.
[09:42:06:035400]:[Metadata] AttributesManagerBase.h(380)::createFromJsonOrDefaultInternal : <Stage Template>: Proposing JSON name : data/scene_datasets/gibson_semantic/./Redbank.stage_config.json from original name : data/scene_datasets/gibson_semantic/./Redbank.glb| This file does not exist.
[09:42:06:035437]:[Metadata] AbstractObjectAttributesManagerBase.h(184)::createObject : File (data/scene_datasets/gibson_semantic/./Redbank.glb) exists but is not a recognized config filename extension, so new default Stage Template attributes created and registered.
[09:42:06:035447]:[Metadata] AttributesManagerBase.h(380)::createFromJsonOrDefaultInternal : <Stage Template>: Proposing JSON name : data/scene_datasets/gibson_semantic/./Reserve.stage_config.json from original name : data/scene_datasets/gibson_semantic/./Reserve.glb| This file does not exist.
[09:42:06:035483]:[Metadata] AbstractObjectAttributesManagerBase.h(184)::createObject : File (data/scene_datasets/gibson_semantic/./Reserve.glb) exists but is not a recognized config filename extension, so new default Stage Template attributes created and registered.
[09:42:06:035493]:[Metadata] AttributesManagerBase.h(380)::createFromJsonOrDefaultInternal : <Stage Template>: Proposing JSON name : data/scene_datasets/gibson_semantic/./Retsof.stage_config.json from original name : data/scene_datasets/gibson_semantic/./Retsof.glb| This file does not exist.
[09:42:06:035527]:[Metadata] AbstractObjectAttributesManagerBase.h(184)::createObject : File (data/scene_datasets/gibson_semantic/./Retsof.glb) exists but is not a recognized config filename extension, so new default Stage Template attributes created and registered.
[09:42:06:035537]:[Metadata] AttributesManagerBase.h(380)::createFromJsonOrDefaultInternal : <Stage Template>: Proposing JSON name : data/scene_datasets/gibson_semantic/./Reyno.stage_config.json from original name : data/scene_datasets/gibson_semantic/./Reyno.glb| This file does not exist.
[09:42:06:035574]:[Metadata] AbstractObjectAttributesManagerBase.h(184)::createObject : File (data/scene_datasets/gibson_semantic/./Reyno.glb) exists but is not a recognized config filename extension, so new default Stage Template attributes created and registered.
[09:42:06:035584]:[Metadata] AttributesManagerBase.h(380)::createFromJsonOrDefaultInternal : <Stage Template>: Proposing JSON name : data/scene_datasets/gibson_semantic/./Ribera.stage_config.json from original name : data/scene_datasets/gibson_semantic/./Ribera.glb| This file does not exist.
[09:42:06:035621]:[Metadata] AbstractObjectAttributesManagerBase.h(184)::createObject : File (data/scene_datasets/gibson_semantic/./Ribera.glb) exists but is not a recognized config filename extension, so new default Stage Template attributes created and registered.
[09:42:06:035632]:[Metadata] AttributesManagerBase.h(380)::createFromJsonOrDefaultInternal : <Stage Template>: Proposing JSON name : data/scene_datasets/gibson_semantic/./Roane.stage_config.json from original name : data/scene_datasets/gibson_semantic/./Roane.glb| This file does not exist.
[09:42:06:035666]:[Metadata] AbstractObjectAttributesManagerBase.h(184)::createObject : File (data/scene_datasets/gibson_semantic/./Roane.glb) exists but is not a recognized config filename extension, so new default Stage Template attributes created and registered.
[09:42:06:035676]:[Metadata] AttributesManagerBase.h(380)::createFromJsonOrDefaultInternal : <Stage Template>: Proposing JSON name : data/scene_datasets/gibson_semantic/./Roeville.stage_config.json from original name : data/scene_datasets/gibson_semantic/./Roeville.glb| This file does not exist.
[09:42:06:035713]:[Metadata] AbstractObjectAttributesManagerBase.h(184)::createObject : File (data/scene_datasets/gibson_semantic/./Roeville.glb) exists but is not a recognized config filename extension, so new default Stage Template attributes created and registered.
[09:42:06:035723]:[Metadata] AttributesManagerBase.h(380)::createFromJsonOrDefaultInternal : <Stage Template>: Proposing JSON name : data/scene_datasets/gibson_semantic/./Rogue.stage_config.json from original name : data/scene_datasets/gibson_semantic/./Rogue.glb| This file does not exist.
[09:42:06:035759]:[Metadata] AbstractObjectAttributesManagerBase.h(184)::createObject : File (data/scene_datasets/gibson_semantic/./Rogue.glb) exists but is not a recognized config filename extension, so new default Stage Template attributes created and registered.
[09:42:06:035768]:[Metadata] AttributesManagerBase.h(380)::createFromJsonOrDefaultInternal : <Stage Template>: Proposing JSON name : data/scene_datasets/gibson_semantic/./Rosser.stage_config.json from original name : data/scene_datasets/gibson_semantic/./Rosser.glb| This file does not exist.
[09:42:06:035804]:[Metadata] AbstractObjectAttributesManagerBase.h(184)::createObject : File (data/scene_datasets/gibson_semantic/./Rosser.glb) exists but is not a recognized config filename extension, so new default Stage Template attributes created and registered.
[09:42:06:035813]:[Metadata] AttributesManagerBase.h(380)::createFromJsonOrDefaultInternal : <Stage Template>: Proposing JSON name : data/scene_datasets/gibson_semantic/./Rough.stage_config.json from original name : data/scene_datasets/gibson_semantic/./Rough.glb| This file does not exist.
[09:42:06:035848]:[Metadata] AbstractObjectAttributesManagerBase.h(184)::createObject : File (data/scene_datasets/gibson_semantic/./Rough.glb) exists but is not a recognized config filename extension, so new default Stage Template attributes created and registered.
[09:42:06:035857]:[Metadata] AttributesManagerBase.h(380)::createFromJsonOrDefaultInternal : <Stage Template>: Proposing JSON name : data/scene_datasets/gibson_semantic/./Roxboro.stage_config.json from original name : data/scene_datasets/gibson_semantic/./Roxboro.glb| This file does not exist.
[09:42:06:035893]:[Metadata] AbstractObjectAttributesManagerBase.h(184)::createObject : File (data/scene_datasets/gibson_semantic/./Roxboro.glb) exists but is not a recognized config filename extension, so new default Stage Template attributes created and registered.
[09:42:06:035903]:[Metadata] AttributesManagerBase.h(380)::createFromJsonOrDefaultInternal : <Stage Template>: Proposing JSON name : data/scene_datasets/gibson_semantic/./Ruckersville.stage_config.json from original name : data/scene_datasets/gibson_semantic/./Ruckersville.glb| This file does not exist.
[09:42:06:035940]:[Metadata] AbstractObjectAttributesManagerBase.h(184)::createObject : File (data/scene_datasets/gibson_semantic/./Ruckersville.glb) exists but is not a recognized config filename extension, so new default Stage Template attributes created and registered.
[09:42:06:035949]:[Metadata] AttributesManagerBase.h(380)::createFromJsonOrDefaultInternal : <Stage Template>: Proposing JSON name : data/scene_datasets/gibson_semantic/./Rutherford.stage_config.json from original name : data/scene_datasets/gibson_semantic/./Rutherford.glb| This file does not exist.
[09:42:06:035984]:[Metadata] AbstractObjectAttributesManagerBase.h(184)::createObject : File (data/scene_datasets/gibson_semantic/./Rutherford.glb) exists but is not a recognized config filename extension, so new default Stage Template attributes created and registered.
[09:42:06:035994]:[Metadata] AttributesManagerBase.h(380)::createFromJsonOrDefaultInternal : <Stage Template>: Proposing JSON name : data/scene_datasets/gibson_semantic/./Sagerton.stage_config.json from original name : data/scene_datasets/gibson_semantic/./Sagerton.glb| This file does not exist.
[09:42:06:036031]:[Metadata] AbstractObjectAttributesManagerBase.h(184)::createObject : File (data/scene_datasets/gibson_semantic/./Sagerton.glb) exists but is not a recognized config filename extension, so new default Stage Template attributes created and registered.
[09:42:06:036040]:[Metadata] AttributesManagerBase.h(380)::createFromJsonOrDefaultInternal : <Stage Template>: Proposing JSON name : data/scene_datasets/gibson_semantic/./Sanctuary.stage_config.json from original name : data/scene_datasets/gibson_semantic/./Sanctuary.glb| This file does not exist.
[09:42:06:036075]:[Metadata] AbstractObjectAttributesManagerBase.h(184)::createObject : File (data/scene_datasets/gibson_semantic/./Sanctuary.glb) exists but is not a recognized config filename extension, so new default Stage Template attributes created and registered.
[09:42:06:036085]:[Metadata] AttributesManagerBase.h(380)::createFromJsonOrDefaultInternal : <Stage Template>: Proposing JSON name : data/scene_datasets/gibson_semantic/./Sands.stage_config.json from original name : data/scene_datasets/gibson_semantic/./Sands.glb| This file does not exist.
[09:42:06:036119]:[Metadata] AbstractObjectAttributesManagerBase.h(184)::createObject : File (data/scene_datasets/gibson_semantic/./Sands.glb) exists but is not a recognized config filename extension, so new default Stage Template attributes created and registered.
[09:42:06:036129]:[Metadata] AttributesManagerBase.h(380)::createFromJsonOrDefaultInternal : <Stage Template>: Proposing JSON name : data/scene_datasets/gibson_semantic/./Sarcoxie.stage_config.json from original name : data/scene_datasets/gibson_semantic/./Sarcoxie.glb| This file does not exist.
[09:42:06:036165]:[Metadata] AbstractObjectAttributesManagerBase.h(184)::createObject : File (data/scene_datasets/gibson_semantic/./Sarcoxie.glb) exists but is not a recognized config filename extension, so new default Stage Template attributes created and registered.
[09:42:06:036175]:[Metadata] AttributesManagerBase.h(380)::createFromJsonOrDefaultInternal : <Stage Template>: Proposing JSON name : data/scene_datasets/gibson_semantic/./Sargents.stage_config.json from original name : data/scene_datasets/gibson_semantic/./Sargents.glb| This file does not exist.
[09:42:06:036209]:[Metadata] AbstractObjectAttributesManagerBase.h(184)::createObject : File (data/scene_datasets/gibson_semantic/./Sargents.glb) exists but is not a recognized config filename extension, so new default Stage Template attributes created and registered.
[09:42:06:036218]:[Metadata] AttributesManagerBase.h(380)::createFromJsonOrDefaultInternal : <Stage Template>: Proposing JSON name : data/scene_datasets/gibson_semantic/./Sasakwa.stage_config.json from original name : data/scene_datasets/gibson_semantic/./Sasakwa.glb| This file does not exist.
[09:42:06:036253]:[Metadata] AbstractObjectAttributesManagerBase.h(184)::createObject : File (data/scene_datasets/gibson_semantic/./Sasakwa.glb) exists but is not a recognized config filename extension, so new default Stage Template attributes created and registered.
[09:42:06:036263]:[Metadata] AttributesManagerBase.h(380)::createFromJsonOrDefaultInternal : <Stage Template>: Proposing JSON name : data/scene_datasets/gibson_semantic/./Sawpit.stage_config.json from original name : data/scene_datasets/gibson_semantic/./Sawpit.glb| This file does not exist.
[09:42:06:036298]:[Metadata] AbstractObjectAttributesManagerBase.h(184)::createObject : File (data/scene_datasets/gibson_semantic/./Sawpit.glb) exists but is not a recognized config filename extension, so new default Stage Template attributes created and registered.
[09:42:06:036308]:[Metadata] AttributesManagerBase.h(380)::createFromJsonOrDefaultInternal : <Stage Template>: Proposing JSON name : data/scene_datasets/gibson_semantic/./Scandinavia.stage_config.json from original name : data/scene_datasets/gibson_semantic/./Scandinavia.glb| This file does not exist.
[09:42:06:036343]:[Metadata] AbstractObjectAttributesManagerBase.h(184)::createObject : File (data/scene_datasets/gibson_semantic/./Scandinavia.glb) exists but is not a recognized config filename extension, so new default Stage Template attributes created and registered.
[09:42:06:036353]:[Metadata] AttributesManagerBase.h(380)::createFromJsonOrDefaultInternal : <Stage Template>: Proposing JSON name : data/scene_datasets/gibson_semantic/./Schiller.stage_config.json from original name : data/scene_datasets/gibson_semantic/./Schiller.glb| This file does not exist.
[09:42:06:036389]:[Metadata] AbstractObjectAttributesManagerBase.h(184)::createObject : File (data/scene_datasets/gibson_semantic/./Schiller.glb) exists but is not a recognized config filename extension, so new default Stage Template attributes created and registered.
[09:42:06:036398]:[Metadata] AttributesManagerBase.h(380)::createFromJsonOrDefaultInternal : <Stage Template>: Proposing JSON name : data/scene_datasets/gibson_semantic/./Schoolcraft.stage_config.json from original name : data/scene_datasets/gibson_semantic/./Schoolcraft.glb| This file does not exist.
[09:42:06:036434]:[Metadata] AbstractObjectAttributesManagerBase.h(184)::createObject : File (data/scene_datasets/gibson_semantic/./Schoolcraft.glb) exists but is not a recognized config filename extension, so new default Stage Template attributes created and registered.
[09:42:06:036444]:[Metadata] AttributesManagerBase.h(380)::createFromJsonOrDefaultInternal : <Stage Template>: Proposing JSON name : data/scene_datasets/gibson_semantic/./Scioto.stage_config.json from original name : data/scene_datasets/gibson_semantic/./Scioto.glb| This file does not exist.
[09:42:06:036478]:[Metadata] AbstractObjectAttributesManagerBase.h(184)::createObject : File (data/scene_datasets/gibson_semantic/./Scioto.glb) exists but is not a recognized config filename extension, so new default Stage Template attributes created and registered.
[09:42:06:036488]:[Metadata] AttributesManagerBase.h(380)::createFromJsonOrDefaultInternal : <Stage Template>: Proposing JSON name : data/scene_datasets/gibson_semantic/./Scottsmoor.stage_config.json from original name : data/scene_datasets/gibson_semantic/./Scottsmoor.glb| This file does not exist.
[09:42:06:036524]:[Metadata] AbstractObjectAttributesManagerBase.h(184)::createObject : File (data/scene_datasets/gibson_semantic/./Scottsmoor.glb) exists but is not a recognized config filename extension, so new default Stage Template attributes created and registered.
[09:42:06:036534]:[Metadata] AttributesManagerBase.h(380)::createFromJsonOrDefaultInternal : <Stage Template>: Proposing JSON name : data/scene_datasets/gibson_semantic/./Seatonville.stage_config.json from original name : data/scene_datasets/gibson_semantic/./Seatonville.glb| This file does not exist.
[09:42:06:036570]:[Metadata] AbstractObjectAttributesManagerBase.h(184)::createObject : File (data/scene_datasets/gibson_semantic/./Seatonville.glb) exists but is not a recognized config filename extension, so new default Stage Template attributes created and registered.
[09:42:06:036579]:[Metadata] AttributesManagerBase.h(380)::createFromJsonOrDefaultInternal : <Stage Template>: Proposing JSON name : data/scene_datasets/gibson_semantic/./Seeley.stage_config.json from original name : data/scene_datasets/gibson_semantic/./Seeley.glb| This file does not exist.
[09:42:06:036615]:[Metadata] AbstractObjectAttributesManagerBase.h(184)::createObject : File (data/scene_datasets/gibson_semantic/./Seeley.glb) exists but is not a recognized config filename extension, so new default Stage Template attributes created and registered.
[09:42:06:036625]:[Metadata] AttributesManagerBase.h(380)::createFromJsonOrDefaultInternal : <Stage Template>: Proposing JSON name : data/scene_datasets/gibson_semantic/./Seiling.stage_config.json from original name : data/scene_datasets/gibson_semantic/./Seiling.glb| This file does not exist.
[09:42:06:036662]:[Metadata] AbstractObjectAttributesManagerBase.h(184)::createObject : File (data/scene_datasets/gibson_semantic/./Seiling.glb) exists but is not a recognized config filename extension, so new default Stage Template attributes created and registered.
[09:42:06:036671]:[Metadata] AttributesManagerBase.h(380)::createFromJsonOrDefaultInternal : <Stage Template>: Proposing JSON name : data/scene_datasets/gibson_semantic/./Seward.stage_config.json from original name : data/scene_datasets/gibson_semantic/./Seward.glb| This file does not exist.
[09:42:06:036707]:[Metadata] AbstractObjectAttributesManagerBase.h(184)::createObject : File (data/scene_datasets/gibson_semantic/./Seward.glb) exists but is not a recognized config filename extension, so new default Stage Template attributes created and registered.
[09:42:06:036717]:[Metadata] AttributesManagerBase.h(380)::createFromJsonOrDefaultInternal : <Stage Template>: Proposing JSON name : data/scene_datasets/gibson_semantic/./Sharon.stage_config.json from original name : data/scene_datasets/gibson_semantic/./Sharon.glb| This file does not exist.
[09:42:06:036752]:[Metadata] AbstractObjectAttributesManagerBase.h(184)::createObject : File (data/scene_datasets/gibson_semantic/./Sharon.glb) exists but is not a recognized config filename extension, so new default Stage Template attributes created and registered.
[09:42:06:036762]:[Metadata] AttributesManagerBase.h(380)::createFromJsonOrDefaultInternal : <Stage Template>: Proposing JSON name : data/scene_datasets/gibson_semantic/./Shauck.stage_config.json from original name : data/scene_datasets/gibson_semantic/./Shauck.glb| This file does not exist.
[09:42:06:036798]:[Metadata] AbstractObjectAttributesManagerBase.h(184)::createObject : File (data/scene_datasets/gibson_semantic/./Shauck.glb) exists but is not a recognized config filename extension, so new default Stage Template attributes created and registered.
[09:42:06:036808]:[Metadata] AttributesManagerBase.h(380)::createFromJsonOrDefaultInternal : <Stage Template>: Proposing JSON name : data/scene_datasets/gibson_semantic/./Shelbiana.stage_config.json from original name : data/scene_datasets/gibson_semantic/./Shelbiana.glb| This file does not exist.
[09:42:06:036844]:[Metadata] AbstractObjectAttributesManagerBase.h(184)::createObject : File (data/scene_datasets/gibson_semantic/./Shelbiana.glb) exists but is not a recognized config filename extension, so new default Stage Template attributes created and registered.
[09:42:06:036854]:[Metadata] AttributesManagerBase.h(380)::createFromJsonOrDefaultInternal : <Stage Template>: Proposing JSON name : data/scene_datasets/gibson_semantic/./Shelbyville.stage_config.json from original name : data/scene_datasets/gibson_semantic/./Shelbyville.glb| This file does not exist.
[09:42:06:036889]:[Metadata] AbstractObjectAttributesManagerBase.h(184)::createObject : File (data/scene_datasets/gibson_semantic/./Shelbyville.glb) exists but is not a recognized config filename extension, so new default Stage Template attributes created and registered.
[09:42:06:036898]:[Metadata] AttributesManagerBase.h(380)::createFromJsonOrDefaultInternal : <Stage Template>: Proposing JSON name : data/scene_datasets/gibson_semantic/./Shellsburg.stage_config.json from original name : data/scene_datasets/gibson_semantic/./Shellsburg.glb| This file does not exist.
[09:42:06:036934]:[Metadata] AbstractObjectAttributesManagerBase.h(184)::createObject : File (data/scene_datasets/gibson_semantic/./Shellsburg.glb) exists but is not a recognized config filename extension, so new default Stage Template attributes created and registered.
[09:42:06:036944]:[Metadata] AttributesManagerBase.h(380)::createFromJsonOrDefaultInternal : <Stage Template>: Proposing JSON name : data/scene_datasets/gibson_semantic/./Sherrill.stage_config.json from original name : data/scene_datasets/gibson_semantic/./Sherrill.glb| This file does not exist.
[09:42:06:036980]:[Metadata] AbstractObjectAttributesManagerBase.h(184)::createObject : File (data/scene_datasets/gibson_semantic/./Sherrill.glb) exists but is not a recognized config filename extension, so new default Stage Template attributes created and registered.
[09:42:06:036990]:[Metadata] AttributesManagerBase.h(380)::createFromJsonOrDefaultInternal : <Stage Template>: Proposing JSON name : data/scene_datasets/gibson_semantic/./Shumway.stage_config.json from original name : data/scene_datasets/gibson_semantic/./Shumway.glb| This file does not exist.
[09:42:06:037027]:[Metadata] AbstractObjectAttributesManagerBase.h(184)::createObject : File (data/scene_datasets/gibson_semantic/./Shumway.glb) exists but is not a recognized config filename extension, so new default Stage Template attributes created and registered.
[09:42:06:037037]:[Metadata] AttributesManagerBase.h(380)::createFromJsonOrDefaultInternal : <Stage Template>: Proposing JSON name : data/scene_datasets/gibson_semantic/./Silas.stage_config.json from original name : data/scene_datasets/gibson_semantic/./Silas.glb| This file does not exist.
[09:42:06:037072]:[Metadata] AbstractObjectAttributesManagerBase.h(184)::createObject : File (data/scene_datasets/gibson_semantic/./Silas.glb) exists but is not a recognized config filename extension, so new default Stage Template attributes created and registered.
[09:42:06:037082]:[Metadata] AttributesManagerBase.h(380)::createFromJsonOrDefaultInternal : <Stage Template>: Proposing JSON name : data/scene_datasets/gibson_semantic/./Silerton.stage_config.json from original name : data/scene_datasets/gibson_semantic/./Silerton.glb| This file does not exist.
[09:42:06:037118]:[Metadata] AbstractObjectAttributesManagerBase.h(184)::createObject : File (data/scene_datasets/gibson_semantic/./Silerton.glb) exists but is not a recognized config filename extension, so new default Stage Template attributes created and registered.
[09:42:06:037127]:[Metadata] AttributesManagerBase.h(380)::createFromJsonOrDefaultInternal : <Stage Template>: Proposing JSON name : data/scene_datasets/gibson_semantic/./Silva.stage_config.json from original name : data/scene_datasets/gibson_semantic/./Silva.glb| This file does not exist.
[09:42:06:037162]:[Metadata] AbstractObjectAttributesManagerBase.h(184)::createObject : File (data/scene_datasets/gibson_semantic/./Silva.glb) exists but is not a recognized config filename extension, so new default Stage Template attributes created and registered.
[09:42:06:037172]:[Metadata] AttributesManagerBase.h(380)::createFromJsonOrDefaultInternal : <Stage Template>: Proposing JSON name : data/scene_datasets/gibson_semantic/./Siren.stage_config.json from original name : data/scene_datasets/gibson_semantic/./Siren.glb| This file does not exist.
[09:42:06:037207]:[Metadata] AbstractObjectAttributesManagerBase.h(184)::createObject : File (data/scene_datasets/gibson_semantic/./Siren.glb) exists but is not a recognized config filename extension, so new default Stage Template attributes created and registered.
[09:42:06:037216]:[Metadata] AttributesManagerBase.h(380)::createFromJsonOrDefaultInternal : <Stage Template>: Proposing JSON name : data/scene_datasets/gibson_semantic/./Sisters.stage_config.json from original name : data/scene_datasets/gibson_semantic/./Sisters.glb| This file does not exist.
[09:42:06:037251]:[Metadata] AbstractObjectAttributesManagerBase.h(184)::createObject : File (data/scene_datasets/gibson_semantic/./Sisters.glb) exists but is not a recognized config filename extension, so new default Stage Template attributes created and registered.
[09:42:06:037261]:[Metadata] AttributesManagerBase.h(380)::createFromJsonOrDefaultInternal : <Stage Template>: Proposing JSON name : data/scene_datasets/gibson_semantic/./Smoketown.stage_config.json from original name : data/scene_datasets/gibson_semantic/./Smoketown.glb| This file does not exist.
[09:42:06:037295]:[Metadata] AbstractObjectAttributesManagerBase.h(184)::createObject : File (data/scene_datasets/gibson_semantic/./Smoketown.glb) exists but is not a recognized config filename extension, so new default Stage Template attributes created and registered.
[09:42:06:037304]:[Metadata] AttributesManagerBase.h(380)::createFromJsonOrDefaultInternal : <Stage Template>: Proposing JSON name : data/scene_datasets/gibson_semantic/./Sodaville.stage_config.json from original name : data/scene_datasets/gibson_semantic/./Sodaville.glb| This file does not exist.
[09:42:06:037339]:[Metadata] AbstractObjectAttributesManagerBase.h(184)::createObject : File (data/scene_datasets/gibson_semantic/./Sodaville.glb) exists but is not a recognized config filename extension, so new default Stage Template attributes created and registered.
[09:42:06:037349]:[Metadata] AttributesManagerBase.h(380)::createFromJsonOrDefaultInternal : <Stage Template>: Proposing JSON name : data/scene_datasets/gibson_semantic/./Soldier.stage_config.json from original name : data/scene_datasets/gibson_semantic/./Soldier.glb| This file does not exist.
[09:42:06:037386]:[Metadata] AbstractObjectAttributesManagerBase.h(184)::createObject : File (data/scene_datasets/gibson_semantic/./Soldier.glb) exists but is not a recognized config filename extension, so new default Stage Template attributes created and registered.
[09:42:06:037395]:[Metadata] AttributesManagerBase.h(380)::createFromJsonOrDefaultInternal : <Stage Template>: Proposing JSON name : data/scene_datasets/gibson_semantic/./Southfield.stage_config.json from original name : data/scene_datasets/gibson_semantic/./Southfield.glb| This file does not exist.
[09:42:06:037431]:[Metadata] AbstractObjectAttributesManagerBase.h(184)::createObject : File (data/scene_datasets/gibson_semantic/./Southfield.glb) exists but is not a recognized config filename extension, so new default Stage Template attributes created and registered.
[09:42:06:037441]:[Metadata] AttributesManagerBase.h(380)::createFromJsonOrDefaultInternal : <Stage Template>: Proposing JSON name : data/scene_datasets/gibson_semantic/./Spencerville.stage_config.json from original name : data/scene_datasets/gibson_semantic/./Spencerville.glb| This file does not exist.
[09:42:06:037477]:[Metadata] AbstractObjectAttributesManagerBase.h(184)::createObject : File (data/scene_datasets/gibson_semantic/./Spencerville.glb) exists but is not a recognized config filename extension, so new default Stage Template attributes created and registered.
[09:42:06:037486]:[Metadata] AttributesManagerBase.h(380)::createFromJsonOrDefaultInternal : <Stage Template>: Proposing JSON name : data/scene_datasets/gibson_semantic/./Spotswood.stage_config.json from original name : data/scene_datasets/gibson_semantic/./Spotswood.glb| This file does not exist.
[09:42:06:037524]:[Metadata] AbstractObjectAttributesManagerBase.h(184)::createObject : File (data/scene_datasets/gibson_semantic/./Spotswood.glb) exists but is not a recognized config filename extension, so new default Stage Template attributes created and registered.
[09:42:06:037533]:[Metadata] AttributesManagerBase.h(380)::createFromJsonOrDefaultInternal : <Stage Template>: Proposing JSON name : data/scene_datasets/gibson_semantic/./Spread.stage_config.json from original name : data/scene_datasets/gibson_semantic/./Spread.glb| This file does not exist.
[09:42:06:037568]:[Metadata] AbstractObjectAttributesManagerBase.h(184)::createObject : File (data/scene_datasets/gibson_semantic/./Spread.glb) exists but is not a recognized config filename extension, so new default Stage Template attributes created and registered.
[09:42:06:037578]:[Metadata] AttributesManagerBase.h(380)::createFromJsonOrDefaultInternal : <Stage Template>: Proposing JSON name : data/scene_datasets/gibson_semantic/./Springerville.stage_config.json from original name : data/scene_datasets/gibson_semantic/./Springerville.glb| This file does not exist.
[09:42:06:037615]:[Metadata] AbstractObjectAttributesManagerBase.h(184)::createObject : File (data/scene_datasets/gibson_semantic/./Springerville.glb) exists but is not a recognized config filename extension, so new default Stage Template attributes created and registered.
[09:42:06:037624]:[Metadata] AttributesManagerBase.h(380)::createFromJsonOrDefaultInternal : <Stage Template>: Proposing JSON name : data/scene_datasets/gibson_semantic/./Springhill.stage_config.json from original name : data/scene_datasets/gibson_semantic/./Springhill.glb| This file does not exist.
[09:42:06:037660]:[Metadata] AbstractObjectAttributesManagerBase.h(184)::createObject : File (data/scene_datasets/gibson_semantic/./Springhill.glb) exists but is not a recognized config filename extension, so new default Stage Template attributes created and registered.
[09:42:06:037670]:[Metadata] AttributesManagerBase.h(380)::createFromJsonOrDefaultInternal : <Stage Template>: Proposing JSON name : data/scene_datasets/gibson_semantic/./Stanleyville.stage_config.json from original name : data/scene_datasets/gibson_semantic/./Stanleyville.glb| This file does not exist.
[09:42:06:037706]:[Metadata] AbstractObjectAttributesManagerBase.h(184)::createObject : File (data/scene_datasets/gibson_semantic/./Stanleyville.glb) exists but is not a recognized config filename extension, so new default Stage Template attributes created and registered.
[09:42:06:037715]:[Metadata] AttributesManagerBase.h(380)::createFromJsonOrDefaultInternal : <Stage Template>: Proposing JSON name : data/scene_datasets/gibson_semantic/./Starks.stage_config.json from original name : data/scene_datasets/gibson_semantic/./Starks.glb| This file does not exist.
[09:42:06:037751]:[Metadata] AbstractObjectAttributesManagerBase.h(184)::createObject : File (data/scene_datasets/gibson_semantic/./Starks.glb) exists but is not a recognized config filename extension, so new default Stage Template attributes created and registered.
[09:42:06:037760]:[Metadata] AttributesManagerBase.h(380)::createFromJsonOrDefaultInternal : <Stage Template>: Proposing JSON name : data/scene_datasets/gibson_semantic/./Stigler.stage_config.json from original name : data/scene_datasets/gibson_semantic/./Stigler.glb| This file does not exist.
[09:42:06:037796]:[Metadata] AbstractObjectAttributesManagerBase.h(184)::createObject : File (data/scene_datasets/gibson_semantic/./Stigler.glb) exists but is not a recognized config filename extension, so new default Stage Template attributes created and registered.
[09:42:06:037806]:[Metadata] AttributesManagerBase.h(380)::createFromJsonOrDefaultInternal : <Stage Template>: Proposing JSON name : data/scene_datasets/gibson_semantic/./Stilwell.stage_config.json from original name : data/scene_datasets/gibson_semantic/./Stilwell.glb| This file does not exist.
[09:42:06:037842]:[Metadata] AbstractObjectAttributesManagerBase.h(184)::createObject : File (data/scene_datasets/gibson_semantic/./Stilwell.glb) exists but is not a recognized config filename extension, so new default Stage Template attributes created and registered.
[09:42:06:037852]:[Metadata] AttributesManagerBase.h(380)::createFromJsonOrDefaultInternal : <Stage Template>: Proposing JSON name : data/scene_datasets/gibson_semantic/./Stockertown.stage_config.json from original name : data/scene_datasets/gibson_semantic/./Stockertown.glb| This file does not exist.
[09:42:06:037888]:[Metadata] AbstractObjectAttributesManagerBase.h(184)::createObject : File (data/scene_datasets/gibson_semantic/./Stockertown.glb) exists but is not a recognized config filename extension, so new default Stage Template attributes created and registered.
[09:42:06:037897]:[Metadata] AttributesManagerBase.h(380)::createFromJsonOrDefaultInternal : <Stage Template>: Proposing JSON name : data/scene_datasets/gibson_semantic/./Stockman.stage_config.json from original name : data/scene_datasets/gibson_semantic/./Stockman.glb| This file does not exist.
[09:42:06:037933]:[Metadata] AbstractObjectAttributesManagerBase.h(184)::createObject : File (data/scene_datasets/gibson_semantic/./Stockman.glb) exists but is not a recognized config filename extension, so new default Stage Template attributes created and registered.
[09:42:06:037942]:[Metadata] AttributesManagerBase.h(380)::createFromJsonOrDefaultInternal : <Stage Template>: Proposing JSON name : data/scene_datasets/gibson_semantic/./Stockwell.stage_config.json from original name : data/scene_datasets/gibson_semantic/./Stockwell.glb| This file does not exist.
[09:42:06:037978]:[Metadata] AbstractObjectAttributesManagerBase.h(184)::createObject : File (data/scene_datasets/gibson_semantic/./Stockwell.glb) exists but is not a recognized config filename extension, so new default Stage Template attributes created and registered.
[09:42:06:037987]:[Metadata] AttributesManagerBase.h(380)::createFromJsonOrDefaultInternal : <Stage Template>: Proposing JSON name : data/scene_datasets/gibson_semantic/./Stokes.stage_config.json from original name : data/scene_datasets/gibson_semantic/./Stokes.glb| This file does not exist.
[09:42:06:038025]:[Metadata] AbstractObjectAttributesManagerBase.h(184)::createObject : File (data/scene_datasets/gibson_semantic/./Stokes.glb) exists but is not a recognized config filename extension, so new default Stage Template attributes created and registered.
[09:42:06:038035]:[Metadata] AttributesManagerBase.h(380)::createFromJsonOrDefaultInternal : <Stage Template>: Proposing JSON name : data/scene_datasets/gibson_semantic/./Sugarville.stage_config.json from original name : data/scene_datasets/gibson_semantic/./Sugarville.glb| This file does not exist.
[09:42:06:038070]:[Metadata] AbstractObjectAttributesManagerBase.h(184)::createObject : File (data/scene_datasets/gibson_semantic/./Sugarville.glb) exists but is not a recognized config filename extension, so new default Stage Template attributes created and registered.
[09:42:06:038080]:[Metadata] AttributesManagerBase.h(380)::createFromJsonOrDefaultInternal : <Stage Template>: Proposing JSON name : data/scene_datasets/gibson_semantic/./Sultan.stage_config.json from original name : data/scene_datasets/gibson_semantic/./Sultan.glb| This file does not exist.
[09:42:06:038115]:[Metadata] AbstractObjectAttributesManagerBase.h(184)::createObject : File (data/scene_datasets/gibson_semantic/./Sultan.glb) exists but is not a recognized config filename extension, so new default Stage Template attributes created and registered.
[09:42:06:038125]:[Metadata] AttributesManagerBase.h(380)::createFromJsonOrDefaultInternal : <Stage Template>: Proposing JSON name : data/scene_datasets/gibson_semantic/./Sumas.stage_config.json from original name : data/scene_datasets/gibson_semantic/./Sumas.glb| This file does not exist.
[09:42:06:038160]:[Metadata] AbstractObjectAttributesManagerBase.h(184)::createObject : File (data/scene_datasets/gibson_semantic/./Sumas.glb) exists but is not a recognized config filename extension, so new default Stage Template attributes created and registered.
[09:42:06:038169]:[Metadata] AttributesManagerBase.h(380)::createFromJsonOrDefaultInternal : <Stage Template>: Proposing JSON name : data/scene_datasets/gibson_semantic/./Sundown.stage_config.json from original name : data/scene_datasets/gibson_semantic/./Sundown.glb| This file does not exist.
[09:42:06:038205]:[Metadata] AbstractObjectAttributesManagerBase.h(184)::createObject : File (data/scene_datasets/gibson_semantic/./Sundown.glb) exists but is not a recognized config filename extension, so new default Stage Template attributes created and registered.
[09:42:06:038215]:[Metadata] AttributesManagerBase.h(380)::createFromJsonOrDefaultInternal : <Stage Template>: Proposing JSON name : data/scene_datasets/gibson_semantic/./Sunshine.stage_config.json from original name : data/scene_datasets/gibson_semantic/./Sunshine.glb| This file does not exist.
[09:42:06:038250]:[Metadata] AbstractObjectAttributesManagerBase.h(184)::createObject : File (data/scene_datasets/gibson_semantic/./Sunshine.glb) exists but is not a recognized config filename extension, so new default Stage Template attributes created and registered.
[09:42:06:038260]:[Metadata] AttributesManagerBase.h(380)::createFromJsonOrDefaultInternal : <Stage Template>: Proposing JSON name : data/scene_datasets/gibson_semantic/./Superior.stage_config.json from original name : data/scene_datasets/gibson_semantic/./Superior.glb| This file does not exist.
[09:42:06:038295]:[Metadata] AbstractObjectAttributesManagerBase.h(184)::createObject : File (data/scene_datasets/gibson_semantic/./Superior.glb) exists but is not a recognized config filename extension, so new default Stage Template attributes created and registered.
[09:42:06:038305]:[Metadata] AttributesManagerBase.h(380)::createFromJsonOrDefaultInternal : <Stage Template>: Proposing JSON name : data/scene_datasets/gibson_semantic/./Sussex.stage_config.json from original name : data/scene_datasets/gibson_semantic/./Sussex.glb| This file does not exist.
[09:42:06:038341]:[Metadata] AbstractObjectAttributesManagerBase.h(184)::createObject : File (data/scene_datasets/gibson_semantic/./Sussex.glb) exists but is not a recognized config filename extension, so new default Stage Template attributes created and registered.
[09:42:06:038350]:[Metadata] AttributesManagerBase.h(380)::createFromJsonOrDefaultInternal : <Stage Template>: Proposing JSON name : data/scene_datasets/gibson_semantic/./Sweatman.stage_config.json from original name : data/scene_datasets/gibson_semantic/./Sweatman.glb| This file does not exist.
[09:42:06:038385]:[Metadata] AbstractObjectAttributesManagerBase.h(184)::createObject : File (data/scene_datasets/gibson_semantic/./Sweatman.glb) exists but is not a recognized config filename extension, so new default Stage Template attributes created and registered.
[09:42:06:038395]:[Metadata] AttributesManagerBase.h(380)::createFromJsonOrDefaultInternal : <Stage Template>: Proposing JSON name : data/scene_datasets/gibson_semantic/./Swisshome.stage_config.json from original name : data/scene_datasets/gibson_semantic/./Swisshome.glb| This file does not exist.
[09:42:06:038430]:[Metadata] AbstractObjectAttributesManagerBase.h(184)::createObject : File (data/scene_datasets/gibson_semantic/./Swisshome.glb) exists but is not a recognized config filename extension, so new default Stage Template attributes created and registered.
[09:42:06:038440]:[Metadata] AttributesManagerBase.h(380)::createFromJsonOrDefaultInternal : <Stage Template>: Proposing JSON name : data/scene_datasets/gibson_semantic/./Swormville.stage_config.json from original name : data/scene_datasets/gibson_semantic/./Swormville.glb| This file does not exist.
[09:42:06:038474]:[Metadata] AbstractObjectAttributesManagerBase.h(184)::createObject : File (data/scene_datasets/gibson_semantic/./Swormville.glb) exists but is not a recognized config filename extension, so new default Stage Template attributes created and registered.
[09:42:06:038484]:[Metadata] AttributesManagerBase.h(380)::createFromJsonOrDefaultInternal : <Stage Template>: Proposing JSON name : data/scene_datasets/gibson_semantic/./Tallmadge.stage_config.json from original name : data/scene_datasets/gibson_semantic/./Tallmadge.glb| This file does not exist.
[09:42:06:038518]:[Metadata] AbstractObjectAttributesManagerBase.h(184)::createObject : File (data/scene_datasets/gibson_semantic/./Tallmadge.glb) exists but is not a recognized config filename extension, so new default Stage Template attributes created and registered.
[09:42:06:038528]:[Metadata] AttributesManagerBase.h(380)::createFromJsonOrDefaultInternal : <Stage Template>: Proposing JSON name : data/scene_datasets/gibson_semantic/./Tansboro.stage_config.json from original name : data/scene_datasets/gibson_semantic/./Tansboro.glb| This file does not exist.
[09:42:06:038563]:[Metadata] AbstractObjectAttributesManagerBase.h(184)::createObject : File (data/scene_datasets/gibson_semantic/./Tansboro.glb) exists but is not a recognized config filename extension, so new default Stage Template attributes created and registered.
[09:42:06:038573]:[Metadata] AttributesManagerBase.h(380)::createFromJsonOrDefaultInternal : <Stage Template>: Proposing JSON name : data/scene_datasets/gibson_semantic/./Tariffville.stage_config.json from original name : data/scene_datasets/gibson_semantic/./Tariffville.glb| This file does not exist.
[09:42:06:038609]:[Metadata] AbstractObjectAttributesManagerBase.h(184)::createObject : File (data/scene_datasets/gibson_semantic/./Tariffville.glb) exists but is not a recognized config filename extension, so new default Stage Template attributes created and registered.
[09:42:06:038619]:[Metadata] AttributesManagerBase.h(380)::createFromJsonOrDefaultInternal : <Stage Template>: Proposing JSON name : data/scene_datasets/gibson_semantic/./Terrell.stage_config.json from original name : data/scene_datasets/gibson_semantic/./Terrell.glb| This file does not exist.
[09:42:06:038660]:[Metadata] AbstractObjectAttributesManagerBase.h(184)::createObject : File (data/scene_datasets/gibson_semantic/./Terrell.glb) exists but is not a recognized config filename extension, so new default Stage Template attributes created and registered.
[09:42:06:038670]:[Metadata] AttributesManagerBase.h(380)::createFromJsonOrDefaultInternal : <Stage Template>: Proposing JSON name : data/scene_datasets/gibson_semantic/./Texasville.stage_config.json from original name : data/scene_datasets/gibson_semantic/./Texasville.glb| This file does not exist.
[09:42:06:038706]:[Metadata] AbstractObjectAttributesManagerBase.h(184)::createObject : File (data/scene_datasets/gibson_semantic/./Texasville.glb) exists but is not a recognized config filename extension, so new default Stage Template attributes created and registered.
[09:42:06:038715]:[Metadata] AttributesManagerBase.h(380)::createFromJsonOrDefaultInternal : <Stage Template>: Proposing JSON name : data/scene_datasets/gibson_semantic/./Thrall.stage_config.json from original name : data/scene_datasets/gibson_semantic/./Thrall.glb| This file does not exist.
[09:42:06:038750]:[Metadata] AbstractObjectAttributesManagerBase.h(184)::createObject : File (data/scene_datasets/gibson_semantic/./Thrall.glb) exists but is not a recognized config filename extension, so new default Stage Template attributes created and registered.
[09:42:06:038759]:[Metadata] AttributesManagerBase.h(380)::createFromJsonOrDefaultInternal : <Stage Template>: Proposing JSON name : data/scene_datasets/gibson_semantic/./Tilghmanton.stage_config.json from original name : data/scene_datasets/gibson_semantic/./Tilghmanton.glb| This file does not exist.
[09:42:06:038795]:[Metadata] AbstractObjectAttributesManagerBase.h(184)::createObject : File (data/scene_datasets/gibson_semantic/./Tilghmanton.glb) exists but is not a recognized config filename extension, so new default Stage Template attributes created and registered.
[09:42:06:038804]:[Metadata] AttributesManagerBase.h(380)::createFromJsonOrDefaultInternal : <Stage Template>: Proposing JSON name : data/scene_datasets/gibson_semantic/./Tillman.stage_config.json from original name : data/scene_datasets/gibson_semantic/./Tillman.glb| This file does not exist.
[09:42:06:038839]:[Metadata] AbstractObjectAttributesManagerBase.h(184)::createObject : File (data/scene_datasets/gibson_semantic/./Tillman.glb) exists but is not a recognized config filename extension, so new default Stage Template attributes created and registered.
[09:42:06:038849]:[Metadata] AttributesManagerBase.h(380)::createFromJsonOrDefaultInternal : <Stage Template>: Proposing JSON name : data/scene_datasets/gibson_semantic/./Timberon.stage_config.json from original name : data/scene_datasets/gibson_semantic/./Timberon.glb| This file does not exist.
[09:42:06:038885]:[Metadata] AbstractObjectAttributesManagerBase.h(184)::createObject : File (data/scene_datasets/gibson_semantic/./Timberon.glb) exists but is not a recognized config filename extension, so new default Stage Template attributes created and registered.
[09:42:06:038895]:[Metadata] AttributesManagerBase.h(380)::createFromJsonOrDefaultInternal : <Stage Template>: Proposing JSON name : data/scene_datasets/gibson_semantic/./Tippecanoe.stage_config.json from original name : data/scene_datasets/gibson_semantic/./Tippecanoe.glb| This file does not exist.
[09:42:06:038930]:[Metadata] AbstractObjectAttributesManagerBase.h(184)::createObject : File (data/scene_datasets/gibson_semantic/./Tippecanoe.glb) exists but is not a recognized config filename extension, so new default Stage Template attributes created and registered.
[09:42:06:038940]:[Metadata] AttributesManagerBase.h(380)::createFromJsonOrDefaultInternal : <Stage Template>: Proposing JSON name : data/scene_datasets/gibson_semantic/./Tokeland.stage_config.json from original name : data/scene_datasets/gibson_semantic/./Tokeland.glb| This file does not exist.
[09:42:06:038975]:[Metadata] AbstractObjectAttributesManagerBase.h(184)::createObject : File (data/scene_datasets/gibson_semantic/./Tokeland.glb) exists but is not a recognized config filename extension, so new default Stage Template attributes created and registered.
[09:42:06:038985]:[Metadata] AttributesManagerBase.h(380)::createFromJsonOrDefaultInternal : <Stage Template>: Proposing JSON name : data/scene_datasets/gibson_semantic/./Tolstoy.stage_config.json from original name : data/scene_datasets/gibson_semantic/./Tolstoy.glb| This file does not exist.
[09:42:06:039021]:[Metadata] AbstractObjectAttributesManagerBase.h(184)::createObject : File (data/scene_datasets/gibson_semantic/./Tolstoy.glb) exists but is not a recognized config filename extension, so new default Stage Template attributes created and registered.
[09:42:06:039031]:[Metadata] AttributesManagerBase.h(380)::createFromJsonOrDefaultInternal : <Stage Template>: Proposing JSON name : data/scene_datasets/gibson_semantic/./Tomales.stage_config.json from original name : data/scene_datasets/gibson_semantic/./Tomales.glb| This file does not exist.
[09:42:06:039066]:[Metadata] AbstractObjectAttributesManagerBase.h(184)::createObject : File (data/scene_datasets/gibson_semantic/./Tomales.glb) exists but is not a recognized config filename extension, so new default Stage Template attributes created and registered.
[09:42:06:039075]:[Metadata] AttributesManagerBase.h(380)::createFromJsonOrDefaultInternal : <Stage Template>: Proposing JSON name : data/scene_datasets/gibson_semantic/./Tomkins.stage_config.json from original name : data/scene_datasets/gibson_semantic/./Tomkins.glb| This file does not exist.
[09:42:06:039112]:[Metadata] AbstractObjectAttributesManagerBase.h(184)::createObject : File (data/scene_datasets/gibson_semantic/./Tomkins.glb) exists but is not a recognized config filename extension, so new default Stage Template attributes created and registered.
[09:42:06:039121]:[Metadata] AttributesManagerBase.h(380)::createFromJsonOrDefaultInternal : <Stage Template>: Proposing JSON name : data/scene_datasets/gibson_semantic/./Torrington.stage_config.json from original name : data/scene_datasets/gibson_semantic/./Torrington.glb| This file does not exist.
[09:42:06:039156]:[Metadata] AbstractObjectAttributesManagerBase.h(184)::createObject : File (data/scene_datasets/gibson_semantic/./Torrington.glb) exists but is not a recognized config filename extension, so new default Stage Template attributes created and registered.
[09:42:06:039165]:[Metadata] AttributesManagerBase.h(380)::createFromJsonOrDefaultInternal : <Stage Template>: Proposing JSON name : data/scene_datasets/gibson_semantic/./Touhy.stage_config.json from original name : data/scene_datasets/gibson_semantic/./Touhy.glb| This file does not exist.
[09:42:06:039200]:[Metadata] AbstractObjectAttributesManagerBase.h(184)::createObject : File (data/scene_datasets/gibson_semantic/./Touhy.glb) exists but is not a recognized config filename extension, so new default Stage Template attributes created and registered.
[09:42:06:039210]:[Metadata] AttributesManagerBase.h(380)::createFromJsonOrDefaultInternal : <Stage Template>: Proposing JSON name : data/scene_datasets/gibson_semantic/./Tradewinds.stage_config.json from original name : data/scene_datasets/gibson_semantic/./Tradewinds.glb| This file does not exist.
[09:42:06:039247]:[Metadata] AbstractObjectAttributesManagerBase.h(184)::createObject : File (data/scene_datasets/gibson_semantic/./Tradewinds.glb) exists but is not a recognized config filename extension, so new default Stage Template attributes created and registered.
[09:42:06:039256]:[Metadata] AttributesManagerBase.h(380)::createFromJsonOrDefaultInternal : <Stage Template>: Proposing JSON name : data/scene_datasets/gibson_semantic/./Trail.stage_config.json from original name : data/scene_datasets/gibson_semantic/./Trail.glb| This file does not exist.
[09:42:06:039294]:[Metadata] AbstractObjectAttributesManagerBase.h(184)::createObject : File (data/scene_datasets/gibson_semantic/./Trail.glb) exists but is not a recognized config filename extension, so new default Stage Template attributes created and registered.
[09:42:06:039303]:[Metadata] AttributesManagerBase.h(380)::createFromJsonOrDefaultInternal : <Stage Template>: Proposing JSON name : data/scene_datasets/gibson_semantic/./Traver.stage_config.json from original name : data/scene_datasets/gibson_semantic/./Traver.glb| This file does not exist.
[09:42:06:039338]:[Metadata] AbstractObjectAttributesManagerBase.h(184)::createObject : File (data/scene_datasets/gibson_semantic/./Traver.glb) exists but is not a recognized config filename extension, so new default Stage Template attributes created and registered.
[09:42:06:039348]:[Metadata] AttributesManagerBase.h(380)::createFromJsonOrDefaultInternal : <Stage Template>: Proposing JSON name : data/scene_datasets/gibson_semantic/./Tyler.stage_config.json from original name : data/scene_datasets/gibson_semantic/./Tyler.glb| This file does not exist.
[09:42:06:039383]:[Metadata] AbstractObjectAttributesManagerBase.h(184)::createObject : File (data/scene_datasets/gibson_semantic/./Tyler.glb) exists but is not a recognized config filename extension, so new default Stage Template attributes created and registered.
[09:42:06:039392]:[Metadata] AttributesManagerBase.h(380)::createFromJsonOrDefaultInternal : <Stage Template>: Proposing JSON name : data/scene_datasets/gibson_semantic/./Umpqua.stage_config.json from original name : data/scene_datasets/gibson_semantic/./Umpqua.glb| This file does not exist.
[09:42:06:039429]:[Metadata] AbstractObjectAttributesManagerBase.h(184)::createObject : File (data/scene_datasets/gibson_semantic/./Umpqua.glb) exists but is not a recognized config filename extension, so new default Stage Template attributes created and registered.
[09:42:06:039439]:[Metadata] AttributesManagerBase.h(380)::createFromJsonOrDefaultInternal : <Stage Template>: Proposing JSON name : data/scene_datasets/gibson_semantic/./Uncertain.stage_config.json from original name : data/scene_datasets/gibson_semantic/./Uncertain.glb| This file does not exist.
[09:42:06:039474]:[Metadata] AbstractObjectAttributesManagerBase.h(184)::createObject : File (data/scene_datasets/gibson_semantic/./Uncertain.glb) exists but is not a recognized config filename extension, so new default Stage Template attributes created and registered.
[09:42:06:039483]:[Metadata] AttributesManagerBase.h(380)::createFromJsonOrDefaultInternal : <Stage Template>: Proposing JSON name : data/scene_datasets/gibson_semantic/./Upham.stage_config.json from original name : data/scene_datasets/gibson_semantic/./Upham.glb| This file does not exist.
[09:42:06:039519]:[Metadata] AbstractObjectAttributesManagerBase.h(184)::createObject : File (data/scene_datasets/gibson_semantic/./Upham.glb) exists but is not a recognized config filename extension, so new default Stage Template attributes created and registered.
[09:42:06:039528]:[Metadata] AttributesManagerBase.h(380)::createFromJsonOrDefaultInternal : <Stage Template>: Proposing JSON name : data/scene_datasets/gibson_semantic/./Vails.stage_config.json from original name : data/scene_datasets/gibson_semantic/./Vails.glb| This file does not exist.
[09:42:06:039566]:[Metadata] AbstractObjectAttributesManagerBase.h(184)::createObject : File (data/scene_datasets/gibson_semantic/./Vails.glb) exists but is not a recognized config filename extension, so new default Stage Template attributes created and registered.
[09:42:06:039575]:[Metadata] AttributesManagerBase.h(380)::createFromJsonOrDefaultInternal : <Stage Template>: Proposing JSON name : data/scene_datasets/gibson_semantic/./Victorville.stage_config.json from original name : data/scene_datasets/gibson_semantic/./Victorville.glb| This file does not exist.
[09:42:06:039611]:[Metadata] AbstractObjectAttributesManagerBase.h(184)::createObject : File (data/scene_datasets/gibson_semantic/./Victorville.glb) exists but is not a recognized config filename extension, so new default Stage Template attributes created and registered.
[09:42:06:039620]:[Metadata] AttributesManagerBase.h(380)::createFromJsonOrDefaultInternal : <Stage Template>: Proposing JSON name : data/scene_datasets/gibson_semantic/./Voorhees.stage_config.json from original name : data/scene_datasets/gibson_semantic/./Voorhees.glb| This file does not exist.
[09:42:06:039655]:[Metadata] AbstractObjectAttributesManagerBase.h(184)::createObject : File (data/scene_datasets/gibson_semantic/./Voorhees.glb) exists but is not a recognized config filename extension, so new default Stage Template attributes created and registered.
[09:42:06:039664]:[Metadata] AttributesManagerBase.h(380)::createFromJsonOrDefaultInternal : <Stage Template>: Proposing JSON name : data/scene_datasets/gibson_semantic/./Waimea.stage_config.json from original name : data/scene_datasets/gibson_semantic/./Waimea.glb| This file does not exist.
[09:42:06:039700]:[Metadata] AbstractObjectAttributesManagerBase.h(184)::createObject : File (data/scene_datasets/gibson_semantic/./Waimea.glb) exists but is not a recognized config filename extension, so new default Stage Template attributes created and registered.
[09:42:06:039709]:[Metadata] AttributesManagerBase.h(380)::createFromJsonOrDefaultInternal : <Stage Template>: Proposing JSON name : data/scene_datasets/gibson_semantic/./Wainscott.stage_config.json from original name : data/scene_datasets/gibson_semantic/./Wainscott.glb| This file does not exist.
[09:42:06:039745]:[Metadata] AbstractObjectAttributesManagerBase.h(184)::createObject : File (data/scene_datasets/gibson_semantic/./Wainscott.glb) exists but is not a recognized config filename extension, so new default Stage Template attributes created and registered.
[09:42:06:039754]:[Metadata] AttributesManagerBase.h(380)::createFromJsonOrDefaultInternal : <Stage Template>: Proposing JSON name : data/scene_datasets/gibson_semantic/./Waipahu.stage_config.json from original name : data/scene_datasets/gibson_semantic/./Waipahu.glb| This file does not exist.
[09:42:06:039789]:[Metadata] AbstractObjectAttributesManagerBase.h(184)::createObject : File (data/scene_datasets/gibson_semantic/./Waipahu.glb) exists but is not a recognized config filename extension, so new default Stage Template attributes created and registered.
[09:42:06:039799]:[Metadata] AttributesManagerBase.h(380)::createFromJsonOrDefaultInternal : <Stage Template>: Proposing JSON name : data/scene_datasets/gibson_semantic/./Waldenburg.stage_config.json from original name : data/scene_datasets/gibson_semantic/./Waldenburg.glb| This file does not exist.
[09:42:06:039834]:[Metadata] AbstractObjectAttributesManagerBase.h(184)::createObject : File (data/scene_datasets/gibson_semantic/./Waldenburg.glb) exists but is not a recognized config filename extension, so new default Stage Template attributes created and registered.
[09:42:06:039843]:[Metadata] AttributesManagerBase.h(380)::createFromJsonOrDefaultInternal : <Stage Template>: Proposing JSON name : data/scene_datasets/gibson_semantic/./Warrenville.stage_config.json from original name : data/scene_datasets/gibson_semantic/./Warrenville.glb| This file does not exist.
[09:42:06:039878]:[Metadata] AbstractObjectAttributesManagerBase.h(184)::createObject : File (data/scene_datasets/gibson_semantic/./Warrenville.glb) exists but is not a recognized config filename extension, so new default Stage Template attributes created and registered.
[09:42:06:039888]:[Metadata] AttributesManagerBase.h(380)::createFromJsonOrDefaultInternal : <Stage Template>: Proposing JSON name : data/scene_datasets/gibson_semantic/./Wattsville.stage_config.json from original name : data/scene_datasets/gibson_semantic/./Wattsville.glb| This file does not exist.
[09:42:06:039923]:[Metadata] AbstractObjectAttributesManagerBase.h(184)::createObject : File (data/scene_datasets/gibson_semantic/./Wattsville.glb) exists but is not a recognized config filename extension, so new default Stage Template attributes created and registered.
[09:42:06:039932]:[Metadata] AttributesManagerBase.h(380)::createFromJsonOrDefaultInternal : <Stage Template>: Proposing JSON name : data/scene_datasets/gibson_semantic/./Waucousta.stage_config.json from original name : data/scene_datasets/gibson_semantic/./Waucousta.glb| This file does not exist.
[09:42:06:039970]:[Metadata] AbstractObjectAttributesManagerBase.h(184)::createObject : File (data/scene_datasets/gibson_semantic/./Waucousta.glb) exists but is not a recognized config filename extension, so new default Stage Template attributes created and registered.
[09:42:06:039980]:[Metadata] AttributesManagerBase.h(380)::createFromJsonOrDefaultInternal : <Stage Template>: Proposing JSON name : data/scene_datasets/gibson_semantic/./Waukeenah.stage_config.json from original name : data/scene_datasets/gibson_semantic/./Waukeenah.glb| This file does not exist.
[09:42:06:040016]:[Metadata] AbstractObjectAttributesManagerBase.h(184)::createObject : File (data/scene_datasets/gibson_semantic/./Waukeenah.glb) exists but is not a recognized config filename extension, so new default Stage Template attributes created and registered.
[09:42:06:040026]:[Metadata] AttributesManagerBase.h(380)::createFromJsonOrDefaultInternal : <Stage Template>: Proposing JSON name : data/scene_datasets/gibson_semantic/./Webster.stage_config.json from original name : data/scene_datasets/gibson_semantic/./Webster.glb| This file does not exist.
[09:42:06:040062]:[Metadata] AbstractObjectAttributesManagerBase.h(184)::createObject : File (data/scene_datasets/gibson_semantic/./Webster.glb) exists but is not a recognized config filename extension, so new default Stage Template attributes created and registered.
[09:42:06:040072]:[Metadata] AttributesManagerBase.h(380)::createFromJsonOrDefaultInternal : <Stage Template>: Proposing JSON name : data/scene_datasets/gibson_semantic/./Weleetka.stage_config.json from original name : data/scene_datasets/gibson_semantic/./Weleetka.glb| This file does not exist.
[09:42:06:040106]:[Metadata] AbstractObjectAttributesManagerBase.h(184)::createObject : File (data/scene_datasets/gibson_semantic/./Weleetka.glb) exists but is not a recognized config filename extension, so new default Stage Template attributes created and registered.
[09:42:06:040116]:[Metadata] AttributesManagerBase.h(380)::createFromJsonOrDefaultInternal : <Stage Template>: Proposing JSON name : data/scene_datasets/gibson_semantic/./Wells.stage_config.json from original name : data/scene_datasets/gibson_semantic/./Wells.glb| This file does not exist.
[09:42:06:040151]:[Metadata] AbstractObjectAttributesManagerBase.h(184)::createObject : File (data/scene_datasets/gibson_semantic/./Wells.glb) exists but is not a recognized config filename extension, so new default Stage Template attributes created and registered.
[09:42:06:040160]:[Metadata] AttributesManagerBase.h(380)::createFromJsonOrDefaultInternal : <Stage Template>: Proposing JSON name : data/scene_datasets/gibson_semantic/./Wesley.stage_config.json from original name : data/scene_datasets/gibson_semantic/./Wesley.glb| This file does not exist.
[09:42:06:040196]:[Metadata] AbstractObjectAttributesManagerBase.h(184)::createObject : File (data/scene_datasets/gibson_semantic/./Wesley.glb) exists but is not a recognized config filename extension, so new default Stage Template attributes created and registered.
[09:42:06:040205]:[Metadata] AttributesManagerBase.h(380)::createFromJsonOrDefaultInternal : <Stage Template>: Proposing JSON name : data/scene_datasets/gibson_semantic/./Westerville.stage_config.json from original name : data/scene_datasets/gibson_semantic/./Westerville.glb| This file does not exist.
[09:42:06:040241]:[Metadata] AbstractObjectAttributesManagerBase.h(184)::createObject : File (data/scene_datasets/gibson_semantic/./Westerville.glb) exists but is not a recognized config filename extension, so new default Stage Template attributes created and registered.
[09:42:06:040251]:[Metadata] AttributesManagerBase.h(380)::createFromJsonOrDefaultInternal : <Stage Template>: Proposing JSON name : data/scene_datasets/gibson_semantic/./Westfield.stage_config.json from original name : data/scene_datasets/gibson_semantic/./Westfield.glb| This file does not exist.
[09:42:06:040288]:[Metadata] AbstractObjectAttributesManagerBase.h(184)::createObject : File (data/scene_datasets/gibson_semantic/./Westfield.glb) exists but is not a recognized config filename extension, so new default Stage Template attributes created and registered.
[09:42:06:040298]:[Metadata] AttributesManagerBase.h(380)::createFromJsonOrDefaultInternal : <Stage Template>: Proposing JSON name : data/scene_datasets/gibson_semantic/./Whiteriver.stage_config.json from original name : data/scene_datasets/gibson_semantic/./Whiteriver.glb| This file does not exist.
[09:42:06:040334]:[Metadata] AbstractObjectAttributesManagerBase.h(184)::createObject : File (data/scene_datasets/gibson_semantic/./Whiteriver.glb) exists but is not a recognized config filename extension, so new default Stage Template attributes created and registered.
[09:42:06:040343]:[Metadata] AttributesManagerBase.h(380)::createFromJsonOrDefaultInternal : <Stage Template>: Proposing JSON name : data/scene_datasets/gibson_semantic/./Whitethorn.stage_config.json from original name : data/scene_datasets/gibson_semantic/./Whitethorn.glb| This file does not exist.
[09:42:06:040378]:[Metadata] AbstractObjectAttributesManagerBase.h(184)::createObject : File (data/scene_datasets/gibson_semantic/./Whitethorn.glb) exists but is not a recognized config filename extension, so new default Stage Template attributes created and registered.
[09:42:06:040388]:[Metadata] AttributesManagerBase.h(380)::createFromJsonOrDefaultInternal : <Stage Template>: Proposing JSON name : data/scene_datasets/gibson_semantic/./Wiconisco.stage_config.json from original name : data/scene_datasets/gibson_semantic/./Wiconisco.glb| This file does not exist.
[09:42:06:040422]:[Metadata] AbstractObjectAttributesManagerBase.h(184)::createObject : File (data/scene_datasets/gibson_semantic/./Wiconisco.glb) exists but is not a recognized config filename extension, so new default Stage Template attributes created and registered.
[09:42:06:040431]:[Metadata] AttributesManagerBase.h(380)::createFromJsonOrDefaultInternal : <Stage Template>: Proposing JSON name : data/scene_datasets/gibson_semantic/./Wilbraham.stage_config.json from original name : data/scene_datasets/gibson_semantic/./Wilbraham.glb| This file does not exist.
[09:42:06:040467]:[Metadata] AbstractObjectAttributesManagerBase.h(184)::createObject : File (data/scene_datasets/gibson_semantic/./Wilbraham.glb) exists but is not a recognized config filename extension, so new default Stage Template attributes created and registered.
[09:42:06:040477]:[Metadata] AttributesManagerBase.h(380)::createFromJsonOrDefaultInternal : <Stage Template>: Proposing JSON name : data/scene_datasets/gibson_semantic/./Wilkinsburg.stage_config.json from original name : data/scene_datasets/gibson_semantic/./Wilkinsburg.glb| This file does not exist.
[09:42:06:040513]:[Metadata] AbstractObjectAttributesManagerBase.h(184)::createObject : File (data/scene_datasets/gibson_semantic/./Wilkinsburg.glb) exists but is not a recognized config filename extension, so new default Stage Template attributes created and registered.
[09:42:06:040522]:[Metadata] AttributesManagerBase.h(380)::createFromJsonOrDefaultInternal : <Stage Template>: Proposing JSON name : data/scene_datasets/gibson_semantic/./Willow.stage_config.json from original name : data/scene_datasets/gibson_semantic/./Willow.glb| This file does not exist.
[09:42:06:040557]:[Metadata] AbstractObjectAttributesManagerBase.h(184)::createObject : File (data/scene_datasets/gibson_semantic/./Willow.glb) exists but is not a recognized config filename extension, so new default Stage Template attributes created and registered.
[09:42:06:040566]:[Metadata] AttributesManagerBase.h(380)::createFromJsonOrDefaultInternal : <Stage Template>: Proposing JSON name : data/scene_datasets/gibson_semantic/./Wilseyville.stage_config.json from original name : data/scene_datasets/gibson_semantic/./Wilseyville.glb| This file does not exist.
[09:42:06:040602]:[Metadata] AbstractObjectAttributesManagerBase.h(184)::createObject : File (data/scene_datasets/gibson_semantic/./Wilseyville.glb) exists but is not a recognized config filename extension, so new default Stage Template attributes created and registered.
[09:42:06:040615]:[Metadata] AttributesManagerBase.h(380)::createFromJsonOrDefaultInternal : <Stage Template>: Proposing JSON name : data/scene_datasets/gibson_semantic/./Windhorst.stage_config.json from original name : data/scene_datasets/gibson_semantic/./Windhorst.glb| This file does not exist.
[09:42:06:040651]:[Metadata] AbstractObjectAttributesManagerBase.h(184)::createObject : File (data/scene_datasets/gibson_semantic/./Windhorst.glb) exists but is not a recognized config filename extension, so new default Stage Template attributes created and registered.
[09:42:06:040660]:[Metadata] AttributesManagerBase.h(380)::createFromJsonOrDefaultInternal : <Stage Template>: Proposing JSON name : data/scene_datasets/gibson_semantic/./Winfield.stage_config.json from original name : data/scene_datasets/gibson_semantic/./Winfield.glb| This file does not exist.
[09:42:06:040695]:[Metadata] AbstractObjectAttributesManagerBase.h(184)::createObject : File (data/scene_datasets/gibson_semantic/./Winfield.glb) exists but is not a recognized config filename extension, so new default Stage Template attributes created and registered.
[09:42:06:040705]:[Metadata] AttributesManagerBase.h(380)::createFromJsonOrDefaultInternal : <Stage Template>: Proposing JSON name : data/scene_datasets/gibson_semantic/./Winooski.stage_config.json from original name : data/scene_datasets/gibson_semantic/./Winooski.glb| This file does not exist.
[09:42:06:040740]:[Metadata] AbstractObjectAttributesManagerBase.h(184)::createObject : File (data/scene_datasets/gibson_semantic/./Winooski.glb) exists but is not a recognized config filename extension, so new default Stage Template attributes created and registered.
[09:42:06:040750]:[Metadata] AttributesManagerBase.h(380)::createFromJsonOrDefaultInternal : <Stage Template>: Proposing JSON name : data/scene_datasets/gibson_semantic/./Winthrop.stage_config.json from original name : data/scene_datasets/gibson_semantic/./Winthrop.glb| This file does not exist.
[09:42:06:040784]:[Metadata] AbstractObjectAttributesManagerBase.h(184)::createObject : File (data/scene_datasets/gibson_semantic/./Winthrop.glb) exists but is not a recognized config filename extension, so new default Stage Template attributes created and registered.
[09:42:06:040794]:[Metadata] AttributesManagerBase.h(380)::createFromJsonOrDefaultInternal : <Stage Template>: Proposing JSON name : data/scene_datasets/gibson_semantic/./Woodbine.stage_config.json from original name : data/scene_datasets/gibson_semantic/./Woodbine.glb| This file does not exist.
[09:42:06:040828]:[Metadata] AbstractObjectAttributesManagerBase.h(184)::createObject : File (data/scene_datasets/gibson_semantic/./Woodbine.glb) exists but is not a recognized config filename extension, so new default Stage Template attributes created and registered.
[09:42:06:040837]:[Metadata] AttributesManagerBase.h(380)::createFromJsonOrDefaultInternal : <Stage Template>: Proposing JSON name : data/scene_datasets/gibson_semantic/./Woonsocket.stage_config.json from original name : data/scene_datasets/gibson_semantic/./Woonsocket.glb| This file does not exist.
[09:42:06:040872]:[Metadata] AbstractObjectAttributesManagerBase.h(184)::createObject : File (data/scene_datasets/gibson_semantic/./Woonsocket.glb) exists but is not a recognized config filename extension, so new default Stage Template attributes created and registered.
[09:42:06:040882]:[Metadata] AttributesManagerBase.h(380)::createFromJsonOrDefaultInternal : <Stage Template>: Proposing JSON name : data/scene_datasets/gibson_semantic/./Wyatt.stage_config.json from original name : data/scene_datasets/gibson_semantic/./Wyatt.glb| This file does not exist.
[09:42:06:040917]:[Metadata] AbstractObjectAttributesManagerBase.h(184)::createObject : File (data/scene_datasets/gibson_semantic/./Wyatt.glb) exists but is not a recognized config filename extension, so new default Stage Template attributes created and registered.
[09:42:06:040928]:[Metadata] AttributesManagerBase.h(380)::createFromJsonOrDefaultInternal : <Stage Template>: Proposing JSON name : data/scene_datasets/gibson_semantic/./Wyldwood.stage_config.json from original name : data/scene_datasets/gibson_semantic/./Wyldwood.glb| This file does not exist.
[09:42:06:040963]:[Metadata] AbstractObjectAttributesManagerBase.h(184)::createObject : File (data/scene_datasets/gibson_semantic/./Wyldwood.glb) exists but is not a recognized config filename extension, so new default Stage Template attributes created and registered.
[09:42:06:040973]:[Metadata] AttributesManagerBase.h(380)::createFromJsonOrDefaultInternal : <Stage Template>: Proposing JSON name : data/scene_datasets/gibson_semantic/./Yadkinville.stage_config.json from original name : data/scene_datasets/gibson_semantic/./Yadkinville.glb| This file does not exist.
[09:42:06:041007]:[Metadata] AbstractObjectAttributesManagerBase.h(184)::createObject : File (data/scene_datasets/gibson_semantic/./Yadkinville.glb) exists but is not a recognized config filename extension, so new default Stage Template attributes created and registered.
[09:42:06:041017]:[Metadata] AttributesManagerBase.h(380)::createFromJsonOrDefaultInternal : <Stage Template>: Proposing JSON name : data/scene_datasets/gibson_semantic/./Yankeetown.stage_config.json from original name : data/scene_datasets/gibson_semantic/./Yankeetown.glb| This file does not exist.
[09:42:06:041053]:[Metadata] AbstractObjectAttributesManagerBase.h(184)::createObject : File (data/scene_datasets/gibson_semantic/./Yankeetown.glb) exists but is not a recognized config filename extension, so new default Stage Template attributes created and registered.
[09:42:06:041063]:[Metadata] AttributesManagerBase.h(380)::createFromJsonOrDefaultInternal : <Stage Template>: Proposing JSON name : data/scene_datasets/gibson_semantic/./Yscloskey.stage_config.json from original name : data/scene_datasets/gibson_semantic/./Yscloskey.glb| This file does not exist.
[09:42:06:041099]:[Metadata] AbstractObjectAttributesManagerBase.h(184)::createObject : File (data/scene_datasets/gibson_semantic/./Yscloskey.glb) exists but is not a recognized config filename extension, so new default Stage Template attributes created and registered.
[09:42:06:041106]:[Metadata] AttributesManagerBase.h(285)::loadAllFileBasedTemplates : <Stage Template> : Loaded file-based templates: 492
[09:42:06:041118]:[Metadata] AttributesManagerBase.h(360)::buildAttrSrcPathsFromJSONAndLoad : <Stage Template>:1paths specified in JSON doc forStage Templatetemplates.
[09:42:06:041127]:[Metadata] SceneDatasetAttributesManager.cpp(283)::readDatasetJSONCell : "scene_instances" cell in JSON config not appropriately configured. Skipping.
[09:42:06:041138]:[IO] JsonStlTypes.h(124)::readMember<std::map<std::__cxx11::basic_string<char>, std::__cxx11::basic_string<char> > > : Invalid JSON Object value specified in JSON config at semantic_scene_descriptor_instances ; Unable to populate std::map.
[09:42:06:041169]:[Metadata] SceneDatasetAttributesManager.cpp(37)::createObject : JSON Configuration File (data/scene_datasets/gibson_semantic/gibson.scene_dataset_config.json) based dataset attributes created  and registered.
[09:42:06:041176]:[Metadata] MetadataMediator.cpp(120)::createSceneDataset : Dataset data/scene_datasets/gibson_semantic/gibson.scene_dataset_config.json successfully created.
[09:42:06:041184]:[Metadata] MetadataMediator.cpp(217)::setActiveSceneDatasetName : Attempt to create new dataset data/scene_datasets/gibson_semantic/gibson.scene_dataset_config.json   succeeded. Currently active dataset : data/scene_datasets/gibson_semantic/gibson.scene_dataset_config.json
[09:42:06:041191]:[Metadata] MetadataMediator.cpp(175)::setCurrPhysicsAttributesHandle : Old physics manager attributes  changed to ./data/default.physics_config.json successfully.
[09:42:06:041198]:[Metadata] MetadataMediator.cpp(66)::setSimulatorConfiguration : Set new simulator config for scene/stage : data/scene_datasets/gibson_semantic/Darden.glb and dataset : data/scene_datasets/gibson_semantic/gibson.scene_dataset_config.json which is currently active dataset.
Renderer: NVIDIA L40S/PCIe/SSE2 by NVIDIA Corporation
OpenGL version: 4.6.0 NVIDIA 580.159.04
Using optional features:
    GL_ARB_vertex_array_object
    GL_ARB_separate_shader_objects
    GL_ARB_robustness
    GL_ARB_texture_storage
    GL_ARB_texture_view
    GL_ARB_framebuffer_no_attachments
    GL_ARB_invalidate_subdata
    GL_ARB_texture_storage_multisample
    GL_ARB_multi_bind
    GL_ARB_direct_state_access
    GL_ARB_get_texture_sub_image
    GL_ARB_texture_filter_anisotropic
    GL_KHR_debug
    GL_KHR_parallel_shader_compile
    GL_NV_depth_buffer_float
Using driver workarounds:
    no-forward-compatible-core-context
    nv-egl-incorrect-gl11-function-pointers
    no-layout-qualifiers-on-old-glsl
    nv-zero-context-profile-mask
    nv-implementation-color-read-format-dsa-broken
    nv-cubemap-inconsistent-compressed-image-size
    nv-cubemap-broken-full-compressed-image-query
    nv-compressed-block-size-in-bits
[09:42:06:231096]:[Metadata] MetadataMediator.cpp(297)::getSceneInstanceAttributesByName : Dataset : data/scene_datasets/gibson_semantic/gibson.scene_dataset_config.json has no preloaded SceneInstanceAttributes or StageAttributes named : data/scene_datasets/gibson_semantic/Darden.glb so loading/creating a new StageAttributes with this name, and then creating a SceneInstanceAttributes with the same name that references this stage.
[09:42:06:231139]:[Metadata] AttributesManagerBase.h(380)::createFromJsonOrDefaultInternal : <Stage Template>: Proposing JSON name : data/scene_datasets/gibson_semantic/Darden.stage_config.json from original name : data/scene_datasets/gibson_semantic/Darden.glb| This file does not exist.
[09:42:06:231211]:[Metadata] AbstractObjectAttributesManagerBase.h(184)::createObject : File (data/scene_datasets/gibson_semantic/Darden.glb) exists but is not a recognized config filename extension, so new default Stage Template attributes created and registered.
[09:42:06:231310]:[Metadata] SceneDatasetAttributes.cpp(47)::addNewSceneInstanceToDataset : Dataset : 'gibson' : Stage Attributes 'data/scene_datasets/gibson_semantic/Darden.glb' specified in Scene Attributes exists in dataset library.
[09:42:06:231320]:[Metadata] SceneDatasetAttributes.cpp(84)::addNewSceneInstanceToDataset : Dataset : 'gibson' : Lighting Layout Attributes 'no_lights' specified in Scene Attributes but does not exist in dataset, so creating.
[09:42:06:231333]:[Metadata] AttributesManagerBase.h(380)::createFromJsonOrDefaultInternal : <Lighting Layout>: Proposing JSON name : no_lights.lighting_config.json from original name : no_lights| This file does not exist.
[09:42:06:231351]:[Metadata] LightLayoutAttributesManager.cpp(38)::createObject : File (no_lights) not found, so new default light layout attributes created and registered.
[09:42:06:231363]:[Sim] Simulator.cpp(235)::createSceneInstance : Navmesh file location in scene instance : data/scene_datasets/gibson_semantic/Darden.navmesh
[09:42:06:231383]:[Sim] Simulator.cpp(240)::createSceneInstance : Loading navmesh from data/scene_datasets/gibson_semantic/Darden.navmesh
[09:42:06:231414]:[Nav] PathFinder.cpp(1035)::loadNavMesh : NavMeshSettings aren't present, guessing that they are the default
[09:42:06:231549]:[Sim] Simulator.cpp(242)::createSceneInstance : Navmesh Loaded.
[09:42:06:231577]:[Scene] SceneGraph.h(85)::createDrawableGroup : Created DrawableGroup: 
[09:42:06:231587]:[Assets] ResourceManager.cpp(308)::loadSemanticSceneDescriptor : SceneInstance : data/scene_datasets/gibson_semantic/Darden.glb proposed Semantic Scene Descriptor filename : data/scene_datasets/gibson_semantic/Darden.scn
[09:42:06:246857]:[Assets] ResourceManager.cpp(319)::loadSemanticSceneDescriptor : SSD with SceneInstanceAttributes-provided name  data/scene_datasets/gibson_semantic/Darden.scn successfully found and loaded
[09:42:06:246898]:[Assets] ResourceManager.cpp(1666)::configureImporterManagerGLExtensions : Importing Basis files as BC7.
[09:42:06:247279]:[Sim] Simulator.cpp(309)::createSceneInstance : Using scene instance-specified Light key : - no_lights -
[09:42:06:247297]:[Metadata] MetadataMediator.cpp(66)::setSimulatorConfiguration : Set new simulator config for scene/stage : data/scene_datasets/gibson_semantic/Darden.glb and dataset : data/scene_datasets/gibson_semantic/gibson.scene_dataset_config.json which is currently active dataset.
[09:42:06:247392]:[Sim] Simulator.cpp(419)::instanceStageForSceneAttributes : Start to load stage named : data/scene_datasets/gibson_semantic/Darden.glb with render asset : data/scene_datasets/gibson_semantic/Darden.glb and collision asset : data/scene_datasets/gibson_semantic/Darden.glb
[09:42:06:247446]:[Assets] ResourceManager.cpp(702)::createStageAssetInfosFromAttributes : Frame :{"up":[0,0,1],"front":[0,1,0],"origin":[0,0,0]} for render mesh named : data/scene_datasets/gibson_semantic/Darden.glb|{"up":[0,0,1],"front":[0,1,0],"origin":[0,0,0]} for semantic mesh named : data/scene_datasets/gibson_semantic/Darden_semantic.ply with type specified as semantic|Semantic Txtrs : False
[09:42:06:247461]:[Assets] ResourceManager.cpp(442)::loadStage : Loading Semantic Stage mesh : data/scene_datasets/gibson_semantic/Darden_semantic.ply
[09:42:06:247468]:[Scene] SceneGraph.h(85)::createDrawableGroup : Created DrawableGroup: 
[09:42:06:247477]:[Assets] ResourceManager.cpp(984)::loadStageInternal : Attempting to load stage data/scene_datasets/gibson_semantic/Darden_semantic.ply 
[09:42:06:247488]:[Assets] ResourceManager.cpp(863)::loadRenderAsset : Loading Semantic Mesh asset named: data/scene_datasets/gibson_semantic/Darden_semantic.ply
[09:42:06:247497]:[Assets] ResourceManager.cpp(1666)::configureImporterManagerGLExtensions : Importing Basis files as BC7.
[09:42:06:390584]:[Assets] ResourceManager.cpp(475)::loadStage : Semantic Stage mesh : data/scene_datasets/gibson_semantic/Darden_semantic.ply loaded.
[09:42:06:390642]:[Assets] ResourceManager.cpp(518)::loadStage : Start load render asset data/scene_datasets/gibson_semantic/Darden.glb .
[09:42:06:390651]:[Assets] ResourceManager.cpp(984)::loadStageInternal : Attempting to load stage data/scene_datasets/gibson_semantic/Darden.glb 
[09:42:06:390679]:[Assets] ResourceManager.cpp(866)::loadRenderAsset : Loading general asset named: data/scene_datasets/gibson_semantic/Darden.glb
[09:42:06:390690]:[Assets] ResourceManager.cpp(1666)::configureImporterManagerGLExtensions : Importing Basis files as BC7.
[09:42:09:131270]:[Assets] ResourceManager.cpp(2105)::loadMaterials : Building 2 materials for asset named 'Darden.glb' : 
[09:42:09:131369]:[Assets] ResourceManager.cpp(2210)::loadMaterials : Idx 00:Flat.
[09:42:09:131388]:[Assets] ResourceManager.cpp(2210)::loadMaterials : Idx 01:Flat.
[09:42:09:155441]:[Sim] Simulator.cpp(446)::instanceStageForSceneAttributes : Successfully loaded stage named : data/scene_datasets/gibson_semantic/Darden.glb
[09:42:09:155494]:[Sim] Simulator.cpp(203)::reconfigure : CreateSceneInstance success == true for active scene name : data/scene_datasets/gibson_semantic/Darden.glb  with renderer.
[09:42:09:173860]:[Nav] PathFinder.cpp(571)::build : Building navmesh with 404 x 154 cells
[09:42:09:293911]:[Nav] PathFinder.cpp(845)::build : Created navmesh with 722 vertices 359 polygons
[09:42:09:293981]:[Sim] Simulator.cpp(908)::recomputeNavMesh : reconstruct navmesh successful
2026-07-21 09:42:09,298 Initializing task ObjectNav-v1
2026-07-21 09:42:10,357 agent number of parameters: 0
[traj] episode 173 — unknown
[traj] reset #1 -> episode 173
  0%|          | 0/1200 [00:00<?, ?it/s]  0%|          | 1/1200 [00:29<9:57:54, 29.92s/it]  0%|          | 2/1200 [00:30<4:17:36, 12.90s/it]BLIP2ITMClient.cosine: (480, 640, 3), Seems like there is a chair ahead.
Step: 0 | Mode: initialize | Action: 2
BLIP2ITMClient.cosine: (480, 640, 3), Seems like there is a chair ahead.
Step: 1 | Mode: initialize | Action: 2
BLIP2ITMClient.cosine: (480, 640, 3), Seems like there is a chair ahead.
Step: 2 | Mode: initialize | Action: 2
BLIP2ITMClient.cosine: (480, 640, 3), Seems like there is a chair ahead.
Step: 3 | Mode: initialize | Action: 2
BLIP2ITMClient.cosine: (480, 640, 3), Seems like there is a chair ahead.
Step: 4 | Mode: initialize | Action: 2
BLIP2ITMClient.cosine: (480, 640, 3), Seems like there is a chair ahead.
Step: 5 | Mode: initialize | Action: 2
BLIP2ITMClient.cosine: (480, 640, 3), Seems like there is a chair ahead.
Step: 6 | Mode: initialize | Action: 2
BLIP2ITMClient.cosine: (480, 640, 3), Seems like there is a chair ahead.
Step: 7 | Mode: initialize | Action: 2
BLIP2ITMClient.cosine: (480, 640, 3), Seems like there is a chair ahead.
Step: 8 | Mode: initialize | Action: 2
BLIP2ITMClient.cosine: (480, 640, 3), Seems like there is a chair ahead.
Step: 9 | Mode: initialize | Action: 2
BLIP2ITMClient.cosine: (480, 640, 3), Seems like there is a chair ahead.
Step: 10 | Mode: initialize | Action: 2
BLIP2ITMClient.cosine: (480, 640, 3), Seems like there is a chair ahead.
Step: 11 | Mode: initialize | Action: 2
BLIP2ITMClient.cosine: (480, 640, 3), Seems like there is a chair ahead.
BLIP2ITMClient.cosine: (480, 640, 3), Seems like there is a chair ahead.
Best value: 19.13%
Step: 12 | Mode: explore | Action: 3
BLIP2ITMClient.cosine: (480, 640, 3), Seems like there is a chair ahead.
Sticking to last point.
Best value: 19.13%
Step: 13 | Mode: explore | Action: 3
BLIP2ITMClient.cosine: (480, 640, 3), Seems like there is a chair ahead.
Sticking to last point.
Best value: 19.13%
Step: 14 | Mode: explore | Action: 3
BLIP2ITMClient.cosine: (480, 640, 3), Seems like there is a chair ahead.
Sticking to last point.
Best value: 19.13%
Step: 15 | Mode: explore | Action: 1
BLIP2ITMClient.cosine: (480, 640, 3), Seems like there is a chair ahead.
BLIP2ITMClient.cosine: (480, 640, 3), Seems like there is a chair ahead.
Sticking to last point.
Best value: 19.13%
Step: 16 | Mode: explore | Action: 3
BLIP2ITMClient.cosine: (480, 640, 3), Seems like there is a chair ahead.
Sticking to last point.
Best value: 19.13%
Step: 17 | Mode: explore | Action: 1
BLIP2ITMClient.cosine: (480, 640, 3), Seems like there is a chair ahead.
BLIP2ITMClient.cosine: (480, 640, 3), Seems like there is a chair ahead.
Sticking to last point.
Best value: 19.13%
Step: 18 | Mode: explore | Action: 1
BLIP2ITMClient.cosine: (480, 640, 3), Seems like there is a chair ahead.
Step: 19 | Mode: navigate | Action: 1
BLIP2ITMClient.cosine: (480, 640, 3), Seems like there is a chair ahead.
Step: 20 | Mode: navigate | Action: 1
BLIP2ITMClient.cosine: (480, 640, 3), Seems like there is a chair ahead.
Step: 21 | Mode: navigate | Action: 1
BLIP2ITMClient.cosine: (480, 640, 3), Seems like there is a chair ahead.
Step: 22 | Mode: navigate | Action: 1
BLIP2ITMClient.cosine: (480, 640, 3), Seems like there is a chair ahead.
Step: 23 | Mode: navigate | Action: 1
BLIP2ITMClient.cosine: (480, 640, 3), Seems like there is a chair ahead.
Step: 24 | Mode: navigate | Action: 1
BLIP2ITMClient.cosine: (480, 640, 3), Seems like there is a chair ahead.
Step: 25 | Mode: navigate | Action: 1
BLIP2ITMClient.cosine: (480, 640, 3), Seems like there is a chair ahead.
Step: 26 | Mode: navigate | Action: 1
BLIP2ITMClient.cosine: (480, 640, 3), Seems like there is a chair ahead.
Step: 27 | Mode: navigate | Action: 1
BLIP2ITMClient.cosine: (480, 640, 3), Seems like there is a chair ahead.
Step: 28 | Mode: navigate | Action: 1
BLIP2ITMClient.cosine: (480, 640, 3), Seems like there is a chair ahead.
Step: 29 | Mode: navigate | Action: 1
BLIP2ITMClient.cosine: (480, 640, 3), Seems like there is a chair ahead.
Step: 30 | Mode: navigate | Action: 1
BLIP2ITMClient.cosine: (480, 640, 3), Seems like there is a chair ahead.
Step: 31 | Mode: navigate | Action: 1
BLIP2ITMClient.cosine: (480, 640, 3), Seems like there is a chair ahead.
Step: 32 | Mode: navigate | Action: 1
BLIP2ITMClient.cosine: (480, 640, 3), Seems like there is a chair ahead.
Step: 33 | Mode: navigate | Action: 3
BLIP2ITMClient.cosine: (480, 640, 3), Seems like there is a chair ahead.
Step: 34 | Mode: navigate | Action: 1
BLIP2ITMClient.cosine: (480, 640, 3), Seems like there is a chair ahead.
Step: 35 | Mode: navigate | Action: 1
BLIP2ITMClient.cosine: (480, 640, 3), Seems like there is a chair ahead.
Step: 36 | Mode: navigate | Action: 1
BLIP2ITMClient.cosine: (480, 640, 3), Seems like there is a chair ahead.
Step: 37 | Mode: navigate | Action: 1
BLIP2ITMClient.cosine: (480, 640, 3), Seems like there is a chair ahead.
Step: 38 | Mode: navigate | Action: 0
[traj] episode 3 — unknown
Episode 173 in scene Darden failed due to 'false_positive'.
[traj] captured failure_cause: false_positive
[traj] value map: max=0.2834, nonzero=19490
[traj] saved episode Darden_173 (39 steps, failed)
BLIP2ITMClient.cosine: (480, 640, 3), Seems like there is a tv ahead.
Step: 0 | Mode: initialize | Action: 2
[traj] episode 67 — unknown
Episode 3 in scene Darden failed due to 'never_saw_target_did_not_travel_stairs_likely_infeasible'.
[traj] captured failure_cause: never_saw_target_did_not_travel_stairs_likely_infeasible
[traj] value map: max=0.2352, nonzero=1047
[traj] saved episode Darden_3 (1 steps, failed)
BLIP2ITMClient.cosine: (480, 640, 3), Seems like there is a potted plant ahead.
Step: 0 | Mode: initialize | Action: 2
BLIP2ITMClient.cosine: (480, 640, 3), Seems like there is a potted plant ahead.
Step: 1 | Mode: initialize | Action: 2
BLIP2ITMClient.cosine: (480, 640, 3), Seems like there is a potted plant ahead.
Step: 2 | Mode: initialize | Action: 2
BLIP2ITMClient.cosine: (480, 640, 3), Seems like there is a potted plant ahead.
Step: 3 | Mode: initialize | Action: 2
BLIP2ITMClient.cosine: (480, 640, 3), Seems like there is a potted plant ahead.
Step: 4 | Mode: initialize | Action: 2
BLIP2ITMClient.cosine: (480, 640, 3), Seems like there is a potted plant ahead.
Step: 5 | Mode: initialize | Action: 2
BLIP2ITMClient.cosine: (480, 640, 3), Seems like there is a potted plant ahead.
Step: 6 | Mode: initialize | Action: 2
BLIP2ITMClient.cosine: (480, 640, 3), Seems like there is a potted plant ahead.
Step: 7 | Mode: initialize | Action: 2
BLIP2ITMClient.cosine: (480, 640, 3), Seems like there is a potted plant ahead.
Step: 8 | Mode: initialize | Action: 2
BLIP2ITMClient.cosine: (480, 640, 3), Seems like there is a potted plant ahead.
Step: 9 | Mode: initialize | Action: 2
BLIP2ITMClient.cosine: (480, 640, 3), Seems like there is a potted plant ahead.
Step: 10 | Mode: initialize | Action: 2
BLIP2ITMClient.cosine: (480, 640, 3), Seems like there is a potted plant ahead.
Step: 11 | Mode: initialize | Action: 2
BLIP2ITMClient.cosine: (480, 640, 3), Seems like there is a potted plant ahead.
BLIP2ITMClient.cosine: (480, 640, 3), Seems like there is a potted plant ahead.
Best value: 14.99%
Step: 12 | Mode: explore | Action: 3
BLIP2ITMClient.cosine: (480, 640, 3), Seems like there is a potted plant ahead.
Sticking to last point.
Best value: 14.99%
Step: 13 | Mode: explore | Action: 3
BLIP2ITMClient.cosine: (480, 640, 3), Seems like there is a potted plant ahead.
Sticking to last point.
Best value: 14.99%
Step: 14 | Mode: explore | Action: 3
BLIP2ITMClient.cosine: (480, 640, 3), Seems like there is a potted plant ahead.
Sticking to last point.
Best value: 14.99%
Step: 15 | Mode: explore | Action: 3
BLIP2ITMClient.cosine: (480, 640, 3), Seems like there is a potted plant ahead.
Sticking to last point.
Best value: 14.99%
Step: 16 | Mode: explore | Action: 3
BLIP2ITMClient.cosine: (480, 640, 3), Seems like there is a potted plant ahead.
Sticking to last point.
Best value: 14.99%
Step: 17 | Mode: explore | Action: 1
BLIP2ITMClient.cosine: (480, 640, 3), Seems like there is a potted plant ahead.
Sticking to last point.
Best value: 14.99%
Step: 18 | Mode: explore | Action: 1
BLIP2ITMClient.cosine: (480, 640, 3), Seems like there is a potted plant ahead.
BLIP2ITMClient.cosine: (480, 640, 3), Seems like there is a potted plant ahead.
Best value: 10.93%
Step: 19 | Mode: explore | Action: 1
BLIP2ITMClient.cosine: (480, 640, 3), Seems like there is a potted plant ahead.
Sticking to last point.
Best value: 10.93%
Step: 20 | Mode: explore | Action: 1
BLIP2ITMClient.cosine: (480, 640, 3), Seems like there is a potted plant ahead.
Sticking to last point.
Best value: 10.93%
Step: 21 | Mode: explore | Action: 1
BLIP2ITMClient.cosine: (480, 640, 3), Seems like there is a potted plant ahead.
Sticking to last point.
Best value: 10.93%
Step: 22 | Mode: explore | Action: 1
BLIP2ITMClient.cosine: (480, 640, 3), Seems like there is a potted plant ahead.
Sticking to last point.
Best value: 10.93%
Step: 23 | Mode: explore | Action: 1
BLIP2ITMClient.cosine: (480, 640, 3), Seems like there is a potted plant ahead.
Sticking to last point.
Best value: 10.93%
Step: 24 | Mode: explore | Action: 1
BLIP2ITMClient.cosine: (480, 640, 3), Seems like there is a potted plant ahead.
BLIP2ITMClient.cosine: (480, 640, 3), Seems like there is a potted plant ahead.
Sticking to last point.
Best value: 13.84%
Step: 25 | Mode: explore | Action: 2
BLIP2ITMClient.cosine: (480, 640, 3), Seems like there is a potted plant ahead.
BLIP2ITMClient.cosine: (480, 640, 3), Seems like there is a potted plant ahead.
Sticking to last point.
Best value: 14.64%
Step: 26 | Mode: explore | Action: 1
BLIP2ITMClient.cosine: (480, 640, 3), Seems like there is a potted plant ahead.
BLIP2ITMClient.cosine: (480, 640, 3), Seems like there is a potted plant ahead.
Sticking to last point.
Best value: 21.29%
Step: 27 | Mode: explore | Action: 2
BLIP2ITMClient.cosine: (480, 640, 3), Seems like there is a potted plant ahead.
Sticking to last point.
Best value: 21.29%
Step: 28 | Mode: explore | Action: 1
BLIP2ITMClient.cosine: (480, 640, 3), Seems like there is a potted plant ahead.
BLIP2ITMClient.cosine: (480, 640, 3), Seems like there is a potted plant ahead.
Best value: 18.66%
Step: 29 | Mode: explore | Action: 2
BLIP2ITMClient.cosine: (480, 640, 3), Seems like there is a potted plant ahead.
Sticking to last point.
Best value: 18.66%
Step: 30 | Mode: explore | Action: 1
BLIP2ITMClient.cosine: (480, 640, 3), Seems like there is a potted plant ahead.
Sticking to last point.
Best value: 18.66%
Step: 31 | Mode: explore | Action: 3
BLIP2ITMClient.cosine: (480, 640, 3), Seems like there is a potted plant ahead.
Sticking to last point.
Best value: 18.66%
Step: 32 | Mode: explore | Action: 1
BLIP2ITMClient.cosine: (480, 640, 3), Seems like there is a potted plant ahead.
Sticking to last point.
Best value: 18.66%
Step: 33 | Mode: explore | Action: 3
BLIP2ITMClient.cosine: (480, 640, 3), Seems like there is a potted plant ahead.
Sticking to last point.
Best value: 18.66%
Step: 34 | Mode: explore | Action: 1
BLIP2ITMClient.cosine: (480, 640, 3), Seems like there is a potted plant ahead.
Sticking to last point.
Best value: 18.66%
Step: 35 | Mode: explore | Action: 3
BLIP2ITMClient.cosine: (480, 640, 3), Seems like there is a potted plant ahead.
Sticking to last point.
Best value: 18.66%
Step: 36 | Mode: explore | Action: 1
BLIP2ITMClient.cosine: (480, 640, 3), Seems like there is a potted plant ahead.
Sticking to last point.
Best value: 18.66%
Step: 37 | Mode: explore | Action: 2
BLIP2ITMClient.cosine: (480, 640, 3), Seems like there is a potted plant ahead.
Sticking to last point.
Best value: 18.66%
Step: 38 | Mode: explore | Action: 2
BLIP2ITMClient.cosine: (480, 640, 3), Seems like there is a potted plant ahead.
BLIP2ITMClient.cosine: (480, 640, 3), Seems like there is a potted plant ahead.
Best value: 18.66%
Step: 39 | Mode: explore | Action: 2
BLIP2ITMClient.cosine: (480, 640, 3), Seems like there is a potted plant ahead.
BLIP2ITMClient.cosine: (480, 640, 3), Seems like there is a potted plant ahead.
Sticking to last point.
Best value: 18.66%
Step: 40 | Mode: explore | Action: 1
BLIP2ITMClient.cosine: (480, 640, 3), Seems like there is a potted plant ahead.
BLIP2ITMClient.cosine: (480, 640, 3), Seems like there is a potted plant ahead.
Sticking to last point.
Best value: 18.66%
Step: 41 | Mode: explore | Action: 1
BLIP2ITMClient.cosine: (480, 640, 3), Seems like there is a potted plant ahead.
BLIP2ITMClient.cosine: (480, 640, 3), Seems like there is a potted plant ahead.
Best value: 14.29%
Step: 42 | Mode: explore | Action: 1
BLIP2ITMClient.cosine: (480, 640, 3), Seems like there is a potted plant ahead.
BLIP2ITMClient.cosine: (480, 640, 3), Seems like there is a potted plant ahead.
Best value: 14.29%
Step: 43 | Mode: explore | Action: 2
BLIP2ITMClient.cosine: (480, 640, 3), Seems like there is a potted plant ahead.
BLIP2ITMClient.cosine: (480, 640, 3), Seems like there is a potted plant ahead.
Sticking to last point.
Best value: 14.29%
Step: 44 | Mode: explore | Action: 1
BLIP2ITMClient.cosine: (480, 640, 3), Seems like there is a potted plant ahead.
BLIP2ITMClient.cosine: (480, 640, 3), Seems like there is a potted plant ahead.
Sticking to last point.
Best value: 14.29%
Step: 45 | Mode: explore | Action: 1
BLIP2ITMClient.cosine: (480, 640, 3), Seems like there is a potted plant ahead.
BLIP2ITMClient.cosine: (480, 640, 3), Seems like there is a potted plant ahead.
Best value: 14.29%
Step: 46 | Mode: explore | Action: 3
BLIP2ITMClient.cosine: (480, 640, 3), Seems like there is a potted plant ahead.
Sticking to last point.
Best value: 14.29%
Step: 47 | Mode: explore | Action: 3
BLIP2ITMClient.cosine: (480, 640, 3), Seems like there is a potted plant ahead.
Sticking to last point.
Best value: 14.29%
Step: 48 | Mode: explore | Action: 3
BLIP2ITMClient.cosine: (480, 640, 3), Seems like there is a potted plant ahead.
BLIP2ITMClient.cosine: (480, 640, 3), Seems like there is a potted plant ahead.
Sticking to last point.
Best value: 14.81%
Step: 49 | Mode: explore | Action: 3
BLIP2ITMClient.cosine: (480, 640, 3), Seems like there is a potted plant ahead.
BLIP2ITMClient.cosine: (480, 640, 3), Seems like there is a potted plant ahead.
Best value: 12.14%
Step: 50 | Mode: explore | Action: 1
BLIP2ITMClient.cosine: (480, 640, 3), Seems like there is a potted plant ahead.
BLIP2ITMClient.cosine: (480, 640, 3), Seems like there is a potted plant ahead.
Sticking to last point.
Best value: 12.14%
Step: 51 | Mode: explore | Action: 1
BLIP2ITMClient.cosine: (480, 640, 3), Seems like there is a potted plant ahead.
Sticking to last point.
Best value: 12.14%
Step: 52 | Mode: explore | Action: 3
BLIP2ITMClient.cosine: (480, 640, 3), Seems like there is a potted plant ahead.
BLIP2ITMClient.cosine: (480, 640, 3), Seems like there is a potted plant ahead.
Sticking to last point.
Best value: 12.14%
Step: 53 | Mode: explore | Action: 1
BLIP2ITMClient.cosine: (480, 640, 3), Seems like there is a potted plant ahead.
BLIP2ITMClient.cosine: (480, 640, 3), Seems like there is a potted plant ahead.
Sticking to last point.
Best value: 11.42%
Step: 54 | Mode: explore | Action: 2
BLIP2ITMClient.cosine: (480, 640, 3), Seems like there is a potted plant ahead.
Sticking to last point.
Best value: 11.42%
Step: 55 | Mode: explore | Action: 1
BLIP2ITMClient.cosine: (480, 640, 3), Seems like there is a potted plant ahead.
BLIP2ITMClient.cosine: (480, 640, 3), Seems like there is a potted plant ahead.
Sticking to last point.
Best value: 11.42%
Step: 56 | Mode: explore | Action: 3
BLIP2ITMClient.cosine: (480, 640, 3), Seems like there is a potted plant ahead.
BLIP2ITMClient.cosine: (480, 640, 3), Seems like there is a potted plant ahead.
Sticking to last point.
Best value: 11.42%
Step: 57 | Mode: explore | Action: 1
BLIP2ITMClient.cosine: (480, 640, 3), Seems like there is a potted plant ahead.
BLIP2ITMClient.cosine: (480, 640, 3), Seems like there is a potted plant ahead.
Sticking to last point.
Best value: 10.67%
Step: 58 | Mode: explore | Action: 2
BLIP2ITMClient.cosine: (480, 640, 3), Seems like there is a potted plant ahead.
Sticking to last point.
Best value: 10.67%
Step: 59 | Mode: explore | Action: 1
BLIP2ITMClient.cosine: (480, 640, 3), Seems like there is a potted plant ahead.
BLIP2ITMClient.cosine: (480, 640, 3), Seems like there is a potted plant ahead.
Best value: 14.63%
Step: 60 | Mode: explore | Action: 2
BLIP2ITMClient.cosine: (480, 640, 3), Seems like there is a potted plant ahead.
BLIP2ITMClient.cosine: (480, 640, 3), Seems like there is a potted plant ahead.
Sticking to last point.
Best value: 14.63%
Step: 61 | Mode: explore | Action: 1
BLIP2ITMClient.cosine: (480, 640, 3), Seems like there is a potted plant ahead.
BLIP2ITMClient.cosine: (480, 640, 3), Seems like there is a potted plant ahead.
Best value: 12.61%
Step: 62 | Mode: explore | Action: 1
BLIP2ITMClient.cosine: (480, 640, 3), Seems like there is a potted plant ahead.
BLIP2ITMClient.cosine: (480, 640, 3), Seems like there is a potted plant ahead.
Sticking to last point.
Best value: 19.60%
Step: 63 | Mode: explore | Action: 1
BLIP2ITMClient.cosine: (480, 640, 3), Seems like there is a potted plant ahead.
BLIP2ITMClient.cosine: (480, 640, 3), Seems like there is a potted plant ahead.
Sticking to last point.
Best value: 19.27%
Step: 64 | Mode: explore | Action: 1
BLIP2ITMClient.cosine: (480, 640, 3), Seems like there is a potted plant ahead.
BLIP2ITMClient.cosine: (480, 640, 3), Seems like there is a potted plant ahead.
Sticking to last point.
Best value: 19.27%
Step: 65 | Mode: explore | Action: 1
BLIP2ITMClient.cosine: (480, 640, 3), Seems like there is a potted plant ahead.
BLIP2ITMClient.cosine: (480, 640, 3), Seems like there is a potted plant ahead.
Sticking to last point.
Best value: 19.27%
Step: 66 | Mode: explore | Action: 2
BLIP2ITMClient.cosine: (480, 640, 3), Seems like there is a potted plant ahead.
BLIP2ITMClient.cosine: (480, 640, 3), Seems like there is a potted plant ahead.
Best value: 23.33%
Step: 67 | Mode: explore | Action: 3
BLIP2ITMClient.cosine: (480, 640, 3), Seems like there is a potted plant ahead.
Sticking to last point.
Best value: 23.33%
Step: 68 | Mode: explore | Action: 1
BLIP2ITMClient.cosine: (480, 640, 3), Seems like there is a potted plant ahead.
Sticking to last point.
Best value: 23.33%
Step: 69 | Mode: explore | Action: 2
BLIP2ITMClient.cosine: (480, 640, 3), Seems like there is a potted plant ahead.
Sticking to last point.
Best value: 23.33%
Step: 70 | Mode: explore | Action: 1
BLIP2ITMClient.cosine: (480, 640, 3), Seems like there is a potted plant ahead.
Sticking to last point.
Best value: 23.33%
Step: 71 | Mode: explore | Action: 2
BLIP2ITMClient.cosine: (480, 640, 3), Seems like there is a potted plant ahead.
BLIP2ITMClient.cosine: (480, 640, 3), Seems like there is a potted plant ahead.
Sticking to last point.
Best value: 23.33%
Step: 72 | Mode: explore | Action: 1
BLIP2ITMClient.cosine: (480, 640, 3), Seems like there is a potted plant ahead.
Sticking to last point.
Best value: 23.33%
Step: 73 | Mode: explore | Action: 3
BLIP2ITMClient.cosine: (480, 640, 3), Seems like there is a potted plant ahead.
Sticking to last point.
Best value: 23.33%
Step: 74 | Mode: explore | Action: 3
BLIP2ITMClient.cosine: (480, 640, 3), Seems like there is a potted plant ahead.
Sticking to last point.
Best value: 23.33%
Step: 75 | Mode: explore | Action: 3
BLIP2ITMClient.cosine: (480, 640, 3), Seems like there is a potted plant ahead.
BLIP2ITMClient.cosine: (480, 640, 3), Seems like there is a potted plant ahead.
Sticking to last point.
Best value: 22.84%
Step: 76 | Mode: explore | Action: 1
BLIP2ITMClient.cosine: (480, 640, 3), Seems like there is a potted plant ahead.
Sticking to last point.
Best value: 22.84%
Step: 77 | Mode: explore | Action: 3
BLIP2ITMClient.cosine: (480, 640, 3), Seems like there is a potted plant ahead.
Sticking to last point.
Best value: 22.84%
Step: 78 | Mode: explore | Action: 1
BLIP2ITMClient.cosine: (480, 640, 3), Seems like there is a potted plant ahead.
Sticking to last point.
Best value: 22.84%
Step: 79 | Mode: explore | Action: 2
BLIP2ITMClient.cosine: (480, 640, 3), Seems like there is a potted plant ahead.
Sticking to last point.
Best value: 22.84%
Step: 80 | Mode: explore | Action: 2
BLIP2ITMClient.cosine: (480, 640, 3), Seems like there is a potted plant ahead.
Sticking to last point.
Best value: 22.84%
Step: 81 | Mode: explore | Action: 1
BLIP2ITMClient.cosine: (480, 640, 3), Seems like there is a potted plant ahead.
Sticking to last point.
Best value: 22.84%
Step: 82 | Mode: explore | Action: 2
BLIP2ITMClient.cosine: (480, 640, 3), Seems like there is a potted plant ahead.
BLIP2ITMClient.cosine: (480, 640, 3), Seems like there is a potted plant ahead.
Sticking to last point.
Best value: 22.84%
Step: 83 | Mode: explore | Action: 1
BLIP2ITMClient.cosine: (480, 640, 3), Seems like there is a potted plant ahead.
Sticking to last point.
Best value: 22.84%
Step: 84 | Mode: explore | Action: 2
BLIP2ITMClient.cosine: (480, 640, 3), Seems like there is a potted plant ahead.
BLIP2ITMClient.cosine: (480, 640, 3), Seems like there is a potted plant ahead.
Sticking to last point.
Best value: 22.84%
Step: 85 | Mode: explore | Action: 1
BLIP2ITMClient.cosine: (480, 640, 3), Seems like there is a potted plant ahead.
Sticking to last point.
Best value: 22.84%
Step: 86 | Mode: explore | Action: 2
BLIP2ITMClient.cosine: (480, 640, 3), Seems like there is a potted plant ahead.
BLIP2ITMClient.cosine: (480, 640, 3), Seems like there is a potted plant ahead.
Sticking to last point.
Best value: 22.84%
Step: 87 | Mode: explore | Action: 1
BLIP2ITMClient.cosine: (480, 640, 3), Seems like there is a potted plant ahead.
Sticking to last point.
Best value: 22.84%
Step: 88 | Mode: explore | Action: 3
BLIP2ITMClient.cosine: (480, 640, 3), Seems like there is a potted plant ahead.
Sticking to last point.
Best value: 22.84%
Step: 89 | Mode: explore | Action: 3
BLIP2ITMClient.cosine: (480, 640, 3), Seems like there is a potted plant ahead.
Sticking to last point.
Best value: 22.84%
Step: 90 | Mode: explore | Action: 1
BLIP2ITMClient.cosine: (480, 640, 3), Seems like there is a potted plant ahead.
Sticking to last point.
Best value: 22.84%
Step: 91 | Mode: explore | Action: 3
BLIP2ITMClient.cosine: (480, 640, 3), Seems like there is a potted plant ahead.
Sticking to last point.
Best value: 22.84%
Step: 92 | Mode: explore | Action: 1
BLIP2ITMClient.cosine: (480, 640, 3), Seems like there is a potted plant ahead.
Sticking to last point.
Best value: 22.84%
Step: 93 | Mode: explore | Action: 3
BLIP2ITMClient.cosine: (480, 640, 3), Seems like there is a potted plant ahead.
Sticking to last point.
Best value: 22.84%
Step: 94 | Mode: explore | Action: 1
BLIP2ITMClient.cosine: (480, 640, 3), Seems like there is a potted plant ahead.
Sticking to last point.
Best value: 22.84%
Step: 95 | Mode: explore | Action: 3
BLIP2ITMClient.cosine: (480, 640, 3), Seems like there is a potted plant ahead.
Sticking to last point.
Best value: 22.84%
Step: 96 | Mode: explore | Action: 1
BLIP2ITMClient.cosine: (480, 640, 3), Seems like there is a potted plant ahead.
Sticking to last point.
Best value: 22.84%
Step: 97 | Mode: explore | Action: 2
BLIP2ITMClient.cosine: (480, 640, 3), Seems like there is a potted plant ahead.
Sticking to last point.
Best value: 22.84%
Step: 98 | Mode: explore | Action: 2
BLIP2ITMClient.cosine: (480, 640, 3), Seems like there is a potted plant ahead.
Sticking to last point.
Best value: 22.84%
Step: 99 | Mode: explore | Action: 2
BLIP2ITMClient.cosine: (480, 640, 3), Seems like there is a potted plant ahead.
Sticking to last point.
Best value: 22.84%
Step: 100 | Mode: explore | Action: 1
BLIP2ITMClient.cosine: (480, 640, 3), Seems like there is a potted plant ahead.
Sticking to last point.
Best value: 22.84%
Step: 101 | Mode: explore | Action: 2
BLIP2ITMClient.cosine: (480, 640, 3), Seems like there is a potted plant ahead.
Sticking to last point.
Best value: 22.84%
Step: 102 | Mode: explore | Action: 1
BLIP2ITMClient.cosine: (480, 640, 3), Seems like there is a potted plant ahead.
Sticking to last point.
Best value: 22.84%
Step: 103 | Mode: explore | Action: 2
BLIP2ITMClient.cosine: (480, 640, 3), Seems like there is a potted plant ahead.
Sticking to last point.
Best value: 22.84%
Step: 104 | Mode: explore | Action: 1
BLIP2ITMClient.cosine: (480, 640, 3), Seems like there is a potted plant ahead.
Sticking to last point.
Best value: 22.84%
Step: 105 | Mode: explore | Action: 3
BLIP2ITMClient.cosine: (480, 640, 3), Seems like there is a potted plant ahead.
Sticking to last point.
Best value: 22.84%
Step: 106 | Mode: explore | Action: 1
BLIP2ITMClient.cosine: (480, 640, 3), Seems like there is a potted plant ahead.
Sticking to last point.
Best value: 22.84%
Step: 107 | Mode: explore | Action: 3
BLIP2ITMClient.cosine: (480, 640, 3), Seems like there is a potted plant ahead.
Sticking to last point.
Best value: 22.84%
Step: 108 | Mode: explore | Action: 1
BLIP2ITMClient.cosine: (480, 640, 3), Seems like there is a potted plant ahead.
Sticking to last point.
Best value: 22.84%
Step: 109 | Mode: explore | Action: 2
BLIP2ITMClient.cosine: (480, 640, 3), Seems like there is a potted plant ahead.
Sticking to last point.
Best value: 22.84%
Step: 110 | Mode: explore | Action: 1
BLIP2ITMClient.cosine: (480, 640, 3), Seems like there is a potted plant ahead.
Sticking to last point.
Best value: 22.84%
Step: 111 | Mode: explore | Action: 2
BLIP2ITMClient.cosine: (480, 640, 3), Seems like there is a potted plant ahead.
Sticking to last point.
Best value: 22.84%
Step: 112 | Mode: explore | Action: 1
BLIP2ITMClient.cosine: (480, 640, 3), Seems like there is a potted plant ahead.
Sticking to last point.
Best value: 22.84%
Step: 113 | Mode: explore | Action: 2
BLIP2ITMClient.cosine: (480, 640, 3), Seems like there is a potted plant ahead.
BLIP2ITMClient.cosine: (480, 640, 3), Seems like there is a potted plant ahead.
Sticking to last point.
Best value: 22.84%
Step: 114 | Mode: explore | Action: 1
BLIP2ITMClient.cosine: (480, 640, 3), Seems like there is a potted plant ahead.
Sticking to last point.
Best value: 22.84%
Step: 115 | Mode: explore | Action: 3
BLIP2ITMClient.cosine: (480, 640, 3), Seems like there is a potted plant ahead.
Sticking to last point.
Best value: 22.84%
Step: 116 | Mode: explore | Action: 3
BLIP2ITMClient.cosine: (480, 640, 3), Seems like there is a potted plant ahead.
Sticking to last point.
Best value: 22.84%
Step: 117 | Mode: explore | Action: 3
BLIP2ITMClient.cosine: (480, 640, 3), Seems like there is a potted plant ahead.
Sticking to last point.
Best value: 22.84%
Step: 118 | Mode: explore | Action: 1
BLIP2ITMClient.cosine: (480, 640, 3), Seems like there is a potted plant ahead.
Sticking to last point.
Best value: 22.84%
Step: 119 | Mode: explore | Action: 3
BLIP2ITMClient.cosine: (480, 640, 3), Seems like there is a potted plant ahead.
Sticking to last point.
Best value: 22.84%
Step: 120 | Mode: explore | Action: 1
BLIP2ITMClient.cosine: (480, 640, 3), Seems like there is a potted plant ahead.
Sticking to last point.
Best value: 22.84%
Step: 121 | Mode: explore | Action: 3
BLIP2ITMClient.cosine: (480, 640, 3), Seems like there is a potted plant ahead.
Sticking to last point.
Best value: 22.84%
Step: 122 | Mode: explore | Action: 1
BLIP2ITMClient.cosine: (480, 640, 3), Seems like there is a potted plant ahead.
Sticking to last point.
Best value: 22.84%
Step: 123 | Mode: explore | Action: 3
BLIP2ITMClient.cosine: (480, 640, 3), Seems like there is a potted plant ahead.
Sticking to last point.
Best value: 22.84%
Step: 124 | Mode: explore | Action: 1
BLIP2ITMClient.cosine: (480, 640, 3), Seems like there is a potted plant ahead.
Sticking to last point.
Best value: 22.84%
Step: 125 | Mode: explore | Action: 3
BLIP2ITMClient.cosine: (480, 640, 3), Seems like there is a potted plant ahead.
BLIP2ITMClient.cosine: (480, 640, 3), Seems like there is a potted plant ahead.
Sticking to last point.
Best value: 22.84%
Step: 126 | Mode: explore | Action: 1
BLIP2ITMClient.cosine: (480, 640, 3), Seems like there is a potted plant ahead.
Sticking to last point.
Best value: 22.84%
Step: 127 | Mode: explore | Action: 3
BLIP2ITMClient.cosine: (480, 640, 3), Seems like there is a potted plant ahead.
Sticking to last point.
Best value: 22.84%
Step: 128 | Mode: explore | Action: 1
BLIP2ITMClient.cosine: (480, 640, 3), Seems like there is a potted plant ahead.
Sticking to last point.
Best value: 22.84%
Step: 129 | Mode: explore | Action: 3
BLIP2ITMClient.cosine: (480, 640, 3), Seems like there is a potted plant ahead.
Sticking to last point.
Best value: 22.84%
Step: 130 | Mode: explore | Action: 3
BLIP2ITMClient.cosine: (480, 640, 3), Seems like there is a potted plant ahead.
Sticking to last point.
Best value: 22.84%
Step: 131 | Mode: explore | Action: 1
BLIP2ITMClient.cosine: (480, 640, 3), Seems like there is a potted plant ahead.
Sticking to last point.
Best value: 22.84%
Step: 132 | Mode: explore | Action: 3
BLIP2ITMClient.cosine: (480, 640, 3), Seems like there is a potted plant ahead.
Sticking to last point.
Best value: 22.84%
Step: 133 | Mode: explore | Action: 1
BLIP2ITMClient.cosine: (480, 640, 3), Seems like there is a potted plant ahead.
BLIP2ITMClient.cosine: (480, 640, 3), Seems like there is a potted plant ahead.
Sticking to last point.
Best value: 22.84%
Step: 134 | Mode: explore | Action: 1
BLIP2ITMClient.cosine: (480, 640, 3), Seems like there is a potted plant ahead.
BLIP2ITMClient.cosine: (480, 640, 3), Seems like there is a potted plant ahead.
Sticking to last point.
Best value: 22.84%
Step: 135 | Mode: explore | Action: 2
BLIP2ITMClient.cosine: (480, 640, 3), Seems like there is a potted plant ahead.
Sticking to last point.
Best value: 22.84%
Step: 136 | Mode: explore | Action: 1
BLIP2ITMClient.cosine: (480, 640, 3), Seems like there is a potted plant ahead.
Sticking to last point.
Best value: 22.84%
Step: 137 | Mode: explore | Action: 2
BLIP2ITMClient.cosine: (480, 640, 3), Seems like there is a potted plant ahead.
BLIP2ITMClient.cosine: (480, 640, 3), Seems like there is a potted plant ahead.
Sticking to last point.
Best value: 22.84%
Step: 138 | Mode: explore | Action: 1
BLIP2ITMClient.cosine: (480, 640, 3), Seems like there is a potted plant ahead.
Sticking to last point.
Best value: 22.84%
Step: 139 | Mode: explore | Action: 2
BLIP2ITMClient.cosine: (480, 640, 3), Seems like there is a potted plant ahead.
BLIP2ITMClient.cosine: (480, 640, 3), Seems like there is a potted plant ahead.
Sticking to last point.
Best value: 22.84%
Step: 140 | Mode: explore | Action: 1
BLIP2ITMClient.cosine: (480, 640, 3), Seems like there is a potted plant ahead.
BLIP2ITMClient.cosine: (480, 640, 3), Seems like there is a potted plant ahead.
Sticking to last point.
Best value: 22.84%
Step: 141 | Mode: explore | Action: 1
BLIP2ITMClient.cosine: (480, 640, 3), Seems like there is a potted plant ahead.
BLIP2ITMClient.cosine: (480, 640, 3), Seems like there is a potted plant ahead.
Sticking to last point.
Best value: 22.84%
Step: 142 | Mode: explore | Action: 2
BLIP2ITMClient.cosine: (480, 640, 3), Seems like there is a potted plant ahead.
BLIP2ITMClient.cosine: (480, 640, 3), Seems like there is a potted plant ahead.
Sticking to last point.
Best value: 22.84%
Step: 143 | Mode: explore | Action: 2
BLIP2ITMClient.cosine: (480, 640, 3), Seems like there is a potted plant ahead.
Sticking to last point.
Best value: 22.84%
Step: 144 | Mode: explore | Action: 2
BLIP2ITMClient.cosine: (480, 640, 3), Seems like there is a potted plant ahead.
Sticking to last point.
Best value: 22.84%
Step: 145 | Mode: explore | Action: 2
BLIP2ITMClient.cosine: (480, 640, 3), Seems like there is a potted plant ahead.
Sticking to last point.
Best value: 22.84%
Step: 146 | Mode: explore | Action: 2
BLIP2ITMClient.cosine: (480, 640, 3), Seems like there is a potted plant ahead.
BLIP2ITMClient.cosine: (480, 640, 3), Seems like there is a potted plant ahead.
Sticking to last point.
Best value: 22.84%
Step: 147 | Mode: explore | Action: 1
BLIP2ITMClient.cosine: (480, 640, 3), Seems like there is a potted plant ahead.
Sticking to last point.
Best value: 22.84%
Step: 148 | Mode: explore | Action: 1
BLIP2ITMClient.cosine: (480, 640, 3), Seems like there is a potted plant ahead.
Sticking to last point.
Best value: 22.84%
Step: 149 | Mode: explore | Action: 1
BLIP2ITMClient.cosine: (480, 640, 3), Seems like there is a potted plant ahead.
Sticking to last point.
Best value: 22.84%
Step: 150 | Mode: explore | Action: 3
BLIP2ITMClient.cosine: (480, 640, 3), Seems like there is a potted plant ahead.
Sticking to last point.
Best value: 22.84%
Step: 151 | Mode: explore | Action: 1
BLIP2ITMClient.cosine: (480, 640, 3), Seems like there is a potted plant ahead.
Sticking to last point.
Best value: 22.84%
Step: 152 | Mode: explore | Action: 1
BLIP2ITMClient.cosine: (480, 640, 3), Seems like there is a potted plant ahead.
Sticking to last point.
Best value: 22.84%
Step: 153 | Mode: explore | Action: 1
BLIP2ITMClient.cosine: (480, 640, 3), Seems like there is a potted plant ahead.
Sticking to last point.
Best value: 22.84%
Step: 154 | Mode: explore | Action: 2
BLIP2ITMClient.cosine: (480, 640, 3), Seems like there is a potted plant ahead.
Sticking to last point.
Best value: 22.84%
Step: 155 | Mode: explore | Action: 1
BLIP2ITMClient.cosine: (480, 640, 3), Seems like there is a potted plant ahead.
Sticking to last point.
Best value: 22.84%
Step: 156 | Mode: explore | Action: 2
BLIP2ITMClient.cosine: (480, 640, 3), Seems like there is a potted plant ahead.
Sticking to last point.
Best value: 22.84%
Step: 157 | Mode: explore | Action: 1
BLIP2ITMClient.cosine: (480, 640, 3), Seems like there is a potted plant ahead.
Sticking to last point.
Best value: 22.84%
Step: 158 | Mode: explore | Action: 3
BLIP2ITMClient.cosine: (480, 640, 3), Seems like there is a potted plant ahead.
Sticking to last point.
Best value: 22.84%
Step: 159 | Mode: explore | Action: 3
BLIP2ITMClient.cosine: (480, 640, 3), Seems like there is a potted plant ahead.
Sticking to last point.
Best value: 22.84%
Step: 160 | Mode: explore | Action: 1
BLIP2ITMClient.cosine: (480, 640, 3), Seems like there is a potted plant ahead.
Sticking to last point.
Best value: 22.84%
Step: 161 | Mode: explore | Action: 3
BLIP2ITMClient.cosine: (480, 640, 3), Seems like there is a potted plant ahead.
Sticking to last point.
Best value: 22.84%
Step: 162 | Mode: explore | Action: 1
BLIP2ITMClient.cosine: (480, 640, 3), Seems like there is a potted plant ahead.
Sticking to last point.
Best value: 22.84%
Step: 163 | Mode: explore | Action: 3
BLIP2ITMClient.cosine: (480, 640, 3), Seems like there is a potted plant ahead.
Sticking to last point.
Best value: 22.84%
Step: 164 | Mode: explore | Action: 1
BLIP2ITMClient.cosine: (480, 640, 3), Seems like there is a potted plant ahead.
Sticking to last point.
Best value: 22.84%
Step: 165 | Mode: explore | Action: 2
BLIP2ITMClient.cosine: (480, 640, 3), Seems like there is a potted plant ahead.
Sticking to last point.
Best value: 22.84%
Step: 166 | Mode: explore | Action: 2
BLIP2ITMClient.cosine: (480, 640, 3), Seems like there is a potted plant ahead.
Sticking to last point.
Best value: 22.84%
Step: 167 | Mode: explore | Action: 2
BLIP2ITMClient.cosine: (480, 640, 3), Seems like there is a potted plant ahead.
Sticking to last point.
Best value: 22.84%
Step: 168 | Mode: explore | Action: 1
BLIP2ITMClient.cosine: (480, 640, 3), Seems like there is a potted plant ahead.
Sticking to last point.
Best value: 22.84%
Step: 169 | Mode: explore | Action: 2
BLIP2ITMClient.cosine: (480, 640, 3), Seems like there is a potted plant ahead.
Sticking to last point.
Best value: 22.84%
Step: 170 | Mode: explore | Action: 1
BLIP2ITMClient.cosine: (480, 640, 3), Seems like there is a potted plant ahead.
Sticking to last point.
Best value: 22.84%
Step: 171 | Mode: explore | Action: 2
BLIP2ITMClient.cosine: (480, 640, 3), Seems like there is a potted plant ahead.
Sticking to last point.
Best value: 22.84%
Step: 172 | Mode: explore | Action: 1
BLIP2ITMClient.cosine: (480, 640, 3), Seems like there is a potted plant ahead.
Sticking to last point.
Best value: 22.84%
Step: 173 | Mode: explore | Action: 3
BLIP2ITMClient.cosine: (480, 640, 3), Seems like there is a potted plant ahead.
Sticking to last point.
Best value: 22.84%
Step: 174 | Mode: explore | Action: 3
BLIP2ITMClient.cosine: (480, 640, 3), Seems like there is a potted plant ahead.
Sticking to last point.
Best value: 22.84%
Step: 175 | Mode: explore | Action: 1
BLIP2ITMClient.cosine: (480, 640, 3), Seems like there is a potted plant ahead.
Sticking to last point.
Best value: 22.84%
Step: 176 | Mode: explore | Action: 3
BLIP2ITMClient.cosine: (480, 640, 3), Seems like there is a potted plant ahead.
Sticking to last point.
Best value: 22.84%
Step: 177 | Mode: explore | Action: 1
BLIP2ITMClient.cosine: (480, 640, 3), Seems like there is a potted plant ahead.
Sticking to last point.
Best value: 22.84%
Step: 178 | Mode: explore | Action: 2
BLIP2ITMClient.cosine: (480, 640, 3), Seems like there is a potted plant ahead.
Sticking to last point.
Best value: 22.84%
Step: 179 | Mode: explore | Action: 2
BLIP2ITMClient.cosine: (480, 640, 3), Seems like there is a potted plant ahead.
Sticking to last point.
Best value: 22.84%
Step: 180 | Mode: explore | Action: 1
BLIP2ITMClient.cosine: (480, 640, 3), Seems like there is a potted plant ahead.
Sticking to last point.
Best value: 22.84%
Step: 181 | Mode: explore | Action: 2
BLIP2ITMClient.cosine: (480, 640, 3), Seems like there is a potted plant ahead.
Sticking to last point.
Best value: 22.84%
Step: 182 | Mode: explore | Action: 1
BLIP2ITMClient.cosine: (480, 640, 3), Seems like there is a potted plant ahead.
Sticking to last point.
Best value: 22.84%
Step: 183 | Mode: explore | Action: 2
BLIP2ITMClient.cosine: (480, 640, 3), Seems like there is a potted plant ahead.
Sticking to last point.
Best value: 22.84%
Step: 184 | Mode: explore | Action: 1
BLIP2ITMClient.cosine: (480, 640, 3), Seems like there is a potted plant ahead.
Sticking to last point.
Best value: 22.84%
Step: 185 | Mode: explore | Action: 3
BLIP2ITMClient.cosine: (480, 640, 3), Seems like there is a potted plant ahead.
Sticking to last point.
Best value: 22.84%
Step: 186 | Mode: explore | Action: 3
BLIP2ITMClient.cosine: (480, 640, 3), Seems like there is a potted plant ahead.
Sticking to last point.
Best value: 22.84%
Step: 187 | Mode: explore | Action: 3
BLIP2ITMClient.cosine: (480, 640, 3), Seems like there is a potted plant ahead.
Sticking to last point.
Best value: 22.84%
Step: 188 | Mode: explore | Action: 1
BLIP2ITMClient.cosine: (480, 640, 3), Seems like there is a potted plant ahead.
Sticking to last point.
Best value: 22.84%
Step: 189 | Mode: explore | Action: 3
BLIP2ITMClient.cosine: (480, 640, 3), Seems like there is a potted plant ahead.
Sticking to last point.
Best value: 22.84%
Step: 190 | Mode: explore | Action: 1
BLIP2ITMClient.cosine: (480, 640, 3), Seems like there is a potted plant ahead.
Sticking to last point.
Best value: 22.84%
Step: 191 | Mode: explore | Action: 3
BLIP2ITMClient.cosine: (480, 640, 3), Seems like there is a potted plant ahead.
Sticking to last point.
Best value: 22.84%
Step: 192 | Mode: explore | Action: 1
BLIP2ITMClient.cosine: (480, 640, 3), Seems like there is a potted plant ahead.
Sticking to last point.
Best value: 22.84%
Step: 193 | Mode: explore | Action: 3
BLIP2ITMClient.cosine: (480, 640, 3), Seems like there is a potted plant ahead.
Sticking to last point.
Best value: 22.84%
Step: 194 | Mode: explore | Action: 1
BLIP2ITMClient.cosine: (480, 640, 3), Seems like there is a potted plant ahead.
Sticking to last point.
Best value: 22.84%
Step: 195 | Mode: explore | Action: 3
BLIP2ITMClient.cosine: (480, 640, 3), Seems like there is a potted plant ahead.
Sticking to last point.
Best value: 22.84%
Step: 196 | Mode: explore | Action: 1
BLIP2ITMClient.cosine: (480, 640, 3), Seems like there is a potted plant ahead.
Sticking to last point.
Best value: 22.84%
Step: 197 | Mode: explore | Action: 3
BLIP2ITMClient.cosine: (480, 640, 3), Seems like there is a potted plant ahead.
Sticking to last point.
Best value: 22.84%
Step: 198 | Mode: explore | Action: 1
BLIP2ITMClient.cosine: (480, 640, 3), Seems like there is a potted plant ahead.
Sticking to last point.
Best value: 22.84%
Step: 199 | Mode: explore | Action: 3
BLIP2ITMClient.cosine: (480, 640, 3), Seems like there is a potted plant ahead.
Sticking to last point.
Best value: 22.84%
Step: 200 | Mode: explore | Action: 3
BLIP2ITMClient.cosine: (480, 640, 3), Seems like there is a potted plant ahead.
Sticking to last point.
Best value: 22.84%
Step: 201 | Mode: explore | Action: 1
BLIP2ITMClient.cosine: (480, 640, 3), Seems like there is a potted plant ahead.
Sticking to last point.
Best value: 22.84%
Step: 202 | Mode: explore | Action: 3
BLIP2ITMClient.cosine: (480, 640, 3), Seems like there is a potted plant ahead.
Sticking to last point.
Best value: 22.84%
Step: 203 | Mode: explore | Action: 1
BLIP2ITMClient.cosine: (480, 640, 3), Seems like there is a potted plant ahead.
Sticking to last point.
Best value: 22.84%
Step: 204 | Mode: explore | Action: 2
BLIP2ITMClient.cosine: (480, 640, 3), Seems like there is a potted plant ahead.
Sticking to last point.
Best value: 22.84%
Step: 205 | Mode: explore | Action: 1
BLIP2ITMClient.cosine: (480, 640, 3), Seems like there is a potted plant ahead.
Sticking to last point.
Best value: 22.84%
Step: 206 | Mode: explore | Action: 1
BLIP2ITMClient.cosine: (480, 640, 3), Seems like there is a potted plant ahead.
Sticking to last point.
Best value: 22.84%
Step: 207 | Mode: explore | Action: 2
BLIP2ITMClient.cosine: (480, 640, 3), Seems like there is a potted plant ahead.
BLIP2ITMClient.cosine: (480, 640, 3), Seems like there is a potted plant ahead.
Sticking to last point.
Best value: 22.84%
Step: 208 | Mode: explore | Action: 1
BLIP2ITMClient.cosine: (480, 640, 3), Seems like there is a potted plant ahead.
Sticking to last point.
Best value: 22.84%
Step: 209 | Mode: explore | Action: 2
BLIP2ITMClient.cosine: (480, 640, 3), Seems like there is a potted plant ahead.
BLIP2ITMClient.cosine: (480, 640, 3), Seems like there is a potted plant ahead.
Sticking to last point.
Best value: 22.84%
Step: 210 | Mode: explore | Action: 1
BLIP2ITMClient.cosine: (480, 640, 3), Seems like there is a potted plant ahead.
BLIP2ITMClient.cosine: (480, 640, 3), Seems like there is a potted plant ahead.
Sticking to last point.
Best value: 22.84%
Step: 211 | Mode: explore | Action: 1
BLIP2ITMClient.cosine: (480, 640, 3), Seems like there is a potted plant ahead.
BLIP2ITMClient.cosine: (480, 640, 3), Seems like there is a potted plant ahead.
Sticking to last point.
Best value: 22.84%
Step: 212 | Mode: explore | Action: 2
BLIP2ITMClient.cosine: (480, 640, 3), Seems like there is a potted plant ahead.
BLIP2ITMClient.cosine: (480, 640, 3), Seems like there is a potted plant ahead.
Sticking to last point.
Best value: 22.84%
Step: 213 | Mode: explore | Action: 1
BLIP2ITMClient.cosine: (480, 640, 3), Seems like there is a potted plant ahead.
BLIP2ITMClient.cosine: (480, 640, 3), Seems like there is a potted plant ahead.
Sticking to last point.
Best value: 22.84%
Step: 214 | Mode: explore | Action: 1
BLIP2ITMClient.cosine: (480, 640, 3), Seems like there is a potted plant ahead.
BLIP2ITMClient.cosine: (480, 640, 3), Seems like there is a potted plant ahead.
Sticking to last point.
Best value: 22.84%
Step: 215 | Mode: explore | Action: 1
BLIP2ITMClient.cosine: (480, 640, 3), Seems like there is a potted plant ahead.
BLIP2ITMClient.cosine: (480, 640, 3), Seems like there is a potted plant ahead.
Sticking to last point.
Best value: 22.84%
Step: 216 | Mode: explore | Action: 1
BLIP2ITMClient.cosine: (480, 640, 3), Seems like there is a potted plant ahead.
BLIP2ITMClient.cosine: (480, 640, 3), Seems like there is a potted plant ahead.
Sticking to last point.
Best value: 22.84%
Step: 217 | Mode: explore | Action: 1
BLIP2ITMClient.cosine: (480, 640, 3), Seems like there is a potted plant ahead.
BLIP2ITMClient.cosine: (480, 640, 3), Seems like there is a potted plant ahead.
Sticking to last point.
Best value: 22.84%
Step: 218 | Mode: explore | Action: 1
BLIP2ITMClient.cosine: (480, 640, 3), Seems like there is a potted plant ahead.
BLIP2ITMClient.cosine: (480, 640, 3), Seems like there is a potted plant ahead.
Sticking to last point.
Best value: 22.84%
Step: 219 | Mode: explore | Action: 1
BLIP2ITMClient.cosine: (480, 640, 3), Seems like there is a potted plant ahead.
BLIP2ITMClient.cosine: (480, 640, 3), Seems like there is a potted plant ahead.
Sticking to last point.
Best value: 22.84%
Step: 220 | Mode: explore | Action: 2
BLIP2ITMClient.cosine: (480, 640, 3), Seems like there is a potted plant ahead.
BLIP2ITMClient.cosine: (480, 640, 3), Seems like there is a potted plant ahead.
Sticking to last point.
Best value: 22.84%
Step: 221 | Mode: explore | Action: 1
BLIP2ITMClient.cosine: (480, 640, 3), Seems like there is a potted plant ahead.
BLIP2ITMClient.cosine: (480, 640, 3), Seems like there is a potted plant ahead.
Sticking to last point.
Best value: 22.84%
Step: 222 | Mode: explore | Action: 1
BLIP2ITMClient.cosine: (480, 640, 3), Seems like there is a potted plant ahead.
BLIP2ITMClient.cosine: (480, 640, 3), Seems like there is a potted plant ahead.
Sticking to last point.
Best value: 22.84%
Step: 223 | Mode: explore | Action: 2
BLIP2ITMClient.cosine: (480, 640, 3), Seems like there is a potted plant ahead.
Best value: 16.98%
Step: 224 | Mode: explore | Action: 2
BLIP2ITMClient.cosine: (480, 640, 3), Seems like there is a potted plant ahead.
Sticking to last point.
Best value: 16.98%
Step: 225 | Mode: explore | Action: 2
BLIP2ITMClient.cosine: (480, 640, 3), Seems like there is a potted plant ahead.
Sticking to last point.
Best value: 16.98%
Step: 226 | Mode: explore | Action: 2
BLIP2ITMClient.cosine: (480, 640, 3), Seems like there is a potted plant ahead.
Sticking to last point.
Best value: 16.98%
Step: 227 | Mode: explore | Action: 2
BLIP2ITMClient.cosine: (480, 640, 3), Seems like there is a potted plant ahead.
Sticking to last point.
Best value: 16.98%
Step: 228 | Mode: explore | Action: 2
BLIP2ITMClient.cosine: (480, 640, 3), Seems like there is a potted plant ahead.
Sticking to last point.
Best value: 16.98%
Step: 229 | Mode: explore | Action: 2
BLIP2ITMClient.cosine: (480, 640, 3), Seems like there is a potted plant ahead.
Sticking to last point.
Best value: 16.98%
Step: 230 | Mode: explore | Action: 1
BLIP2ITMClient.cosine: (480, 640, 3), Seems like there is a potted plant ahead.
Sticking to last point.
Best value: 16.98%
Step: 231 | Mode: explore | Action: 1
BLIP2ITMClient.cosine: (480, 640, 3), Seems like there is a potted plant ahead.
Sticking to last point.
Best value: 16.98%
Step: 232 | Mode: explore | Action: 3
BLIP2ITMClient.cosine: (480, 640, 3), Seems like there is a potted plant ahead.
Sticking to last point.
Best value: 16.98%
Step: 233 | Mode: explore | Action: 1
BLIP2ITMClient.cosine: (480, 640, 3), Seems like there is a potted plant ahead.
Sticking to last point.
Best value: 16.98%
Step: 234 | Mode: explore | Action: 3
BLIP2ITMClient.cosine: (480, 640, 3), Seems like there is a potted plant ahead.
Sticking to last point.
Best value: 16.98%
Step: 235 | Mode: explore | Action: 3
BLIP2ITMClient.cosine: (480, 640, 3), Seems like there is a potted plant ahead.
Sticking to last point.
Best value: 16.98%
Step: 236 | Mode: explore | Action: 3
BLIP2ITMClient.cosine: (480, 640, 3), Seems like there is a potted plant ahead.
Sticking to last point.
Best value: 16.98%
Step: 237 | Mode: explore | Action: 3
BLIP2ITMClient.cosine: (480, 640, 3), Seems like there is a potted plant ahead.
Sticking to last point.
Best value: 16.98%
Step: 238 | Mode: explore | Action: 3
BLIP2ITMClient.cosine: (480, 640, 3), Seems like there is a potted plant ahead.
Sticking to last point.
Best value: 16.98%
Step: 239 | Mode: explore | Action: 1
BLIP2ITMClient.cosine: (480, 640, 3), Seems like there is a potted plant ahead.
Sticking to last point.
Best value: 16.98%
Step: 240 | Mode: explore | Action: 1
BLIP2ITMClient.cosine: (480, 640, 3), Seems like there is a potted plant ahead.
Sticking to last point.
Best value: 16.98%
Step: 241 | Mode: explore | Action: 1
BLIP2ITMClient.cosine: (480, 640, 3), Seems like there is a potted plant ahead.
Sticking to last point.
Best value: 16.98%
Step: 242 | Mode: explore | Action: 1
BLIP2ITMClient.cosine: (480, 640, 3), Seems like there is a potted plant ahead.
Sticking to last point.
Best value: 16.98%
Step: 243 | Mode: explore | Action: 1
BLIP2ITMClient.cosine: (480, 640, 3), Seems like there is a potted plant ahead.
Sticking to last point.
Best value: 16.98%
Step: 244 | Mode: explore | Action: 3
BLIP2ITMClient.cosine: (480, 640, 3), Seems like there is a potted plant ahead.
BLIP2ITMClient.cosine: (480, 640, 3), Seems like there is a potted plant ahead.
Sticking to last point.
Best value: 16.98%
Step: 245 | Mode: explore | Action: 1
BLIP2ITMClient.cosine: (480, 640, 3), Seems like there is a potted plant ahead.
BLIP2ITMClient.cosine: (480, 640, 3), Seems like there is a potted plant ahead.
Sticking to last point.
Best value: 16.98%
Step: 246 | Mode: explore | Action: 2
BLIP2ITMClient.cosine: (480, 640, 3), Seems like there is a potted plant ahead.
Sticking to last point.
Best value: 16.98%
Step: 247 | Mode: explore | Action: 2
BLIP2ITMClient.cosine: (480, 640, 3), Seems like there is a potted plant ahead.
Sticking to last point.
Best value: 16.98%
Step: 248 | Mode: explore | Action: 1
BLIP2ITMClient.cosine: (480, 640, 3), Seems like there is a potted plant ahead.
Sticking to last point.
Best value: 16.98%
Step: 249 | Mode: explore | Action: 1
BLIP2ITMClient.cosine: (480, 640, 3), Seems like there is a potted plant ahead.
Sticking to last point.
Best value: 16.98%
Step: 250 | Mode: explore | Action: 2
BLIP2ITMClient.cosine: (480, 640, 3), Seems like there is a potted plant ahead.
Sticking to last point.
Best value: 16.98%
Step: 251 | Mode: explore | Action: 1
BLIP2ITMClient.cosine: (480, 640, 3), Seems like there is a potted plant ahead.
Sticking to last point.
Best value: 16.98%
Step: 252 | Mode: explore | Action: 2
BLIP2ITMClient.cosine: (480, 640, 3), Seems like there is a potted plant ahead.
Sticking to last point.
Best value: 16.98%
Step: 253 | Mode: explore | Action: 1
BLIP2ITMClient.cosine: (480, 640, 3), Seems like there is a potted plant ahead.
Sticking to last point.
Best value: 16.98%
Step: 254 | Mode: explore | Action: 1
BLIP2ITMClient.cosine: (480, 640, 3), Seems like there is a potted plant ahead.
Sticking to last point.
Best value: 16.98%
Step: 255 | Mode: explore | Action: 1
BLIP2ITMClient.cosine: (480, 640, 3), Seems like there is a potted plant ahead.
BLIP2ITMClient.cosine: (480, 640, 3), Seems like there is a potted plant ahead.
Sticking to last point.
Best value: 24.09%
Step: 256 | Mode: explore | Action: 1
BLIP2ITMClient.cosine: (480, 640, 3), Seems like there is a potted plant ahead.
Sticking to last point.
Best value: 24.09%
Step: 257 | Mode: explore | Action: 1
BLIP2ITMClient.cosine: (480, 640, 3), Seems like there is a potted plant ahead.
Sticking to last point.
Best value: 24.09%
Step: 258 | Mode: explore | Action: 2
BLIP2ITMClient.cosine: (480, 640, 3), Seems like there is a potted plant ahead.
Sticking to last point.
Best value: 24.09%
Step: 259 | Mode: explore | Action: 1
BLIP2ITMClient.cosine: (480, 640, 3), Seems like there is a potted plant ahead.
Sticking to last point.
Best value: 24.09%
Step: 260 | Mode: explore | Action: 1
BLIP2ITMClient.cosine: (480, 640, 3), Seems like there is a potted plant ahead.
Sticking to last point.
Best value: 24.09%
Step: 261 | Mode: explore | Action: 1
BLIP2ITMClient.cosine: (480, 640, 3), Seems like there is a potted plant ahead.
Sticking to last point.
Best value: 24.09%
Step: 262 | Mode: explore | Action: 1
BLIP2ITMClient.cosine: (480, 640, 3), Seems like there is a potted plant ahead.
Sticking to last point.
Best value: 24.09%
Step: 263 | Mode: explore | Action: 1
BLIP2ITMClient.cosine: (480, 640, 3), Seems like there is a potted plant ahead.
Sticking to last point.
Best value: 24.09%
Step: 264 | Mode: explore | Action: 1
BLIP2ITMClient.cosine: (480, 640, 3), Seems like there is a potted plant ahead.
Sticking to last point.
Best value: 24.09%
Step: 265 | Mode: explore | Action: 1
BLIP2ITMClient.cosine: (480, 640, 3), Seems like there is a potted plant ahead.
Sticking to last point.
Best value: 24.09%
Step: 266 | Mode: explore | Action: 1
BLIP2ITMClient.cosine: (480, 640, 3), Seems like there is a potted plant ahead.
BLIP2ITMClient.cosine: (480, 640, 3), Seems like there is a potted plant ahead.
Best value: 15.19%
Step: 267 | Mode: explore | Action: 2
BLIP2ITMClient.cosine: (480, 640, 3), Seems like there is a potted plant ahead.
Sticking to last point.
Best value: 15.19%
Step: 268 | Mode: explore | Action: 2
BLIP2ITMClient.cosine: (480, 640, 3), Seems like there is a potted plant ahead.
Sticking to last point.
Best value: 15.19%
Step: 269 | Mode: explore | Action: 2
BLIP2ITMClient.cosine: (480, 640, 3), Seems like there is a potted plant ahead.
Sticking to last point.
Best value: 15.19%
Step: 270 | Mode: explore | Action: 1
BLIP2ITMClient.cosine: (480, 640, 3), Seems like there is a potted plant ahead.
Sticking to last point.
Best value: 15.19%
Step: 271 | Mode: explore | Action: 1
BLIP2ITMClient.cosine: (480, 640, 3), Seems like there is a potted plant ahead.
Sticking to last point.
Best value: 15.19%
Step: 272 | Mode: explore | Action: 1
BLIP2ITMClient.cosine: (480, 640, 3), Seems like there is a potted plant ahead.
Sticking to last point.
Best value: 15.19%
Step: 273 | Mode: explore | Action: 3
BLIP2ITMClient.cosine: (480, 640, 3), Seems like there is a potted plant ahead.
Sticking to last point.
Best value: 15.19%
Step: 274 | Mode: explore | Action: 1
BLIP2ITMClient.cosine: (480, 640, 3), Seems like there is a potted plant ahead.
Sticking to last point.
Best value: 15.19%
Step: 275 | Mode: explore | Action: 3
BLIP2ITMClient.cosine: (480, 640, 3), Seems like there is a potted plant ahead.
Sticking to last point.
Best value: 15.19%
Step: 276 | Mode: explore | Action: 1
BLIP2ITMClient.cosine: (480, 640, 3), Seems like there is a potted plant ahead.
Sticking to last point.
Best value: 15.19%
Step: 277 | Mode: explore | Action: 3
BLIP2ITMClient.cosine: (480, 640, 3), Seems like there is a potted plant ahead.
BLIP2ITMClient.cosine: (480, 640, 3), Seems like there is a potted plant ahead.
Sticking to last point.
Best value: 15.19%
Step: 278 | Mode: explore | Action: 1
BLIP2ITMClient.cosine: (480, 640, 3), Seems like there is a potted plant ahead.
BLIP2ITMClient.cosine: (480, 640, 3), Seems like there is a potted plant ahead.
Sticking to last point.
Best value: 15.19%
Step: 279 | Mode: explore | Action: 2
BLIP2ITMClient.cosine: (480, 640, 3), Seems like there is a potted plant ahead.
Sticking to last point.
Best value: 15.19%
Step: 280 | Mode: explore | Action: 2
BLIP2ITMClient.cosine: (480, 640, 3), Seems like there is a potted plant ahead.
Sticking to last point.
Best value: 15.19%
Step: 281 | Mode: explore | Action: 2
BLIP2ITMClient.cosine: (480, 640, 3), Seems like there is a potted plant ahead.
Sticking to last point.
Best value: 15.19%
Step: 282 | Mode: explore | Action: 2
BLIP2ITMClient.cosine: (480, 640, 3), Seems like there is a potted plant ahead.
Sticking to last point.
Best value: 15.19%
Step: 283 | Mode: explore | Action: 1
BLIP2ITMClient.cosine: (480, 640, 3), Seems like there is a potted plant ahead.
Sticking to last point.
Best value: 15.19%
Step: 284 | Mode: explore | Action: 1
BLIP2ITMClient.cosine: (480, 640, 3), Seems like there is a potted plant ahead.
Sticking to last point.
Best value: 15.19%
Step: 285 | Mode: explore | Action: 3
BLIP2ITMClient.cosine: (480, 640, 3), Seems like there is a potted plant ahead.
Sticking to last point.
Best value: 15.19%
Step: 286 | Mode: explore | Action: 1
BLIP2ITMClient.cosine: (480, 640, 3), Seems like there is a potted plant ahead.
Sticking to last point.
Best value: 15.19%
Step: 287 | Mode: explore | Action: 2
BLIP2ITMClient.cosine: (480, 640, 3), Seems like there is a potted plant ahead.
Sticking to last point.
Best value: 15.19%
Step: 288 | Mode: explore | Action: 1
BLIP2ITMClient.cosine: (480, 640, 3), Seems like there is a potted plant ahead.
Sticking to last point.
Best value: 15.19%
Step: 289 | Mode: explore | Action: 1
BLIP2ITMClient.cosine: (480, 640, 3), Seems like there is a potted plant ahead.
Sticking to last point.
Best value: 15.19%
Step: 290 | Mode: explore | Action: 2
BLIP2ITMClient.cosine: (480, 640, 3), Seems like there is a potted plant ahead.
Sticking to last point.
Best value: 15.19%
Step: 291 | Mode: explore | Action: 1
BLIP2ITMClient.cosine: (480, 640, 3), Seems like there is a potted plant ahead.
Sticking to last point.
Best value: 15.19%
Step: 292 | Mode: explore | Action: 1
BLIP2ITMClient.cosine: (480, 640, 3), Seems like there is a potted plant ahead.
Sticking to last point.
Best value: 15.19%
Step: 293 | Mode: explore | Action: 1
BLIP2ITMClient.cosine: (480, 640, 3), Seems like there is a potted plant ahead.
Sticking to last point.
Best value: 15.19%
Step: 294 | Mode: explore | Action: 1
BLIP2ITMClient.cosine: (480, 640, 3), Seems like there is a potted plant ahead.
Sticking to last point.
Best value: 15.19%
Step: 295 | Mode: explore | Action: 3
BLIP2ITMClient.cosine: (480, 640, 3), Seems like there is a potted plant ahead.
Sticking to last point.
Best value: 15.19%
Step: 296 | Mode: explore | Action: 1
BLIP2ITMClient.cosine: (480, 640, 3), Seems like there is a potted plant ahead.
Sticking to last point.
Best value: 15.19%
Step: 297 | Mode: explore | Action: 2
BLIP2ITMClient.cosine: (480, 640, 3), Seems like there is a potted plant ahead.
Sticking to last point.
Best value: 15.19%
Step: 298 | Mode: explore | Action: 1
BLIP2ITMClient.cosine: (480, 640, 3), Seems like there is a potted plant ahead.
BLIP2ITMClient.cosine: (480, 640, 3), Seems like there is a potted plant ahead.
Best value: 16.04%
Step: 299 | Mode: explore | Action: 3
BLIP2ITMClient.cosine: (480, 640, 3), Seems like there is a potted plant ahead.
Sticking to last point.
Best value: 16.04%
Step: 300 | Mode: explore | Action: 3
BLIP2ITMClient.cosine: (480, 640, 3), Seems like there is a potted plant ahead.
Sticking to last point.
Best value: 16.04%
Step: 301 | Mode: explore | Action: 3
BLIP2ITMClient.cosine: (480, 640, 3), Seems like there is a potted plant ahead.
Sticking to last point.
Best value: 16.04%
Step: 302 | Mode: explore | Action: 3
BLIP2ITMClient.cosine: (480, 640, 3), Seems like there is a potted plant ahead.
Sticking to last point.
Best value: 16.04%
Step: 303 | Mode: explore | Action: 1
BLIP2ITMClient.cosine: (480, 640, 3), Seems like there is a potted plant ahead.
Sticking to last point.
Best value: 16.04%
Step: 304 | Mode: explore | Action: 3
BLIP2ITMClient.cosine: (480, 640, 3), Seems like there is a potted plant ahead.
Sticking to last point.
Best value: 16.04%
Step: 305 | Mode: explore | Action: 1
BLIP2ITMClient.cosine: (480, 640, 3), Seems like there is a potted plant ahead.
Sticking to last point.
Best value: 16.04%
Step: 306 | Mode: explore | Action: 1
BLIP2ITMClient.cosine: (480, 640, 3), Seems like there is a potted plant ahead.
Sticking to last point.
Best value: 16.04%
Step: 307 | Mode: explore | Action: 1
BLIP2ITMClient.cosine: (480, 640, 3), Seems like there is a potted plant ahead.
Sticking to last point.
Best value: 16.04%
Step: 308 | Mode: explore | Action: 1
BLIP2ITMClient.cosine: (480, 640, 3), Seems like there is a potted plant ahead.
Sticking to last point.
Best value: 16.04%
Step: 309 | Mode: explore | Action: 2
BLIP2ITMClient.cosine: (480, 640, 3), Seems like there is a potted plant ahead.
Sticking to last point.
Best value: 16.04%
Step: 310 | Mode: explore | Action: 2
BLIP2ITMClient.cosine: (480, 640, 3), Seems like there is a potted plant ahead.
Sticking to last point.
Best value: 16.04%
Step: 311 | Mode: explore | Action: 1
BLIP2ITMClient.cosine: (480, 640, 3), Seems like there is a potted plant ahead.
Sticking to last point.
Best value: 16.04%
Step: 312 | Mode: explore | Action: 1
BLIP2ITMClient.cosine: (480, 640, 3), Seems like there is a potted plant ahead.
Sticking to last point.
Best value: 16.04%
Step: 313 | Mode: explore | Action: 3
BLIP2ITMClient.cosine: (480, 640, 3), Seems like there is a potted plant ahead.
BLIP2ITMClient.cosine: (480, 640, 3), Seems like there is a potted plant ahead.
Sticking to last point.
Best value: 16.04%
Step: 314 | Mode: explore | Action: 1
BLIP2ITMClient.cosine: (480, 640, 3), Seems like there is a potted plant ahead.
BLIP2ITMClient.cosine: (480, 640, 3), Seems like there is a potted plant ahead.
Sticking to last point.
Best value: 16.04%
Step: 315 | Mode: explore | Action: 1
BLIP2ITMClient.cosine: (480, 640, 3), Seems like there is a potted plant ahead.
Sticking to last point.
Best value: 16.04%
Step: 316 | Mode: explore | Action: 3
BLIP2ITMClient.cosine: (480, 640, 3), Seems like there is a potted plant ahead.
Sticking to last point.
Best value: 16.04%
Step: 317 | Mode: explore | Action: 1
BLIP2ITMClient.cosine: (480, 640, 3), Seems like there is a potted plant ahead.
BLIP2ITMClient.cosine: (480, 640, 3), Seems like there is a potted plant ahead.
Sticking to last point.
Best value: 16.04%
Step: 318 | Mode: explore | Action: 1
BLIP2ITMClient.cosine: (480, 640, 3), Seems like there is a potted plant ahead.
BLIP2ITMClient.cosine: (480, 640, 3), Seems like there is a potted plant ahead.
Sticking to last point.
Best value: 16.04%
Step: 319 | Mode: explore | Action: 1
BLIP2ITMClient.cosine: (480, 640, 3), Seems like there is a potted plant ahead.
BLIP2ITMClient.cosine: (480, 640, 3), Seems like there is a potted plant ahead.
Sticking to last point.
Best value: 16.04%
Step: 320 | Mode: explore | Action: 3
BLIP2ITMClient.cosine: (480, 640, 3), Seems like there is a potted plant ahead.
Sticking to last point.
Best value: 16.04%
Step: 321 | Mode: explore | Action: 1
BLIP2ITMClient.cosine: (480, 640, 3), Seems like there is a potted plant ahead.
Sticking to last point.
Best value: 16.04%
Step: 322 | Mode: explore | Action: 1
BLIP2ITMClient.cosine: (480, 640, 3), Seems like there is a potted plant ahead.
BLIP2ITMClient.cosine: (480, 640, 3), Seems like there is a potted plant ahead.
Sticking to last point.
Best value: 16.04%
Step: 323 | Mode: explore | Action: 1
BLIP2ITMClient.cosine: (480, 640, 3), Seems like there is a potted plant ahead.
BLIP2ITMClient.cosine: (480, 640, 3), Seems like there is a potted plant ahead.
Sticking to last point.
Best value: 16.04%
Step: 324 | Mode: explore | Action: 1
BLIP2ITMClient.cosine: (480, 640, 3), Seems like there is a potted plant ahead.
BLIP2ITMClient.cosine: (480, 640, 3), Seems like there is a potted plant ahead.
Sticking to last point.
Best value: 16.04%
Step: 325 | Mode: explore | Action: 2
BLIP2ITMClient.cosine: (480, 640, 3), Seems like there is a potted plant ahead.
Sticking to last point.
Best value: 16.04%
Step: 326 | Mode: explore | Action: 1
BLIP2ITMClient.cosine: (480, 640, 3), Seems like there is a potted plant ahead.
BLIP2ITMClient.cosine: (480, 640, 3), Seems like there is a potted plant ahead.
Sticking to last point.
Best value: 16.04%
Step: 327 | Mode: explore | Action: 1
BLIP2ITMClient.cosine: (480, 640, 3), Seems like there is a potted plant ahead.
BLIP2ITMClient.cosine: (480, 640, 3), Seems like there is a potted plant ahead.
Sticking to last point.
Best value: 16.04%
Step: 328 | Mode: explore | Action: 1
BLIP2ITMClient.cosine: (480, 640, 3), Seems like there is a potted plant ahead.
BLIP2ITMClient.cosine: (480, 640, 3), Seems like there is a potted plant ahead.
Sticking to last point.
Best value: 16.04%
Step: 329 | Mode: explore | Action: 3
BLIP2ITMClient.cosine: (480, 640, 3), Seems like there is a potted plant ahead.
Sticking to last point.
Best value: 16.04%
Step: 330 | Mode: explore | Action: 1
BLIP2ITMClient.cosine: (480, 640, 3), Seems like there is a potted plant ahead.
BLIP2ITMClient.cosine: (480, 640, 3), Seems like there is a potted plant ahead.
Sticking to last point.
Best value: 16.04%
Step: 331 | Mode: explore | Action: 1
BLIP2ITMClient.cosine: (480, 640, 3), Seems like there is a potted plant ahead.
BLIP2ITMClient.cosine: (480, 640, 3), Seems like there is a potted plant ahead.
Best value: 13.16%
Step: 332 | Mode: explore | Action: 2
BLIP2ITMClient.cosine: (480, 640, 3), Seems like there is a potted plant ahead.
BLIP2ITMClient.cosine: (480, 640, 3), Seems like there is a potted plant ahead.
Sticking to last point.
Best value: 13.16%
Step: 333 | Mode: explore | Action: 3
BLIP2ITMClient.cosine: (480, 640, 3), Seems like there is a potted plant ahead.
Sticking to last point.
Best value: 13.16%
Step: 334 | Mode: explore | Action: 3
BLIP2ITMClient.cosine: (480, 640, 3), Seems like there is a potted plant ahead.
Sticking to last point.
Best value: 13.16%
Step: 335 | Mode: explore | Action: 3
BLIP2ITMClient.cosine: (480, 640, 3), Seems like there is a potted plant ahead.
BLIP2ITMClient.cosine: (480, 640, 3), Seems like there is a potted plant ahead.
Sticking to last point.
Best value: 13.16%
Step: 336 | Mode: explore | Action: 3
BLIP2ITMClient.cosine: (480, 640, 3), Seems like there is a potted plant ahead.
Sticking to last point.
Best value: 13.16%
Step: 337 | Mode: explore | Action: 3
BLIP2ITMClient.cosine: (480, 640, 3), Seems like there is a potted plant ahead.
Sticking to last point.
Best value: 13.16%
Step: 338 | Mode: explore | Action: 3
BLIP2ITMClient.cosine: (480, 640, 3), Seems like there is a potted plant ahead.
BLIP2ITMClient.cosine: (480, 640, 3), Seems like there is a potted plant ahead.
Sticking to last point.
Best value: 13.16%
Step: 339 | Mode: explore | Action: 3
BLIP2ITMClient.cosine: (480, 640, 3), Seems like there is a potted plant ahead.
BLIP2ITMClient.cosine: (480, 640, 3), Seems like there is a potted plant ahead.
Sticking to last point.
Best value: 13.16%
Step: 340 | Mode: explore | Action: 1
BLIP2ITMClient.cosine: (480, 640, 3), Seems like there is a potted plant ahead.
Sticking to last point.
Best value: 13.16%
Step: 341 | Mode: explore | Action: 1
BLIP2ITMClient.cosine: (480, 640, 3), Seems like there is a potted plant ahead.
Sticking to last point.
Best value: 13.16%
Step: 342 | Mode: explore | Action: 1
BLIP2ITMClient.cosine: (480, 640, 3), Seems like there is a potted plant ahead.
Sticking to last point.
Best value: 13.16%
Step: 343 | Mode: explore | Action: 2
BLIP2ITMClient.cosine: (480, 640, 3), Seems like there is a potted plant ahead.
Sticking to last point.
Best value: 13.16%
Step: 344 | Mode: explore | Action: 1
BLIP2ITMClient.cosine: (480, 640, 3), Seems like there is a potted plant ahead.
Sticking to last point.
Best value: 13.16%
Step: 345 | Mode: explore | Action: 1
BLIP2ITMClient.cosine: (480, 640, 3), Seems like there is a potted plant ahead.
Sticking to last point.
Best value: 13.16%
Step: 346 | Mode: explore | Action: 1
BLIP2ITMClient.cosine: (480, 640, 3), Seems like there is a potted plant ahead.
Sticking to last point.
Best value: 13.16%
Step: 347 | Mode: explore | Action: 1
BLIP2ITMClient.cosine: (480, 640, 3), Seems like there is a potted plant ahead.
Sticking to last point.
Best value: 13.16%
Step: 348 | Mode: explore | Action: 1
BLIP2ITMClient.cosine: (480, 640, 3), Seems like there is a potted plant ahead.
Sticking to last point.
Best value: 13.16%
Step: 349 | Mode: explore | Action: 3
BLIP2ITMClient.cosine: (480, 640, 3), Seems like there is a potted plant ahead.
Sticking to last point.
Best value: 13.16%
Step: 350 | Mode: explore | Action: 1
BLIP2ITMClient.cosine: (480, 640, 3), Seems like there is a potted plant ahead.
Sticking to last point.
Best value: 13.16%
Step: 351 | Mode: explore | Action: 1
BLIP2ITMClient.cosine: (480, 640, 3), Seems like there is a potted plant ahead.
Sticking to last point.
Best value: 13.16%
Step: 352 | Mode: explore | Action: 2
BLIP2ITMClient.cosine: (480, 640, 3), Seems like there is a potted plant ahead.
Sticking to last point.
Best value: 13.16%
Step: 353 | Mode: explore | Action: 1
BLIP2ITMClient.cosine: (480, 640, 3), Seems like there is a potted plant ahead.
Sticking to last point.
Best value: 13.16%
Step: 354 | Mode: explore | Action: 1
BLIP2ITMClient.cosine: (480, 640, 3), Seems like there is a potted plant ahead.
Sticking to last point.
Best value: 13.16%
Step: 355 | Mode: explore | Action: 1
BLIP2ITMClient.cosine: (480, 640, 3), Seems like there is a potted plant ahead.
Sticking to last point.
Best value: 13.16%
Step: 356 | Mode: explore | Action: 2
BLIP2ITMClient.cosine: (480, 640, 3), Seems like there is a potted plant ahead.
Sticking to last point.
Best value: 13.16%
Step: 357 | Mode: explore | Action: 1
BLIP2ITMClient.cosine: (480, 640, 3), Seems like there is a potted plant ahead.
Sticking to last point.
Best value: 13.16%
Step: 358 | Mode: explore | Action: 2
BLIP2ITMClient.cosine: (480, 640, 3), Seems like there is a potted plant ahead.
Sticking to last point.
Best value: 13.16%
Step: 359 | Mode: explore | Action: 1
BLIP2ITMClient.cosine: (480, 640, 3), Seems like there is a potted plant ahead.
Sticking to last point.
Best value: 13.16%
Step: 360 | Mode: explore | Action: 1
BLIP2ITMClient.cosine: (480, 640, 3), Seems like there is a potted plant ahead.
Sticking to last point.
Best value: 13.16%
Step: 361 | Mode: explore | Action: 3
BLIP2ITMClient.cosine: (480, 640, 3), Seems like there is a potted plant ahead.
Sticking to last point.
Best value: 13.16%
Step: 362 | Mode: explore | Action: 1
BLIP2ITMClient.cosine: (480, 640, 3), Seems like there is a potted plant ahead.
Sticking to last point.
Best value: 13.16%
Step: 363 | Mode: explore | Action: 3
BLIP2ITMClient.cosine: (480, 640, 3), Seems like there is a potted plant ahead.
Sticking to last point.
Best value: 13.16%
Step: 364 | Mode: explore | Action: 1
BLIP2ITMClient.cosine: (480, 640, 3), Seems like there is a potted plant ahead.
Sticking to last point.
Best value: 13.16%
Step: 365 | Mode: explore | Action: 1
BLIP2ITMClient.cosine: (480, 640, 3), Seems like there is a potted plant ahead.
BLIP2ITMClient.cosine: (480, 640, 3), Seems like there is a potted plant ahead.
Sticking to last point.
Best value: 13.16%
Step: 366 | Mode: explore | Action: 1
BLIP2ITMClient.cosine: (480, 640, 3), Seems like there is a potted plant ahead.
Sticking to last point.
Best value: 13.16%
Step: 367 | Mode: explore | Action: 1
BLIP2ITMClient.cosine: (480, 640, 3), Seems like there is a potted plant ahead.
BLIP2ITMClient.cosine: (480, 640, 3), Seems like there is a potted plant ahead.
Best value: 13.11%
Step: 368 | Mode: explore | Action: 3
BLIP2ITMClient.cosine: (480, 640, 3), Seems like there is a potted plant ahead.
Sticking to last point.
Best value: 13.11%
Step: 369 | Mode: explore | Action: 3
BLIP2ITMClient.cosine: (480, 640, 3), Seems like there is a potted plant ahead.
Sticking to last point.
Best value: 13.11%
Step: 370 | Mode: explore | Action: 3
BLIP2ITMClient.cosine: (480, 640, 3), Seems like there is a potted plant ahead.
Sticking to last point.
Best value: 13.11%
Step: 371 | Mode: explore | Action: 3
BLIP2ITMClient.cosine: (480, 640, 3), Seems like there is a potted plant ahead.
Sticking to last point.
Best value: 13.11%
Step: 372 | Mode: explore | Action: 3
BLIP2ITMClient.cosine: (480, 640, 3), Seems like there is a potted plant ahead.
Sticking to last point.
Best value: 13.11%
Step: 373 | Mode: explore | Action: 1
BLIP2ITMClient.cosine: (480, 640, 3), Seems like there is a potted plant ahead.
Sticking to last point.
Best value: 13.11%
Step: 374 | Mode: explore | Action: 3
BLIP2ITMClient.cosine: (480, 640, 3), Seems like there is a potted plant ahead.
Sticking to last point.
Best value: 13.11%
Step: 375 | Mode: explore | Action: 1
BLIP2ITMClient.cosine: (480, 640, 3), Seems like there is a potted plant ahead.
Sticking to last point.
Best value: 13.11%
Step: 376 | Mode: explore | Action: 1
BLIP2ITMClient.cosine: (480, 640, 3), Seems like there is a potted plant ahead.
Sticking to last point.
Best value: 13.11%
Step: 377 | Mode: explore | Action: 1
BLIP2ITMClient.cosine: (480, 640, 3), Seems like there is a potted plant ahead.
Sticking to last point.
Best value: 13.11%
Step: 378 | Mode: explore | Action: 1
BLIP2ITMClient.cosine: (480, 640, 3), Seems like there is a potted plant ahead.
Sticking to last point.
Best value: 13.11%
Step: 379 | Mode: explore | Action: 2
BLIP2ITMClient.cosine: (480, 640, 3), Seems like there is a potted plant ahead.
Sticking to last point.
Best value: 13.11%
Step: 380 | Mode: explore | Action: 1
BLIP2ITMClient.cosine: (480, 640, 3), Seems like there is a potted plant ahead.
Sticking to last point.
Best value: 13.11%
Step: 381 | Mode: explore | Action: 2
BLIP2ITMClient.cosine: (480, 640, 3), Seems like there is a potted plant ahead.
Sticking to last point.
Best value: 13.11%
Step: 382 | Mode: explore | Action: 1
BLIP2ITMClient.cosine: (480, 640, 3), Seems like there is a potted plant ahead.
Sticking to last point.
Best value: 13.11%
Step: 383 | Mode: explore | Action: 1
BLIP2ITMClient.cosine: (480, 640, 3), Seems like there is a potted plant ahead.
Sticking to last point.
Best value: 13.11%
Step: 384 | Mode: explore | Action: 3
BLIP2ITMClient.cosine: (480, 640, 3), Seems like there is a potted plant ahead.
Sticking to last point.
Best value: 13.11%
Step: 385 | Mode: explore | Action: 1
BLIP2ITMClient.cosine: (480, 640, 3), Seems like there is a potted plant ahead.
Sticking to last point.
Best value: 13.11%
Step: 386 | Mode: explore | Action: 3
BLIP2ITMClient.cosine: (480, 640, 3), Seems like there is a potted plant ahead.
Sticking to last point.
Best value: 13.11%
Step: 387 | Mode: explore | Action: 1
BLIP2ITMClient.cosine: (480, 640, 3), Seems like there is a potted plant ahead.
Sticking to last point.
Best value: 13.11%
Step: 388 | Mode: explore | Action: 1
BLIP2ITMClient.cosine: (480, 640, 3), Seems like there is a potted plant ahead.
Sticking to last point.
Best value: 13.11%
Step: 389 | Mode: explore | Action: 1
BLIP2ITMClient.cosine: (480, 640, 3), Seems like there is a potted plant ahead.
Sticking to last point.
Best value: 13.11%
Step: 390 | Mode: explore | Action: 2
BLIP2ITMClient.cosine: (480, 640, 3), Seems like there is a potted plant ahead.
BLIP2ITMClient.cosine: (480, 640, 3), Seems like there is a potted plant ahead.
Best value: 12.97%
Step: 391 | Mode: explore | Action: 3
BLIP2ITMClient.cosine: (480, 640, 3), Seems like there is a potted plant ahead.
Sticking to last point.
Best value: 12.97%
Step: 392 | Mode: explore | Action: 3
BLIP2ITMClient.cosine: (480, 640, 3), Seems like there is a potted plant ahead.
Sticking to last point.
Best value: 12.97%
Step: 393 | Mode: explore | Action: 1
BLIP2ITMClient.cosine: (480, 640, 3), Seems like there is a potted plant ahead.
Sticking to last point.
Best value: 12.97%
Step: 394 | Mode: explore | Action: 1
BLIP2ITMClient.cosine: (480, 640, 3), Seems like there is a potted plant ahead.
Sticking to last point.
Best value: 12.97%
Step: 395 | Mode: explore | Action: 1
BLIP2ITMClient.cosine: (480, 640, 3), Seems like there is a potted plant ahead.
Sticking to last point.
Best value: 12.97%
Step: 396 | Mode: explore | Action: 1
BLIP2ITMClient.cosine: (480, 640, 3), Seems like there is a potted plant ahead.
Sticking to last point.
Best value: 12.97%
Step: 397 | Mode: explore | Action: 2
BLIP2ITMClient.cosine: (480, 640, 3), Seems like there is a potted plant ahead.
Sticking to last point.
Best value: 12.97%
Step: 398 | Mode: explore | Action: 1
BLIP2ITMClient.cosine: (480, 640, 3), Seems like there is a potted plant ahead.
Sticking to last point.
Best value: 12.97%
Step: 399 | Mode: explore | Action: 1
BLIP2ITMClient.cosine: (480, 640, 3), Seems like there is a potted plant ahead.
BLIP2ITMClient.cosine: (480, 640, 3), Seems like there is a potted plant ahead.
Sticking to last point.
Best value: 12.97%
Step: 400 | Mode: explore | Action: 1
BLIP2ITMClient.cosine: (480, 640, 3), Seems like there is a potted plant ahead.
Sticking to last point.
Best value: 12.97%
Step: 401 | Mode: explore | Action: 1
BLIP2ITMClient.cosine: (480, 640, 3), Seems like there is a potted plant ahead.
Sticking to last point.
Best value: 12.97%
Step: 402 | Mode: explore | Action: 3
BLIP2ITMClient.cosine: (480, 640, 3), Seems like there is a potted plant ahead.
Sticking to last point.
Best value: 12.97%
Step: 403 | Mode: explore | Action: 1
BLIP2ITMClient.cosine: (480, 640, 3), Seems like there is a potted plant ahead.
BLIP2ITMClient.cosine: (480, 640, 3), Seems like there is a potted plant ahead.
Best value: 11.97%
Step: 404 | Mode: explore | Action: 2
BLIP2ITMClient.cosine: (480, 640, 3), Seems like there is a potted plant ahead.
Sticking to last point.
Best value: 11.97%
Step: 405 | Mode: explore | Action: 3
BLIP2ITMClient.cosine: (480, 640, 3), Seems like there is a potted plant ahead.
Sticking to last point.
Best value: 11.97%
Step: 406 | Mode: explore | Action: 3
BLIP2ITMClient.cosine: (480, 640, 3), Seems like there is a potted plant ahead.
Sticking to last point.
Best value: 11.97%
Step: 407 | Mode: explore | Action: 3
BLIP2ITMClient.cosine: (480, 640, 3), Seems like there is a potted plant ahead.
Sticking to last point.
Best value: 11.97%
Step: 408 | Mode: explore | Action: 3
BLIP2ITMClient.cosine: (480, 640, 3), Seems like there is a potted plant ahead.
Sticking to last point.
Best value: 11.97%
Step: 409 | Mode: explore | Action: 3
BLIP2ITMClient.cosine: (480, 640, 3), Seems like there is a potted plant ahead.
Sticking to last point.
Best value: 11.97%
Step: 410 | Mode: explore | Action: 3
BLIP2ITMClient.cosine: (480, 640, 3), Seems like there is a potted plant ahead.
Sticking to last point.
Best value: 11.97%
Step: 411 | Mode: explore | Action: 1
BLIP2ITMClient.cosine: (480, 640, 3), Seems like there is a potted plant ahead.
Sticking to last point.
Best value: 11.97%
Step: 412 | Mode: explore | Action: 3
BLIP2ITMClient.cosine: (480, 640, 3), Seems like there is a potted plant ahead.
Sticking to last point.
Best value: 11.97%
Step: 413 | Mode: explore | Action: 1
BLIP2ITMClient.cosine: (480, 640, 3), Seems like there is a potted plant ahead.
Sticking to last point.
Best value: 11.97%
Step: 414 | Mode: explore | Action: 1
BLIP2ITMClient.cosine: (480, 640, 3), Seems like there is a potted plant ahead.
Sticking to last point.
Best value: 11.97%
Step: 415 | Mode: explore | Action: 2
BLIP2ITMClient.cosine: (480, 640, 3), Seems like there is a potted plant ahead.
Sticking to last point.
Best value: 11.97%
Step: 416 | Mode: explore | Action: 1
BLIP2ITMClient.cosine: (480, 640, 3), Seems like there is a potted plant ahead.
Sticking to last point.
Best value: 11.97%
Step: 417 | Mode: explore | Action: 1
BLIP2ITMClient.cosine: (480, 640, 3), Seems like there is a potted plant ahead.
Sticking to last point.
Best value: 11.97%
Step: 418 | Mode: explore | Action: 1
BLIP2ITMClient.cosine: (480, 640, 3), Seems like there is a potted plant ahead.
Sticking to last point.
Best value: 11.97%
Step: 419 | Mode: explore | Action: 1
BLIP2ITMClient.cosine: (480, 640, 3), Seems like there is a potted plant ahead.
Sticking to last point.
Best value: 11.97%
Step: 420 | Mode: explore | Action: 3
BLIP2ITMClient.cosine: (480, 640, 3), Seems like there is a potted plant ahead.
Sticking to last point.
Best value: 11.97%
Step: 421 | Mode: explore | Action: 1
BLIP2ITMClient.cosine: (480, 640, 3), Seems like there is a potted plant ahead.
Sticking to last point.
Best value: 11.97%
Step: 422 | Mode: explore | Action: 1
BLIP2ITMClient.cosine: (480, 640, 3), Seems like there is a potted plant ahead.
Sticking to last point.
Best value: 11.97%
Step: 423 | Mode: explore | Action: 2
BLIP2ITMClient.cosine: (480, 640, 3), Seems like there is a potted plant ahead.
Sticking to last point.
Best value: 11.97%
Step: 424 | Mode: explore | Action: 1
BLIP2ITMClient.cosine: (480, 640, 3), Seems like there is a potted plant ahead.
Sticking to last point.
Best value: 11.97%
Step: 425 | Mode: explore | Action: 1
BLIP2ITMClient.cosine: (480, 640, 3), Seems like there is a potted plant ahead.
Sticking to last point.
Best value: 11.97%
Step: 426 | Mode: explore | Action: 1
BLIP2ITMClient.cosine: (480, 640, 3), Seems like there is a potted plant ahead.
Sticking to last point.
Best value: 11.97%
Step: 427 | Mode: explore | Action: 1
BLIP2ITMClient.cosine: (480, 640, 3), Seems like there is a potted plant ahead.
Sticking to last point.
Best value: 11.97%
Step: 428 | Mode: explore | Action: 2
BLIP2ITMClient.cosine: (480, 640, 3), Seems like there is a potted plant ahead.
Sticking to last point.
Best value: 11.97%
Step: 429 | Mode: explore | Action: 2
BLIP2ITMClient.cosine: (480, 640, 3), Seems like there is a potted plant ahead.
Sticking to last point.
Best value: 11.97%
Step: 430 | Mode: explore | Action: 1
BLIP2ITMClient.cosine: (480, 640, 3), Seems like there is a potted plant ahead.
Sticking to last point.
Best value: 11.97%
Step: 431 | Mode: explore | Action: 1
BLIP2ITMClient.cosine: (480, 640, 3), Seems like there is a potted plant ahead.
Sticking to last point.
Best value: 11.97%
Step: 432 | Mode: explore | Action: 3
BLIP2ITMClient.cosine: (480, 640, 3), Seems like there is a potted plant ahead.
Sticking to last point.
Best value: 11.97%
Step: 433 | Mode: explore | Action: 1
BLIP2ITMClient.cosine: (480, 640, 3), Seems like there is a potted plant ahead.
Sticking to last point.
Best value: 11.97%
Step: 434 | Mode: explore | Action: 1
BLIP2ITMClient.cosine: (480, 640, 3), Seems like there is a potted plant ahead.
Sticking to last point.
Best value: 11.97%
Step: 435 | Mode: explore | Action: 3
BLIP2ITMClient.cosine: (480, 640, 3), Seems like there is a potted plant ahead.
Sticking to last point.
Best value: 11.97%
Step: 436 | Mode: explore | Action: 1
BLIP2ITMClient.cosine: (480, 640, 3), Seems like there is a potted plant ahead.
Sticking to last point.
Best value: 11.97%
Step: 437 | Mode: explore | Action: 1
BLIP2ITMClient.cosine: (480, 640, 3), Seems like there is a potted plant ahead.
Sticking to last point.
Best value: 11.97%
Step: 438 | Mode: explore | Action: 1
BLIP2ITMClient.cosine: (480, 640, 3), Seems like there is a potted plant ahead.
Sticking to last point.
Best value: 11.97%
Step: 439 | Mode: explore | Action: 1
BLIP2ITMClient.cosine: (480, 640, 3), Seems like there is a potted plant ahead.
Sticking to last point.
Best value: 11.97%
Step: 440 | Mode: explore | Action: 1
BLIP2ITMClient.cosine: (480, 640, 3), Seems like there is a potted plant ahead.
BLIP2ITMClient.cosine: (480, 640, 3), Seems like there is a potted plant ahead.
Sticking to last point.
Best value: 11.97%
Step: 441 | Mode: explore | Action: 1
BLIP2ITMClient.cosine: (480, 640, 3), Seems like there is a potted plant ahead.
BLIP2ITMClient.cosine: (480, 640, 3), Seems like there is a potted plant ahead.
Sticking to last point.
Best value: 11.97%
Step: 442 | Mode: explore | Action: 1
BLIP2ITMClient.cosine: (480, 640, 3), Seems like there is a potted plant ahead.
Sticking to last point.
Best value: 11.97%
Step: 443 | Mode: explore | Action: 1
BLIP2ITMClient.cosine: (480, 640, 3), Seems like there is a potted plant ahead.
Sticking to last point.
Best value: 11.97%
Step: 444 | Mode: explore | Action: 3
BLIP2ITMClient.cosine: (480, 640, 3), Seems like there is a potted plant ahead.
Sticking to last point.
Best value: 11.97%
Step: 445 | Mode: explore | Action: 1
BLIP2ITMClient.cosine: (480, 640, 3), Seems like there is a potted plant ahead.
BLIP2ITMClient.cosine: (480, 640, 3), Seems like there is a potted plant ahead.
Sticking to last point.
Best value: 13.64%
Step: 446 | Mode: explore | Action: 1
BLIP2ITMClient.cosine: (480, 640, 3), Seems like there is a potted plant ahead.
BLIP2ITMClient.cosine: (480, 640, 3), Seems like there is a potted plant ahead.
Best value: 14.75%
Step: 447 | Mode: explore | Action: 1
BLIP2ITMClient.cosine: (480, 640, 3), Seems like there is a potted plant ahead.
BLIP2ITMClient.cosine: (480, 640, 3), Seems like there is a potted plant ahead.
Best value: 12.10%
Step: 448 | Mode: explore | Action: 1
BLIP2ITMClient.cosine: (480, 640, 3), Seems like there is a potted plant ahead.
BLIP2ITMClient.cosine: (480, 640, 3), Seems like there is a potted plant ahead.
Sticking to last point.
Best value: 12.10%
Step: 449 | Mode: explore | Action: 1
BLIP2ITMClient.cosine: (480, 640, 3), Seems like there is a potted plant ahead.
BLIP2ITMClient.cosine: (480, 640, 3), Seems like there is a potted plant ahead.
Sticking to last point.
Best value: 12.10%
Step: 450 | Mode: explore | Action: 1
BLIP2ITMClient.cosine: (480, 640, 3), Seems like there is a potted plant ahead.
BLIP2ITMClient.cosine: (480, 640, 3), Seems like there is a potted plant ahead.
Sticking to last point.
Best value: 12.10%
Step: 451 | Mode: explore | Action: 1
BLIP2ITMClient.cosine: (480, 640, 3), Seems like there is a potted plant ahead.
BLIP2ITMClient.cosine: (480, 640, 3), Seems like there is a potted plant ahead.
Best value: 11.29%
Step: 452 | Mode: explore | Action: 1
BLIP2ITMClient.cosine: (480, 640, 3), Seems like there is a potted plant ahead.
BLIP2ITMClient.cosine: (480, 640, 3), Seems like there is a potted plant ahead.
Sticking to last point.
Best value: 11.29%
Step: 453 | Mode: explore | Action: 1
BLIP2ITMClient.cosine: (480, 640, 3), Seems like there is a potted plant ahead.
BLIP2ITMClient.cosine: (480, 640, 3), Seems like there is a potted plant ahead.
Sticking to last point.
Best value: 11.29%
Step: 454 | Mode: explore | Action: 3
BLIP2ITMClient.cosine: (480, 640, 3), Seems like there is a potted plant ahead.
BLIP2ITMClient.cosine: (480, 640, 3), Seems like there is a potted plant ahead.
Best value: 11.29%
Step: 455 | Mode: explore | Action: 2
BLIP2ITMClient.cosine: (480, 640, 3), Seems like there is a potted plant ahead.
Sticking to last point.
Best value: 11.29%
Step: 456 | Mode: explore | Action: 1
BLIP2ITMClient.cosine: (480, 640, 3), Seems like there is a potted plant ahead.
Sticking to last point.
Best value: 11.29%
Step: 457 | Mode: explore | Action: 3
BLIP2ITMClient.cosine: (480, 640, 3), Seems like there is a potted plant ahead.
Sticking to last point.
Best value: 11.29%
Step: 458 | Mode: explore | Action: 1
BLIP2ITMClient.cosine: (480, 640, 3), Seems like there is a potted plant ahead.
Sticking to last point.
Best value: 11.29%
Step: 459 | Mode: explore | Action: 1
BLIP2ITMClient.cosine: (480, 640, 3), Seems like there is a potted plant ahead.
BLIP2ITMClient.cosine: (480, 640, 3), Seems like there is a potted plant ahead.
Sticking to last point.
Best value: 11.29%
Step: 460 | Mode: explore | Action: 1
BLIP2ITMClient.cosine: (480, 640, 3), Seems like there is a potted plant ahead.
Sticking to last point.
Best value: 11.29%
Step: 461 | Mode: explore | Action: 3
BLIP2ITMClient.cosine: (480, 640, 3), Seems like there is a potted plant ahead.
Sticking to last point.
Best value: 11.29%
Step: 462 | Mode: explore | Action: 1
BLIP2ITMClient.cosine: (480, 640, 3), Seems like there is a potted plant ahead.
Sticking to last point.
Best value: 11.29%
Step: 463 | Mode: explore | Action: 1
BLIP2ITMClient.cosine: (480, 640, 3), Seems like there is a potted plant ahead.
Sticking to last point.
Best value: 11.29%
Step: 464 | Mode: explore | Action: 1
BLIP2ITMClient.cosine: (480, 640, 3), Seems like there is a potted plant ahead.
Sticking to last point.
Best value: 11.29%
Step: 465 | Mode: explore | Action: 1
BLIP2ITMClient.cosine: (480, 640, 3), Seems like there is a potted plant ahead.
Sticking to last point.
Best value: 11.29%
Step: 466 | Mode: explore | Action: 1
BLIP2ITMClient.cosine: (480, 640, 3), Seems like there is a potted plant ahead.
Sticking to last point.
Best value: 11.29%
Step: 467 | Mode: explore | Action: 1
BLIP2ITMClient.cosine: (480, 640, 3), Seems like there is a potted plant ahead.
Best value: 10.88%
Step: 468 | Mode: explore | Action: 3
BLIP2ITMClient.cosine: (480, 640, 3), Seems like there is a potted plant ahead.
Sticking to last point.
Best value: 10.88%
Step: 469 | Mode: explore | Action: 3
BLIP2ITMClient.cosine: (480, 640, 3), Seems like there is a potted plant ahead.
Sticking to last point.
Best value: 10.88%
Step: 470 | Mode: explore | Action: 3
BLIP2ITMClient.cosine: (480, 640, 3), Seems like there is a potted plant ahead.
Sticking to last point.
Best value: 10.88%
Step: 471 | Mode: explore | Action: 3
BLIP2ITMClient.cosine: (480, 640, 3), Seems like there is a potted plant ahead.
Sticking to last point.
Best value: 10.88%
Step: 472 | Mode: explore | Action: 3
BLIP2ITMClient.cosine: (480, 640, 3), Seems like there is a potted plant ahead.
Sticking to last point.
Best value: 10.88%
Step: 473 | Mode: explore | Action: 3
BLIP2ITMClient.cosine: (480, 640, 3), Seems like there is a potted plant ahead.
Sticking to last point.
Best value: 10.88%
Step: 474 | Mode: explore | Action: 1
BLIP2ITMClient.cosine: (480, 640, 3), Seems like there is a potted plant ahead.
Sticking to last point.
Best value: 10.88%
Step: 475 | Mode: explore | Action: 1
BLIP2ITMClient.cosine: (480, 640, 3), Seems like there is a potted plant ahead.
Sticking to last point.
Best value: 10.88%
Step: 476 | Mode: explore | Action: 1
BLIP2ITMClient.cosine: (480, 640, 3), Seems like there is a potted plant ahead.
Sticking to last point.
Best value: 10.88%
Step: 477 | Mode: explore | Action: 1
BLIP2ITMClient.cosine: (480, 640, 3), Seems like there is a potted plant ahead.
Sticking to last point.
Best value: 10.88%
Step: 478 | Mode: explore | Action: 1
BLIP2ITMClient.cosine: (480, 640, 3), Seems like there is a potted plant ahead.
Sticking to last point.
Best value: 10.88%
Step: 479 | Mode: explore | Action: 2
BLIP2ITMClient.cosine: (480, 640, 3), Seems like there is a potted plant ahead.
Sticking to last point.
Best value: 10.88%
  0%|          | 3/1200 [04:01<34:15:02, 103.01s/it]Step: 480 | Mode: explore | Action: 1
BLIP2ITMClient.cosine: (480, 640, 3), Seems like there is a potted plant ahead.
Sticking to last point.
Best value: 10.88%
Step: 481 | Mode: explore | Action: 1
BLIP2ITMClient.cosine: (480, 640, 3), Seems like there is a potted plant ahead.
Sticking to last point.
Best value: 10.88%
Step: 482 | Mode: explore | Action: 1
BLIP2ITMClient.cosine: (480, 640, 3), Seems like there is a potted plant ahead.
Sticking to last point.
Best value: 10.88%
Step: 483 | Mode: explore | Action: 1
BLIP2ITMClient.cosine: (480, 640, 3), Seems like there is a potted plant ahead.
Sticking to last point.
Best value: 10.88%
Step: 484 | Mode: explore | Action: 2
BLIP2ITMClient.cosine: (480, 640, 3), Seems like there is a potted plant ahead.
Sticking to last point.
Best value: 10.88%
Step: 485 | Mode: explore | Action: 1
BLIP2ITMClient.cosine: (480, 640, 3), Seems like there is a potted plant ahead.
Sticking to last point.
Best value: 10.88%
Step: 486 | Mode: explore | Action: 1
BLIP2ITMClient.cosine: (480, 640, 3), Seems like there is a potted plant ahead.
Sticking to last point.
Best value: 10.88%
Step: 487 | Mode: explore | Action: 1
BLIP2ITMClient.cosine: (480, 640, 3), Seems like there is a potted plant ahead.
Sticking to last point.
Best value: 10.88%
Step: 488 | Mode: explore | Action: 1
BLIP2ITMClient.cosine: (480, 640, 3), Seems like there is a potted plant ahead.
Sticking to last point.
Best value: 10.88%
Step: 489 | Mode: explore | Action: 1
BLIP2ITMClient.cosine: (480, 640, 3), Seems like there is a potted plant ahead.
Sticking to last point.
Best value: 10.88%
Step: 490 | Mode: explore | Action: 1
BLIP2ITMClient.cosine: (480, 640, 3), Seems like there is a potted plant ahead.
Sticking to last point.
Best value: 10.88%
Step: 491 | Mode: explore | Action: 1
BLIP2ITMClient.cosine: (480, 640, 3), Seems like there is a potted plant ahead.
Sticking to last point.
Best value: 10.88%
Step: 492 | Mode: explore | Action: 1
BLIP2ITMClient.cosine: (480, 640, 3), Seems like there is a potted plant ahead.
Sticking to last point.
Best value: 10.88%
Step: 493 | Mode: explore | Action: 1
BLIP2ITMClient.cosine: (480, 640, 3), Seems like there is a potted plant ahead.
Sticking to last point.
Best value: 10.88%
Step: 494 | Mode: explore | Action: 2
BLIP2ITMClient.cosine: (480, 640, 3), Seems like there is a potted plant ahead.
Sticking to last point.
Best value: 10.88%
Step: 495 | Mode: explore | Action: 1
BLIP2ITMClient.cosine: (480, 640, 3), Seems like there is a potted plant ahead.
Sticking to last point.
Best value: 10.88%
Step: 496 | Mode: explore | Action: 1
BLIP2ITMClient.cosine: (480, 640, 3), Seems like there is a potted plant ahead.
Sticking to last point.
Best value: 10.88%
Step: 497 | Mode: explore | Action: 3
BLIP2ITMClient.cosine: (480, 640, 3), Seems like there is a potted plant ahead.
Sticking to last point.
Best value: 10.88%
Step: 498 | Mode: explore | Action: 1
BLIP2ITMClient.cosine: (480, 640, 3), Seems like there is a potted plant ahead.
Sticking to last point.
Best value: 10.88%
Step: 499 | Mode: explore | Action: 1
[traj] episode 140 — unknown
Episode 67 in scene Darden failed due to 'never_saw_target_did_not_travel_stairs_feasible'.
[traj] captured failure_cause: never_saw_target_did_not_travel_stairs_feasible
[traj] value map: max=0.2617, nonzero=37136
[traj] saved episode Darden_67 (500 steps, failed)
BLIP2ITMClient.cosine: (480, 640, 3), Seems like there is a chair ahead.
Step: 0 | Mode: initialize | Action: 2
BLIP2ITMClient.cosine: (480, 640, 3), Seems like there is a chair ahead.
Step: 1 | Mode: initialize | Action: 2
BLIP2ITMClient.cosine: (480, 640, 3), Seems like there is a chair ahead.
Step: 2 | Mode: initialize | Action: 2
BLIP2ITMClient.cosine: (480, 640, 3), Seems like there is a chair ahead.
Step: 3 | Mode: initialize | Action: 2
BLIP2ITMClient.cosine: (480, 640, 3), Seems like there is a chair ahead.
Step: 4 | Mode: initialize | Action: 2
BLIP2ITMClient.cosine: (480, 640, 3), Seems like there is a chair ahead.
Step: 5 | Mode: initialize | Action: 2
BLIP2ITMClient.cosine: (480, 640, 3), Seems like there is a chair ahead.
Step: 6 | Mode: initialize | Action: 2
BLIP2ITMClient.cosine: (480, 640, 3), Seems like there is a chair ahead.
Step: 7 | Mode: initialize | Action: 2
BLIP2ITMClient.cosine: (480, 640, 3), Seems like there is a chair ahead.
Step: 8 | Mode: initialize | Action: 2
BLIP2ITMClient.cosine: (480, 640, 3), Seems like there is a chair ahead.
Step: 9 | Mode: initialize | Action: 2
BLIP2ITMClient.cosine: (480, 640, 3), Seems like there is a chair ahead.
Step: 10 | Mode: initialize | Action: 2
BLIP2ITMClient.cosine: (480, 640, 3), Seems like there is a chair ahead.
Step: 11 | Mode: initialize | Action: 2
BLIP2ITMClient.cosine: (480, 640, 3), Seems like there is a chair ahead.
BLIP2ITMClient.cosine: (480, 640, 3), Seems like there is a chair ahead.
Best value: 10.31%
Step: 12 | Mode: explore | Action: 2
BLIP2ITMClient.cosine: (480, 640, 3), Seems like there is a chair ahead.
Sticking to last point.
Best value: 10.31%
Step: 13 | Mode: explore | Action: 1
BLIP2ITMClient.cosine: (480, 640, 3), Seems like there is a chair ahead.
Sticking to last point.
Best value: 10.31%
Step: 14 | Mode: explore | Action: 2
BLIP2ITMClient.cosine: (480, 640, 3), Seems like there is a chair ahead.
Sticking to last point.
Best value: 10.31%
Step: 15 | Mode: explore | Action: 1
BLIP2ITMClient.cosine: (480, 640, 3), Seems like there is a chair ahead.
Sticking to last point.
Best value: 10.31%
Step: 16 | Mode: explore | Action: 3
BLIP2ITMClient.cosine: (480, 640, 3), Seems like there is a chair ahead.
Sticking to last point.
Best value: 10.31%
Step: 17 | Mode: explore | Action: 3
BLIP2ITMClient.cosine: (480, 640, 3), Seems like there is a chair ahead.
Sticking to last point.
Best value: 10.31%
Step: 18 | Mode: explore | Action: 1
BLIP2ITMClient.cosine: (480, 640, 3), Seems like there is a chair ahead.
Sticking to last point.
Best value: 10.31%
Step: 19 | Mode: explore | Action: 3
BLIP2ITMClient.cosine: (480, 640, 3), Seems like there is a chair ahead.
BLIP2ITMClient.cosine: (480, 640, 3), Seems like there is a chair ahead.
Sticking to last point.
Best value: 11.04%
Step: 20 | Mode: explore | Action: 3
BLIP2ITMClient.cosine: (480, 640, 3), Seems like there is a chair ahead.
Sticking to last point.
Best value: 11.04%
Step: 21 | Mode: explore | Action: 1
BLIP2ITMClient.cosine: (480, 640, 3), Seems like there is a chair ahead.
Best value: 10.31%
Step: 22 | Mode: explore | Action: 3
BLIP2ITMClient.cosine: (480, 640, 3), Seems like there is a chair ahead.
Sticking to last point.
Best value: 10.31%
Step: 23 | Mode: explore | Action: 3
BLIP2ITMClient.cosine: (480, 640, 3), Seems like there is a chair ahead.
Sticking to last point.
Best value: 10.31%
Step: 24 | Mode: explore | Action: 3
BLIP2ITMClient.cosine: (480, 640, 3), Seems like there is a chair ahead.
Sticking to last point.
Best value: 10.31%
Step: 25 | Mode: explore | Action: 3
BLIP2ITMClient.cosine: (480, 640, 3), Seems like there is a chair ahead.
Sticking to last point.
Best value: 10.31%
Step: 26 | Mode: explore | Action: 1
BLIP2ITMClient.cosine: (480, 640, 3), Seems like there is a chair ahead.
Sticking to last point.
Best value: 10.31%
Step: 27 | Mode: explore | Action: 1
BLIP2ITMClient.cosine: (480, 640, 3), Seems like there is a chair ahead.
BLIP2ITMClient.cosine: (480, 640, 3), Seems like there is a chair ahead.
Sticking to last point.
Best value: 17.24%
Step: 28 | Mode: explore | Action: 1
BLIP2ITMClient.cosine: (480, 640, 3), Seems like there is a chair ahead.
Sticking to last point.
Best value: 17.24%
Step: 29 | Mode: explore | Action: 1
BLIP2ITMClient.cosine: (480, 640, 3), Seems like there is a chair ahead.
Sticking to last point.
Best value: 17.24%
Step: 30 | Mode: explore | Action: 1
BLIP2ITMClient.cosine: (480, 640, 3), Seems like there is a chair ahead.
Sticking to last point.
Best value: 17.24%
Step: 31 | Mode: explore | Action: 1
BLIP2ITMClient.cosine: (480, 640, 3), Seems like there is a chair ahead.
Sticking to last point.
Best value: 17.24%
Step: 32 | Mode: explore | Action: 1
  0%|          | 4/1200 [04:41<25:58:29, 78.19s/it] BLIP2ITMClient.cosine: (480, 640, 3), Seems like there is a chair ahead.
BLIP2ITMClient.cosine: (480, 640, 3), Seems like there is a chair ahead.
Sticking to last point.
Best value: 23.95%
Step: 33 | Mode: explore | Action: 2
BLIP2ITMClient.cosine: (480, 640, 3), Seems like there is a chair ahead.
Sticking to last point.
Best value: 23.95%
Step: 34 | Mode: explore | Action: 1
BLIP2ITMClient.cosine: (480, 640, 3), Seems like there is a chair ahead.
BLIP2ITMClient.cosine: (480, 640, 3), Seems like there is a chair ahead.
Sticking to last point.
Best value: 29.11%
Step: 35 | Mode: explore | Action: 2
BLIP2ITMClient.cosine: (480, 640, 3), Seems like there is a chair ahead.
BLIP2ITMClient.cosine: (480, 640, 3), Seems like there is a chair ahead.
Best value: 29.11%
Step: 36 | Mode: explore | Action: 2
BLIP2ITMClient.cosine: (480, 640, 3), Seems like there is a chair ahead.
Sticking to last point.
Best value: 29.11%
Step: 37 | Mode: explore | Action: 3
BLIP2ITMClient.cosine: (480, 640, 3), Seems like there is a chair ahead.
Sticking to last point.
Best value: 29.11%
Step: 38 | Mode: explore | Action: 1
BLIP2ITMClient.cosine: (480, 640, 3), Seems like there is a chair ahead.
BLIP2ITMClient.cosine: (480, 640, 3), Seems like there is a chair ahead.
Sticking to last point.
Best value: 29.11%
Step: 39 | Mode: explore | Action: 2
BLIP2ITMClient.cosine: (480, 640, 3), Seems like there is a chair ahead.
BLIP2ITMClient.cosine: (480, 640, 3), Seems like there is a chair ahead.
Sticking to last point.
Best value: 29.11%
Step: 40 | Mode: explore | Action: 1
BLIP2ITMClient.cosine: (480, 640, 3), Seems like there is a chair ahead.
Sticking to last point.
Best value: 29.11%
Step: 41 | Mode: explore | Action: 3
BLIP2ITMClient.cosine: (480, 640, 3), Seems like there is a chair ahead.
Sticking to last point.
Best value: 29.11%
Step: 42 | Mode: explore | Action: 1
BLIP2ITMClient.cosine: (480, 640, 3), Seems like there is a chair ahead.
Sticking to last point.
Best value: 29.11%
Step: 43 | Mode: explore | Action: 2
BLIP2ITMClient.cosine: (480, 640, 3), Seems like there is a chair ahead.
BLIP2ITMClient.cosine: (480, 640, 3), Seems like there is a chair ahead.
Sticking to last point.
Best value: 29.11%
Step: 44 | Mode: explore | Action: 1
BLIP2ITMClient.cosine: (480, 640, 3), Seems like there is a chair ahead.
BLIP2ITMClient.cosine: (480, 640, 3), Seems like there is a chair ahead.
Best value: 20.93%
Step: 45 | Mode: explore | Action: 2
BLIP2ITMClient.cosine: (480, 640, 3), Seems like there is a chair ahead.
BLIP2ITMClient.cosine: (480, 640, 3), Seems like there is a chair ahead.
Sticking to last point.
Best value: 20.93%
Step: 46 | Mode: explore | Action: 1
BLIP2ITMClient.cosine: (480, 640, 3), Seems like there is a chair ahead.
BLIP2ITMClient.cosine: (480, 640, 3), Seems like there is a chair ahead.
Sticking to last point.
Best value: 20.93%
Step: 47 | Mode: explore | Action: 1
BLIP2ITMClient.cosine: (480, 640, 3), Seems like there is a chair ahead.
BLIP2ITMClient.cosine: (480, 640, 3), Seems like there is a chair ahead.
Sticking to last point.
Best value: 20.93%
Step: 48 | Mode: explore | Action: 1
BLIP2ITMClient.cosine: (480, 640, 3), Seems like there is a chair ahead.
BLIP2ITMClient.cosine: (480, 640, 3), Seems like there is a chair ahead.
Best value: 20.93%
Step: 49 | Mode: explore | Action: 1
BLIP2ITMClient.cosine: (480, 640, 3), Seems like there is a chair ahead.
BLIP2ITMClient.cosine: (480, 640, 3), Seems like there is a chair ahead.
Best value: 14.28%
Step: 50 | Mode: explore | Action: 1
BLIP2ITMClient.cosine: (480, 640, 3), Seems like there is a chair ahead.
BLIP2ITMClient.cosine: (480, 640, 3), Seems like there is a chair ahead.
Sticking to last point.
Best value: 14.28%
Step: 51 | Mode: explore | Action: 3
BLIP2ITMClient.cosine: (480, 640, 3), Seems like there is a chair ahead.
BLIP2ITMClient.cosine: (480, 640, 3), Seems like there is a chair ahead.
Sticking to last point.
Best value: 14.28%
Step: 52 | Mode: explore | Action: 3
BLIP2ITMClient.cosine: (480, 640, 3), Seems like there is a chair ahead.
Sticking to last point.
Best value: 14.28%
Step: 53 | Mode: explore | Action: 3
BLIP2ITMClient.cosine: (480, 640, 3), Seems like there is a chair ahead.
Sticking to last point.
Best value: 14.28%
Step: 54 | Mode: explore | Action: 3
BLIP2ITMClient.cosine: (480, 640, 3), Seems like there is a chair ahead.
Sticking to last point.
Best value: 14.28%
Step: 55 | Mode: explore | Action: 3
BLIP2ITMClient.cosine: (480, 640, 3), Seems like there is a chair ahead.
BLIP2ITMClient.cosine: (480, 640, 3), Seems like there is a chair ahead.
Sticking to last point.
Best value: 22.44%
Step: 56 | Mode: explore | Action: 1
BLIP2ITMClient.cosine: (480, 640, 3), Seems like there is a chair ahead.
Sticking to last point.
Best value: 22.44%
Step: 57 | Mode: explore | Action: 3
BLIP2ITMClient.cosine: (480, 640, 3), Seems like there is a chair ahead.
Step: 58 | Mode: navigate | Action: 1
BLIP2ITMClient.cosine: (480, 640, 3), Seems like there is a chair ahead.
Step: 59 | Mode: navigate | Action: 2
BLIP2ITMClient.cosine: (480, 640, 3), Seems like there is a chair ahead.
Step: 60 | Mode: navigate | Action: 1
BLIP2ITMClient.cosine: (480, 640, 3), Seems like there is a chair ahead.
Step: 61 | Mode: navigate | Action: 2
BLIP2ITMClient.cosine: (480, 640, 3), Seems like there is a chair ahead.
Step: 62 | Mode: navigate | Action: 1
BLIP2ITMClient.cosine: (480, 640, 3), Seems like there is a chair ahead.
Step: 63 | Mode: navigate | Action: 3
BLIP2ITMClient.cosine: (480, 640, 3), Seems like there is a chair ahead.
Step: 64 | Mode: navigate | Action: 1
BLIP2ITMClient.cosine: (480, 640, 3), Seems like there is a chair ahead.
Step: 65 | Mode: navigate | Action: 3
BLIP2ITMClient.cosine: (480, 640, 3), Seems like there is a chair ahead.
Step: 66 | Mode: navigate | Action: 1
BLIP2ITMClient.cosine: (480, 640, 3), Seems like there is a chair ahead.
Step: 67 | Mode: navigate | Action: 3
BLIP2ITMClient.cosine: (480, 640, 3), Seems like there is a chair ahead.
Step: 68 | Mode: navigate | Action: 1
BLIP2ITMClient.cosine: (480, 640, 3), Seems like there is a chair ahead.
Step: 69 | Mode: navigate | Action: 2
BLIP2ITMClient.cosine: (480, 640, 3), Seems like there is a chair ahead.
Step: 70 | Mode: navigate | Action: 2
BLIP2ITMClient.cosine: (480, 640, 3), Seems like there is a chair ahead.
Step: 71 | Mode: navigate | Action: 2
BLIP2ITMClient.cosine: (480, 640, 3), Seems like there is a chair ahead.
Step: 72 | Mode: navigate | Action: 1
BLIP2ITMClient.cosine: (480, 640, 3), Seems like there is a chair ahead.
Step: 73 | Mode: navigate | Action: 1
BLIP2ITMClient.cosine: (480, 640, 3), Seems like there is a chair ahead.
Step: 74 | Mode: navigate | Action: 1
BLIP2ITMClient.cosine: (480, 640, 3), Seems like there is a chair ahead.
Step: 75 | Mode: navigate | Action: 3
BLIP2ITMClient.cosine: (480, 640, 3), Seems like there is a chair ahead.
Step: 76 | Mode: navigate | Action: 1
BLIP2ITMClient.cosine: (480, 640, 3), Seems like there is a chair ahead.
Step: 77 | Mode: navigate | Action: 2
BLIP2ITMClient.cosine: (480, 640, 3), Seems like there is a chair ahead.
Step: 78 | Mode: navigate | Action: 1
BLIP2ITMClient.cosine: (480, 640, 3), Seems like there is a chair ahead.
Step: 79 | Mode: navigate | Action: 1
BLIP2ITMClient.cosine: (480, 640, 3), Seems like there is a chair ahead.
Step: 80 | Mode: navigate | Action: 0
[traj] episode 114 — unknown
Episode 140 in scene Darden failed due to 'false_positive'.
[traj] captured failure_cause: false_positive
[traj] value map: max=0.2706, nonzero=16555
[traj] saved episode Darden_140 (81 steps, failed)
BLIP2ITMClient.cosine: (480, 640, 3), Seems like there is a chair ahead.
Step: 0 | Mode: initialize | Action: 2
BLIP2ITMClient.cosine: (480, 640, 3), Seems like there is a chair ahead.
Step: 1 | Mode: initialize | Action: 2
BLIP2ITMClient.cosine: (480, 640, 3), Seems like there is a chair ahead.
Step: 2 | Mode: initialize | Action: 2
BLIP2ITMClient.cosine: (480, 640, 3), Seems like there is a chair ahead.
Step: 3 | Mode: initialize | Action: 2
BLIP2ITMClient.cosine: (480, 640, 3), Seems like there is a chair ahead.
Step: 4 | Mode: initialize | Action: 2
BLIP2ITMClient.cosine: (480, 640, 3), Seems like there is a chair ahead.
Step: 5 | Mode: initialize | Action: 2
BLIP2ITMClient.cosine: (480, 640, 3), Seems like there is a chair ahead.
Step: 6 | Mode: initialize | Action: 2
BLIP2ITMClient.cosine: (480, 640, 3), Seems like there is a chair ahead.
Step: 7 | Mode: initialize | Action: 2
BLIP2ITMClient.cosine: (480, 640, 3), Seems like there is a chair ahead.
Step: 8 | Mode: initialize | Action: 2
BLIP2ITMClient.cosine: (480, 640, 3), Seems like there is a chair ahead.
Step: 9 | Mode: initialize | Action: 2
BLIP2ITMClient.cosine: (480, 640, 3), Seems like there is a chair ahead.
Step: 10 | Mode: initialize | Action: 2
BLIP2ITMClient.cosine: (480, 640, 3), Seems like there is a chair ahead.
Step: 11 | Mode: initialize | Action: 2
BLIP2ITMClient.cosine: (480, 640, 3), Seems like there is a chair ahead.
BLIP2ITMClient.cosine: (480, 640, 3), Seems like there is a chair ahead.
Best value: 16.42%
Step: 12 | Mode: explore | Action: 2
BLIP2ITMClient.cosine: (480, 640, 3), Seems like there is a chair ahead.
Sticking to last point.
Best value: 16.42%
Step: 13 | Mode: explore | Action: 1
BLIP2ITMClient.cosine: (480, 640, 3), Seems like there is a chair ahead.
Sticking to last point.
Best value: 16.42%
Step: 14 | Mode: explore | Action: 2
BLIP2ITMClient.cosine: (480, 640, 3), Seems like there is a chair ahead.
Sticking to last point.
Best value: 16.42%
Step: 15 | Mode: explore | Action: 1
BLIP2ITMClient.cosine: (480, 640, 3), Seems like there is a chair ahead.
BLIP2ITMClient.cosine: (480, 640, 3), Seems like there is a chair ahead.
Sticking to last point.
Best value: 18.07%
Step: 16 | Mode: explore | Action: 1
BLIP2ITMClient.cosine: (480, 640, 3), Seems like there is a chair ahead.
BLIP2ITMClient.cosine: (480, 640, 3), Seems like there is a chair ahead.
Best value: 16.42%
Step: 17 | Mode: explore | Action: 3
BLIP2ITMClient.cosine: (480, 640, 3), Seems like there is a chair ahead.
Sticking to last point.
Best value: 16.42%
Step: 18 | Mode: explore | Action: 3
BLIP2ITMClient.cosine: (480, 640, 3), Seems like there is a chair ahead.
Sticking to last point.
Best value: 16.42%
Step: 19 | Mode: explore | Action: 3
BLIP2ITMClient.cosine: (480, 640, 3), Seems like there is a chair ahead.
Sticking to last point.
Best value: 16.42%
Step: 20 | Mode: explore | Action: 3
BLIP2ITMClient.cosine: (480, 640, 3), Seems like there is a chair ahead.
Sticking to last point.
Best value: 16.42%
Step: 21 | Mode: explore | Action: 3
BLIP2ITMClient.cosine: (480, 640, 3), Seems like there is a chair ahead.
Sticking to last point.
Best value: 16.42%
Step: 22 | Mode: explore | Action: 3
BLIP2ITMClient.cosine: (480, 640, 3), Seems like there is a chair ahead.
Sticking to last point.
Best value: 16.42%
Step: 23 | Mode: explore | Action: 3
BLIP2ITMClient.cosine: (480, 640, 3), Seems like there is a chair ahead.
Sticking to last point.
Best value: 16.42%
Step: 24 | Mode: explore | Action: 1
BLIP2ITMClient.cosine: (480, 640, 3), Seems like there is a chair ahead.
Sticking to last point.
Best value: 16.42%
Step: 25 | Mode: explore | Action: 2
BLIP2ITMClient.cosine: (480, 640, 3), Seems like there is a chair ahead.
Sticking to last point.
Best value: 16.42%
Step: 26 | Mode: explore | Action: 1
BLIP2ITMClient.cosine: (480, 640, 3), Seems like there is a chair ahead.
Sticking to last point.
Best value: 16.42%
Step: 27 | Mode: explore | Action: 1
BLIP2ITMClient.cosine: (480, 640, 3), Seems like there is a chair ahead.
Sticking to last point.
Best value: 16.42%
Step: 28 | Mode: explore | Action: 2
BLIP2ITMClient.cosine: (480, 640, 3), Seems like there is a chair ahead.
BLIP2ITMClient.cosine: (480, 640, 3), Seems like there is a chair ahead.
Best value: 15.98%
Step: 29 | Mode: explore | Action: 2
BLIP2ITMClient.cosine: (480, 640, 3), Seems like there is a chair ahead.
BLIP2ITMClient.cosine: (480, 640, 3), Seems like there is a chair ahead.
Sticking to last point.
Best value: 15.98%
Step: 30 | Mode: explore | Action: 2
BLIP2ITMClient.cosine: (480, 640, 3), Seems like there is a chair ahead.
Sticking to last point.
Best value: 15.98%
Step: 31 | Mode: explore | Action: 2
BLIP2ITMClient.cosine: (480, 640, 3), Seems like there is a chair ahead.
Sticking to last point.
Best value: 15.98%
Step: 32 | Mode: explore | Action: 2
BLIP2ITMClient.cosine: (480, 640, 3), Seems like there is a chair ahead.
Sticking to last point.
Best value: 15.98%
Step: 33 | Mode: explore | Action: 2
BLIP2ITMClient.cosine: (480, 640, 3), Seems like there is a chair ahead.
Sticking to last point.
Best value: 15.98%
Step: 34 | Mode: explore | Action: 1
BLIP2ITMClient.cosine: (480, 640, 3), Seems like there is a chair ahead.
Sticking to last point.
Best value: 15.98%
Step: 35 | Mode: explore | Action: 1
BLIP2ITMClient.cosine: (480, 640, 3), Seems like there is a chair ahead.
Sticking to last point.
Best value: 15.98%
Step: 36 | Mode: explore | Action: 1
BLIP2ITMClient.cosine: (480, 640, 3), Seems like there is a chair ahead.
BLIP2ITMClient.cosine: (480, 640, 3), Seems like there is a chair ahead.
Sticking to last point.
Best value: 15.98%
Step: 37 | Mode: explore | Action: 1
BLIP2ITMClient.cosine: (480, 640, 3), Seems like there is a chair ahead.
Sticking to last point.
Best value: 15.98%
Step: 38 | Mode: explore | Action: 1
BLIP2ITMClient.cosine: (480, 640, 3), Seems like there is a chair ahead.
BLIP2ITMClient.cosine: (480, 640, 3), Seems like there is a chair ahead.
Sticking to last point.
Best value: 16.24%
Step: 39 | Mode: explore | Action: 2
BLIP2ITMClient.cosine: (480, 640, 3), Seems like there is a chair ahead.
BLIP2ITMClient.cosine: (480, 640, 3), Seems like there is a chair ahead.
Sticking to last point.
Best value: 22.11%
Step: 40 | Mode: explore | Action: 2
BLIP2ITMClient.cosine: (480, 640, 3), Seems like there is a chair ahead.
BLIP2ITMClient.cosine: (480, 640, 3), Seems like there is a chair ahead.
Best value: 23.43%
Step: 41 | Mode: explore | Action: 3
BLIP2ITMClient.cosine: (480, 640, 3), Seems like there is a chair ahead.
Sticking to last point.
Best value: 23.43%
Step: 42 | Mode: explore | Action: 1
BLIP2ITMClient.cosine: (480, 640, 3), Seems like there is a chair ahead.
Sticking to last point.
Best value: 23.43%
Step: 43 | Mode: explore | Action: 1
BLIP2ITMClient.cosine: (480, 640, 3), Seems like there is a chair ahead.
Sticking to last point.
Best value: 23.43%
Step: 44 | Mode: explore | Action: 1
BLIP2ITMClient.cosine: (480, 640, 3), Seems like there is a chair ahead.
Sticking to last point.
Best value: 23.43%
Step: 45 | Mode: explore | Action: 1
BLIP2ITMClient.cosine: (480, 640, 3), Seems like there is a chair ahead.
Sticking to last point.
Best value: 23.43%
Step: 46 | Mode: explore | Action: 1
BLIP2ITMClient.cosine: (480, 640, 3), Seems like there is a chair ahead.
Sticking to last point.
Best value: 23.43%
Step: 47 | Mode: explore | Action: 1
BLIP2ITMClient.cosine: (480, 640, 3), Seems like there is a chair ahead.
Sticking to last point.
Best value: 23.43%
Step: 48 | Mode: explore | Action: 1
BLIP2ITMClient.cosine: (480, 640, 3), Seems like there is a chair ahead.
BLIP2ITMClient.cosine: (480, 640, 3), Seems like there is a chair ahead.
Sticking to last point.
Best value: 23.27%
Step: 49 | Mode: explore | Action: 2
BLIP2ITMClient.cosine: (480, 640, 3), Seems like there is a chair ahead.
Best value: 17.82%
Step: 50 | Mode: explore | Action: 3
BLIP2ITMClient.cosine: (480, 640, 3), Seems like there is a chair ahead.
Sticking to last point.
Best value: 17.82%
Step: 51 | Mode: explore | Action: 3
BLIP2ITMClient.cosine: (480, 640, 3), Seems like there is a chair ahead.
Sticking to last point.
Best value: 17.82%
Step: 52 | Mode: explore | Action: 3
BLIP2ITMClient.cosine: (480, 640, 3), Seems like there is a chair ahead.
Sticking to last point.
Best value: 17.82%
Step: 53 | Mode: explore | Action: 3
BLIP2ITMClient.cosine: (480, 640, 3), Seems like there is a chair ahead.
BLIP2ITMClient.cosine: (480, 640, 3), Seems like there is a chair ahead.
Best value: 16.22%
Step: 54 | Mode: explore | Action: 3
BLIP2ITMClient.cosine: (480, 640, 3), Seems like there is a chair ahead.
Step: 55 | Mode: navigate | Action: 1
  0%|          | 5/1200 [05:20<21:15:31, 64.04s/it]  0%|          | 6/1200 [05:39<16:10:13, 48.75s/it]BLIP2ITMClient.cosine: (480, 640, 3), Seems like there is a chair ahead.
Step: 56 | Mode: navigate | Action: 1
BLIP2ITMClient.cosine: (480, 640, 3), Seems like there is a chair ahead.
Step: 57 | Mode: navigate | Action: 1
BLIP2ITMClient.cosine: (480, 640, 3), Seems like there is a chair ahead.
Step: 58 | Mode: navigate | Action: 1
BLIP2ITMClient.cosine: (480, 640, 3), Seems like there is a chair ahead.
Step: 59 | Mode: navigate | Action: 1
BLIP2ITMClient.cosine: (480, 640, 3), Seems like there is a chair ahead.
Step: 60 | Mode: navigate | Action: 1
BLIP2ITMClient.cosine: (480, 640, 3), Seems like there is a chair ahead.
Step: 61 | Mode: navigate | Action: 3
BLIP2ITMClient.cosine: (480, 640, 3), Seems like there is a chair ahead.
Step: 62 | Mode: navigate | Action: 1
BLIP2ITMClient.cosine: (480, 640, 3), Seems like there is a chair ahead.
Step: 63 | Mode: navigate | Action: 1
BLIP2ITMClient.cosine: (480, 640, 3), Seems like there is a chair ahead.
Step: 64 | Mode: navigate | Action: 1
BLIP2ITMClient.cosine: (480, 640, 3), Seems like there is a chair ahead.
Step: 65 | Mode: navigate | Action: 1
BLIP2ITMClient.cosine: (480, 640, 3), Seems like there is a chair ahead.
Step: 66 | Mode: navigate | Action: 1
BLIP2ITMClient.cosine: (480, 640, 3), Seems like there is a chair ahead.
Step: 67 | Mode: navigate | Action: 1
BLIP2ITMClient.cosine: (480, 640, 3), Seems like there is a chair ahead.
Step: 68 | Mode: navigate | Action: 1
BLIP2ITMClient.cosine: (480, 640, 3), Seems like there is a chair ahead.
Step: 69 | Mode: navigate | Action: 1
BLIP2ITMClient.cosine: (480, 640, 3), Seems like there is a chair ahead.
Step: 70 | Mode: navigate | Action: 1
BLIP2ITMClient.cosine: (480, 640, 3), Seems like there is a chair ahead.
Step: 71 | Mode: navigate | Action: 1
BLIP2ITMClient.cosine: (480, 640, 3), Seems like there is a chair ahead.
Step: 72 | Mode: navigate | Action: 1
BLIP2ITMClient.cosine: (480, 640, 3), Seems like there is a chair ahead.
Step: 73 | Mode: navigate | Action: 2
BLIP2ITMClient.cosine: (480, 640, 3), Seems like there is a chair ahead.
Step: 74 | Mode: navigate | Action: 1
BLIP2ITMClient.cosine: (480, 640, 3), Seems like there is a chair ahead.
Step: 75 | Mode: navigate | Action: 1
BLIP2ITMClient.cosine: (480, 640, 3), Seems like there is a chair ahead.
Step: 76 | Mode: navigate | Action: 1
BLIP2ITMClient.cosine: (480, 640, 3), Seems like there is a chair ahead.
Step: 77 | Mode: navigate | Action: 1
BLIP2ITMClient.cosine: (480, 640, 3), Seems like there is a chair ahead.
Step: 78 | Mode: navigate | Action: 3
BLIP2ITMClient.cosine: (480, 640, 3), Seems like there is a chair ahead.
Step: 79 | Mode: navigate | Action: 1
BLIP2ITMClient.cosine: (480, 640, 3), Seems like there is a chair ahead.
Step: 80 | Mode: navigate | Action: 0
[traj] episode 158 — unknown
[traj] captured failure_cause: did_not_fail
[traj] value map: max=0.2681, nonzero=22094
[traj] saved episode Darden_114 (81 steps, success)
BLIP2ITMClient.cosine: (480, 640, 3), Seems like there is a chair ahead.
Step: 0 | Mode: initialize | Action: 2
BLIP2ITMClient.cosine: (480, 640, 3), Seems like there is a chair ahead.
Step: 1 | Mode: initialize | Action: 2
BLIP2ITMClient.cosine: (480, 640, 3), Seems like there is a chair ahead.
Step: 2 | Mode: initialize | Action: 2
BLIP2ITMClient.cosine: (480, 640, 3), Seems like there is a chair ahead.
Step: 3 | Mode: initialize | Action: 2
BLIP2ITMClient.cosine: (480, 640, 3), Seems like there is a chair ahead.
Step: 4 | Mode: initialize | Action: 2
BLIP2ITMClient.cosine: (480, 640, 3), Seems like there is a chair ahead.
Step: 5 | Mode: initialize | Action: 2
BLIP2ITMClient.cosine: (480, 640, 3), Seems like there is a chair ahead.
Step: 6 | Mode: initialize | Action: 2
BLIP2ITMClient.cosine: (480, 640, 3), Seems like there is a chair ahead.
Step: 7 | Mode: initialize | Action: 2
BLIP2ITMClient.cosine: (480, 640, 3), Seems like there is a chair ahead.
Step: 8 | Mode: initialize | Action: 2
BLIP2ITMClient.cosine: (480, 640, 3), Seems like there is a chair ahead.
Step: 9 | Mode: initialize | Action: 2
BLIP2ITMClient.cosine: (480, 640, 3), Seems like there is a chair ahead.
Step: 10 | Mode: initialize | Action: 2
BLIP2ITMClient.cosine: (480, 640, 3), Seems like there is a chair ahead.
Step: 11 | Mode: initialize | Action: 2
BLIP2ITMClient.cosine: (480, 640, 3), Seems like there is a chair ahead.
Step: 12 | Mode: navigate | Action: 2
BLIP2ITMClient.cosine: (480, 640, 3), Seems like there is a chair ahead.
Step: 13 | Mode: navigate | Action: 2
BLIP2ITMClient.cosine: (480, 640, 3), Seems like there is a chair ahead.
Step: 14 | Mode: navigate | Action: 2
BLIP2ITMClient.cosine: (480, 640, 3), Seems like there is a chair ahead.
Step: 15 | Mode: navigate | Action: 1
BLIP2ITMClient.cosine: (480, 640, 3), Seems like there is a chair ahead.
Step: 16 | Mode: navigate | Action: 1
BLIP2ITMClient.cosine: (480, 640, 3), Seems like there is a chair ahead.
Step: 17 | Mode: navigate | Action: 2
BLIP2ITMClient.cosine: (480, 640, 3), Seems like there is a chair ahead.
Step: 18 | Mode: navigate | Action: 1
BLIP2ITMClient.cosine: (480, 640, 3), Seems like there is a chair ahead.
Step: 19 | Mode: navigate | Action: 1
BLIP2ITMClient.cosine: (480, 640, 3), Seems like there is a chair ahead.
Step: 20 | Mode: navigate | Action: 2
BLIP2ITMClient.cosine: (480, 640, 3), Seems like there is a chair ahead.
Step: 21 | Mode: navigate | Action: 1
BLIP2ITMClient.cosine: (480, 640, 3), Seems like there is a chair ahead.
Step: 22 | Mode: navigate | Action: 1
BLIP2ITMClient.cosine: (480, 640, 3), Seems like there is a chair ahead.
Step: 23 | Mode: navigate | Action: 1
BLIP2ITMClient.cosine: (480, 640, 3), Seems like there is a chair ahead.
Step: 24 | Mode: navigate | Action: 1
BLIP2ITMClient.cosine: (480, 640, 3), Seems like there is a chair ahead.
Step: 25 | Mode: navigate | Action: 2
BLIP2ITMClient.cosine: (480, 640, 3), Seems like there is a chair ahead.
Step: 26 | Mode: navigate | Action: 1
BLIP2ITMClient.cosine: (480, 640, 3), Seems like there is a chair ahead.
Step: 27 | Mode: navigate | Action: 1
BLIP2ITMClient.cosine: (480, 640, 3), Seems like there is a chair ahead.
Step: 28 | Mode: navigate | Action: 0
[traj] episode 395 — unknown
Episode 158 in scene Darden failed due to 'false_positive'.
[traj] captured failure_cause: false_positive
[traj] value map: max=0.3168, nonzero=18228
[traj] saved episode Darden_158 (29 steps, failed)
BLIP2ITMClient.cosine: (480, 640, 3), Seems like there is a chair ahead.
Step: 0 | Mode: initialize | Action: 2
BLIP2ITMClient.cosine: (480, 640, 3), Seems like there is a chair ahead.
Step: 1 | Mode: initialize | Action: 2
BLIP2ITMClient.cosine: (480, 640, 3), Seems like there is a chair ahead.
Step: 2 | Mode: initialize | Action: 2
BLIP2ITMClient.cosine: (480, 640, 3), Seems like there is a chair ahead.
Step: 3 | Mode: initialize | Action: 2
BLIP2ITMClient.cosine: (480, 640, 3), Seems like there is a chair ahead.
Step: 4 | Mode: initialize | Action: 2
BLIP2ITMClient.cosine: (480, 640, 3), Seems like there is a chair ahead.
Step: 5 | Mode: initialize | Action: 2
BLIP2ITMClient.cosine: (480, 640, 3), Seems like there is a chair ahead.
Step: 6 | Mode: initialize | Action: 2
BLIP2ITMClient.cosine: (480, 640, 3), Seems like there is a chair ahead.
Step: 7 | Mode: initialize | Action: 2
BLIP2ITMClient.cosine: (480, 640, 3), Seems like there is a chair ahead.
Step: 8 | Mode: initialize | Action: 2
BLIP2ITMClient.cosine: (480, 640, 3), Seems like there is a chair ahead.
Step: 9 | Mode: initialize | Action: 2
BLIP2ITMClient.cosine: (480, 640, 3), Seems like there is a chair ahead.
Step: 10 | Mode: initialize | Action: 2
BLIP2ITMClient.cosine: (480, 640, 3), Seems like there is a chair ahead.
Step: 11 | Mode: initialize | Action: 2
BLIP2ITMClient.cosine: (480, 640, 3), Seems like there is a chair ahead.
BLIP2ITMClient.cosine: (480, 640, 3), Seems like there is a chair ahead.
Best value: 12.61%
Step: 12 | Mode: explore | Action: 3
BLIP2ITMClient.cosine: (480, 640, 3), Seems like there is a chair ahead.
Sticking to last point.
Best value: 12.61%
Step: 13 | Mode: explore | Action: 3
BLIP2ITMClient.cosine: (480, 640, 3), Seems like there is a chair ahead.
  1%|          | 7/1200 [06:07<13:52:51, 41.89s/it]Sticking to last point.
Best value: 12.61%
Step: 14 | Mode: explore | Action: 3
BLIP2ITMClient.cosine: (480, 640, 3), Seems like there is a chair ahead.
Sticking to last point.
Best value: 12.61%
Step: 15 | Mode: explore | Action: 3
BLIP2ITMClient.cosine: (480, 640, 3), Seems like there is a chair ahead.
Sticking to last point.
Best value: 12.61%
Step: 16 | Mode: explore | Action: 3
BLIP2ITMClient.cosine: (480, 640, 3), Seems like there is a chair ahead.
Sticking to last point.
Best value: 12.61%
Step: 17 | Mode: explore | Action: 1
BLIP2ITMClient.cosine: (480, 640, 3), Seems like there is a chair ahead.
BLIP2ITMClient.cosine: (480, 640, 3), Seems like there is a chair ahead.
Sticking to last point.
Best value: 15.69%
Step: 18 | Mode: explore | Action: 1
BLIP2ITMClient.cosine: (480, 640, 3), Seems like there is a chair ahead.
Sticking to last point.
Best value: 15.69%
Step: 19 | Mode: explore | Action: 3
BLIP2ITMClient.cosine: (480, 640, 3), Seems like there is a chair ahead.
Sticking to last point.
Best value: 15.69%
Step: 20 | Mode: explore | Action: 1
BLIP2ITMClient.cosine: (480, 640, 3), Seems like there is a chair ahead.
Sticking to last point.
Best value: 15.69%
Step: 21 | Mode: explore | Action: 2
BLIP2ITMClient.cosine: (480, 640, 3), Seems like there is a chair ahead.
BLIP2ITMClient.cosine: (480, 640, 3), Seems like there is a chair ahead.
Sticking to last point.
Best value: 15.69%
Step: 22 | Mode: explore | Action: 1
BLIP2ITMClient.cosine: (480, 640, 3), Seems like there is a chair ahead.
BLIP2ITMClient.cosine: (480, 640, 3), Seems like there is a chair ahead.
Sticking to last point.
Best value: 15.69%
Step: 23 | Mode: explore | Action: 2
BLIP2ITMClient.cosine: (480, 640, 3), Seems like there is a chair ahead.
Sticking to last point.
Best value: 15.69%
Step: 24 | Mode: explore | Action: 1
BLIP2ITMClient.cosine: (480, 640, 3), Seems like there is a chair ahead.
BLIP2ITMClient.cosine: (480, 640, 3), Seems like there is a chair ahead.
Sticking to last point.
Best value: 15.69%
Step: 25 | Mode: explore | Action: 1
BLIP2ITMClient.cosine: (480, 640, 3), Seems like there is a chair ahead.
BLIP2ITMClient.cosine: (480, 640, 3), Seems like there is a chair ahead.
Sticking to last point.
Best value: 15.69%
Step: 26 | Mode: explore | Action: 1
BLIP2ITMClient.cosine: (480, 640, 3), Seems like there is a chair ahead.
BLIP2ITMClient.cosine: (480, 640, 3), Seems like there is a chair ahead.
Sticking to last point.
Best value: 15.52%
Step: 27 | Mode: explore | Action: 1
BLIP2ITMClient.cosine: (480, 640, 3), Seems like there is a chair ahead.
BLIP2ITMClient.cosine: (480, 640, 3), Seems like there is a chair ahead.
Sticking to last point.
Best value: 18.37%
Step: 28 | Mode: explore | Action: 1
BLIP2ITMClient.cosine: (480, 640, 3), Seems like there is a chair ahead.
BLIP2ITMClient.cosine: (480, 640, 3), Seems like there is a chair ahead.
Sticking to last point.
Best value: 18.39%
Step: 29 | Mode: explore | Action: 3
BLIP2ITMClient.cosine: (480, 640, 3), Seems like there is a chair ahead.
Sticking to last point.
Best value: 18.39%
Step: 30 | Mode: explore | Action: 1
BLIP2ITMClient.cosine: (480, 640, 3), Seems like there is a chair ahead.
Sticking to last point.
Best value: 18.39%
Step: 31 | Mode: explore | Action: 1
BLIP2ITMClient.cosine: (480, 640, 3), Seems like there is a chair ahead.
BLIP2ITMClient.cosine: (480, 640, 3), Seems like there is a chair ahead.
Sticking to last point.
Best value: 18.39%
Step: 32 | Mode: explore | Action: 1
BLIP2ITMClient.cosine: (480, 640, 3), Seems like there is a chair ahead.
Sticking to last point.
Best value: 18.39%
Step: 33 | Mode: explore | Action: 1
BLIP2ITMClient.cosine: (480, 640, 3), Seems like there is a chair ahead.
Sticking to last point.
Best value: 18.39%
Step: 34 | Mode: explore | Action: 1
BLIP2ITMClient.cosine: (480, 640, 3), Seems like there is a chair ahead.
Sticking to last point.
Best value: 18.39%
Step: 35 | Mode: explore | Action: 2
BLIP2ITMClient.cosine: (480, 640, 3), Seems like there is a chair ahead.
Sticking to last point.
Best value: 18.39%
Step: 36 | Mode: explore | Action: 1
BLIP2ITMClient.cosine: (480, 640, 3), Seems like there is a chair ahead.
Sticking to last point.
Best value: 18.39%
Step: 37 | Mode: explore | Action: 1
BLIP2ITMClient.cosine: (480, 640, 3), Seems like there is a chair ahead.
BLIP2ITMClient.cosine: (480, 640, 3), Seems like there is a chair ahead.
Best value: 22.27%
Step: 38 | Mode: explore | Action: 2
BLIP2ITMClient.cosine: (480, 640, 3), Seems like there is a chair ahead.
Sticking to last point.
Best value: 22.27%
Step: 39 | Mode: explore | Action: 2
BLIP2ITMClient.cosine: (480, 640, 3), Seems like there is a chair ahead.
Sticking to last point.
Best value: 22.27%
Step: 40 | Mode: explore | Action: 2
BLIP2ITMClient.cosine: (480, 640, 3), Seems like there is a chair ahead.
BLIP2ITMClient.cosine: (480, 640, 3), Seems like there is a chair ahead.
Sticking to last point.
Best value: 27.89%
Step: 41 | Mode: explore | Action: 2
BLIP2ITMClient.cosine: (480, 640, 3), Seems like there is a chair ahead.
Sticking to last point.
Best value: 27.89%
Step: 42 | Mode: explore | Action: 1
BLIP2ITMClient.cosine: (480, 640, 3), Seems like there is a chair ahead.
BLIP2ITMClient.cosine: (480, 640, 3), Seems like there is a chair ahead.
Best value: 21.63%
Step: 43 | Mode: explore | Action: 3
BLIP2ITMClient.cosine: (480, 640, 3), Seems like there is a chair ahead.
Step: 44 | Mode: navigate | Action: 2
BLIP2ITMClient.cosine: (480, 640, 3), Seems like there is a chair ahead.
Step: 45 | Mode: navigate | Action: 1
BLIP2ITMClient.cosine: (480, 640, 3), Seems like there is a chair ahead.
Step: 46 | Mode: navigate | Action: 3
BLIP2ITMClient.cosine: (480, 640, 3), Seems like there is a chair ahead.
Step: 47 | Mode: navigate | Action: 1
BLIP2ITMClient.cosine: (480, 640, 3), Seems like there is a chair ahead.
Step: 48 | Mode: navigate | Action: 3
BLIP2ITMClient.cosine: (480, 640, 3), Seems like there is a chair ahead.
Step: 49 | Mode: navigate | Action: 1
BLIP2ITMClient.cosine: (480, 640, 3), Seems like there is a chair ahead.
Step: 50 | Mode: navigate | Action: 3
BLIP2ITMClient.cosine: (480, 640, 3), Seems like there is a chair ahead.
Step: 51 | Mode: navigate | Action: 1
BLIP2ITMClient.cosine: (480, 640, 3), Seems like there is a chair ahead.
Step: 52 | Mode: navigate | Action: 1
BLIP2ITMClient.cosine: (480, 640, 3), Seems like there is a chair ahead.
Step: 53 | Mode: navigate | Action: 1
BLIP2ITMClient.cosine: (480, 640, 3), Seems like there is a chair ahead.
Step: 54 | Mode: navigate | Action: 0
[traj] episode 56 — unknown
[traj] captured failure_cause: did_not_fail
[traj] value map: max=0.2789, nonzero=17887
[traj] saved episode Darden_395 (55 steps, success)
BLIP2ITMClient.cosine: (480, 640, 3), Seems like there is a couch ahead.
Step: 0 | Mode: initialize | Action: 2
BLIP2ITMClient.cosine: (480, 640, 3), Seems like there is a couch ahead.
Step: 1 | Mode: initialize | Action: 2
BLIP2ITMClient.cosine: (480, 640, 3), Seems like there is a couch ahead.
Step: 2 | Mode: initialize | Action: 2
BLIP2ITMClient.cosine: (480, 640, 3), Seems like there is a couch ahead.
Step: 3 | Mode: initialize | Action: 2
BLIP2ITMClient.cosine: (480, 640, 3), Seems like there is a couch ahead.
Step: 4 | Mode: initialize | Action: 2
BLIP2ITMClient.cosine: (480, 640, 3), Seems like there is a couch ahead.
Step: 5 | Mode: initialize | Action: 2
BLIP2ITMClient.cosine: (480, 640, 3), Seems like there is a couch ahead.
Step: 6 | Mode: initialize | Action: 2
BLIP2ITMClient.cosine: (480, 640, 3), Seems like there is a couch ahead.
Step: 7 | Mode: initialize | Action: 2
BLIP2ITMClient.cosine: (480, 640, 3), Seems like there is a couch ahead.
Step: 8 | Mode: initialize | Action: 2
BLIP2ITMClient.cosine: (480, 640, 3), Seems like there is a couch ahead.
Step: 9 | Mode: initialize | Action: 2
BLIP2ITMClient.cosine: (480, 640, 3), Seems like there is a couch ahead.
Step: 10 | Mode: initialize | Action: 2
BLIP2ITMClient.cosine: (480, 640, 3), Seems like there is a couch ahead.
Step: 11 | Mode: initialize | Action: 2
BLIP2ITMClient.cosine: (480, 640, 3), Seems like there is a couch ahead.
  1%|          | 8/1200 [06:32<12:05:35, 36.52s/it]BLIP2ITMClient.cosine: (480, 640, 3), Seems like there is a couch ahead.
Best value: 12.99%
Step: 12 | Mode: explore | Action: 2
BLIP2ITMClient.cosine: (480, 640, 3), Seems like there is a couch ahead.
Sticking to last point.
Best value: 12.99%
Step: 13 | Mode: explore | Action: 1
BLIP2ITMClient.cosine: (480, 640, 3), Seems like there is a couch ahead.
Sticking to last point.
Best value: 12.99%
Step: 14 | Mode: explore | Action: 2
BLIP2ITMClient.cosine: (480, 640, 3), Seems like there is a couch ahead.
BLIP2ITMClient.cosine: (480, 640, 3), Seems like there is a couch ahead.
Best value: 12.99%
Step: 15 | Mode: explore | Action: 1
BLIP2ITMClient.cosine: (480, 640, 3), Seems like there is a couch ahead.
BLIP2ITMClient.cosine: (480, 640, 3), Seems like there is a couch ahead.
Sticking to last point.
Best value: 12.99%
Step: 16 | Mode: explore | Action: 1
BLIP2ITMClient.cosine: (480, 640, 3), Seems like there is a couch ahead.
BLIP2ITMClient.cosine: (480, 640, 3), Seems like there is a couch ahead.
Best value: 9.71%
Step: 17 | Mode: explore | Action: 2
BLIP2ITMClient.cosine: (480, 640, 3), Seems like there is a couch ahead.
Sticking to last point.
Best value: 9.71%
Step: 18 | Mode: explore | Action: 1
BLIP2ITMClient.cosine: (480, 640, 3), Seems like there is a couch ahead.
BLIP2ITMClient.cosine: (480, 640, 3), Seems like there is a couch ahead.
Sticking to last point.
Best value: 14.15%
Step: 19 | Mode: explore | Action: 1
BLIP2ITMClient.cosine: (480, 640, 3), Seems like there is a couch ahead.
BLIP2ITMClient.cosine: (480, 640, 3), Seems like there is a couch ahead.
Sticking to last point.
Best value: 15.27%
Step: 20 | Mode: explore | Action: 1
BLIP2ITMClient.cosine: (480, 640, 3), Seems like there is a couch ahead.
BLIP2ITMClient.cosine: (480, 640, 3), Seems like there is a couch ahead.
Best value: 12.65%
Step: 21 | Mode: explore | Action: 2
BLIP2ITMClient.cosine: (480, 640, 3), Seems like there is a couch ahead.
BLIP2ITMClient.cosine: (480, 640, 3), Seems like there is a couch ahead.
Best value: 13.95%
Step: 22 | Mode: explore | Action: 1
BLIP2ITMClient.cosine: (480, 640, 3), Seems like there is a couch ahead.
BLIP2ITMClient.cosine: (480, 640, 3), Seems like there is a couch ahead.
Best value: 12.67%
Step: 23 | Mode: explore | Action: 1
BLIP2ITMClient.cosine: (480, 640, 3), Seems like there is a couch ahead.
BLIP2ITMClient.cosine: (480, 640, 3), Seems like there is a couch ahead.
Best value: 10.34%
Step: 24 | Mode: explore | Action: 1
BLIP2ITMClient.cosine: (480, 640, 3), Seems like there is a couch ahead.
BLIP2ITMClient.cosine: (480, 640, 3), Seems like there is a couch ahead.
Sticking to last point.
Best value: 9.71%
Step: 25 | Mode: explore | Action: 3
BLIP2ITMClient.cosine: (480, 640, 3), Seems like there is a couch ahead.
Sticking to last point.
Best value: 9.71%
Step: 26 | Mode: explore | Action: 1
BLIP2ITMClient.cosine: (480, 640, 3), Seems like there is a couch ahead.
BLIP2ITMClient.cosine: (480, 640, 3), Seems like there is a couch ahead.
Sticking to last point.
Best value: 11.26%
Step: 27 | Mode: explore | Action: 1
BLIP2ITMClient.cosine: (480, 640, 3), Seems like there is a couch ahead.
BLIP2ITMClient.cosine: (480, 640, 3), Seems like there is a couch ahead.
Best value: 9.71%
Step: 28 | Mode: explore | Action: 3
BLIP2ITMClient.cosine: (480, 640, 3), Seems like there is a couch ahead.
BLIP2ITMClient.cosine: (480, 640, 3), Seems like there is a couch ahead.
Sticking to last point.
Best value: 9.71%
Step: 29 | Mode: explore | Action: 3
BLIP2ITMClient.cosine: (480, 640, 3), Seems like there is a couch ahead.
Sticking to last point.
Best value: 9.71%
Step: 30 | Mode: explore | Action: 3
BLIP2ITMClient.cosine: (480, 640, 3), Seems like there is a couch ahead.
Step: 31 | Mode: navigate | Action: 3
BLIP2ITMClient.cosine: (480, 640, 3), Seems like there is a couch ahead.
Step: 32 | Mode: navigate | Action: 1
BLIP2ITMClient.cosine: (480, 640, 3), Seems like there is a couch ahead.
Step: 33 | Mode: navigate | Action: 1
BLIP2ITMClient.cosine: (480, 640, 3), Seems like there is a couch ahead.
Step: 34 | Mode: navigate | Action: 1
BLIP2ITMClient.cosine: (480, 640, 3), Seems like there is a couch ahead.
Step: 35 | Mode: navigate | Action: 1
BLIP2ITMClient.cosine: (480, 640, 3), Seems like there is a couch ahead.
Step: 36 | Mode: navigate | Action: 1
BLIP2ITMClient.cosine: (480, 640, 3), Seems like there is a couch ahead.
Step: 37 | Mode: navigate | Action: 2
BLIP2ITMClient.cosine: (480, 640, 3), Seems like there is a couch ahead.
Step: 38 | Mode: navigate | Action: 1
BLIP2ITMClient.cosine: (480, 640, 3), Seems like there is a couch ahead.
Step: 39 | Mode: navigate | Action: 1
BLIP2ITMClient.cosine: (480, 640, 3), Seems like there is a couch ahead.
Step: 40 | Mode: navigate | Action: 1
BLIP2ITMClient.cosine: (480, 640, 3), Seems like there is a couch ahead.
Step: 41 | Mode: navigate | Action: 1
BLIP2ITMClient.cosine: (480, 640, 3), Seems like there is a couch ahead.
Step: 42 | Mode: navigate | Action: 1
BLIP2ITMClient.cosine: (480, 640, 3), Seems like there is a couch ahead.
Step: 43 | Mode: navigate | Action: 1
BLIP2ITMClient.cosine: (480, 640, 3), Seems like there is a couch ahead.
Step: 44 | Mode: navigate | Action: 2
BLIP2ITMClient.cosine: (480, 640, 3), Seems like there is a couch ahead.
Step: 45 | Mode: navigate | Action: 1
BLIP2ITMClient.cosine: (480, 640, 3), Seems like there is a couch ahead.
Step: 46 | Mode: navigate | Action: 3
BLIP2ITMClient.cosine: (480, 640, 3), Seems like there is a couch ahead.
Step: 47 | Mode: navigate | Action: 1
BLIP2ITMClient.cosine: (480, 640, 3), Seems like there is a couch ahead.
Step: 48 | Mode: navigate | Action: 1
BLIP2ITMClient.cosine: (480, 640, 3), Seems like there is a couch ahead.
Step: 49 | Mode: navigate | Action: 1
BLIP2ITMClient.cosine: (480, 640, 3), Seems like there is a couch ahead.
Step: 50 | Mode: navigate | Action: 1
BLIP2ITMClient.cosine: (480, 640, 3), Seems like there is a couch ahead.
Step: 51 | Mode: navigate | Action: 0
[traj] episode 152 — unknown
[traj] captured failure_cause: did_not_fail
[traj] value map: max=0.2412, nonzero=14189
[traj] saved episode Darden_56 (52 steps, success)
BLIP2ITMClient.cosine: (480, 640, 3), Seems like there is a potted plant ahead.
Step: 0 | Mode: initialize | Action: 2
BLIP2ITMClient.cosine: (480, 640, 3), Seems like there is a potted plant ahead.
Step: 1 | Mode: initialize | Action: 2
BLIP2ITMClient.cosine: (480, 640, 3), Seems like there is a potted plant ahead.
Step: 2 | Mode: initialize | Action: 2
BLIP2ITMClient.cosine: (480, 640, 3), Seems like there is a potted plant ahead.
Step: 3 | Mode: initialize | Action: 2
BLIP2ITMClient.cosine: (480, 640, 3), Seems like there is a potted plant ahead.
Step: 4 | Mode: initialize | Action: 2
BLIP2ITMClient.cosine: (480, 640, 3), Seems like there is a potted plant ahead.
Step: 5 | Mode: initialize | Action: 2
BLIP2ITMClient.cosine: (480, 640, 3), Seems like there is a potted plant ahead.
Step: 6 | Mode: initialize | Action: 2
BLIP2ITMClient.cosine: (480, 640, 3), Seems like there is a potted plant ahead.
Step: 7 | Mode: initialize | Action: 2
BLIP2ITMClient.cosine: (480, 640, 3), Seems like there is a potted plant ahead.
Step: 8 | Mode: initialize | Action: 2
BLIP2ITMClient.cosine: (480, 640, 3), Seems like there is a potted plant ahead.
Step: 9 | Mode: initialize | Action: 2
BLIP2ITMClient.cosine: (480, 640, 3), Seems like there is a potted plant ahead.
Step: 10 | Mode: initialize | Action: 2
BLIP2ITMClient.cosine: (480, 640, 3), Seems like there is a potted plant ahead.
Step: 11 | Mode: initialize | Action: 2
BLIP2ITMClient.cosine: (480, 640, 3), Seems like there is a potted plant ahead.
BLIP2ITMClient.cosine: (480, 640, 3), Seems like there is a potted plant ahead.
Best value: 17.55%
Step: 12 | Mode: explore | Action: 3
BLIP2ITMClient.cosine: (480, 640, 3), Seems like there is a potted plant ahead.
Sticking to last point.
Best value: 17.55%
Step: 13 | Mode: explore | Action: 3
BLIP2ITMClient.cosine: (480, 640, 3), Seems like there is a potted plant ahead.
Sticking to last point.
Best value: 17.55%
Step: 14 | Mode: explore | Action: 3
BLIP2ITMClient.cosine: (480, 640, 3), Seems like there is a potted plant ahead.
Sticking to last point.
Best value: 17.55%
Step: 15 | Mode: explore | Action: 1
BLIP2ITMClient.cosine: (480, 640, 3), Seems like there is a potted plant ahead.
Sticking to last point.
Best value: 17.55%
Step: 16 | Mode: explore | Action: 1
BLIP2ITMClient.cosine: (480, 640, 3), Seems like there is a potted plant ahead.
Sticking to last point.
Best value: 17.55%
Step: 17 | Mode: explore | Action: 1
BLIP2ITMClient.cosine: (480, 640, 3), Seems like there is a potted plant ahead.
Sticking to last point.
Best value: 17.55%
Step: 18 | Mode: explore | Action: 2
BLIP2ITMClient.cosine: (480, 640, 3), Seems like there is a potted plant ahead.
Sticking to last point.
Best value: 17.55%
Step: 19 | Mode: explore | Action: 1
BLIP2ITMClient.cosine: (480, 640, 3), Seems like there is a potted plant ahead.
Sticking to last point.
Best value: 17.55%
Step: 20 | Mode: explore | Action: 2
BLIP2ITMClient.cosine: (480, 640, 3), Seems like there is a potted plant ahead.
Sticking to last point.
Best value: 17.55%
Step: 21 | Mode: explore | Action: 1
BLIP2ITMClient.cosine: (480, 640, 3), Seems like there is a potted plant ahead.
BLIP2ITMClient.cosine: (480, 640, 3), Seems like there is a potted plant ahead.
Sticking to last point.
Best value: 17.55%
Step: 22 | Mode: explore | Action: 3
BLIP2ITMClient.cosine: (480, 640, 3), Seems like there is a potted plant ahead.
BLIP2ITMClient.cosine: (480, 640, 3), Seems like there is a potted plant ahead.
Sticking to last point.
Best value: 17.55%
Step: 23 | Mode: explore | Action: 3
BLIP2ITMClient.cosine: (480, 640, 3), Seems like there is a potted plant ahead.
BLIP2ITMClient.cosine: (480, 640, 3), Seems like there is a potted plant ahead.
Best value: 17.60%
Step: 24 | Mode: explore | Action: 2
BLIP2ITMClient.cosine: (480, 640, 3), Seems like there is a potted plant ahead.
Sticking to last point.
Best value: 17.60%
Step: 25 | Mode: explore | Action: 2
BLIP2ITMClient.cosine: (480, 640, 3), Seems like there is a potted plant ahead.
Sticking to last point.
Best value: 17.60%
Step: 26 | Mode: explore | Action: 1
BLIP2ITMClient.cosine: (480, 640, 3), Seems like there is a potted plant ahead.
BLIP2ITMClient.cosine: (480, 640, 3), Seems like there is a potted plant ahead.
Sticking to last point.
Best value: 17.60%
Step: 27 | Mode: explore | Action: 1
BLIP2ITMClient.cosine: (480, 640, 3), Seems like there is a potted plant ahead.
BLIP2ITMClient.cosine: (480, 640, 3), Seems like there is a potted plant ahead.
Sticking to last point.
Best value: 17.60%
Step: 28 | Mode: explore | Action: 2
BLIP2ITMClient.cosine: (480, 640, 3), Seems like there is a potted plant ahead.
BLIP2ITMClient.cosine: (480, 640, 3), Seems like there is a potted plant ahead.
Sticking to last point.
Best value: 20.44%
Step: 29 | Mode: explore | Action: 1
BLIP2ITMClient.cosine: (480, 640, 3), Seems like there is a potted plant ahead.
Sticking to last point.
Best value: 20.44%
Step: 30 | Mode: explore | Action: 1
BLIP2ITMClient.cosine: (480, 640, 3), Seems like there is a potted plant ahead.
Sticking to last point.
Best value: 20.44%
Step: 31 | Mode: explore | Action: 3
BLIP2ITMClient.cosine: (480, 640, 3), Seems like there is a potted plant ahead.
Sticking to last point.
Best value: 20.44%
Step: 32 | Mode: explore | Action: 1
BLIP2ITMClient.cosine: (480, 640, 3), Seems like there is a potted plant ahead.
Sticking to last point.
Best value: 20.44%
Step: 33 | Mode: explore | Action: 3
BLIP2ITMClient.cosine: (480, 640, 3), Seems like there is a potted plant ahead.
Sticking to last point.
Best value: 20.44%
Step: 34 | Mode: explore | Action: 1
BLIP2ITMClient.cosine: (480, 640, 3), Seems like there is a potted plant ahead.
Sticking to last point.
Best value: 20.44%
Step: 35 | Mode: explore | Action: 2
BLIP2ITMClient.cosine: (480, 640, 3), Seems like there is a potted plant ahead.
Sticking to last point.
Best value: 20.44%
Step: 36 | Mode: explore | Action: 2
BLIP2ITMClient.cosine: (480, 640, 3), Seems like there is a potted plant ahead.
Sticking to last point.
Best value: 20.44%
Step: 37 | Mode: explore | Action: 1
BLIP2ITMClient.cosine: (480, 640, 3), Seems like there is a potted plant ahead.
Sticking to last point.
Best value: 20.44%
Step: 38 | Mode: explore | Action: 2
BLIP2ITMClient.cosine: (480, 640, 3), Seems like there is a potted plant ahead.
BLIP2ITMClient.cosine: (480, 640, 3), Seems like there is a potted plant ahead.
Best value: 22.98%
Step: 39 | Mode: explore | Action: 3
BLIP2ITMClient.cosine: (480, 640, 3), Seems like there is a potted plant ahead.
Sticking to last point.
Best value: 22.98%
Step: 40 | Mode: explore | Action: 1
BLIP2ITMClient.cosine: (480, 640, 3), Seems like there is a potted plant ahead.
Sticking to last point.
Best value: 22.98%
Step: 41 | Mode: explore | Action: 2
BLIP2ITMClient.cosine: (480, 640, 3), Seems like there is a potted plant ahead.
Sticking to last point.
Best value: 22.98%
Step: 42 | Mode: explore | Action: 1
BLIP2ITMClient.cosine: (480, 640, 3), Seems like there is a potted plant ahead.
Sticking to last point.
Best value: 22.98%
Step: 43 | Mode: explore | Action: 2
BLIP2ITMClient.cosine: (480, 640, 3), Seems like there is a potted plant ahead.
BLIP2ITMClient.cosine: (480, 640, 3), Seems like there is a potted plant ahead.
Sticking to last point.
Best value: 22.98%
Step: 44 | Mode: explore | Action: 1
BLIP2ITMClient.cosine: (480, 640, 3), Seems like there is a potted plant ahead.
Sticking to last point.
Best value: 22.98%
Step: 45 | Mode: explore | Action: 3
BLIP2ITMClient.cosine: (480, 640, 3), Seems like there is a potted plant ahead.
Sticking to last point.
Best value: 22.98%
Step: 46 | Mode: explore | Action: 3
BLIP2ITMClient.cosine: (480, 640, 3), Seems like there is a potted plant ahead.
Sticking to last point.
Best value: 22.98%
Step: 47 | Mode: explore | Action: 1
BLIP2ITMClient.cosine: (480, 640, 3), Seems like there is a potted plant ahead.
Sticking to last point.
Best value: 22.98%
Step: 48 | Mode: explore | Action: 3
BLIP2ITMClient.cosine: (480, 640, 3), Seems like there is a potted plant ahead.
Sticking to last point.
Best value: 22.98%
Step: 49 | Mode: explore | Action: 1
BLIP2ITMClient.cosine: (480, 640, 3), Seems like there is a potted plant ahead.
Sticking to last point.
Best value: 22.98%
Step: 50 | Mode: explore | Action: 3
BLIP2ITMClient.cosine: (480, 640, 3), Seems like there is a potted plant ahead.
Sticking to last point.
Best value: 22.98%
Step: 51 | Mode: explore | Action: 1
BLIP2ITMClient.cosine: (480, 640, 3), Seems like there is a potted plant ahead.
Sticking to last point.
Best value: 22.98%
Step: 52 | Mode: explore | Action: 2
BLIP2ITMClient.cosine: (480, 640, 3), Seems like there is a potted plant ahead.
Sticking to last point.
Best value: 22.98%
Step: 53 | Mode: explore | Action: 2
BLIP2ITMClient.cosine: (480, 640, 3), Seems like there is a potted plant ahead.
Sticking to last point.
Best value: 22.98%
Step: 54 | Mode: explore | Action: 2
BLIP2ITMClient.cosine: (480, 640, 3), Seems like there is a potted plant ahead.
Sticking to last point.
Best value: 22.98%
Step: 55 | Mode: explore | Action: 1
BLIP2ITMClient.cosine: (480, 640, 3), Seems like there is a potted plant ahead.
Sticking to last point.
Best value: 22.98%
Step: 56 | Mode: explore | Action: 2
BLIP2ITMClient.cosine: (480, 640, 3), Seems like there is a potted plant ahead.
Sticking to last point.
Best value: 22.98%
Step: 57 | Mode: explore | Action: 1
BLIP2ITMClient.cosine: (480, 640, 3), Seems like there is a potted plant ahead.
Sticking to last point.
Best value: 22.98%
Step: 58 | Mode: explore | Action: 2
BLIP2ITMClient.cosine: (480, 640, 3), Seems like there is a potted plant ahead.
Sticking to last point.
Best value: 22.98%
Step: 59 | Mode: explore | Action: 1
BLIP2ITMClient.cosine: (480, 640, 3), Seems like there is a potted plant ahead.
Sticking to last point.
Best value: 22.98%
Step: 60 | Mode: explore | Action: 2
BLIP2ITMClient.cosine: (480, 640, 3), Seems like there is a potted plant ahead.
Sticking to last point.
Best value: 22.98%
Step: 61 | Mode: explore | Action: 1
BLIP2ITMClient.cosine: (480, 640, 3), Seems like there is a potted plant ahead.
Sticking to last point.
Best value: 22.98%
Step: 62 | Mode: explore | Action: 3
BLIP2ITMClient.cosine: (480, 640, 3), Seems like there is a potted plant ahead.
BLIP2ITMClient.cosine: (480, 640, 3), Seems like there is a potted plant ahead.
Sticking to last point.
Best value: 22.98%
Step: 63 | Mode: explore | Action: 3
BLIP2ITMClient.cosine: (480, 640, 3), Seems like there is a potted plant ahead.
Sticking to last point.
Best value: 22.98%
Step: 64 | Mode: explore | Action: 3
BLIP2ITMClient.cosine: (480, 640, 3), Seems like there is a potted plant ahead.
Sticking to last point.
Best value: 22.98%
Step: 65 | Mode: explore | Action: 3
BLIP2ITMClient.cosine: (480, 640, 3), Seems like there is a potted plant ahead.
Sticking to last point.
Best value: 22.98%
Step: 66 | Mode: explore | Action: 1
BLIP2ITMClient.cosine: (480, 640, 3), Seems like there is a potted plant ahead.
Sticking to last point.
Best value: 22.98%
Step: 67 | Mode: explore | Action: 1
BLIP2ITMClient.cosine: (480, 640, 3), Seems like there is a potted plant ahead.
Sticking to last point.
Best value: 22.98%
Step: 68 | Mode: explore | Action: 2
BLIP2ITMClient.cosine: (480, 640, 3), Seems like there is a potted plant ahead.
Sticking to last point.
Best value: 22.98%
Step: 69 | Mode: explore | Action: 1
BLIP2ITMClient.cosine: (480, 640, 3), Seems like there is a potted plant ahead.
BLIP2ITMClient.cosine: (480, 640, 3), Seems like there is a potted plant ahead.
Sticking to last point.
Best value: 22.98%
Step: 70 | Mode: explore | Action: 3
BLIP2ITMClient.cosine: (480, 640, 3), Seems like there is a potted plant ahead.
Sticking to last point.
Best value: 22.98%
Step: 71 | Mode: explore | Action: 3
BLIP2ITMClient.cosine: (480, 640, 3), Seems like there is a potted plant ahead.
BLIP2ITMClient.cosine: (480, 640, 3), Seems like there is a potted plant ahead.
Best value: 17.49%
Step: 72 | Mode: explore | Action: 3
BLIP2ITMClient.cosine: (480, 640, 3), Seems like there is a potted plant ahead.
BLIP2ITMClient.cosine: (480, 640, 3), Seems like there is a potted plant ahead.
Best value: 12.87%
Step: 73 | Mode: explore | Action: 1
BLIP2ITMClient.cosine: (480, 640, 3), Seems like there is a potted plant ahead.
BLIP2ITMClient.cosine: (480, 640, 3), Seems like there is a potted plant ahead.
Sticking to last point.
Best value: 12.87%
Step: 74 | Mode: explore | Action: 2
BLIP2ITMClient.cosine: (480, 640, 3), Seems like there is a potted plant ahead.
Sticking to last point.
Best value: 12.87%
Step: 75 | Mode: explore | Action: 1
BLIP2ITMClient.cosine: (480, 640, 3), Seems like there is a potted plant ahead.
Sticking to last point.
Best value: 12.87%
Step: 76 | Mode: explore | Action: 2
BLIP2ITMClient.cosine: (480, 640, 3), Seems like there is a potted plant ahead.
Sticking to last point.
Best value: 12.87%
Step: 77 | Mode: explore | Action: 1
BLIP2ITMClient.cosine: (480, 640, 3), Seems like there is a potted plant ahead.
Sticking to last point.
Best value: 12.87%
Step: 78 | Mode: explore | Action: 3
BLIP2ITMClient.cosine: (480, 640, 3), Seems like there is a potted plant ahead.
Sticking to last point.
Best value: 12.87%
Step: 79 | Mode: explore | Action: 1
BLIP2ITMClient.cosine: (480, 640, 3), Seems like there is a potted plant ahead.
Sticking to last point.
Best value: 12.87%
Step: 80 | Mode: explore | Action: 3
BLIP2ITMClient.cosine: (480, 640, 3), Seems like there is a potted plant ahead.
BLIP2ITMClient.cosine: (480, 640, 3), Seems like there is a potted plant ahead.
Sticking to last point.
Best value: 12.87%
Step: 81 | Mode: explore | Action: 1
BLIP2ITMClient.cosine: (480, 640, 3), Seems like there is a potted plant ahead.
Sticking to last point.
Best value: 12.87%
Step: 82 | Mode: explore | Action: 3
BLIP2ITMClient.cosine: (480, 640, 3), Seems like there is a potted plant ahead.
BLIP2ITMClient.cosine: (480, 640, 3), Seems like there is a potted plant ahead.
Sticking to last point.
Best value: 12.87%
Step: 83 | Mode: explore | Action: 1
BLIP2ITMClient.cosine: (480, 640, 3), Seems like there is a potted plant ahead.
BLIP2ITMClient.cosine: (480, 640, 3), Seems like there is a potted plant ahead.
Sticking to last point.
Best value: 12.87%
Step: 84 | Mode: explore | Action: 1
BLIP2ITMClient.cosine: (480, 640, 3), Seems like there is a potted plant ahead.
BLIP2ITMClient.cosine: (480, 640, 3), Seems like there is a potted plant ahead.
Sticking to last point.
Best value: 12.87%
Step: 85 | Mode: explore | Action: 1
BLIP2ITMClient.cosine: (480, 640, 3), Seems like there is a potted plant ahead.
BLIP2ITMClient.cosine: (480, 640, 3), Seems like there is a potted plant ahead.
Sticking to last point.
Best value: 12.87%
Step: 86 | Mode: explore | Action: 1
BLIP2ITMClient.cosine: (480, 640, 3), Seems like there is a potted plant ahead.
BLIP2ITMClient.cosine: (480, 640, 3), Seems like there is a potted plant ahead.
Sticking to last point.
Best value: 12.87%
Step: 87 | Mode: explore | Action: 1
BLIP2ITMClient.cosine: (480, 640, 3), Seems like there is a potted plant ahead.
BLIP2ITMClient.cosine: (480, 640, 3), Seems like there is a potted plant ahead.
Sticking to last point.
Best value: 12.87%
Step: 88 | Mode: explore | Action: 3
BLIP2ITMClient.cosine: (480, 640, 3), Seems like there is a potted plant ahead.
BLIP2ITMClient.cosine: (480, 640, 3), Seems like there is a potted plant ahead.
Best value: 10.97%
Step: 89 | Mode: explore | Action: 2
BLIP2ITMClient.cosine: (480, 640, 3), Seems like there is a potted plant ahead.
Sticking to last point.
Best value: 10.97%
Step: 90 | Mode: explore | Action: 3
BLIP2ITMClient.cosine: (480, 640, 3), Seems like there is a potted plant ahead.
Sticking to last point.
Best value: 10.97%
Step: 91 | Mode: explore | Action: 3
BLIP2ITMClient.cosine: (480, 640, 3), Seems like there is a potted plant ahead.
Sticking to last point.
Best value: 10.97%
Step: 92 | Mode: explore | Action: 3
BLIP2ITMClient.cosine: (480, 640, 3), Seems like there is a potted plant ahead.
Sticking to last point.
Best value: 10.97%
Step: 93 | Mode: explore | Action: 3
BLIP2ITMClient.cosine: (480, 640, 3), Seems like there is a potted plant ahead.
Sticking to last point.
Best value: 10.97%
Step: 94 | Mode: explore | Action: 2
BLIP2ITMClient.cosine: (480, 640, 3), Seems like there is a potted plant ahead.
Sticking to last point.
Best value: 10.97%
Step: 95 | Mode: explore | Action: 2
BLIP2ITMClient.cosine: (480, 640, 3), Seems like there is a potted plant ahead.
Sticking to last point.
Best value: 10.97%
Step: 96 | Mode: explore | Action: 2
BLIP2ITMClient.cosine: (480, 640, 3), Seems like there is a potted plant ahead.
Sticking to last point.
Best value: 10.97%
Step: 97 | Mode: explore | Action: 1
BLIP2ITMClient.cosine: (480, 640, 3), Seems like there is a potted plant ahead.
BLIP2ITMClient.cosine: (480, 640, 3), Seems like there is a potted plant ahead.
Sticking to last point.
Best value: 10.97%
Step: 98 | Mode: explore | Action: 1
BLIP2ITMClient.cosine: (480, 640, 3), Seems like there is a potted plant ahead.
BLIP2ITMClient.cosine: (480, 640, 3), Seems like there is a potted plant ahead.
Best value: 10.77%
Step: 99 | Mode: explore | Action: 1
BLIP2ITMClient.cosine: (480, 640, 3), Seems like there is a potted plant ahead.
BLIP2ITMClient.cosine: (480, 640, 3), Seems like there is a potted plant ahead.
Sticking to last point.
Best value: 10.77%
Step: 100 | Mode: explore | Action: 1
BLIP2ITMClient.cosine: (480, 640, 3), Seems like there is a potted plant ahead.
BLIP2ITMClient.cosine: (480, 640, 3), Seems like there is a potted plant ahead.
Best value: 10.69%
Step: 101 | Mode: explore | Action: 2
BLIP2ITMClient.cosine: (480, 640, 3), Seems like there is a potted plant ahead.
BLIP2ITMClient.cosine: (480, 640, 3), Seems like there is a potted plant ahead.
Sticking to last point.
Best value: 10.69%
Step: 102 | Mode: explore | Action: 1
BLIP2ITMClient.cosine: (480, 640, 3), Seems like there is a potted plant ahead.
BLIP2ITMClient.cosine: (480, 640, 3), Seems like there is a potted plant ahead.
Sticking to last point.
Best value: 10.69%
Step: 103 | Mode: explore | Action: 3
BLIP2ITMClient.cosine: (480, 640, 3), Seems like there is a potted plant ahead.
BLIP2ITMClient.cosine: (480, 640, 3), Seems like there is a potted plant ahead.
Sticking to last point.
Best value: 10.69%
Step: 104 | Mode: explore | Action: 1
BLIP2ITMClient.cosine: (480, 640, 3), Seems like there is a potted plant ahead.
BLIP2ITMClient.cosine: (480, 640, 3), Seems like there is a potted plant ahead.
Sticking to last point.
Best value: 10.69%
Step: 105 | Mode: explore | Action: 1
BLIP2ITMClient.cosine: (480, 640, 3), Seems like there is a potted plant ahead.
BLIP2ITMClient.cosine: (480, 640, 3), Seems like there is a potted plant ahead.
Sticking to last point.
Best value: 10.69%
Step: 106 | Mode: explore | Action: 1
BLIP2ITMClient.cosine: (480, 640, 3), Seems like there is a potted plant ahead.
BLIP2ITMClient.cosine: (480, 640, 3), Seems like there is a potted plant ahead.
Sticking to last point.
Best value: 10.69%
Step: 107 | Mode: explore | Action: 3
BLIP2ITMClient.cosine: (480, 640, 3), Seems like there is a potted plant ahead.
BLIP2ITMClient.cosine: (480, 640, 3), Seems like there is a potted plant ahead.
Best value: 12.04%
Step: 108 | Mode: explore | Action: 1
BLIP2ITMClient.cosine: (480, 640, 3), Seems like there is a potted plant ahead.
BLIP2ITMClient.cosine: (480, 640, 3), Seems like there is a potted plant ahead.
Sticking to last point.
Best value: 12.04%
Step: 109 | Mode: explore | Action: 3
BLIP2ITMClient.cosine: (480, 640, 3), Seems like there is a potted plant ahead.
Sticking to last point.
Best value: 12.04%
Step: 110 | Mode: explore | Action: 1
BLIP2ITMClient.cosine: (480, 640, 3), Seems like there is a potted plant ahead.
BLIP2ITMClient.cosine: (480, 640, 3), Seems like there is a potted plant ahead.
Sticking to last point.
Best value: 12.04%
Step: 111 | Mode: explore | Action: 1
BLIP2ITMClient.cosine: (480, 640, 3), Seems like there is a potted plant ahead.
BLIP2ITMClient.cosine: (480, 640, 3), Seems like there is a potted plant ahead.
Sticking to last point.
Best value: 12.04%
Step: 112 | Mode: explore | Action: 1
BLIP2ITMClient.cosine: (480, 640, 3), Seems like there is a potted plant ahead.
BLIP2ITMClient.cosine: (480, 640, 3), Seems like there is a potted plant ahead.
Sticking to last point.
Best value: 12.04%
Step: 113 | Mode: explore | Action: 1
BLIP2ITMClient.cosine: (480, 640, 3), Seems like there is a potted plant ahead.
BLIP2ITMClient.cosine: (480, 640, 3), Seems like there is a potted plant ahead.
Sticking to last point.
Best value: 12.04%
Step: 114 | Mode: explore | Action: 1
BLIP2ITMClient.cosine: (480, 640, 3), Seems like there is a potted plant ahead.
BLIP2ITMClient.cosine: (480, 640, 3), Seems like there is a potted plant ahead.
Sticking to last point.
Best value: 12.04%
Step: 115 | Mode: explore | Action: 1
BLIP2ITMClient.cosine: (480, 640, 3), Seems like there is a potted plant ahead.
BLIP2ITMClient.cosine: (480, 640, 3), Seems like there is a potted plant ahead.
Sticking to last point.
Best value: 12.04%
Step: 116 | Mode: explore | Action: 2
BLIP2ITMClient.cosine: (480, 640, 3), Seems like there is a potted plant ahead.
BLIP2ITMClient.cosine: (480, 640, 3), Seems like there is a potted plant ahead.
Sticking to last point.
Best value: 12.04%
Step: 117 | Mode: explore | Action: 1
BLIP2ITMClient.cosine: (480, 640, 3), Seems like there is a potted plant ahead.
BLIP2ITMClient.cosine: (480, 640, 3), Seems like there is a potted plant ahead.
Best value: 11.43%
Step: 118 | Mode: explore | Action: 2
BLIP2ITMClient.cosine: (480, 640, 3), Seems like there is a potted plant ahead.
BLIP2ITMClient.cosine: (480, 640, 3), Seems like there is a potted plant ahead.
Sticking to last point.
Best value: 11.43%
Step: 119 | Mode: explore | Action: 3
BLIP2ITMClient.cosine: (480, 640, 3), Seems like there is a potted plant ahead.
Sticking to last point.
Best value: 11.43%
Step: 120 | Mode: explore | Action: 1
BLIP2ITMClient.cosine: (480, 640, 3), Seems like there is a potted plant ahead.
BLIP2ITMClient.cosine: (480, 640, 3), Seems like there is a potted plant ahead.
Sticking to last point.
Best value: 11.43%
Step: 121 | Mode: explore | Action: 1
BLIP2ITMClient.cosine: (480, 640, 3), Seems like there is a potted plant ahead.
BLIP2ITMClient.cosine: (480, 640, 3), Seems like there is a potted plant ahead.
Sticking to last point.
Best value: 11.43%
Step: 122 | Mode: explore | Action: 2
BLIP2ITMClient.cosine: (480, 640, 3), Seems like there is a potted plant ahead.
Sticking to last point.
Best value: 11.43%
Step: 123 | Mode: explore | Action: 1
BLIP2ITMClient.cosine: (480, 640, 3), Seems like there is a potted plant ahead.
BLIP2ITMClient.cosine: (480, 640, 3), Seems like there is a potted plant ahead.
Sticking to last point.
Best value: 11.43%
Step: 124 | Mode: explore | Action: 2
BLIP2ITMClient.cosine: (480, 640, 3), Seems like there is a potted plant ahead.
BLIP2ITMClient.cosine: (480, 640, 3), Seems like there is a potted plant ahead.
Best value: 11.45%
Step: 125 | Mode: explore | Action: 1
BLIP2ITMClient.cosine: (480, 640, 3), Seems like there is a potted plant ahead.
Sticking to last point.
Best value: 11.45%
Step: 126 | Mode: explore | Action: 1
BLIP2ITMClient.cosine: (480, 640, 3), Seems like there is a potted plant ahead.
Sticking to last point.
Best value: 11.45%
Step: 127 | Mode: explore | Action: 3
BLIP2ITMClient.cosine: (480, 640, 3), Seems like there is a potted plant ahead.
Sticking to last point.
Best value: 11.45%
Step: 128 | Mode: explore | Action: 1
BLIP2ITMClient.cosine: (480, 640, 3), Seems like there is a potted plant ahead.
Sticking to last point.
Best value: 11.45%
Step: 129 | Mode: explore | Action: 1
BLIP2ITMClient.cosine: (480, 640, 3), Seems like there is a potted plant ahead.
Sticking to last point.
Best value: 11.45%
Step: 130 | Mode: explore | Action: 1
BLIP2ITMClient.cosine: (480, 640, 3), Seems like there is a potted plant ahead.
Sticking to last point.
Best value: 11.45%
Step: 131 | Mode: explore | Action: 3
BLIP2ITMClient.cosine: (480, 640, 3), Seems like there is a potted plant ahead.
Sticking to last point.
Best value: 11.45%
Step: 132 | Mode: explore | Action: 1
BLIP2ITMClient.cosine: (480, 640, 3), Seems like there is a potted plant ahead.
Sticking to last point.
Best value: 11.45%
Step: 133 | Mode: explore | Action: 1
BLIP2ITMClient.cosine: (480, 640, 3), Seems like there is a potted plant ahead.
Sticking to last point.
Best value: 11.45%
Step: 134 | Mode: explore | Action: 1
BLIP2ITMClient.cosine: (480, 640, 3), Seems like there is a potted plant ahead.
BLIP2ITMClient.cosine: (480, 640, 3), Seems like there is a potted plant ahead.
Sticking to last point.
Best value: 15.92%
Step: 135 | Mode: explore | Action: 2
BLIP2ITMClient.cosine: (480, 640, 3), Seems like there is a potted plant ahead.
Sticking to last point.
Best value: 15.92%
Step: 136 | Mode: explore | Action: 1
BLIP2ITMClient.cosine: (480, 640, 3), Seems like there is a potted plant ahead.
BLIP2ITMClient.cosine: (480, 640, 3), Seems like there is a potted plant ahead.
Sticking to last point.
Best value: 15.25%
Step: 137 | Mode: explore | Action: 1
BLIP2ITMClient.cosine: (480, 640, 3), Seems like there is a potted plant ahead.
BLIP2ITMClient.cosine: (480, 640, 3), Seems like there is a potted plant ahead.
Best value: 11.86%
Step: 138 | Mode: explore | Action: 1
BLIP2ITMClient.cosine: (480, 640, 3), Seems like there is a potted plant ahead.
BLIP2ITMClient.cosine: (480, 640, 3), Seems like there is a potted plant ahead.
Sticking to last point.
Best value: 13.04%
Step: 139 | Mode: explore | Action: 1
BLIP2ITMClient.cosine: (480, 640, 3), Seems like there is a potted plant ahead.
BLIP2ITMClient.cosine: (480, 640, 3), Seems like there is a potted plant ahead.
Sticking to last point.
Best value: 13.04%
Step: 140 | Mode: explore | Action: 2
BLIP2ITMClient.cosine: (480, 640, 3), Seems like there is a potted plant ahead.
BLIP2ITMClient.cosine: (480, 640, 3), Seems like there is a potted plant ahead.
Best value: 12.23%
Step: 141 | Mode: explore | Action: 1
BLIP2ITMClient.cosine: (480, 640, 3), Seems like there is a potted plant ahead.
BLIP2ITMClient.cosine: (480, 640, 3), Seems like there is a potted plant ahead.
Sticking to last point.
Best value: 12.23%
Step: 142 | Mode: explore | Action: 1
BLIP2ITMClient.cosine: (480, 640, 3), Seems like there is a potted plant ahead.
Sticking to last point.
Best value: 12.23%
Step: 143 | Mode: explore | Action: 1
BLIP2ITMClient.cosine: (480, 640, 3), Seems like there is a potted plant ahead.
Sticking to last point.
Best value: 12.23%
Step: 144 | Mode: explore | Action: 1
BLIP2ITMClient.cosine: (480, 640, 3), Seems like there is a potted plant ahead.
Sticking to last point.
Best value: 12.23%
Step: 145 | Mode: explore | Action: 1
BLIP2ITMClient.cosine: (480, 640, 3), Seems like there is a potted plant ahead.
Sticking to last point.
Best value: 12.23%
Step: 146 | Mode: explore | Action: 1
BLIP2ITMClient.cosine: (480, 640, 3), Seems like there is a potted plant ahead.
BLIP2ITMClient.cosine: (480, 640, 3), Seems like there is a potted plant ahead.
Sticking to last point.
Best value: 18.27%
Step: 147 | Mode: explore | Action: 1
BLIP2ITMClient.cosine: (480, 640, 3), Seems like there is a potted plant ahead.
Sticking to last point.
Best value: 18.27%
Step: 148 | Mode: explore | Action: 3
BLIP2ITMClient.cosine: (480, 640, 3), Seems like there is a potted plant ahead.
Best value: 12.23%
Step: 149 | Mode: explore | Action: 3
BLIP2ITMClient.cosine: (480, 640, 3), Seems like there is a potted plant ahead.
Sticking to last point.
Best value: 12.23%
Step: 150 | Mode: explore | Action: 3
BLIP2ITMClient.cosine: (480, 640, 3), Seems like there is a potted plant ahead.
Best value: 10.53%
Step: 151 | Mode: explore | Action: 3
BLIP2ITMClient.cosine: (480, 640, 3), Seems like there is a potted plant ahead.
Sticking to last point.
Best value: 10.53%
Step: 152 | Mode: explore | Action: 3
BLIP2ITMClient.cosine: (480, 640, 3), Seems like there is a potted plant ahead.
BLIP2ITMClient.cosine: (480, 640, 3), Seems like there is a potted plant ahead.
Sticking to last point.
Best value: 10.53%
Step: 153 | Mode: explore | Action: 1
BLIP2ITMClient.cosine: (480, 640, 3), Seems like there is a potted plant ahead.
Sticking to last point.
Best value: 10.53%
Step: 154 | Mode: explore | Action: 3
BLIP2ITMClient.cosine: (480, 640, 3), Seems like there is a potted plant ahead.
BLIP2ITMClient.cosine: (480, 640, 3), Seems like there is a potted plant ahead.
Sticking to last point.
Best value: 11.02%
Step: 155 | Mode: explore | Action: 3
BLIP2ITMClient.cosine: (480, 640, 3), Seems like there is a potted plant ahead.
BLIP2ITMClient.cosine: (480, 640, 3), Seems like there is a potted plant ahead.
Sticking to last point.
Best value: 11.88%
Step: 156 | Mode: explore | Action: 1
BLIP2ITMClient.cosine: (480, 640, 3), Seems like there is a potted plant ahead.
BLIP2ITMClient.cosine: (480, 640, 3), Seems like there is a potted plant ahead.
Sticking to last point.
Best value: 12.22%
Step: 157 | Mode: explore | Action: 3
BLIP2ITMClient.cosine: (480, 640, 3), Seems like there is a potted plant ahead.
BLIP2ITMClient.cosine: (480, 640, 3), Seems like there is a potted plant ahead.
Best value: 32.05%
Step: 158 | Mode: explore | Action: 3
BLIP2ITMClient.cosine: (480, 640, 3), Seems like there is a potted plant ahead.
Best value: 10.18%
Step: 159 | Mode: explore | Action: 2
BLIP2ITMClient.cosine: (480, 640, 3), Seems like there is a potted plant ahead.
Sticking to last point.
Best value: 10.18%
Step: 160 | Mode: explore | Action: 2
BLIP2ITMClient.cosine: (480, 640, 3), Seems like there is a potted plant ahead.
Sticking to last point.
Best value: 10.18%
Step: 161 | Mode: explore | Action: 1
BLIP2ITMClient.cosine: (480, 640, 3), Seems like there is a potted plant ahead.
Sticking to last point.
Best value: 10.18%
Step: 162 | Mode: explore | Action: 2
BLIP2ITMClient.cosine: (480, 640, 3), Seems like there is a potted plant ahead.
Sticking to last point.
Best value: 10.18%
Step: 163 | Mode: explore | Action: 1
BLIP2ITMClient.cosine: (480, 640, 3), Seems like there is a potted plant ahead.
Sticking to last point.
Best value: 10.18%
Step: 164 | Mode: explore | Action: 1
BLIP2ITMClient.cosine: (480, 640, 3), Seems like there is a potted plant ahead.
Sticking to last point.
Best value: 10.18%
Step: 165 | Mode: explore | Action: 1
BLIP2ITMClient.cosine: (480, 640, 3), Seems like there is a potted plant ahead.
Sticking to last point.
Best value: 10.18%
Step: 166 | Mode: explore | Action: 3
BLIP2ITMClient.cosine: (480, 640, 3), Seems like there is a potted plant ahead.
Sticking to last point.
Best value: 10.18%
Step: 167 | Mode: explore | Action: 1
BLIP2ITMClient.cosine: (480, 640, 3), Seems like there is a potted plant ahead.
Sticking to last point.
Best value: 10.18%
Step: 168 | Mode: explore | Action: 1
BLIP2ITMClient.cosine: (480, 640, 3), Seems like there is a potted plant ahead.
Sticking to last point.
Best value: 10.18%
Step: 169 | Mode: explore | Action: 1
BLIP2ITMClient.cosine: (480, 640, 3), Seems like there is a potted plant ahead.
Sticking to last point.
Best value: 10.18%
Step: 170 | Mode: explore | Action: 1
BLIP2ITMClient.cosine: (480, 640, 3), Seems like there is a potted plant ahead.
Sticking to last point.
Best value: 10.18%
Step: 171 | Mode: explore | Action: 1
BLIP2ITMClient.cosine: (480, 640, 3), Seems like there is a potted plant ahead.
Sticking to last point.
Best value: 10.18%
Step: 172 | Mode: explore | Action: 1
BLIP2ITMClient.cosine: (480, 640, 3), Seems like there is a potted plant ahead.
Sticking to last point.
Best value: 10.18%
Step: 173 | Mode: explore | Action: 1
BLIP2ITMClient.cosine: (480, 640, 3), Seems like there is a potted plant ahead.
Sticking to last point.
Best value: 10.18%
Step: 174 | Mode: explore | Action: 1
BLIP2ITMClient.cosine: (480, 640, 3), Seems like there is a potted plant ahead.
Sticking to last point.
Best value: 10.18%
Step: 175 | Mode: explore | Action: 1
BLIP2ITMClient.cosine: (480, 640, 3), Seems like there is a potted plant ahead.
Sticking to last point.
Best value: 10.18%
Step: 176 | Mode: explore | Action: 1
BLIP2ITMClient.cosine: (480, 640, 3), Seems like there is a potted plant ahead.
Sticking to last point.
Best value: 10.18%
Step: 177 | Mode: explore | Action: 1
BLIP2ITMClient.cosine: (480, 640, 3), Seems like there is a potted plant ahead.
Sticking to last point.
Best value: 10.18%
Step: 178 | Mode: explore | Action: 1
BLIP2ITMClient.cosine: (480, 640, 3), Seems like there is a potted plant ahead.
Sticking to last point.
Best value: 10.18%
Step: 179 | Mode: explore | Action: 1
BLIP2ITMClient.cosine: (480, 640, 3), Seems like there is a potted plant ahead.
Sticking to last point.
Best value: 10.18%
Step: 180 | Mode: explore | Action: 1
BLIP2ITMClient.cosine: (480, 640, 3), Seems like there is a potted plant ahead.
Sticking to last point.
Best value: 10.18%
Step: 181 | Mode: explore | Action: 1
BLIP2ITMClient.cosine: (480, 640, 3), Seems like there is a potted plant ahead.
Sticking to last point.
Best value: 10.18%
Step: 182 | Mode: explore | Action: 1
BLIP2ITMClient.cosine: (480, 640, 3), Seems like there is a potted plant ahead.
Sticking to last point.
Best value: 10.18%
Step: 183 | Mode: explore | Action: 2
BLIP2ITMClient.cosine: (480, 640, 3), Seems like there is a potted plant ahead.
Sticking to last point.
Best value: 10.18%
Step: 184 | Mode: explore | Action: 1
BLIP2ITMClient.cosine: (480, 640, 3), Seems like there is a potted plant ahead.
Sticking to last point.
Best value: 10.18%
Step: 185 | Mode: explore | Action: 1
BLIP2ITMClient.cosine: (480, 640, 3), Seems like there is a potted plant ahead.
Sticking to last point.
Best value: 10.18%
Step: 186 | Mode: explore | Action: 3
BLIP2ITMClient.cosine: (480, 640, 3), Seems like there is a potted plant ahead.
Sticking to last point.
Best value: 10.18%
Step: 187 | Mode: explore | Action: 1
BLIP2ITMClient.cosine: (480, 640, 3), Seems like there is a potted plant ahead.
Sticking to last point.
Best value: 10.18%
Step: 188 | Mode: explore | Action: 1
BLIP2ITMClient.cosine: (480, 640, 3), Seems like there is a potted plant ahead.
Sticking to last point.
Best value: 10.18%
Step: 189 | Mode: explore | Action: 1
BLIP2ITMClient.cosine: (480, 640, 3), Seems like there is a potted plant ahead.
Sticking to last point.
Best value: 10.18%
Step: 190 | Mode: explore | Action: 1
BLIP2ITMClient.cosine: (480, 640, 3), Seems like there is a potted plant ahead.
Sticking to last point.
Best value: 10.18%
Step: 191 | Mode: explore | Action: 2
BLIP2ITMClient.cosine: (480, 640, 3), Seems like there is a potted plant ahead.
Sticking to last point.
Best value: 10.18%
Step: 192 | Mode: explore | Action: 1
BLIP2ITMClient.cosine: (480, 640, 3), Seems like there is a potted plant ahead.
Sticking to last point.
Best value: 10.18%
Step: 193 | Mode: explore | Action: 1
BLIP2ITMClient.cosine: (480, 640, 3), Seems like there is a potted plant ahead.
Sticking to last point.
Best value: 10.18%
Step: 194 | Mode: explore | Action: 2
BLIP2ITMClient.cosine: (480, 640, 3), Seems like there is a potted plant ahead.
Sticking to last point.
Best value: 10.18%
Step: 195 | Mode: explore | Action: 1
BLIP2ITMClient.cosine: (480, 640, 3), Seems like there is a potted plant ahead.
Sticking to last point.
Best value: 10.18%
Step: 196 | Mode: explore | Action: 3
BLIP2ITMClient.cosine: (480, 640, 3), Seems like there is a potted plant ahead.
Sticking to last point.
Best value: 10.18%
Step: 197 | Mode: explore | Action: 3
BLIP2ITMClient.cosine: (480, 640, 3), Seems like there is a potted plant ahead.
Sticking to last point.
Best value: 10.18%
Step: 198 | Mode: explore | Action: 1
BLIP2ITMClient.cosine: (480, 640, 3), Seems like there is a potted plant ahead.
Sticking to last point.
Best value: 10.18%
Step: 199 | Mode: explore | Action: 1
BLIP2ITMClient.cosine: (480, 640, 3), Seems like there is a potted plant ahead.
Sticking to last point.
Best value: 10.18%
Step: 200 | Mode: explore | Action: 1
BLIP2ITMClient.cosine: (480, 640, 3), Seems like there is a potted plant ahead.
Sticking to last point.
Best value: 10.18%
Step: 201 | Mode: explore | Action: 3
BLIP2ITMClient.cosine: (480, 640, 3), Seems like there is a potted plant ahead.
Sticking to last point.
Best value: 10.18%
Step: 202 | Mode: explore | Action: 1
BLIP2ITMClient.cosine: (480, 640, 3), Seems like there is a potted plant ahead.
Sticking to last point.
Best value: 10.18%
Step: 203 | Mode: explore | Action: 3
BLIP2ITMClient.cosine: (480, 640, 3), Seems like there is a potted plant ahead.
Sticking to last point.
Best value: 10.18%
Step: 204 | Mode: explore | Action: 1
BLIP2ITMClient.cosine: (480, 640, 3), Seems like there is a potted plant ahead.
Sticking to last point.
Best value: 10.18%
Step: 205 | Mode: explore | Action: 1
BLIP2ITMClient.cosine: (480, 640, 3), Seems like there is a potted plant ahead.
Sticking to last point.
Best value: 10.18%
Step: 206 | Mode: explore | Action: 1
BLIP2ITMClient.cosine: (480, 640, 3), Seems like there is a potted plant ahead.
Sticking to last point.
Best value: 10.18%
Step: 207 | Mode: explore | Action: 2
BLIP2ITMClient.cosine: (480, 640, 3), Seems like there is a potted plant ahead.
Sticking to last point.
Best value: 10.18%
Step: 208 | Mode: explore | Action: 1
BLIP2ITMClient.cosine: (480, 640, 3), Seems like there is a potted plant ahead.
Sticking to last point.
Best value: 10.18%
Step: 209 | Mode: explore | Action: 1
BLIP2ITMClient.cosine: (480, 640, 3), Seems like there is a potted plant ahead.
Sticking to last point.
Best value: 10.18%
Step: 210 | Mode: explore | Action: 3
BLIP2ITMClient.cosine: (480, 640, 3), Seems like there is a potted plant ahead.
Sticking to last point.
Best value: 10.18%
Step: 211 | Mode: explore | Action: 1
BLIP2ITMClient.cosine: (480, 640, 3), Seems like there is a potted plant ahead.
Sticking to last point.
Best value: 10.18%
Step: 212 | Mode: explore | Action: 3
BLIP2ITMClient.cosine: (480, 640, 3), Seems like there is a potted plant ahead.
Sticking to last point.
Best value: 10.18%
Step: 213 | Mode: explore | Action: 1
BLIP2ITMClient.cosine: (480, 640, 3), Seems like there is a potted plant ahead.
Sticking to last point.
Best value: 10.18%
Step: 214 | Mode: explore | Action: 3
BLIP2ITMClient.cosine: (480, 640, 3), Seems like there is a potted plant ahead.
Sticking to last point.
Best value: 10.18%
Step: 215 | Mode: explore | Action: 1
BLIP2ITMClient.cosine: (480, 640, 3), Seems like there is a potted plant ahead.
Sticking to last point.
Best value: 10.18%
Step: 216 | Mode: explore | Action: 2
BLIP2ITMClient.cosine: (480, 640, 3), Seems like there is a potted plant ahead.
Sticking to last point.
Best value: 10.18%
Step: 217 | Mode: explore | Action: 2
BLIP2ITMClient.cosine: (480, 640, 3), Seems like there is a potted plant ahead.
Sticking to last point.
Best value: 10.18%
Step: 218 | Mode: explore | Action: 2
BLIP2ITMClient.cosine: (480, 640, 3), Seems like there is a potted plant ahead.
Sticking to last point.
Best value: 10.18%
Step: 219 | Mode: explore | Action: 1
BLIP2ITMClient.cosine: (480, 640, 3), Seems like there is a potted plant ahead.
Sticking to last point.
Best value: 10.18%
Step: 220 | Mode: explore | Action: 2
BLIP2ITMClient.cosine: (480, 640, 3), Seems like there is a potted plant ahead.
Sticking to last point.
Best value: 10.18%
Step: 221 | Mode: explore | Action: 1
BLIP2ITMClient.cosine: (480, 640, 3), Seems like there is a potted plant ahead.
Sticking to last point.
Best value: 10.18%
Step: 222 | Mode: explore | Action: 2
BLIP2ITMClient.cosine: (480, 640, 3), Seems like there is a potted plant ahead.
Sticking to last point.
Best value: 10.18%
Step: 223 | Mode: explore | Action: 1
BLIP2ITMClient.cosine: (480, 640, 3), Seems like there is a potted plant ahead.
Sticking to last point.
Best value: 10.18%
Step: 224 | Mode: explore | Action: 3
BLIP2ITMClient.cosine: (480, 640, 3), Seems like there is a potted plant ahead.
Sticking to last point.
Best value: 10.18%
Step: 225 | Mode: explore | Action: 3
BLIP2ITMClient.cosine: (480, 640, 3), Seems like there is a potted plant ahead.
Sticking to last point.
Best value: 10.18%
Step: 226 | Mode: explore | Action: 3
BLIP2ITMClient.cosine: (480, 640, 3), Seems like there is a potted plant ahead.
Sticking to last point.
Best value: 10.18%
Step: 227 | Mode: explore | Action: 3
BLIP2ITMClient.cosine: (480, 640, 3), Seems like there is a potted plant ahead.
Sticking to last point.
Best value: 10.18%
Step: 228 | Mode: explore | Action: 1
BLIP2ITMClient.cosine: (480, 640, 3), Seems like there is a potted plant ahead.
Sticking to last point.
Best value: 10.18%
Step: 229 | Mode: explore | Action: 3
BLIP2ITMClient.cosine: (480, 640, 3), Seems like there is a potted plant ahead.
Sticking to last point.
Best value: 10.18%
Step: 230 | Mode: explore | Action: 1
BLIP2ITMClient.cosine: (480, 640, 3), Seems like there is a potted plant ahead.
Sticking to last point.
Best value: 10.18%
Step: 231 | Mode: explore | Action: 3
BLIP2ITMClient.cosine: (480, 640, 3), Seems like there is a potted plant ahead.
Sticking to last point.
Best value: 10.18%
Step: 232 | Mode: explore | Action: 1
BLIP2ITMClient.cosine: (480, 640, 3), Seems like there is a potted plant ahead.
Sticking to last point.
Best value: 10.18%
Step: 233 | Mode: explore | Action: 2
BLIP2ITMClient.cosine: (480, 640, 3), Seems like there is a potted plant ahead.
Sticking to last point.
Best value: 10.18%
Step: 234 | Mode: explore | Action: 2
BLIP2ITMClient.cosine: (480, 640, 3), Seems like there is a potted plant ahead.
Sticking to last point.
Best value: 10.18%
Step: 235 | Mode: explore | Action: 2
BLIP2ITMClient.cosine: (480, 640, 3), Seems like there is a potted plant ahead.
Sticking to last point.
Best value: 10.18%
Step: 236 | Mode: explore | Action: 1
BLIP2ITMClient.cosine: (480, 640, 3), Seems like there is a potted plant ahead.
Sticking to last point.
Best value: 10.18%
Step: 237 | Mode: explore | Action: 2
BLIP2ITMClient.cosine: (480, 640, 3), Seems like there is a potted plant ahead.
Sticking to last point.
Best value: 10.18%
Step: 238 | Mode: explore | Action: 1
BLIP2ITMClient.cosine: (480, 640, 3), Seems like there is a potted plant ahead.
Sticking to last point.
Best value: 10.18%
Step: 239 | Mode: explore | Action: 3
BLIP2ITMClient.cosine: (480, 640, 3), Seems like there is a potted plant ahead.
Sticking to last point.
Best value: 10.18%
Step: 240 | Mode: explore | Action: 3
BLIP2ITMClient.cosine: (480, 640, 3), Seems like there is a potted plant ahead.
Sticking to last point.
Best value: 10.18%
Step: 241 | Mode: explore | Action: 1
BLIP2ITMClient.cosine: (480, 640, 3), Seems like there is a potted plant ahead.
Sticking to last point.
Best value: 10.18%
Step: 242 | Mode: explore | Action: 3
BLIP2ITMClient.cosine: (480, 640, 3), Seems like there is a potted plant ahead.
Sticking to last point.
Best value: 10.18%
Step: 243 | Mode: explore | Action: 1
BLIP2ITMClient.cosine: (480, 640, 3), Seems like there is a potted plant ahead.
Sticking to last point.
Best value: 10.18%
Step: 244 | Mode: explore | Action: 2
BLIP2ITMClient.cosine: (480, 640, 3), Seems like there is a potted plant ahead.
Sticking to last point.
Best value: 10.18%
Step: 245 | Mode: explore | Action: 2
BLIP2ITMClient.cosine: (480, 640, 3), Seems like there is a potted plant ahead.
Sticking to last point.
Best value: 10.18%
Step: 246 | Mode: explore | Action: 1
BLIP2ITMClient.cosine: (480, 640, 3), Seems like there is a potted plant ahead.
Sticking to last point.
Best value: 10.18%
Step: 247 | Mode: explore | Action: 2
BLIP2ITMClient.cosine: (480, 640, 3), Seems like there is a potted plant ahead.
Sticking to last point.
Best value: 10.18%
Step: 248 | Mode: explore | Action: 1
BLIP2ITMClient.cosine: (480, 640, 3), Seems like there is a potted plant ahead.
Sticking to last point.
Best value: 10.18%
Step: 249 | Mode: explore | Action: 2
BLIP2ITMClient.cosine: (480, 640, 3), Seems like there is a potted plant ahead.
BLIP2ITMClient.cosine: (480, 640, 3), Seems like there is a potted plant ahead.
Sticking to last point.
Best value: 14.58%
Step: 250 | Mode: explore | Action: 1
BLIP2ITMClient.cosine: (480, 640, 3), Seems like there is a potted plant ahead.
Sticking to last point.
Best value: 14.58%
Step: 251 | Mode: explore | Action: 1
BLIP2ITMClient.cosine: (480, 640, 3), Seems like there is a potted plant ahead.
Sticking to last point.
Best value: 14.58%
Step: 252 | Mode: explore | Action: 3
BLIP2ITMClient.cosine: (480, 640, 3), Seems like there is a potted plant ahead.
Sticking to last point.
Best value: 14.58%
Step: 253 | Mode: explore | Action: 1
BLIP2ITMClient.cosine: (480, 640, 3), Seems like there is a potted plant ahead.
Sticking to last point.
Best value: 14.58%
Step: 254 | Mode: explore | Action: 3
BLIP2ITMClient.cosine: (480, 640, 3), Seems like there is a potted plant ahead.
Sticking to last point.
Best value: 14.58%
Step: 255 | Mode: explore | Action: 1
BLIP2ITMClient.cosine: (480, 640, 3), Seems like there is a potted plant ahead.
Sticking to last point.
Best value: 14.58%
Step: 256 | Mode: explore | Action: 3
BLIP2ITMClient.cosine: (480, 640, 3), Seems like there is a potted plant ahead.
Sticking to last point.
Best value: 14.58%
Step: 257 | Mode: explore | Action: 1
BLIP2ITMClient.cosine: (480, 640, 3), Seems like there is a potted plant ahead.
Sticking to last point.
Best value: 14.58%
Step: 258 | Mode: explore | Action: 3
BLIP2ITMClient.cosine: (480, 640, 3), Seems like there is a potted plant ahead.
Sticking to last point.
Best value: 14.58%
Step: 259 | Mode: explore | Action: 1
BLIP2ITMClient.cosine: (480, 640, 3), Seems like there is a potted plant ahead.
Sticking to last point.
Best value: 14.58%
Step: 260 | Mode: explore | Action: 2
BLIP2ITMClient.cosine: (480, 640, 3), Seems like there is a potted plant ahead.
Sticking to last point.
Best value: 14.58%
Step: 261 | Mode: explore | Action: 2
BLIP2ITMClient.cosine: (480, 640, 3), Seems like there is a potted plant ahead.
Sticking to last point.
Best value: 14.58%
Step: 262 | Mode: explore | Action: 1
BLIP2ITMClient.cosine: (480, 640, 3), Seems like there is a potted plant ahead.
Sticking to last point.
Best value: 14.58%
Step: 263 | Mode: explore | Action: 2
BLIP2ITMClient.cosine: (480, 640, 3), Seems like there is a potted plant ahead.
Sticking to last point.
Best value: 14.58%
Step: 264 | Mode: explore | Action: 1
BLIP2ITMClient.cosine: (480, 640, 3), Seems like there is a potted plant ahead.
Sticking to last point.
Best value: 14.58%
Step: 265 | Mode: explore | Action: 2
BLIP2ITMClient.cosine: (480, 640, 3), Seems like there is a potted plant ahead.
Sticking to last point.
Best value: 14.58%
Step: 266 | Mode: explore | Action: 1
BLIP2ITMClient.cosine: (480, 640, 3), Seems like there is a potted plant ahead.
Sticking to last point.
Best value: 14.58%
Step: 267 | Mode: explore | Action: 2
BLIP2ITMClient.cosine: (480, 640, 3), Seems like there is a potted plant ahead.
Sticking to last point.
Best value: 14.58%
Step: 268 | Mode: explore | Action: 1
BLIP2ITMClient.cosine: (480, 640, 3), Seems like there is a potted plant ahead.
Sticking to last point.
Best value: 14.58%
Step: 269 | Mode: explore | Action: 2
BLIP2ITMClient.cosine: (480, 640, 3), Seems like there is a potted plant ahead.
Sticking to last point.
Best value: 14.58%
Step: 270 | Mode: explore | Action: 1
BLIP2ITMClient.cosine: (480, 640, 3), Seems like there is a potted plant ahead.
Sticking to last point.
Best value: 14.58%
Step: 271 | Mode: explore | Action: 3
BLIP2ITMClient.cosine: (480, 640, 3), Seems like there is a potted plant ahead.
Sticking to last point.
Best value: 14.58%
Step: 272 | Mode: explore | Action: 3
BLIP2ITMClient.cosine: (480, 640, 3), Seems like there is a potted plant ahead.
Sticking to last point.
Best value: 14.58%
Step: 273 | Mode: explore | Action: 3
BLIP2ITMClient.cosine: (480, 640, 3), Seems like there is a potted plant ahead.
Sticking to last point.
Best value: 14.58%
Step: 274 | Mode: explore | Action: 1
BLIP2ITMClient.cosine: (480, 640, 3), Seems like there is a potted plant ahead.
Sticking to last point.
Best value: 14.58%
Step: 275 | Mode: explore | Action: 1
BLIP2ITMClient.cosine: (480, 640, 3), Seems like there is a potted plant ahead.
Sticking to last point.
Best value: 14.58%
Step: 276 | Mode: explore | Action: 3
BLIP2ITMClient.cosine: (480, 640, 3), Seems like there is a potted plant ahead.
Sticking to last point.
Best value: 14.58%
Step: 277 | Mode: explore | Action: 1
BLIP2ITMClient.cosine: (480, 640, 3), Seems like there is a potted plant ahead.
Sticking to last point.
Best value: 14.58%
Step: 278 | Mode: explore | Action: 3
BLIP2ITMClient.cosine: (480, 640, 3), Seems like there is a potted plant ahead.
Sticking to last point.
Best value: 14.58%
Step: 279 | Mode: explore | Action: 1
BLIP2ITMClient.cosine: (480, 640, 3), Seems like there is a potted plant ahead.
Sticking to last point.
Best value: 14.58%
Step: 280 | Mode: explore | Action: 3
BLIP2ITMClient.cosine: (480, 640, 3), Seems like there is a potted plant ahead.
Sticking to last point.
Best value: 14.58%
Step: 281 | Mode: explore | Action: 1
BLIP2ITMClient.cosine: (480, 640, 3), Seems like there is a potted plant ahead.
Sticking to last point.
Best value: 14.58%
Step: 282 | Mode: explore | Action: 3
BLIP2ITMClient.cosine: (480, 640, 3), Seems like there is a potted plant ahead.
Sticking to last point.
Best value: 14.58%
Step: 283 | Mode: explore | Action: 1
BLIP2ITMClient.cosine: (480, 640, 3), Seems like there is a potted plant ahead.
Sticking to last point.
Best value: 14.58%
Step: 284 | Mode: explore | Action: 3
BLIP2ITMClient.cosine: (480, 640, 3), Seems like there is a potted plant ahead.
Sticking to last point.
Best value: 14.58%
Step: 285 | Mode: explore | Action: 1
BLIP2ITMClient.cosine: (480, 640, 3), Seems like there is a potted plant ahead.
Sticking to last point.
Best value: 14.58%
Step: 286 | Mode: explore | Action: 3
BLIP2ITMClient.cosine: (480, 640, 3), Seems like there is a potted plant ahead.
Sticking to last point.
Best value: 14.58%
Step: 287 | Mode: explore | Action: 3
BLIP2ITMClient.cosine: (480, 640, 3), Seems like there is a potted plant ahead.
Sticking to last point.
Best value: 14.58%
Step: 288 | Mode: explore | Action: 1
BLIP2ITMClient.cosine: (480, 640, 3), Seems like there is a potted plant ahead.
Sticking to last point.
Best value: 14.58%
Step: 289 | Mode: explore | Action: 1
BLIP2ITMClient.cosine: (480, 640, 3), Seems like there is a potted plant ahead.
Sticking to last point.
Best value: 14.58%
Step: 290 | Mode: explore | Action: 3
BLIP2ITMClient.cosine: (480, 640, 3), Seems like there is a potted plant ahead.
Sticking to last point.
Best value: 14.58%
Step: 291 | Mode: explore | Action: 1
BLIP2ITMClient.cosine: (480, 640, 3), Seems like there is a potted plant ahead.
Sticking to last point.
Best value: 14.58%
Step: 292 | Mode: explore | Action: 1
BLIP2ITMClient.cosine: (480, 640, 3), Seems like there is a potted plant ahead.
Sticking to last point.
Best value: 14.58%
Step: 293 | Mode: explore | Action: 1
BLIP2ITMClient.cosine: (480, 640, 3), Seems like there is a potted plant ahead.
Sticking to last point.
Best value: 14.58%
Step: 294 | Mode: explore | Action: 3
BLIP2ITMClient.cosine: (480, 640, 3), Seems like there is a potted plant ahead.
Sticking to last point.
Best value: 14.58%
Step: 295 | Mode: explore | Action: 1
BLIP2ITMClient.cosine: (480, 640, 3), Seems like there is a potted plant ahead.
BLIP2ITMClient.cosine: (480, 640, 3), Seems like there is a potted plant ahead.
Best value: 14.20%
Step: 296 | Mode: explore | Action: 2
BLIP2ITMClient.cosine: (480, 640, 3), Seems like there is a potted plant ahead.
Sticking to last point.
Best value: 14.20%
Step: 297 | Mode: explore | Action: 1
BLIP2ITMClient.cosine: (480, 640, 3), Seems like there is a potted plant ahead.
BLIP2ITMClient.cosine: (480, 640, 3), Seems like there is a potted plant ahead.
Sticking to last point.
Best value: 17.48%
Step: 298 | Mode: explore | Action: 3
BLIP2ITMClient.cosine: (480, 640, 3), Seems like there is a potted plant ahead.
BLIP2ITMClient.cosine: (480, 640, 3), Seems like there is a potted plant ahead.
Best value: 17.48%
Step: 299 | Mode: explore | Action: 2
BLIP2ITMClient.cosine: (480, 640, 3), Seems like there is a potted plant ahead.
Sticking to last point.
Best value: 17.48%
Step: 300 | Mode: explore | Action: 2
BLIP2ITMClient.cosine: (480, 640, 3), Seems like there is a potted plant ahead.
BLIP2ITMClient.cosine: (480, 640, 3), Seems like there is a potted plant ahead.
Best value: 12.93%
Step: 301 | Mode: explore | Action: 3
BLIP2ITMClient.cosine: (480, 640, 3), Seems like there is a potted plant ahead.
Sticking to last point.
Best value: 12.93%
Step: 302 | Mode: explore | Action: 1
BLIP2ITMClient.cosine: (480, 640, 3), Seems like there is a potted plant ahead.
Sticking to last point.
Best value: 12.93%
Step: 303 | Mode: explore | Action: 3
BLIP2ITMClient.cosine: (480, 640, 3), Seems like there is a potted plant ahead.
BLIP2ITMClient.cosine: (480, 640, 3), Seems like there is a potted plant ahead.
Sticking to last point.
Best value: 12.93%
Step: 304 | Mode: explore | Action: 1
BLIP2ITMClient.cosine: (480, 640, 3), Seems like there is a potted plant ahead.
Sticking to last point.
Best value: 12.93%
Step: 305 | Mode: explore | Action: 3
BLIP2ITMClient.cosine: (480, 640, 3), Seems like there is a potted plant ahead.
BLIP2ITMClient.cosine: (480, 640, 3), Seems like there is a potted plant ahead.
Sticking to last point.
Best value: 12.93%
Step: 306 | Mode: explore | Action: 1
BLIP2ITMClient.cosine: (480, 640, 3), Seems like there is a potted plant ahead.
BLIP2ITMClient.cosine: (480, 640, 3), Seems like there is a potted plant ahead.
Sticking to last point.
Best value: 12.93%
Step: 307 | Mode: explore | Action: 1
BLIP2ITMClient.cosine: (480, 640, 3), Seems like there is a potted plant ahead.
BLIP2ITMClient.cosine: (480, 640, 3), Seems like there is a potted plant ahead.
Sticking to last point.
Best value: 12.93%
Step: 308 | Mode: explore | Action: 3
BLIP2ITMClient.cosine: (480, 640, 3), Seems like there is a potted plant ahead.
BLIP2ITMClient.cosine: (480, 640, 3), Seems like there is a potted plant ahead.
Sticking to last point.
Best value: 12.93%
Step: 309 | Mode: explore | Action: 1
BLIP2ITMClient.cosine: (480, 640, 3), Seems like there is a potted plant ahead.
Sticking to last point.
Best value: 12.93%
Step: 310 | Mode: explore | Action: 2
BLIP2ITMClient.cosine: (480, 640, 3), Seems like there is a potted plant ahead.
BLIP2ITMClient.cosine: (480, 640, 3), Seems like there is a potted plant ahead.
Best value: 11.19%
Step: 311 | Mode: explore | Action: 2
BLIP2ITMClient.cosine: (480, 640, 3), Seems like there is a potted plant ahead.
Sticking to last point.
Best value: 11.19%
Step: 312 | Mode: explore | Action: 2
BLIP2ITMClient.cosine: (480, 640, 3), Seems like there is a potted plant ahead.
BLIP2ITMClient.cosine: (480, 640, 3), Seems like there is a potted plant ahead.
Sticking to last point.
Best value: 11.19%
Step: 313 | Mode: explore | Action: 2
BLIP2ITMClient.cosine: (480, 640, 3), Seems like there is a potted plant ahead.
BLIP2ITMClient.cosine: (480, 640, 3), Seems like there is a potted plant ahead.
Sticking to last point.
Best value: 11.19%
Step: 314 | Mode: explore | Action: 2
BLIP2ITMClient.cosine: (480, 640, 3), Seems like there is a potted plant ahead.
BLIP2ITMClient.cosine: (480, 640, 3), Seems like there is a potted plant ahead.
Sticking to last point.
Best value: 11.19%
Step: 315 | Mode: explore | Action: 2
BLIP2ITMClient.cosine: (480, 640, 3), Seems like there is a potted plant ahead.
BLIP2ITMClient.cosine: (480, 640, 3), Seems like there is a potted plant ahead.
Sticking to last point.
Best value: 11.19%
Step: 316 | Mode: explore | Action: 1
BLIP2ITMClient.cosine: (480, 640, 3), Seems like there is a potted plant ahead.
Sticking to last point.
Best value: 11.19%
Step: 317 | Mode: explore | Action: 2
BLIP2ITMClient.cosine: (480, 640, 3), Seems like there is a potted plant ahead.
Sticking to last point.
Best value: 11.19%
Step: 318 | Mode: explore | Action: 1
BLIP2ITMClient.cosine: (480, 640, 3), Seems like there is a potted plant ahead.
BLIP2ITMClient.cosine: (480, 640, 3), Seems like there is a potted plant ahead.
Sticking to last point.
Best value: 11.19%
Step: 319 | Mode: explore | Action: 1
BLIP2ITMClient.cosine: (480, 640, 3), Seems like there is a potted plant ahead.
BLIP2ITMClient.cosine: (480, 640, 3), Seems like there is a potted plant ahead.
Sticking to last point.
Best value: 11.19%
Step: 320 | Mode: explore | Action: 3
BLIP2ITMClient.cosine: (480, 640, 3), Seems like there is a potted plant ahead.
Sticking to last point.
Best value: 11.19%
Step: 321 | Mode: explore | Action: 1
BLIP2ITMClient.cosine: (480, 640, 3), Seems like there is a potted plant ahead.
Sticking to last point.
Best value: 11.19%
Step: 322 | Mode: explore | Action: 1
BLIP2ITMClient.cosine: (480, 640, 3), Seems like there is a potted plant ahead.
Sticking to last point.
Best value: 11.19%
Step: 323 | Mode: explore | Action: 1
BLIP2ITMClient.cosine: (480, 640, 3), Seems like there is a potted plant ahead.
Sticking to last point.
Best value: 11.19%
Step: 324 | Mode: explore | Action: 1
BLIP2ITMClient.cosine: (480, 640, 3), Seems like there is a potted plant ahead.
BLIP2ITMClient.cosine: (480, 640, 3), Seems like there is a potted plant ahead.
Sticking to last point.
Best value: 10.99%
Step: 325 | Mode: explore | Action: 3
BLIP2ITMClient.cosine: (480, 640, 3), Seems like there is a potted plant ahead.
BLIP2ITMClient.cosine: (480, 640, 3), Seems like there is a potted plant ahead.
Best value: 10.88%
Step: 326 | Mode: explore | Action: 3
BLIP2ITMClient.cosine: (480, 640, 3), Seems like there is a potted plant ahead.
BLIP2ITMClient.cosine: (480, 640, 3), Seems like there is a potted plant ahead.
Sticking to last point.
Best value: 10.88%
Step: 327 | Mode: explore | Action: 3
BLIP2ITMClient.cosine: (480, 640, 3), Seems like there is a potted plant ahead.
Sticking to last point.
Best value: 10.88%
Step: 328 | Mode: explore | Action: 2
BLIP2ITMClient.cosine: (480, 640, 3), Seems like there is a potted plant ahead.
Sticking to last point.
Best value: 10.88%
Step: 329 | Mode: explore | Action: 1
BLIP2ITMClient.cosine: (480, 640, 3), Seems like there is a potted plant ahead.
BLIP2ITMClient.cosine: (480, 640, 3), Seems like there is a potted plant ahead.
Sticking to last point.
Best value: 10.88%
Step: 330 | Mode: explore | Action: 3
BLIP2ITMClient.cosine: (480, 640, 3), Seems like there is a potted plant ahead.
BLIP2ITMClient.cosine: (480, 640, 3), Seems like there is a potted plant ahead.
Sticking to last point.
Best value: 10.88%
Step: 331 | Mode: explore | Action: 1
BLIP2ITMClient.cosine: (480, 640, 3), Seems like there is a potted plant ahead.
Sticking to last point.
Best value: 10.88%
Step: 332 | Mode: explore | Action: 1
BLIP2ITMClient.cosine: (480, 640, 3), Seems like there is a potted plant ahead.
Sticking to last point.
Best value: 10.88%
Step: 333 | Mode: explore | Action: 1
BLIP2ITMClient.cosine: (480, 640, 3), Seems like there is a potted plant ahead.
Sticking to last point.
Best value: 10.88%
Step: 334 | Mode: explore | Action: 1
BLIP2ITMClient.cosine: (480, 640, 3), Seems like there is a potted plant ahead.
Sticking to last point.
Best value: 10.88%
Step: 335 | Mode: explore | Action: 1
BLIP2ITMClient.cosine: (480, 640, 3), Seems like there is a potted plant ahead.
Sticking to last point.
Best value: 10.88%
Step: 336 | Mode: explore | Action: 1
BLIP2ITMClient.cosine: (480, 640, 3), Seems like there is a potted plant ahead.
BLIP2ITMClient.cosine: (480, 640, 3), Seems like there is a potted plant ahead.
Sticking to last point.
Best value: 10.88%
Step: 337 | Mode: explore | Action: 1
BLIP2ITMClient.cosine: (480, 640, 3), Seems like there is a potted plant ahead.
Sticking to last point.
Best value: 10.88%
Step: 338 | Mode: explore | Action: 3
BLIP2ITMClient.cosine: (480, 640, 3), Seems like there is a potted plant ahead.
BLIP2ITMClient.cosine: (480, 640, 3), Seems like there is a potted plant ahead.
Sticking to last point.
Best value: 10.88%
Step: 339 | Mode: explore | Action: 3
BLIP2ITMClient.cosine: (480, 640, 3), Seems like there is a potted plant ahead.
BLIP2ITMClient.cosine: (480, 640, 3), Seems like there is a potted plant ahead.
Sticking to last point.
Best value: 10.88%
Step: 340 | Mode: explore | Action: 3
BLIP2ITMClient.cosine: (480, 640, 3), Seems like there is a potted plant ahead.
Sticking to last point.
Best value: 10.88%
Step: 341 | Mode: explore | Action: 3
BLIP2ITMClient.cosine: (480, 640, 3), Seems like there is a potted plant ahead.
Sticking to last point.
Best value: 10.88%
Step: 342 | Mode: explore | Action: 3
BLIP2ITMClient.cosine: (480, 640, 3), Seems like there is a potted plant ahead.
Sticking to last point.
Best value: 10.88%
Step: 343 | Mode: explore | Action: 3
BLIP2ITMClient.cosine: (480, 640, 3), Seems like there is a potted plant ahead.
Sticking to last point.
Best value: 10.88%
Step: 344 | Mode: explore | Action: 1
BLIP2ITMClient.cosine: (480, 640, 3), Seems like there is a potted plant ahead.
Sticking to last point.
Best value: 10.88%
Step: 345 | Mode: explore | Action: 1
BLIP2ITMClient.cosine: (480, 640, 3), Seems like there is a potted plant ahead.
Sticking to last point.
Best value: 10.88%
Step: 346 | Mode: explore | Action: 1
BLIP2ITMClient.cosine: (480, 640, 3), Seems like there is a potted plant ahead.
Sticking to last point.
Best value: 10.88%
Step: 347 | Mode: explore | Action: 1
BLIP2ITMClient.cosine: (480, 640, 3), Seems like there is a potted plant ahead.
Sticking to last point.
Best value: 10.88%
Step: 348 | Mode: explore | Action: 1
BLIP2ITMClient.cosine: (480, 640, 3), Seems like there is a potted plant ahead.
Sticking to last point.
Best value: 10.88%
Step: 349 | Mode: explore | Action: 1
BLIP2ITMClient.cosine: (480, 640, 3), Seems like there is a potted plant ahead.
Sticking to last point.
Best value: 10.88%
Step: 350 | Mode: explore | Action: 1
BLIP2ITMClient.cosine: (480, 640, 3), Seems like there is a potted plant ahead.
Sticking to last point.
Best value: 10.88%
Step: 351 | Mode: explore | Action: 2
BLIP2ITMClient.cosine: (480, 640, 3), Seems like there is a potted plant ahead.
Sticking to last point.
Best value: 10.88%
Step: 352 | Mode: explore | Action: 1
BLIP2ITMClient.cosine: (480, 640, 3), Seems like there is a potted plant ahead.
Sticking to last point.
Best value: 10.88%
Step: 353 | Mode: explore | Action: 2
BLIP2ITMClient.cosine: (480, 640, 3), Seems like there is a potted plant ahead.
Sticking to last point.
Best value: 10.88%
Step: 354 | Mode: explore | Action: 1
BLIP2ITMClient.cosine: (480, 640, 3), Seems like there is a potted plant ahead.
Sticking to last point.
Best value: 10.88%
Step: 355 | Mode: explore | Action: 2
BLIP2ITMClient.cosine: (480, 640, 3), Seems like there is a potted plant ahead.
Sticking to last point.
Best value: 10.88%
Step: 356 | Mode: explore | Action: 1
BLIP2ITMClient.cosine: (480, 640, 3), Seems like there is a potted plant ahead.
Sticking to last point.
Best value: 10.88%
Step: 357 | Mode: explore | Action: 1
BLIP2ITMClient.cosine: (480, 640, 3), Seems like there is a potted plant ahead.
BLIP2ITMClient.cosine: (480, 640, 3), Seems like there is a potted plant ahead.
Sticking to last point.
Best value: 10.88%
Step: 358 | Mode: explore | Action: 1
BLIP2ITMClient.cosine: (480, 640, 3), Seems like there is a potted plant ahead.
BLIP2ITMClient.cosine: (480, 640, 3), Seems like there is a potted plant ahead.
Sticking to last point.
Best value: 10.88%
Step: 359 | Mode: explore | Action: 2
BLIP2ITMClient.cosine: (480, 640, 3), Seems like there is a potted plant ahead.
Sticking to last point.
Best value: 10.88%
Step: 360 | Mode: explore | Action: 1
BLIP2ITMClient.cosine: (480, 640, 3), Seems like there is a potted plant ahead.
Sticking to last point.
Best value: 10.88%
Step: 361 | Mode: explore | Action: 1
BLIP2ITMClient.cosine: (480, 640, 3), Seems like there is a potted plant ahead.
Sticking to last point.
Best value: 10.88%
Step: 362 | Mode: explore | Action: 1
BLIP2ITMClient.cosine: (480, 640, 3), Seems like there is a potted plant ahead.
Sticking to last point.
Best value: 10.88%
Step: 363 | Mode: explore | Action: 1
BLIP2ITMClient.cosine: (480, 640, 3), Seems like there is a potted plant ahead.
BLIP2ITMClient.cosine: (480, 640, 3), Seems like there is a potted plant ahead.
Sticking to last point.
Best value: 10.88%
Step: 364 | Mode: explore | Action: 2
BLIP2ITMClient.cosine: (480, 640, 3), Seems like there is a potted plant ahead.
Sticking to last point.
Best value: 10.88%
Step: 365 | Mode: explore | Action: 1
BLIP2ITMClient.cosine: (480, 640, 3), Seems like there is a potted plant ahead.
Sticking to last point.
Best value: 10.88%
Step: 366 | Mode: explore | Action: 1
BLIP2ITMClient.cosine: (480, 640, 3), Seems like there is a potted plant ahead.
Sticking to last point.
Best value: 10.88%
Step: 367 | Mode: explore | Action: 3
BLIP2ITMClient.cosine: (480, 640, 3), Seems like there is a potted plant ahead.
Sticking to last point.
Best value: 10.88%
Step: 368 | Mode: explore | Action: 1
BLIP2ITMClient.cosine: (480, 640, 3), Seems like there is a potted plant ahead.
Sticking to last point.
Best value: 10.88%
Step: 369 | Mode: explore | Action: 3
BLIP2ITMClient.cosine: (480, 640, 3), Seems like there is a potted plant ahead.
Sticking to last point.
Best value: 10.88%
Step: 370 | Mode: explore | Action: 1
BLIP2ITMClient.cosine: (480, 640, 3), Seems like there is a potted plant ahead.
Sticking to last point.
Best value: 10.88%
Step: 371 | Mode: explore | Action: 2
BLIP2ITMClient.cosine: (480, 640, 3), Seems like there is a potted plant ahead.
Sticking to last point.
Best value: 10.88%
Step: 372 | Mode: explore | Action: 2
BLIP2ITMClient.cosine: (480, 640, 3), Seems like there is a potted plant ahead.
BLIP2ITMClient.cosine: (480, 640, 3), Seems like there is a potted plant ahead.
Best value: 12.75%
Step: 373 | Mode: explore | Action: 2
BLIP2ITMClient.cosine: (480, 640, 3), Seems like there is a potted plant ahead.
Sticking to last point.
Best value: 12.75%
Step: 374 | Mode: explore | Action: 1
BLIP2ITMClient.cosine: (480, 640, 3), Seems like there is a potted plant ahead.
BLIP2ITMClient.cosine: (480, 640, 3), Seems like there is a potted plant ahead.
Best value: 10.70%
Step: 375 | Mode: explore | Action: 3
BLIP2ITMClient.cosine: (480, 640, 3), Seems like there is a potted plant ahead.
Sticking to last point.
Best value: 10.70%
Step: 376 | Mode: explore | Action: 3
BLIP2ITMClient.cosine: (480, 640, 3), Seems like there is a potted plant ahead.
Sticking to last point.
Best value: 10.70%
Step: 377 | Mode: explore | Action: 3
BLIP2ITMClient.cosine: (480, 640, 3), Seems like there is a potted plant ahead.
Sticking to last point.
Best value: 10.70%
Step: 378 | Mode: explore | Action: 3
BLIP2ITMClient.cosine: (480, 640, 3), Seems like there is a potted plant ahead.
Sticking to last point.
Best value: 10.70%
Step: 379 | Mode: explore | Action: 1
BLIP2ITMClient.cosine: (480, 640, 3), Seems like there is a potted plant ahead.
Sticking to last point.
Best value: 10.70%
Step: 380 | Mode: explore | Action: 1
BLIP2ITMClient.cosine: (480, 640, 3), Seems like there is a potted plant ahead.
Sticking to last point.
Best value: 10.70%
Step: 381 | Mode: explore | Action: 3
BLIP2ITMClient.cosine: (480, 640, 3), Seems like there is a potted plant ahead.
Sticking to last point.
Best value: 10.70%
Step: 382 | Mode: explore | Action: 1
BLIP2ITMClient.cosine: (480, 640, 3), Seems like there is a potted plant ahead.
Sticking to last point.
Best value: 10.70%
Step: 383 | Mode: explore | Action: 3
BLIP2ITMClient.cosine: (480, 640, 3), Seems like there is a potted plant ahead.
Sticking to last point.
Best value: 10.70%
Step: 384 | Mode: explore | Action: 1
BLIP2ITMClient.cosine: (480, 640, 3), Seems like there is a potted plant ahead.
Sticking to last point.
Best value: 10.70%
Step: 385 | Mode: explore | Action: 2
BLIP2ITMClient.cosine: (480, 640, 3), Seems like there is a potted plant ahead.
Sticking to last point.
Best value: 10.70%
Step: 386 | Mode: explore | Action: 2
BLIP2ITMClient.cosine: (480, 640, 3), Seems like there is a potted plant ahead.
BLIP2ITMClient.cosine: (480, 640, 3), Seems like there is a potted plant ahead.
Sticking to last point.
Best value: 10.70%
Step: 387 | Mode: explore | Action: 2
BLIP2ITMClient.cosine: (480, 640, 3), Seems like there is a potted plant ahead.
Sticking to last point.
Best value: 10.70%
Step: 388 | Mode: explore | Action: 1
BLIP2ITMClient.cosine: (480, 640, 3), Seems like there is a potted plant ahead.
Sticking to last point.
Best value: 10.70%
Step: 389 | Mode: explore | Action: 1
BLIP2ITMClient.cosine: (480, 640, 3), Seems like there is a potted plant ahead.
Sticking to last point.
Best value: 10.70%
Step: 390 | Mode: explore | Action: 1
BLIP2ITMClient.cosine: (480, 640, 3), Seems like there is a potted plant ahead.
BLIP2ITMClient.cosine: (480, 640, 3), Seems like there is a potted plant ahead.
Sticking to last point.
Best value: 10.75%
Step: 391 | Mode: explore | Action: 1
BLIP2ITMClient.cosine: (480, 640, 3), Seems like there is a potted plant ahead.
BLIP2ITMClient.cosine: (480, 640, 3), Seems like there is a potted plant ahead.
Sticking to last point.
Best value: 10.02%
Step: 392 | Mode: explore | Action: 1
BLIP2ITMClient.cosine: (480, 640, 3), Seems like there is a potted plant ahead.
Sticking to last point.
Best value: 10.02%
Step: 393 | Mode: explore | Action: 1
BLIP2ITMClient.cosine: (480, 640, 3), Seems like there is a potted plant ahead.
Sticking to last point.
Best value: 10.02%
Step: 394 | Mode: explore | Action: 1
BLIP2ITMClient.cosine: (480, 640, 3), Seems like there is a potted plant ahead.
Sticking to last point.
Best value: 10.02%
Step: 395 | Mode: explore | Action: 2
BLIP2ITMClient.cosine: (480, 640, 3), Seems like there is a potted plant ahead.
BLIP2ITMClient.cosine: (480, 640, 3), Seems like there is a potted plant ahead.
Best value: 10.62%
Step: 396 | Mode: explore | Action: 2
BLIP2ITMClient.cosine: (480, 640, 3), Seems like there is a potted plant ahead.
BLIP2ITMClient.cosine: (480, 640, 3), Seems like there is a potted plant ahead.
Sticking to last point.
Best value: 10.62%
Step: 397 | Mode: explore | Action: 1
BLIP2ITMClient.cosine: (480, 640, 3), Seems like there is a potted plant ahead.
Sticking to last point.
Best value: 10.62%
Step: 398 | Mode: explore | Action: 2
BLIP2ITMClient.cosine: (480, 640, 3), Seems like there is a potted plant ahead.
Best value: 10.09%
Step: 399 | Mode: explore | Action: 3
BLIP2ITMClient.cosine: (480, 640, 3), Seems like there is a potted plant ahead.
Sticking to last point.
Best value: 10.09%
Step: 400 | Mode: explore | Action: 3
BLIP2ITMClient.cosine: (480, 640, 3), Seems like there is a potted plant ahead.
BLIP2ITMClient.cosine: (480, 640, 3), Seems like there is a potted plant ahead.
Sticking to last point.
Best value: 10.16%
Step: 401 | Mode: explore | Action: 3
BLIP2ITMClient.cosine: (480, 640, 3), Seems like there is a potted plant ahead.
BLIP2ITMClient.cosine: (480, 640, 3), Seems like there is a potted plant ahead.
Sticking to last point.
Best value: 10.10%
Step: 402 | Mode: explore | Action: 1
BLIP2ITMClient.cosine: (480, 640, 3), Seems like there is a potted plant ahead.
BLIP2ITMClient.cosine: (480, 640, 3), Seems like there is a potted plant ahead.
Sticking to last point.
Best value: 11.21%
Step: 403 | Mode: explore | Action: 3
BLIP2ITMClient.cosine: (480, 640, 3), Seems like there is a potted plant ahead.
BLIP2ITMClient.cosine: (480, 640, 3), Seems like there is a potted plant ahead.
Best value: 9.67%
Step: 404 | Mode: explore | Action: 1
BLIP2ITMClient.cosine: (480, 640, 3), Seems like there is a potted plant ahead.
BLIP2ITMClient.cosine: (480, 640, 3), Seems like there is a potted plant ahead.
Sticking to last point.
Best value: 9.67%
Step: 405 | Mode: explore | Action: 1
BLIP2ITMClient.cosine: (480, 640, 3), Seems like there is a potted plant ahead.
BLIP2ITMClient.cosine: (480, 640, 3), Seems like there is a potted plant ahead.
Sticking to last point.
Best value: 9.39%
Step: 406 | Mode: explore | Action: 3
BLIP2ITMClient.cosine: (480, 640, 3), Seems like there is a potted plant ahead.
BLIP2ITMClient.cosine: (480, 640, 3), Seems like there is a potted plant ahead.
Sticking to last point.
Best value: 9.39%
Step: 407 | Mode: explore | Action: 1
BLIP2ITMClient.cosine: (480, 640, 3), Seems like there is a potted plant ahead.
BLIP2ITMClient.cosine: (480, 640, 3), Seems like there is a potted plant ahead.
Sticking to last point.
Best value: 9.39%
Step: 408 | Mode: explore | Action: 1
BLIP2ITMClient.cosine: (480, 640, 3), Seems like there is a potted plant ahead.
BLIP2ITMClient.cosine: (480, 640, 3), Seems like there is a potted plant ahead.
Sticking to last point.
Best value: 9.39%
Step: 409 | Mode: explore | Action: 1
BLIP2ITMClient.cosine: (480, 640, 3), Seems like there is a potted plant ahead.
BLIP2ITMClient.cosine: (480, 640, 3), Seems like there is a potted plant ahead.
Sticking to last point.
Best value: 9.39%
Step: 410 | Mode: explore | Action: 1
BLIP2ITMClient.cosine: (480, 640, 3), Seems like there is a potted plant ahead.
BLIP2ITMClient.cosine: (480, 640, 3), Seems like there is a potted plant ahead.
Sticking to last point.
Best value: 14.12%
Step: 411 | Mode: explore | Action: 2
BLIP2ITMClient.cosine: (480, 640, 3), Seems like there is a potted plant ahead.
Sticking to last point.
Best value: 14.12%
Step: 412 | Mode: explore | Action: 1
BLIP2ITMClient.cosine: (480, 640, 3), Seems like there is a potted plant ahead.
BLIP2ITMClient.cosine: (480, 640, 3), Seems like there is a potted plant ahead.
Best value: 15.34%
Step: 413 | Mode: explore | Action: 2
BLIP2ITMClient.cosine: (480, 640, 3), Seems like there is a potted plant ahead.
Best value: 15.34%
Step: 414 | Mode: explore | Action: 1
BLIP2ITMClient.cosine: (480, 640, 3), Seems like there is a potted plant ahead.
Sticking to last point.
Best value: 15.34%
Step: 415 | Mode: explore | Action: 1
BLIP2ITMClient.cosine: (480, 640, 3), Seems like there is a potted plant ahead.
Sticking to last point.
Best value: 15.34%
Step: 416 | Mode: explore | Action: 3
BLIP2ITMClient.cosine: (480, 640, 3), Seems like there is a potted plant ahead.
Sticking to last point.
Best value: 15.34%
Step: 417 | Mode: explore | Action: 1
BLIP2ITMClient.cosine: (480, 640, 3), Seems like there is a potted plant ahead.
Sticking to last point.
Best value: 15.34%
Step: 418 | Mode: explore | Action: 1
BLIP2ITMClient.cosine: (480, 640, 3), Seems like there is a potted plant ahead.
Sticking to last point.
Best value: 15.34%
Step: 419 | Mode: explore | Action: 1
BLIP2ITMClient.cosine: (480, 640, 3), Seems like there is a potted plant ahead.
Sticking to last point.
Best value: 15.34%
Step: 420 | Mode: explore | Action: 1
BLIP2ITMClient.cosine: (480, 640, 3), Seems like there is a potted plant ahead.
Sticking to last point.
Best value: 15.34%
Step: 421 | Mode: explore | Action: 1
BLIP2ITMClient.cosine: (480, 640, 3), Seems like there is a potted plant ahead.
Best value: 13.85%
Step: 422 | Mode: explore | Action: 3
BLIP2ITMClient.cosine: (480, 640, 3), Seems like there is a potted plant ahead.
Sticking to last point.
Best value: 13.85%
Step: 423 | Mode: explore | Action: 3
BLIP2ITMClient.cosine: (480, 640, 3), Seems like there is a potted plant ahead.
Sticking to last point.
Best value: 13.85%
Step: 424 | Mode: explore | Action: 3
BLIP2ITMClient.cosine: (480, 640, 3), Seems like there is a potted plant ahead.
Sticking to last point.
Best value: 13.85%
Step: 425 | Mode: explore | Action: 3
BLIP2ITMClient.cosine: (480, 640, 3), Seems like there is a potted plant ahead.
Sticking to last point.
Best value: 13.85%
Step: 426 | Mode: explore | Action: 1
BLIP2ITMClient.cosine: (480, 640, 3), Seems like there is a potted plant ahead.
BLIP2ITMClient.cosine: (480, 640, 3), Seems like there is a potted plant ahead.
Best value: 12.58%
Step: 427 | Mode: explore | Action: 1
BLIP2ITMClient.cosine: (480, 640, 3), Seems like there is a potted plant ahead.
BLIP2ITMClient.cosine: (480, 640, 3), Seems like there is a potted plant ahead.
Best value: 9.33%
Step: 428 | Mode: explore | Action: 1
BLIP2ITMClient.cosine: (480, 640, 3), Seems like there is a potted plant ahead.
BLIP2ITMClient.cosine: (480, 640, 3), Seems like there is a potted plant ahead.
Sticking to last point.
Best value: 9.39%
Step: 429 | Mode: explore | Action: 1
BLIP2ITMClient.cosine: (480, 640, 3), Seems like there is a potted plant ahead.
BLIP2ITMClient.cosine: (480, 640, 3), Seems like there is a potted plant ahead.
Sticking to last point.
Best value: 10.79%
Step: 430 | Mode: explore | Action: 1
BLIP2ITMClient.cosine: (480, 640, 3), Seems like there is a potted plant ahead.
BLIP2ITMClient.cosine: (480, 640, 3), Seems like there is a potted plant ahead.
Sticking to last point.
Best value: 10.36%
Step: 431 | Mode: explore | Action: 1
BLIP2ITMClient.cosine: (480, 640, 3), Seems like there is a potted plant ahead.
BLIP2ITMClient.cosine: (480, 640, 3), Seems like there is a potted plant ahead.
Sticking to last point.
Best value: 10.36%
Step: 432 | Mode: explore | Action: 1
BLIP2ITMClient.cosine: (480, 640, 3), Seems like there is a potted plant ahead.
BLIP2ITMClient.cosine: (480, 640, 3), Seems like there is a potted plant ahead.
Sticking to last point.
Best value: 9.93%
Step: 433 | Mode: explore | Action: 1
BLIP2ITMClient.cosine: (480, 640, 3), Seems like there is a potted plant ahead.
BLIP2ITMClient.cosine: (480, 640, 3), Seems like there is a potted plant ahead.
Sticking to last point.
Best value: 10.31%
Step: 434 | Mode: explore | Action: 3
BLIP2ITMClient.cosine: (480, 640, 3), Seems like there is a potted plant ahead.
Sticking to last point.
Best value: 10.31%
Step: 435 | Mode: explore | Action: 1
BLIP2ITMClient.cosine: (480, 640, 3), Seems like there is a potted plant ahead.
Sticking to last point.
Best value: 10.31%
Step: 436 | Mode: explore | Action: 1
BLIP2ITMClient.cosine: (480, 640, 3), Seems like there is a potted plant ahead.
Sticking to last point.
Best value: 10.31%
Step: 437 | Mode: explore | Action: 1
BLIP2ITMClient.cosine: (480, 640, 3), Seems like there is a potted plant ahead.
BLIP2ITMClient.cosine: (480, 640, 3), Seems like there is a potted plant ahead.
Sticking to last point.
Best value: 10.31%
Step: 438 | Mode: explore | Action: 1
BLIP2ITMClient.cosine: (480, 640, 3), Seems like there is a potted plant ahead.
BLIP2ITMClient.cosine: (480, 640, 3), Seems like there is a potted plant ahead.
Sticking to last point.
Best value: 10.31%
Step: 439 | Mode: explore | Action: 1
BLIP2ITMClient.cosine: (480, 640, 3), Seems like there is a potted plant ahead.
BLIP2ITMClient.cosine: (480, 640, 3), Seems like there is a potted plant ahead.
Sticking to last point.
Best value: 10.31%
Step: 440 | Mode: explore | Action: 1
BLIP2ITMClient.cosine: (480, 640, 3), Seems like there is a potted plant ahead.
BLIP2ITMClient.cosine: (480, 640, 3), Seems like there is a potted plant ahead.
Sticking to last point.
Best value: 10.31%
Step: 441 | Mode: explore | Action: 1
BLIP2ITMClient.cosine: (480, 640, 3), Seems like there is a potted plant ahead.
BLIP2ITMClient.cosine: (480, 640, 3), Seems like there is a potted plant ahead.
Sticking to last point.
Best value: 10.31%
Step: 442 | Mode: explore | Action: 1
BLIP2ITMClient.cosine: (480, 640, 3), Seems like there is a potted plant ahead.
BLIP2ITMClient.cosine: (480, 640, 3), Seems like there is a potted plant ahead.
Sticking to last point.
Best value: 10.31%
Step: 443 | Mode: explore | Action: 1
BLIP2ITMClient.cosine: (480, 640, 3), Seems like there is a potted plant ahead.
BLIP2ITMClient.cosine: (480, 640, 3), Seems like there is a potted plant ahead.
Sticking to last point.
Best value: 10.31%
Step: 444 | Mode: explore | Action: 2
BLIP2ITMClient.cosine: (480, 640, 3), Seems like there is a potted plant ahead.
Sticking to last point.
Best value: 10.31%
Step: 445 | Mode: explore | Action: 1
BLIP2ITMClient.cosine: (480, 640, 3), Seems like there is a potted plant ahead.
BLIP2ITMClient.cosine: (480, 640, 3), Seems like there is a potted plant ahead.
Sticking to last point.
Best value: 10.43%
Step: 446 | Mode: explore | Action: 1
BLIP2ITMClient.cosine: (480, 640, 3), Seems like there is a potted plant ahead.
BLIP2ITMClient.cosine: (480, 640, 3), Seems like there is a potted plant ahead.
Sticking to last point.
Best value: 11.32%
Step: 447 | Mode: explore | Action: 3
BLIP2ITMClient.cosine: (480, 640, 3), Seems like there is a potted plant ahead.
BLIP2ITMClient.cosine: (480, 640, 3), Seems like there is a potted plant ahead.
Best value: 11.32%
Step: 448 | Mode: explore | Action: 2
BLIP2ITMClient.cosine: (480, 640, 3), Seems like there is a potted plant ahead.
Sticking to last point.
Best value: 11.32%
Step: 449 | Mode: explore | Action: 1
BLIP2ITMClient.cosine: (480, 640, 3), Seems like there is a potted plant ahead.
BLIP2ITMClient.cosine: (480, 640, 3), Seems like there is a potted plant ahead.
Sticking to last point.
Best value: 10.72%
Step: 450 | Mode: explore | Action: 3
BLIP2ITMClient.cosine: (480, 640, 3), Seems like there is a potted plant ahead.
BLIP2ITMClient.cosine: (480, 640, 3), Seems like there is a potted plant ahead.
Sticking to last point.
Best value: 10.72%
Step: 451 | Mode: explore | Action: 1
BLIP2ITMClient.cosine: (480, 640, 3), Seems like there is a potted plant ahead.
Sticking to last point.
Best value: 10.72%
Step: 452 | Mode: explore | Action: 2
BLIP2ITMClient.cosine: (480, 640, 3), Seems like there is a potted plant ahead.
Sticking to last point.
Best value: 10.72%
Step: 453 | Mode: explore | Action: 1
BLIP2ITMClient.cosine: (480, 640, 3), Seems like there is a potted plant ahead.
Sticking to last point.
Best value: 10.72%
Step: 454 | Mode: explore | Action: 1
BLIP2ITMClient.cosine: (480, 640, 3), Seems like there is a potted plant ahead.
Sticking to last point.
Best value: 10.72%
Step: 455 | Mode: explore | Action: 1
BLIP2ITMClient.cosine: (480, 640, 3), Seems like there is a potted plant ahead.
BLIP2ITMClient.cosine: (480, 640, 3), Seems like there is a potted plant ahead.
Sticking to last point.
Best value: 12.00%
Step: 456 | Mode: explore | Action: 1
BLIP2ITMClient.cosine: (480, 640, 3), Seems like there is a potted plant ahead.
BLIP2ITMClient.cosine: (480, 640, 3), Seems like there is a potted plant ahead.
Sticking to last point.
Best value: 11.20%
Step: 457 | Mode: explore | Action: 2
BLIP2ITMClient.cosine: (480, 640, 3), Seems like there is a potted plant ahead.
Sticking to last point.
Best value: 11.20%
Step: 458 | Mode: explore | Action: 1
BLIP2ITMClient.cosine: (480, 640, 3), Seems like there is a potted plant ahead.
Sticking to last point.
Best value: 11.20%
Step: 459 | Mode: explore | Action: 1
BLIP2ITMClient.cosine: (480, 640, 3), Seems like there is a potted plant ahead.
Sticking to last point.
Best value: 11.20%
Step: 460 | Mode: explore | Action: 1
BLIP2ITMClient.cosine: (480, 640, 3), Seems like there is a potted plant ahead.
Sticking to last point.
Best value: 11.20%
Step: 461 | Mode: explore | Action: 3
BLIP2ITMClient.cosine: (480, 640, 3), Seems like there is a potted plant ahead.
BLIP2ITMClient.cosine: (480, 640, 3), Seems like there is a potted plant ahead.
Best value: 17.24%
Step: 462 | Mode: explore | Action: 1
  1%|          | 9/1200 [10:10<30:51:54, 93.30s/it]  1%|          | 10/1200 [10:11<21:25:49, 64.83s/it]BLIP2ITMClient.cosine: (480, 640, 3), Seems like there is a potted plant ahead.
BLIP2ITMClient.cosine: (480, 640, 3), Seems like there is a potted plant ahead.
Sticking to last point.
Best value: 23.30%
Step: 463 | Mode: explore | Action: 2
BLIP2ITMClient.cosine: (480, 640, 3), Seems like there is a potted plant ahead.
Sticking to last point.
Best value: 23.30%
Step: 464 | Mode: explore | Action: 3
BLIP2ITMClient.cosine: (480, 640, 3), Seems like there is a potted plant ahead.
Sticking to last point.
Best value: 23.30%
Step: 465 | Mode: explore | Action: 3
BLIP2ITMClient.cosine: (480, 640, 3), Seems like there is a potted plant ahead.
BLIP2ITMClient.cosine: (480, 640, 3), Seems like there is a potted plant ahead.
Sticking to last point.
Best value: 23.30%
Step: 466 | Mode: explore | Action: 2
BLIP2ITMClient.cosine: (480, 640, 3), Seems like there is a potted plant ahead.
Sticking to last point.
Best value: 23.30%
Step: 467 | Mode: explore | Action: 1
BLIP2ITMClient.cosine: (480, 640, 3), Seems like there is a potted plant ahead.
BLIP2ITMClient.cosine: (480, 640, 3), Seems like there is a potted plant ahead.
Best value: 23.30%
Step: 468 | Mode: explore | Action: 3
BLIP2ITMClient.cosine: (480, 640, 3), Seems like there is a potted plant ahead.
BLIP2ITMClient.cosine: (480, 640, 3), Seems like there is a potted plant ahead.
Best value: 15.80%
Step: 469 | Mode: explore | Action: 2
BLIP2ITMClient.cosine: (480, 640, 3), Seems like there is a potted plant ahead.
Sticking to last point.
Best value: 15.80%
Step: 470 | Mode: explore | Action: 1
BLIP2ITMClient.cosine: (480, 640, 3), Seems like there is a potted plant ahead.
BLIP2ITMClient.cosine: (480, 640, 3), Seems like there is a potted plant ahead.
Best value: 10.39%
Step: 471 | Mode: explore | Action: 3
BLIP2ITMClient.cosine: (480, 640, 3), Seems like there is a potted plant ahead.
BLIP2ITMClient.cosine: (480, 640, 3), Seems like there is a potted plant ahead.
Sticking to last point.
Best value: 10.39%
Step: 472 | Mode: explore | Action: 1
BLIP2ITMClient.cosine: (480, 640, 3), Seems like there is a potted plant ahead.
Sticking to last point.
Best value: 10.39%
Step: 473 | Mode: explore | Action: 2
BLIP2ITMClient.cosine: (480, 640, 3), Seems like there is a potted plant ahead.
Sticking to last point.
Best value: 10.39%
Step: 474 | Mode: explore | Action: 1
BLIP2ITMClient.cosine: (480, 640, 3), Seems like there is a potted plant ahead.
Sticking to last point.
Best value: 10.39%
Step: 475 | Mode: explore | Action: 2
BLIP2ITMClient.cosine: (480, 640, 3), Seems like there is a potted plant ahead.
Sticking to last point.
Best value: 10.39%
Step: 476 | Mode: explore | Action: 1
BLIP2ITMClient.cosine: (480, 640, 3), Seems like there is a potted plant ahead.
Sticking to last point.
Best value: 10.39%
Step: 477 | Mode: explore | Action: 3
BLIP2ITMClient.cosine: (480, 640, 3), Seems like there is a potted plant ahead.
Sticking to last point.
Best value: 10.39%
Step: 478 | Mode: explore | Action: 3
BLIP2ITMClient.cosine: (480, 640, 3), Seems like there is a potted plant ahead.
Sticking to last point.
Best value: 10.39%
Step: 479 | Mode: explore | Action: 3
BLIP2ITMClient.cosine: (480, 640, 3), Seems like there is a potted plant ahead.
Sticking to last point.
Best value: 10.39%
Step: 480 | Mode: explore | Action: 1
BLIP2ITMClient.cosine: (480, 640, 3), Seems like there is a potted plant ahead.
Sticking to last point.
Best value: 10.39%
Step: 481 | Mode: explore | Action: 3
BLIP2ITMClient.cosine: (480, 640, 3), Seems like there is a potted plant ahead.
Sticking to last point.
Best value: 10.39%
Step: 482 | Mode: explore | Action: 1
BLIP2ITMClient.cosine: (480, 640, 3), Seems like there is a potted plant ahead.
Sticking to last point.
Best value: 10.39%
Step: 483 | Mode: explore | Action: 2
BLIP2ITMClient.cosine: (480, 640, 3), Seems like there is a potted plant ahead.
BLIP2ITMClient.cosine: (480, 640, 3), Seems like there is a potted plant ahead.
Sticking to last point.
Best value: 10.39%
Step: 484 | Mode: explore | Action: 1
BLIP2ITMClient.cosine: (480, 640, 3), Seems like there is a potted plant ahead.
BLIP2ITMClient.cosine: (480, 640, 3), Seems like there is a potted plant ahead.
Sticking to last point.
Best value: 10.39%
Step: 485 | Mode: explore | Action: 2
BLIP2ITMClient.cosine: (480, 640, 3), Seems like there is a potted plant ahead.
Sticking to last point.
Best value: 10.39%
Step: 486 | Mode: explore | Action: 1
BLIP2ITMClient.cosine: (480, 640, 3), Seems like there is a potted plant ahead.
BLIP2ITMClient.cosine: (480, 640, 3), Seems like there is a potted plant ahead.
Sticking to last point.
Best value: 10.39%
Step: 487 | Mode: explore | Action: 1
BLIP2ITMClient.cosine: (480, 640, 3), Seems like there is a potted plant ahead.
BLIP2ITMClient.cosine: (480, 640, 3), Seems like there is a potted plant ahead.
Sticking to last point.
Best value: 10.39%
Step: 488 | Mode: explore | Action: 1
BLIP2ITMClient.cosine: (480, 640, 3), Seems like there is a potted plant ahead.
BLIP2ITMClient.cosine: (480, 640, 3), Seems like there is a potted plant ahead.
Sticking to last point.
Best value: 10.39%
Step: 489 | Mode: explore | Action: 1
BLIP2ITMClient.cosine: (480, 640, 3), Seems like there is a potted plant ahead.
BLIP2ITMClient.cosine: (480, 640, 3), Seems like there is a potted plant ahead.
Sticking to last point.
Best value: 10.39%
Step: 490 | Mode: explore | Action: 1
BLIP2ITMClient.cosine: (480, 640, 3), Seems like there is a potted plant ahead.
BLIP2ITMClient.cosine: (480, 640, 3), Seems like there is a potted plant ahead.
Sticking to last point.
Best value: 11.14%
Step: 491 | Mode: explore | Action: 3
BLIP2ITMClient.cosine: (480, 640, 3), Seems like there is a potted plant ahead.
BLIP2ITMClient.cosine: (480, 640, 3), Seems like there is a potted plant ahead.
Sticking to last point.
Best value: 11.14%
Step: 492 | Mode: explore | Action: 1
BLIP2ITMClient.cosine: (480, 640, 3), Seems like there is a potted plant ahead.
BLIP2ITMClient.cosine: (480, 640, 3), Seems like there is a potted plant ahead.
Sticking to last point.
Best value: 11.14%
Step: 493 | Mode: explore | Action: 1
BLIP2ITMClient.cosine: (480, 640, 3), Seems like there is a potted plant ahead.
BLIP2ITMClient.cosine: (480, 640, 3), Seems like there is a potted plant ahead.
Sticking to last point.
Best value: 11.14%
Step: 494 | Mode: explore | Action: 3
BLIP2ITMClient.cosine: (480, 640, 3), Seems like there is a potted plant ahead.
Sticking to last point.
Best value: 11.14%
Step: 495 | Mode: explore | Action: 1
BLIP2ITMClient.cosine: (480, 640, 3), Seems like there is a potted plant ahead.
BLIP2ITMClient.cosine: (480, 640, 3), Seems like there is a potted plant ahead.
Sticking to last point.
Best value: 11.14%
Step: 496 | Mode: explore | Action: 2
BLIP2ITMClient.cosine: (480, 640, 3), Seems like there is a potted plant ahead.
Sticking to last point.
Best value: 11.14%
Step: 497 | Mode: explore | Action: 2
BLIP2ITMClient.cosine: (480, 640, 3), Seems like there is a potted plant ahead.
Sticking to last point.
Best value: 11.14%
Step: 498 | Mode: explore | Action: 1
BLIP2ITMClient.cosine: (480, 640, 3), Seems like there is a potted plant ahead.
Sticking to last point.
Best value: 11.14%
Step: 499 | Mode: explore | Action: 2
[traj] episode 615 — unknown
Episode 152 in scene Darden failed due to 'never_saw_target_did_not_travel_stairs_feasible'.
[traj] captured failure_cause: never_saw_target_did_not_travel_stairs_feasible
[traj] value map: max=0.3205, nonzero=42654
[traj] saved episode Darden_152 (500 steps, failed)
BLIP2ITMClient.cosine: (480, 640, 3), Seems like there is a chair ahead.
Step: 0 | Mode: initialize | Action: 2
[traj] episode 139 — unknown
Episode 615 in scene Darden failed due to 'never_saw_target_did_not_travel_stairs_likely_infeasible'.
[traj] captured failure_cause: never_saw_target_did_not_travel_stairs_likely_infeasible
[traj] value map: max=0.2253, nonzero=921
[traj] saved episode Darden_615 (1 steps, failed)
BLIP2ITMClient.cosine: (480, 640, 3), Seems like there is a chair ahead.
Step: 0 | Mode: initialize | Action: 2
BLIP2ITMClient.cosine: (480, 640, 3), Seems like there is a chair ahead.
Step: 1 | Mode: initialize | Action: 2  1%|          | 11/1200 [10:20<15:44:21, 47.66s/it]
BLIP2ITMClient.cosine: (480, 640, 3), Seems like there is a chair ahead.
Step: 2 | Mode: initialize | Action: 2
BLIP2ITMClient.cosine: (480, 640, 3), Seems like there is a chair ahead.
Step: 3 | Mode: initialize | Action: 2
BLIP2ITMClient.cosine: (480, 640, 3), Seems like there is a chair ahead.
Step: 4 | Mode: initialize | Action: 2
BLIP2ITMClient.cosine: (480, 640, 3), Seems like there is a chair ahead.
Step: 5 | Mode: initialize | Action: 2
BLIP2ITMClient.cosine: (480, 640, 3), Seems like there is a chair ahead.
Step: 6 | Mode: initialize | Action: 2
BLIP2ITMClient.cosine: (480, 640, 3), Seems like there is a chair ahead.
Step: 7 | Mode: initialize | Action: 2
BLIP2ITMClient.cosine: (480, 640, 3), Seems like there is a chair ahead.
Step: 8 | Mode: initialize | Action: 2
BLIP2ITMClient.cosine: (480, 640, 3), Seems like there is a chair ahead.
Step: 9 | Mode: initialize | Action: 2
BLIP2ITMClient.cosine: (480, 640, 3), Seems like there is a chair ahead.
Step: 10 | Mode: initialize | Action: 2
BLIP2ITMClient.cosine: (480, 640, 3), Seems like there is a chair ahead.
Step: 11 | Mode: initialize | Action: 2
BLIP2ITMClient.cosine: (480, 640, 3), Seems like there is a chair ahead.
Step: 12 | Mode: navigate | Action: 1
BLIP2ITMClient.cosine: (480, 640, 3), Seems like there is a chair ahead.
Step: 13 | Mode: navigate | Action: 3
BLIP2ITMClient.cosine: (480, 640, 3), Seems like there is a chair ahead.
Step: 14 | Mode: navigate | Action: 1
BLIP2ITMClient.cosine: (480, 640, 3), Seems like there is a chair ahead.
Step: 15 | Mode: navigate | Action: 0
[traj] episode 471 — unknown
Episode 139 in scene Darden failed due to 'false_positive'.
[traj] captured failure_cause: false_positive
[traj] value map: max=0.2763, nonzero=8940
[traj] saved episode Darden_139 (16 steps, failed)
BLIP2ITMClient.cosine: (480, 640, 3), Seems like there is a tv ahead.
Step: 0 | Mode: initialize | Action: 2
BLIP2ITMClient.cosine: (480, 640, 3), Seems like there is a tv ahead.
Step: 1 | Mode: initialize | Action: 2
BLIP2ITMClient.cosine: (480, 640, 3), Seems like there is a tv ahead.
Step: 2 | Mode: initialize | Action: 2
BLIP2ITMClient.cosine: (480, 640, 3), Seems like there is a tv ahead.
Step: 3 | Mode: initialize | Action: 2
BLIP2ITMClient.cosine: (480, 640, 3), Seems like there is a tv ahead.
Step: 4 | Mode: initialize | Action: 2
BLIP2ITMClient.cosine: (480, 640, 3), Seems like there is a tv ahead.
Step: 5 | Mode: initialize | Action: 2
BLIP2ITMClient.cosine: (480, 640, 3), Seems like there is a tv ahead.
Step: 6 | Mode: initialize | Action: 2
BLIP2ITMClient.cosine: (480, 640, 3), Seems like there is a tv ahead.
Step: 7 | Mode: initialize | Action: 2
BLIP2ITMClient.cosine: (480, 640, 3), Seems like there is a tv ahead.
Step: 8 | Mode: initialize | Action: 2
BLIP2ITMClient.cosine: (480, 640, 3), Seems like there is a tv ahead.
Step: 9 | Mode: initialize | Action: 2
BLIP2ITMClient.cosine: (480, 640, 3), Seems like there is a tv ahead.
Step: 10 | Mode: initialize | Action: 2
BLIP2ITMClient.cosine: (480, 640, 3), Seems like there is a tv ahead.
Step: 11 | Mode: initialize | Action: 2
BLIP2ITMClient.cosine: (480, 640, 3), Seems like there is a tv ahead.
BLIP2ITMClient.cosine: (480, 640, 3), Seems like there is a tv ahead.
Best value: 15.77%
Step: 12 | Mode: explore | Action: 2
BLIP2ITMClient.cosine: (480, 640, 3), Seems like there is a tv ahead.
Sticking to last point.
Best value: 15.77%
Step: 13 | Mode: explore | Action: 2
BLIP2ITMClient.cosine: (480, 640, 3), Seems like there is a tv ahead.
Sticking to last point.
Best value: 15.77%
Step: 14 | Mode: explore | Action: 2
BLIP2ITMClient.cosine: (480, 640, 3), Seems like there is a tv ahead.
Sticking to last point.
Best value: 15.77%
Step: 15 | Mode: explore | Action: 1
BLIP2ITMClient.cosine: (480, 640, 3), Seems like there is a tv ahead.
BLIP2ITMClient.cosine: (480, 640, 3), Seems like there is a tv ahead.
Sticking to last point.
Best value: 15.77%
Step: 16 | Mode: explore | Action: 2
BLIP2ITMClient.cosine: (480, 640, 3), Seems like there is a tv ahead.
BLIP2ITMClient.cosine: (480, 640, 3), Seems like there is a tv ahead.
Best value: 15.77%
Step: 17 | Mode: explore | Action: 1
BLIP2ITMClient.cosine: (480, 640, 3), Seems like there is a tv ahead.
BLIP2ITMClient.cosine: (480, 640, 3), Seems like there is a tv ahead.
Sticking to last point.
Best value: 15.77%
Step: 18 | Mode: explore | Action: 1
BLIP2ITMClient.cosine: (480, 640, 3), Seems like there is a tv ahead.
BLIP2ITMClient.cosine: (480, 640, 3), Seems like there is a tv ahead.
Sticking to last point.
Best value: 15.77%
Step: 19 | Mode: explore | Action: 2
BLIP2ITMClient.cosine: (480, 640, 3), Seems like there is a tv ahead.
Sticking to last point.
Best value: 15.77%
Step: 20 | Mode: explore | Action: 1
BLIP2ITMClient.cosine: (480, 640, 3), Seems like there is a tv ahead.
BLIP2ITMClient.cosine: (480, 640, 3), Seems like there is a tv ahead.
Sticking to last point.
Best value: 15.77%
Step: 21 | Mode: explore | Action: 1
BLIP2ITMClient.cosine: (480, 640, 3), Seems like there is a tv ahead.
BLIP2ITMClient.cosine: (480, 640, 3), Seems like there is a tv ahead.
Sticking to last point.
Best value: 16.73%
Step: 22 | Mode: explore | Action: 1
BLIP2ITMClient.cosine: (480, 640, 3), Seems like there is a tv ahead.
BLIP2ITMClient.cosine: (480, 640, 3), Seems like there is a tv ahead.
Best value: 16.73%
Step: 23 | Mode: explore | Action: 1
BLIP2ITMClient.cosine: (480, 640, 3), Seems like there is a tv ahead.
BLIP2ITMClient.cosine: (480, 640, 3), Seems like there is a tv ahead.
Sticking to last point.
Best value: 16.73%
Step: 24 | Mode: explore | Action: 1
BLIP2ITMClient.cosine: (480, 640, 3), Seems like there is a tv ahead.
BLIP2ITMClient.cosine: (480, 640, 3), Seems like there is a tv ahead.
Sticking to last point.
Best value: 16.73%
Step: 25 | Mode: explore | Action: 1
BLIP2ITMClient.cosine: (480, 640, 3), Seems like there is a tv ahead.
Sticking to last point.
Best value: 16.73%
Step: 26 | Mode: explore | Action: 1
BLIP2ITMClient.cosine: (480, 640, 3), Seems like there is a tv ahead.
BLIP2ITMClient.cosine: (480, 640, 3), Seems like there is a tv ahead.
Best value: 15.77%
Step: 27 | Mode: explore | Action: 3
BLIP2ITMClient.cosine: (480, 640, 3), Seems like there is a tv ahead.
BLIP2ITMClient.cosine: (480, 640, 3), Seems like there is a tv ahead.
Sticking to last point.
Best value: 15.77%
Step: 28 | Mode: explore | Action: 3
BLIP2ITMClient.cosine: (480, 640, 3), Seems like there is a tv ahead.
Sticking to last point.
Best value: 15.77%
Step: 29 | Mode: explore | Action: 3
BLIP2ITMClient.cosine: (480, 640, 3), Seems like there is a tv ahead.
Sticking to last point.
Best value: 15.77%
Step: 30 | Mode: explore | Action: 3
BLIP2ITMClient.cosine: (480, 640, 3), Seems like there is a tv ahead.
BLIP2ITMClient.cosine: (480, 640, 3), Seems like there is a tv ahead.
Sticking to last point.
Best value: 15.77%
Step: 31 | Mode: explore | Action: 3
BLIP2ITMClient.cosine: (480, 640, 3), Seems like there is a tv ahead.
Sticking to last point.
Best value: 15.77%
Step: 32 | Mode: explore | Action: 3
BLIP2ITMClient.cosine: (480, 640, 3), Seems like there is a tv ahead.
Sticking to last point.
Best value: 15.77%
Step: 33 | Mode: explore | Action: 1
BLIP2ITMClient.cosine: (480, 640, 3), Seems like there is a tv ahead.
Sticking to last point.
Best value: 15.77%
Step: 34 | Mode: explore | Action: 1
BLIP2ITMClient.cosine: (480, 640, 3), Seems like there is a tv ahead.
Sticking to last point.
Best value: 15.77%
Step: 35 | Mode: explore | Action: 1
BLIP2ITMClient.cosine: (480, 640, 3), Seems like there is a tv ahead.
BLIP2ITMClient.cosine: (480, 640, 3), Seems like there is a tv ahead.
Sticking to last point.
Best value: 15.77%
Step: 36 | Mode: explore | Action: 1
BLIP2ITMClient.cosine: (480, 640, 3), Seems like there is a tv ahead.
Sticking to last point.
Best value: 15.77%
Step: 37 | Mode: explore | Action: 1
BLIP2ITMClient.cosine: (480, 640, 3), Seems like there is a tv ahead.
BLIP2ITMClient.cosine: (480, 640, 3), Seems like there is a tv ahead.
Sticking to last point.
Best value: 15.77%
Step: 38 | Mode: explore | Action: 1
BLIP2ITMClient.cosine: (480, 640, 3), Seems like there is a tv ahead.
BLIP2ITMClient.cosine: (480, 640, 3), Seems like there is a tv ahead.
Sticking to last point.
Best value: 15.77%
Step: 39 | Mode: explore | Action: 1
BLIP2ITMClient.cosine: (480, 640, 3), Seems like there is a tv ahead.
BLIP2ITMClient.cosine: (480, 640, 3), Seems like there is a tv ahead.
Sticking to last point.
Best value: 15.77%
Step: 40 | Mode: explore | Action: 1
BLIP2ITMClient.cosine: (480, 640, 3), Seems like there is a tv ahead.
Sticking to last point.
Best value: 15.77%
Step: 41 | Mode: explore | Action: 3
BLIP2ITMClient.cosine: (480, 640, 3), Seems like there is a tv ahead.
BLIP2ITMClient.cosine: (480, 640, 3), Seems like there is a tv ahead.
Sticking to last point.
Best value: 15.77%
Step: 42 | Mode: explore | Action: 1
BLIP2ITMClient.cosine: (480, 640, 3), Seems like there is a tv ahead.
Sticking to last point.
Best value: 15.77%
Step: 43 | Mode: explore | Action: 1
BLIP2ITMClient.cosine: (480, 640, 3), Seems like there is a tv ahead.
Sticking to last point.
Best value: 15.77%
Step: 44 | Mode: explore | Action: 1
BLIP2ITMClient.cosine: (480, 640, 3), Seems like there is a tv ahead.
Sticking to last point.
Best value: 15.77%
Step: 45 | Mode: explore | Action: 1
BLIP2ITMClient.cosine: (480, 640, 3), Seems like there is a tv ahead.
Sticking to last point.
Best value: 15.77%
Step: 46 | Mode: explore | Action: 1
BLIP2ITMClient.cosine: (480, 640, 3), Seems like there is a tv ahead.
Sticking to last point.
Best value: 15.77%
Step: 47 | Mode: explore | Action: 2
BLIP2ITMClient.cosine: (480, 640, 3), Seems like there is a tv ahead.
BLIP2ITMClient.cosine: (480, 640, 3), Seems like there is a tv ahead.
Sticking to last point.
Best value: 15.87%
Step: 48 | Mode: explore | Action: 1
BLIP2ITMClient.cosine: (480, 640, 3), Seems like there is a tv ahead.
BLIP2ITMClient.cosine: (480, 640, 3), Seems like there is a tv ahead.
Sticking to last point.
Best value: 15.00%
Step: 49 | Mode: explore | Action: 1
BLIP2ITMClient.cosine: (480, 640, 3), Seems like there is a tv ahead.
BLIP2ITMClient.cosine: (480, 640, 3), Seems like there is a tv ahead.
Sticking to last point.
Best value: 17.91%
Step: 50 | Mode: explore | Action: 2
BLIP2ITMClient.cosine: (480, 640, 3), Seems like there is a tv ahead.
BLIP2ITMClient.cosine: (480, 640, 3), Seems like there is a tv ahead.
Best value: 18.46%
Step: 51 | Mode: explore | Action: 2
BLIP2ITMClient.cosine: (480, 640, 3), Seems like there is a tv ahead.
BLIP2ITMClient.cosine: (480, 640, 3), Seems like there is a tv ahead.
Sticking to last point.
Best value: 18.46%
Step: 52 | Mode: explore | Action: 2
BLIP2ITMClient.cosine: (480, 640, 3), Seems like there is a tv ahead.
Sticking to last point.
Best value: 18.46%
Step: 53 | Mode: explore | Action: 2
BLIP2ITMClient.cosine: (480, 640, 3), Seems like there is a tv ahead.
Sticking to last point.
Best value: 18.46%
Step: 54 | Mode: explore | Action: 2
BLIP2ITMClient.cosine: (480, 640, 3), Seems like there is a tv ahead.
Sticking to last point.
Best value: 18.46%
Step: 55 | Mode: explore | Action: 1
BLIP2ITMClient.cosine: (480, 640, 3), Seems like there is a tv ahead.
Sticking to last point.
Best value: 18.46%
Step: 56 | Mode: explore | Action: 1
BLIP2ITMClient.cosine: (480, 640, 3), Seems like there is a tv ahead.
Sticking to last point.
Best value: 18.46%
Step: 57 | Mode: explore | Action: 1
BLIP2ITMClient.cosine: (480, 640, 3), Seems like there is a tv ahead.
Sticking to last point.
Best value: 18.46%
Step: 58 | Mode: explore | Action: 1
BLIP2ITMClient.cosine: (480, 640, 3), Seems like there is a tv ahead.
Sticking to last point.
Best value: 18.46%
Step: 59 | Mode: explore | Action: 1
BLIP2ITMClient.cosine: (480, 640, 3), Seems like there is a tv ahead.
Sticking to last point.
Best value: 18.46%
Step: 60 | Mode: explore | Action: 2
BLIP2ITMClient.cosine: (480, 640, 3), Seems like there is a tv ahead.
Sticking to last point.
Best value: 18.46%
Step: 61 | Mode: explore | Action: 1
BLIP2ITMClient.cosine: (480, 640, 3), Seems like there is a tv ahead.
Sticking to last point.
Best value: 18.46%
Step: 62 | Mode: explore | Action: 1
BLIP2ITMClient.cosine: (480, 640, 3), Seems like there is a tv ahead.
Sticking to last point.
Best value: 18.46%
Step: 63 | Mode: explore | Action: 1
BLIP2ITMClient.cosine: (480, 640, 3), Seems like there is a tv ahead.
Sticking to last point.
Best value: 18.46%
Step: 64 | Mode: explore | Action: 1
BLIP2ITMClient.cosine: (480, 640, 3), Seems like there is a tv ahead.
Sticking to last point.
Best value: 18.46%
Step: 65 | Mode: explore | Action: 1
BLIP2ITMClient.cosine: (480, 640, 3), Seems like there is a tv ahead.
Sticking to last point.
Best value: 18.46%
Step: 66 | Mode: explore | Action: 1
BLIP2ITMClient.cosine: (480, 640, 3), Seems like there is a tv ahead.
Sticking to last point.
Best value: 18.46%
Step: 67 | Mode: explore | Action: 1
BLIP2ITMClient.cosine: (480, 640, 3), Seems like there is a tv ahead.
Sticking to last point.
Best value: 18.46%
Step: 68 | Mode: explore | Action: 3
BLIP2ITMClient.cosine: (480, 640, 3), Seems like there is a tv ahead.
Sticking to last point.
Best value: 18.46%
Step: 69 | Mode: explore | Action: 1
BLIP2ITMClient.cosine: (480, 640, 3), Seems like there is a tv ahead.
BLIP2ITMClient.cosine: (480, 640, 3), Seems like there is a tv ahead.
Sticking to last point.
Best value: 18.46%
Step: 70 | Mode: explore | Action: 1
BLIP2ITMClient.cosine: (480, 640, 3), Seems like there is a tv ahead.
BLIP2ITMClient.cosine: (480, 640, 3), Seems like there is a tv ahead.
Best value: 17.91%
Step: 71 | Mode: explore | Action: 3
BLIP2ITMClient.cosine: (480, 640, 3), Seems like there is a tv ahead.
Sticking to last point.
Best value: 17.91%
Step: 72 | Mode: explore | Action: 3
BLIP2ITMClient.cosine: (480, 640, 3), Seems like there is a tv ahead.
Sticking to last point.
Best value: 17.91%
Step: 73 | Mode: explore | Action: 3
BLIP2ITMClient.cosine: (480, 640, 3), Seems like there is a tv ahead.
Sticking to last point.
Best value: 17.91%
Step: 74 | Mode: explore | Action: 3
BLIP2ITMClient.cosine: (480, 640, 3), Seems like there is a tv ahead.
Sticking to last point.
Best value: 17.91%
Step: 75 | Mode: explore | Action: 3
BLIP2ITMClient.cosine: (480, 640, 3), Seems like there is a tv ahead.
Sticking to last point.
Best value: 17.91%
Step: 76 | Mode: explore | Action: 3
BLIP2ITMClient.cosine: (480, 640, 3), Seems like there is a tv ahead.
Sticking to last point.
Best value: 17.91%
Step: 77 | Mode: explore | Action: 1
BLIP2ITMClient.cosine: (480, 640, 3), Seems like there is a tv ahead.
Sticking to last point.
Best value: 17.91%
Step: 78 | Mode: explore | Action: 1
BLIP2ITMClient.cosine: (480, 640, 3), Seems like there is a tv ahead.
Sticking to last point.
Best value: 17.91%
Step: 79 | Mode: explore | Action: 1
BLIP2ITMClient.cosine: (480, 640, 3), Seems like there is a tv ahead.
Sticking to last point.
Best value: 17.91%
Step: 80 | Mode: explore | Action: 1
BLIP2ITMClient.cosine: (480, 640, 3), Seems like there is a tv ahead.
Sticking to last point.
Best value: 17.91%
Step: 81 | Mode: explore | Action: 1
BLIP2ITMClient.cosine: (480, 640, 3), Seems like there is a tv ahead.
Sticking to last point.
Best value: 17.91%
Step: 82 | Mode: explore | Action: 1
BLIP2ITMClient.cosine: (480, 640, 3), Seems like there is a tv ahead.
Sticking to last point.
Best value: 17.91%
Step: 83 | Mode: explore | Action: 1
BLIP2ITMClient.cosine: (480, 640, 3), Seems like there is a tv ahead.
Sticking to last point.
Best value: 17.91%
Step: 84 | Mode: explore | Action: 2
BLIP2ITMClient.cosine: (480, 640, 3), Seems like there is a tv ahead.
Sticking to last point.
Best value: 17.91%
Step: 85 | Mode: explore | Action: 1
BLIP2ITMClient.cosine: (480, 640, 3), Seems like there is a tv ahead.
Sticking to last point.
Best value: 17.91%
Step: 86 | Mode: explore | Action: 1
BLIP2ITMClient.cosine: (480, 640, 3), Seems like there is a tv ahead.
Sticking to last point.
Best value: 17.91%
Step: 87 | Mode: explore | Action: 1
BLIP2ITMClient.cosine: (480, 640, 3), Seems like there is a tv ahead.
Sticking to last point.
Best value: 17.91%
Step: 88 | Mode: explore | Action: 1
BLIP2ITMClient.cosine: (480, 640, 3), Seems like there is a tv ahead.
Sticking to last point.
Best value: 17.91%
Step: 89 | Mode: explore | Action: 1
BLIP2ITMClient.cosine: (480, 640, 3), Seems like there is a tv ahead.
Sticking to last point.
Best value: 17.91%
Step: 90 | Mode: explore | Action: 1
BLIP2ITMClient.cosine: (480, 640, 3), Seems like there is a tv ahead.
Sticking to last point.
Best value: 17.91%
Step: 91 | Mode: explore | Action: 1
BLIP2ITMClient.cosine: (480, 640, 3), Seems like there is a tv ahead.
Sticking to last point.
Best value: 17.91%
Step: 92 | Mode: explore | Action: 3
BLIP2ITMClient.cosine: (480, 640, 3), Seems like there is a tv ahead.
BLIP2ITMClient.cosine: (480, 640, 3), Seems like there is a tv ahead.
Best value: 16.71%
Step: 93 | Mode: explore | Action: 2
BLIP2ITMClient.cosine: (480, 640, 3), Seems like there is a tv ahead.
Sticking to last point.
Best value: 16.71%
Step: 94 | Mode: explore | Action: 2
BLIP2ITMClient.cosine: (480, 640, 3), Seems like there is a tv ahead.
Sticking to last point.
Best value: 16.71%
Step: 95 | Mode: explore | Action: 2
BLIP2ITMClient.cosine: (480, 640, 3), Seems like there is a tv ahead.
Sticking to last point.
Best value: 16.71%
Step: 96 | Mode: explore | Action: 2
BLIP2ITMClient.cosine: (480, 640, 3), Seems like there is a tv ahead.
Sticking to last point.
Best value: 16.71%
Step: 97 | Mode: explore | Action: 2
BLIP2ITMClient.cosine: (480, 640, 3), Seems like there is a tv ahead.
Sticking to last point.
Best value: 16.71%
Step: 98 | Mode: explore | Action: 2
BLIP2ITMClient.cosine: (480, 640, 3), Seems like there is a tv ahead.
Sticking to last point.
Best value: 16.71%
Step: 99 | Mode: explore | Action: 1
BLIP2ITMClient.cosine: (480, 640, 3), Seems like there is a tv ahead.
Sticking to last point.
Best value: 16.71%
Step: 100 | Mode: explore | Action: 1
BLIP2ITMClient.cosine: (480, 640, 3), Seems like there is a tv ahead.
Sticking to last point.
Best value: 16.71%
Step: 101 | Mode: explore | Action: 1
BLIP2ITMClient.cosine: (480, 640, 3), Seems like there is a tv ahead.
Sticking to last point.
Best value: 16.71%
Step: 102 | Mode: explore | Action: 1
BLIP2ITMClient.cosine: (480, 640, 3), Seems like there is a tv ahead.
Sticking to last point.
Best value: 16.71%
Step: 103 | Mode: explore | Action: 1
BLIP2ITMClient.cosine: (480, 640, 3), Seems like there is a tv ahead.
Sticking to last point.
Best value: 16.71%
Step: 104 | Mode: explore | Action: 2
BLIP2ITMClient.cosine: (480, 640, 3), Seems like there is a tv ahead.
Sticking to last point.
Best value: 16.71%
Step: 105 | Mode: explore | Action: 1
BLIP2ITMClient.cosine: (480, 640, 3), Seems like there is a tv ahead.
Sticking to last point.
Best value: 16.71%
Step: 106 | Mode: explore | Action: 1
BLIP2ITMClient.cosine: (480, 640, 3), Seems like there is a tv ahead.
Sticking to last point.
Best value: 16.71%
Step: 107 | Mode: explore | Action: 1
BLIP2ITMClient.cosine: (480, 640, 3), Seems like there is a tv ahead.
Sticking to last point.
Best value: 16.71%
Step: 108 | Mode: explore | Action: 1
BLIP2ITMClient.cosine: (480, 640, 3), Seems like there is a tv ahead.
Sticking to last point.
Best value: 16.71%
Step: 109 | Mode: explore | Action: 1
BLIP2ITMClient.cosine: (480, 640, 3), Seems like there is a tv ahead.
Sticking to last point.
Best value: 16.71%
Step: 110 | Mode: explore | Action: 1
BLIP2ITMClient.cosine: (480, 640, 3), Seems like there is a tv ahead.
Sticking to last point.
Best value: 16.71%
Step: 111 | Mode: explore | Action: 1
BLIP2ITMClient.cosine: (480, 640, 3), Seems like there is a tv ahead.
Sticking to last point.
Best value: 16.71%
Step: 112 | Mode: explore | Action: 3
BLIP2ITMClient.cosine: (480, 640, 3), Seems like there is a tv ahead.
Sticking to last point.
Best value: 16.71%
Step: 113 | Mode: explore | Action: 1
BLIP2ITMClient.cosine: (480, 640, 3), Seems like there is a tv ahead.
Sticking to last point.
Best value: 16.71%
Step: 114 | Mode: explore | Action: 1
BLIP2ITMClient.cosine: (480, 640, 3), Seems like there is a tv ahead.
Sticking to last point.
Best value: 16.71%
Step: 115 | Mode: explore | Action: 1
BLIP2ITMClient.cosine: (480, 640, 3), Seems like there is a tv ahead.
Sticking to last point.
Best value: 16.71%
Step: 116 | Mode: explore | Action: 3
BLIP2ITMClient.cosine: (480, 640, 3), Seems like there is a tv ahead.
Sticking to last point.
Best value: 16.71%
Step: 117 | Mode: explore | Action: 1
BLIP2ITMClient.cosine: (480, 640, 3), Seems like there is a tv ahead.
Sticking to last point.
Best value: 16.71%
Step: 118 | Mode: explore | Action: 1
BLIP2ITMClient.cosine: (480, 640, 3), Seems like there is a tv ahead.
Sticking to last point.
Best value: 16.71%
Step: 119 | Mode: explore | Action: 1
BLIP2ITMClient.cosine: (480, 640, 3), Seems like there is a tv ahead.
BLIP2ITMClient.cosine: (480, 640, 3), Seems like there is a tv ahead.
Sticking to last point.
Best value: 20.59%
Step: 120 | Mode: explore | Action: 3
BLIP2ITMClient.cosine: (480, 640, 3), Seems like there is a tv ahead.
BLIP2ITMClient.cosine: (480, 640, 3), Seems like there is a tv ahead.
Sticking to last point.
Best value: 20.59%
Step: 121 | Mode: explore | Action: 1
BLIP2ITMClient.cosine: (480, 640, 3), Seems like there is a tv ahead.
Sticking to last point.
Best value: 20.59%
Step: 122 | Mode: explore | Action: 1
BLIP2ITMClient.cosine: (480, 640, 3), Seems like there is a tv ahead.
Sticking to last point.
Best value: 20.59%
Step: 123 | Mode: explore | Action: 2
BLIP2ITMClient.cosine: (480, 640, 3), Seems like there is a tv ahead.
BLIP2ITMClient.cosine: (480, 640, 3), Seems like there is a tv ahead.
Best value: 17.73%
Step: 124 | Mode: explore | Action: 2
BLIP2ITMClient.cosine: (480, 640, 3), Seems like there is a tv ahead.
Sticking to last point.
Best value: 17.73%
Step: 125 | Mode: explore | Action: 1
BLIP2ITMClient.cosine: (480, 640, 3), Seems like there is a tv ahead.
BLIP2ITMClient.cosine: (480, 640, 3), Seems like there is a tv ahead.
Sticking to last point.
Best value: 17.65%
Step: 126 | Mode: explore | Action: 3
BLIP2ITMClient.cosine: (480, 640, 3), Seems like there is a tv ahead.
Sticking to last point.
Best value: 17.65%
Step: 127 | Mode: explore | Action: 1
BLIP2ITMClient.cosine: (480, 640, 3), Seems like there is a tv ahead.
Sticking to last point.
Best value: 17.65%
Step: 128 | Mode: explore | Action: 1
BLIP2ITMClient.cosine: (480, 640, 3), Seems like there is a tv ahead.
Sticking to last point.
Best value: 17.65%
Step: 129 | Mode: explore | Action: 2
BLIP2ITMClient.cosine: (480, 640, 3), Seems like there is a tv ahead.
BLIP2ITMClient.cosine: (480, 640, 3), Seems like there is a tv ahead.
Best value: 16.71%
Step: 130 | Mode: explore | Action: 2
BLIP2ITMClient.cosine: (480, 640, 3), Seems like there is a tv ahead.
BLIP2ITMClient.cosine: (480, 640, 3), Seems like there is a tv ahead.
Sticking to last point.
Best value: 17.09%
Step: 131 | Mode: explore | Action: 3
BLIP2ITMClient.cosine: (480, 640, 3), Seems like there is a tv ahead.
Sticking to last point.
Best value: 17.09%
Step: 132 | Mode: explore | Action: 1
BLIP2ITMClient.cosine: (480, 640, 3), Seems like there is a tv ahead.
BLIP2ITMClient.cosine: (480, 640, 3), Seems like there is a tv ahead.
Sticking to last point.
Best value: 17.09%
Step: 133 | Mode: explore | Action: 2
BLIP2ITMClient.cosine: (480, 640, 3), Seems like there is a tv ahead.
BLIP2ITMClient.cosine: (480, 640, 3), Seems like there is a tv ahead.
Best value: 16.43%
Step: 134 | Mode: explore | Action: 2
BLIP2ITMClient.cosine: (480, 640, 3), Seems like there is a tv ahead.
Sticking to last point.
Best value: 16.43%
Step: 135 | Mode: explore | Action: 2
BLIP2ITMClient.cosine: (480, 640, 3), Seems like there is a tv ahead.
Sticking to last point.
Best value: 16.43%
Step: 136 | Mode: explore | Action: 2
BLIP2ITMClient.cosine: (480, 640, 3), Seems like there is a tv ahead.
Sticking to last point.
Best value: 16.43%
Step: 137 | Mode: explore | Action: 2
BLIP2ITMClient.cosine: (480, 640, 3), Seems like there is a tv ahead.
BLIP2ITMClient.cosine: (480, 640, 3), Seems like there is a tv ahead.
Sticking to last point.
Best value: 16.43%
Step: 138 | Mode: explore | Action: 1
BLIP2ITMClient.cosine: (480, 640, 3), Seems like there is a tv ahead.
Sticking to last point.
Best value: 16.43%
Step: 139 | Mode: explore | Action: 1
BLIP2ITMClient.cosine: (480, 640, 3), Seems like there is a tv ahead.
Sticking to last point.
Best value: 16.43%
Step: 140 | Mode: explore | Action: 1
BLIP2ITMClient.cosine: (480, 640, 3), Seems like there is a tv ahead.
Sticking to last point.
Best value: 16.43%
Step: 141 | Mode: explore | Action: 1
BLIP2ITMClient.cosine: (480, 640, 3), Seems like there is a tv ahead.
Sticking to last point.
Best value: 16.43%
Step: 142 | Mode: explore | Action: 1
BLIP2ITMClient.cosine: (480, 640, 3), Seems like there is a tv ahead.
Sticking to last point.
Best value: 16.43%
Step: 143 | Mode: explore | Action: 1
BLIP2ITMClient.cosine: (480, 640, 3), Seems like there is a tv ahead.
Sticking to last point.
Best value: 16.43%
Step: 144 | Mode: explore | Action: 1
BLIP2ITMClient.cosine: (480, 640, 3), Seems like there is a tv ahead.
Sticking to last point.
Best value: 16.43%
Step: 145 | Mode: explore | Action: 1
BLIP2ITMClient.cosine: (480, 640, 3), Seems like there is a tv ahead.
Sticking to last point.
Best value: 16.43%
Step: 146 | Mode: explore | Action: 1
BLIP2ITMClient.cosine: (480, 640, 3), Seems like there is a tv ahead.
Sticking to last point.
Best value: 16.43%
Step: 147 | Mode: explore | Action: 2
BLIP2ITMClient.cosine: (480, 640, 3), Seems like there is a tv ahead.
Sticking to last point.
Best value: 16.43%
Step: 148 | Mode: explore | Action: 1
BLIP2ITMClient.cosine: (480, 640, 3), Seems like there is a tv ahead.
Sticking to last point.
Best value: 16.43%
Step: 149 | Mode: explore | Action: 1
BLIP2ITMClient.cosine: (480, 640, 3), Seems like there is a tv ahead.
BLIP2ITMClient.cosine: (480, 640, 3), Seems like there is a tv ahead.
Sticking to last point.
Best value: 17.93%
Step: 150 | Mode: explore | Action: 1
BLIP2ITMClient.cosine: (480, 640, 3), Seems like there is a tv ahead.
Sticking to last point.
Best value: 17.93%
Step: 151 | Mode: explore | Action: 1
BLIP2ITMClient.cosine: (480, 640, 3), Seems like there is a tv ahead.
Sticking to last point.
Best value: 17.93%
Step: 152 | Mode: explore | Action: 1
BLIP2ITMClient.cosine: (480, 640, 3), Seems like there is a tv ahead.
Sticking to last point.
Best value: 17.93%
Step: 153 | Mode: explore | Action: 1
BLIP2ITMClient.cosine: (480, 640, 3), Seems like there is a tv ahead.
Sticking to last point.
Best value: 17.93%
Step: 154 | Mode: explore | Action: 1
BLIP2ITMClient.cosine: (480, 640, 3), Seems like there is a tv ahead.
Sticking to last point.
Best value: 17.93%
Step: 155 | Mode: explore | Action: 2
BLIP2ITMClient.cosine: (480, 640, 3), Seems like there is a tv ahead.
Sticking to last point.
Best value: 17.93%
Step: 156 | Mode: explore | Action: 1
BLIP2ITMClient.cosine: (480, 640, 3), Seems like there is a tv ahead.
Sticking to last point.
Best value: 17.93%
Step: 157 | Mode: explore | Action: 1
BLIP2ITMClient.cosine: (480, 640, 3), Seems like there is a tv ahead.
Sticking to last point.
Best value: 17.93%
Step: 158 | Mode: explore | Action: 1
BLIP2ITMClient.cosine: (480, 640, 3), Seems like there is a tv ahead.
Sticking to last point.
Best value: 17.93%
Step: 159 | Mode: explore | Action: 1
BLIP2ITMClient.cosine: (480, 640, 3), Seems like there is a tv ahead.
Sticking to last point.
Best value: 17.93%
Step: 160 | Mode: explore | Action: 1
BLIP2ITMClient.cosine: (480, 640, 3), Seems like there is a tv ahead.
Sticking to last point.
Best value: 17.93%
Step: 161 | Mode: explore | Action: 1
BLIP2ITMClient.cosine: (480, 640, 3), Seems like there is a tv ahead.
Sticking to last point.
Best value: 17.93%
Step: 162 | Mode: explore | Action: 1
BLIP2ITMClient.cosine: (480, 640, 3), Seems like there is a tv ahead.
Sticking to last point.
Best value: 17.93%
Step: 163 | Mode: explore | Action: 1
BLIP2ITMClient.cosine: (480, 640, 3), Seems like there is a tv ahead.
Sticking to last point.
Best value: 17.93%
Step: 164 | Mode: explore | Action: 1
BLIP2ITMClient.cosine: (480, 640, 3), Seems like there is a tv ahead.
Sticking to last point.
Best value: 17.93%
Step: 165 | Mode: explore | Action: 1
BLIP2ITMClient.cosine: (480, 640, 3), Seems like there is a tv ahead.
Sticking to last point.
Best value: 17.93%
Step: 166 | Mode: explore | Action: 1
BLIP2ITMClient.cosine: (480, 640, 3), Seems like there is a tv ahead.
Sticking to last point.
Best value: 17.93%
Step: 167 | Mode: explore | Action: 2
BLIP2ITMClient.cosine: (480, 640, 3), Seems like there is a tv ahead.
Best value: 15.16%
Step: 168 | Mode: explore | Action: 1
BLIP2ITMClient.cosine: (480, 640, 3), Seems like there is a tv ahead.
Sticking to last point.
Best value: 15.16%
Step: 169 | Mode: explore | Action: 2
BLIP2ITMClient.cosine: (480, 640, 3), Seems like there is a tv ahead.
Sticking to last point.
Best value: 15.16%
Step: 170 | Mode: explore | Action: 2
BLIP2ITMClient.cosine: (480, 640, 3), Seems like there is a tv ahead.
Sticking to last point.
Best value: 15.16%
Step: 171 | Mode: explore | Action: 2
BLIP2ITMClient.cosine: (480, 640, 3), Seems like there is a tv ahead.
Sticking to last point.
Best value: 15.16%
Step: 172 | Mode: explore | Action: 2
BLIP2ITMClient.cosine: (480, 640, 3), Seems like there is a tv ahead.
Sticking to last point.
Best value: 15.16%
Step: 173 | Mode: explore | Action: 2
BLIP2ITMClient.cosine: (480, 640, 3), Seems like there is a tv ahead.
BLIP2ITMClient.cosine: (480, 640, 3), Seems like there is a tv ahead.
Sticking to last point.
Best value: 15.16%
Step: 174 | Mode: explore | Action: 1
BLIP2ITMClient.cosine: (480, 640, 3), Seems like there is a tv ahead.
Sticking to last point.
Best value: 15.16%
Step: 175 | Mode: explore | Action: 1
BLIP2ITMClient.cosine: (480, 640, 3), Seems like there is a tv ahead.
Sticking to last point.
Best value: 15.16%
Step: 176 | Mode: explore | Action: 1
BLIP2ITMClient.cosine: (480, 640, 3), Seems like there is a tv ahead.
Sticking to last point.
Best value: 15.16%
Step: 177 | Mode: explore | Action: 1
BLIP2ITMClient.cosine: (480, 640, 3), Seems like there is a tv ahead.
Sticking to last point.
Best value: 15.16%
Step: 178 | Mode: explore | Action: 1
BLIP2ITMClient.cosine: (480, 640, 3), Seems like there is a tv ahead.
Sticking to last point.
Best value: 15.16%
Step: 179 | Mode: explore | Action: 1
BLIP2ITMClient.cosine: (480, 640, 3), Seems like there is a tv ahead.
Sticking to last point.
Best value: 15.16%
Step: 180 | Mode: explore | Action: 1
BLIP2ITMClient.cosine: (480, 640, 3), Seems like there is a tv ahead.
Sticking to last point.
Best value: 15.16%
Step: 181 | Mode: explore | Action: 1
BLIP2ITMClient.cosine: (480, 640, 3), Seems like there is a tv ahead.
Sticking to last point.
Best value: 15.16%
Step: 182 | Mode: explore | Action: 1
BLIP2ITMClient.cosine: (480, 640, 3), Seems like there is a tv ahead.
Sticking to last point.
Best value: 15.16%
Step: 183 | Mode: explore | Action: 1
BLIP2ITMClient.cosine: (480, 640, 3), Seems like there is a tv ahead.
Sticking to last point.
Best value: 15.16%
Step: 184 | Mode: explore | Action: 1
BLIP2ITMClient.cosine: (480, 640, 3), Seems like there is a tv ahead.
Sticking to last point.
Best value: 15.16%
Step: 185 | Mode: explore | Action: 1
BLIP2ITMClient.cosine: (480, 640, 3), Seems like there is a tv ahead.
BLIP2ITMClient.cosine: (480, 640, 3), Seems like there is a tv ahead.
Sticking to last point.
Best value: 14.62%
Step: 186 | Mode: explore | Action: 1
BLIP2ITMClient.cosine: (480, 640, 3), Seems like there is a tv ahead.
Sticking to last point.
Best value: 14.62%
Step: 187 | Mode: explore | Action: 1
BLIP2ITMClient.cosine: (480, 640, 3), Seems like there is a tv ahead.
Sticking to last point.
Best value: 14.62%
Step: 188 | Mode: explore | Action: 1
BLIP2ITMClient.cosine: (480, 640, 3), Seems like there is a tv ahead.
Sticking to last point.
Best value: 14.62%
Step: 189 | Mode: explore | Action: 3
BLIP2ITMClient.cosine: (480, 640, 3), Seems like there is a tv ahead.
Sticking to last point.
Best value: 14.62%
Step: 190 | Mode: explore | Action: 1
BLIP2ITMClient.cosine: (480, 640, 3), Seems like there is a tv ahead.
BLIP2ITMClient.cosine: (480, 640, 3), Seems like there is a tv ahead.
Sticking to last point.
Best value: 15.11%
Step: 191 | Mode: explore | Action: 1
BLIP2ITMClient.cosine: (480, 640, 3), Seems like there is a tv ahead.
Sticking to last point.
Best value: 15.11%
Step: 192 | Mode: explore | Action: 1
BLIP2ITMClient.cosine: (480, 640, 3), Seems like there is a tv ahead.
Sticking to last point.
Best value: 15.11%
Step: 193 | Mode: explore | Action: 1
BLIP2ITMClient.cosine: (480, 640, 3), Seems like there is a tv ahead.
Sticking to last point.
Best value: 15.11%
Step: 194 | Mode: explore | Action: 2
BLIP2ITMClient.cosine: (480, 640, 3), Seems like there is a tv ahead.
Sticking to last point.
Best value: 15.11%
Step: 195 | Mode: explore | Action: 1
BLIP2ITMClient.cosine: (480, 640, 3), Seems like there is a tv ahead.
Sticking to last point.
Best value: 15.11%
Step: 196 | Mode: explore | Action: 1
BLIP2ITMClient.cosine: (480, 640, 3), Seems like there is a tv ahead.
Sticking to last point.
Best value: 15.11%
Step: 197 | Mode: explore | Action: 1
BLIP2ITMClient.cosine: (480, 640, 3), Seems like there is a tv ahead.
Sticking to last point.
Best value: 15.11%
Step: 198 | Mode: explore | Action: 1
BLIP2ITMClient.cosine: (480, 640, 3), Seems like there is a tv ahead.
BLIP2ITMClient.cosine: (480, 640, 3), Seems like there is a tv ahead.
Sticking to last point.
Best value: 15.11%
Step: 199 | Mode: explore | Action: 1
BLIP2ITMClient.cosine: (480, 640, 3), Seems like there is a tv ahead.
BLIP2ITMClient.cosine: (480, 640, 3), Seems like there is a tv ahead.
Sticking to last point.
Best value: 18.75%
Step: 200 | Mode: explore | Action: 1
BLIP2ITMClient.cosine: (480, 640, 3), Seems like there is a tv ahead.
BLIP2ITMClient.cosine: (480, 640, 3), Seems like there is a tv ahead.
Best value: 16.90%
Step: 201 | Mode: explore | Action: 1
BLIP2ITMClient.cosine: (480, 640, 3), Seems like there is a tv ahead.
BLIP2ITMClient.cosine: (480, 640, 3), Seems like there is a tv ahead.
Sticking to last point.
Best value: 17.13%
Step: 202 | Mode: explore | Action: 1
BLIP2ITMClient.cosine: (480, 640, 3), Seems like there is a tv ahead.
BLIP2ITMClient.cosine: (480, 640, 3), Seems like there is a tv ahead.
Sticking to last point.
Best value: 18.07%
Step: 203 | Mode: explore | Action: 1
BLIP2ITMClient.cosine: (480, 640, 3), Seems like there is a tv ahead.
BLIP2ITMClient.cosine: (480, 640, 3), Seems like there is a tv ahead.
Sticking to last point.
Best value: 19.64%
Step: 204 | Mode: explore | Action: 1
BLIP2ITMClient.cosine: (480, 640, 3), Seems like there is a tv ahead.
BLIP2ITMClient.cosine: (480, 640, 3), Seems like there is a tv ahead.
Best value: 17.44%
Step: 205 | Mode: explore | Action: 1
BLIP2ITMClient.cosine: (480, 640, 3), Seems like there is a tv ahead.
BLIP2ITMClient.cosine: (480, 640, 3), Seems like there is a tv ahead.
Sticking to last point.
Best value: 16.94%
Step: 206 | Mode: explore | Action: 1
BLIP2ITMClient.cosine: (480, 640, 3), Seems like there is a tv ahead.
Sticking to last point.
Best value: 16.94%
Step: 207 | Mode: explore | Action: 2
BLIP2ITMClient.cosine: (480, 640, 3), Seems like there is a tv ahead.
BLIP2ITMClient.cosine: (480, 640, 3), Seems like there is a tv ahead.
Sticking to last point.
Best value: 17.16%
Step: 208 | Mode: explore | Action: 1
BLIP2ITMClient.cosine: (480, 640, 3), Seems like there is a tv ahead.
BLIP2ITMClient.cosine: (480, 640, 3), Seems like there is a tv ahead.
Sticking to last point.
Best value: 18.67%
Step: 209 | Mode: explore | Action: 2
BLIP2ITMClient.cosine: (480, 640, 3), Seems like there is a tv ahead.
Sticking to last point.
Best value: 18.67%
Step: 210 | Mode: explore | Action: 3
BLIP2ITMClient.cosine: (480, 640, 3), Seems like there is a tv ahead.
Sticking to last point.
Best value: 18.67%
Step: 211 | Mode: explore | Action: 1
BLIP2ITMClient.cosine: (480, 640, 3), Seems like there is a tv ahead.
BLIP2ITMClient.cosine: (480, 640, 3), Seems like there is a tv ahead.
Sticking to last point.
Best value: 18.52%
Step: 212 | Mode: explore | Action: 2
BLIP2ITMClient.cosine: (480, 640, 3), Seems like there is a tv ahead.
BLIP2ITMClient.cosine: (480, 640, 3), Seems like there is a tv ahead.
Sticking to last point.
Best value: 18.04%
Step: 213 | Mode: explore | Action: 1
BLIP2ITMClient.cosine: (480, 640, 3), Seems like there is a tv ahead.
BLIP2ITMClient.cosine: (480, 640, 3), Seems like there is a tv ahead.
Sticking to last point.
Best value: 21.47%
Step: 214 | Mode: explore | Action: 1
BLIP2ITMClient.cosine: (480, 640, 3), Seems like there is a tv ahead.
BLIP2ITMClient.cosine: (480, 640, 3), Seems like there is a tv ahead.
Best value: 19.17%
Step: 215 | Mode: explore | Action: 2
BLIP2ITMClient.cosine: (480, 640, 3), Seems like there is a tv ahead.
BLIP2ITMClient.cosine: (480, 640, 3), Seems like there is a tv ahead.
Sticking to last point.
Best value: 18.56%
Step: 216 | Mode: explore | Action: 2
BLIP2ITMClient.cosine: (480, 640, 3), Seems like there is a tv ahead.
BLIP2ITMClient.cosine: (480, 640, 3), Seems like there is a tv ahead.
Best value: 19.17%
Step: 217 | Mode: explore | Action: 3
BLIP2ITMClient.cosine: (480, 640, 3), Seems like there is a tv ahead.
Sticking to last point.
Best value: 19.17%
Step: 218 | Mode: explore | Action: 3
BLIP2ITMClient.cosine: (480, 640, 3), Seems like there is a tv ahead.
Sticking to last point.
Best value: 19.17%
Step: 219 | Mode: explore | Action: 1
BLIP2ITMClient.cosine: (480, 640, 3), Seems like there is a tv ahead.
BLIP2ITMClient.cosine: (480, 640, 3), Seems like there is a tv ahead.
Best value: 17.44%
Step: 220 | Mode: explore | Action: 3
BLIP2ITMClient.cosine: (480, 640, 3), Seems like there is a tv ahead.
BLIP2ITMClient.cosine: (480, 640, 3), Seems like there is a tv ahead.
Sticking to last point.
Best value: 17.44%
Step: 221 | Mode: explore | Action: 1
BLIP2ITMClient.cosine: (480, 640, 3), Seems like there is a tv ahead.
BLIP2ITMClient.cosine: (480, 640, 3), Seems like there is a tv ahead.
Sticking to last point.
Best value: 17.44%
Step: 222 | Mode: explore | Action: 2
BLIP2ITMClient.cosine: (480, 640, 3), Seems like there is a tv ahead.
Sticking to last point.
Best value: 17.44%
Step: 223 | Mode: explore | Action: 1
BLIP2ITMClient.cosine: (480, 640, 3), Seems like there is a tv ahead.
Sticking to last point.
Best value: 17.44%
Step: 224 | Mode: explore | Action: 3
BLIP2ITMClient.cosine: (480, 640, 3), Seems like there is a tv ahead.
BLIP2ITMClient.cosine: (480, 640, 3), Seems like there is a tv ahead.
Sticking to last point.
Best value: 17.44%
Step: 225 | Mode: explore | Action: 3
BLIP2ITMClient.cosine: (480, 640, 3), Seems like there is a tv ahead.
Sticking to last point.
Best value: 17.44%
Step: 226 | Mode: explore | Action: 1
BLIP2ITMClient.cosine: (480, 640, 3), Seems like there is a tv ahead.
BLIP2ITMClient.cosine: (480, 640, 3), Seems like there is a tv ahead.
Sticking to last point.
Best value: 17.44%
Step: 227 | Mode: explore | Action: 1
BLIP2ITMClient.cosine: (480, 640, 3), Seems like there is a tv ahead.
BLIP2ITMClient.cosine: (480, 640, 3), Seems like there is a tv ahead.
Sticking to last point.
Best value: 17.44%
Step: 228 | Mode: explore | Action: 1
BLIP2ITMClient.cosine: (480, 640, 3), Seems like there is a tv ahead.
BLIP2ITMClient.cosine: (480, 640, 3), Seems like there is a tv ahead.
Sticking to last point.
Best value: 17.44%
Step: 229 | Mode: explore | Action: 1
BLIP2ITMClient.cosine: (480, 640, 3), Seems like there is a tv ahead.
BLIP2ITMClient.cosine: (480, 640, 3), Seems like there is a tv ahead.
Sticking to last point.
Best value: 17.44%
Step: 230 | Mode: explore | Action: 1
BLIP2ITMClient.cosine: (480, 640, 3), Seems like there is a tv ahead.
BLIP2ITMClient.cosine: (480, 640, 3), Seems like there is a tv ahead.
Sticking to last point.
Best value: 17.44%
Step: 231 | Mode: explore | Action: 1
BLIP2ITMClient.cosine: (480, 640, 3), Seems like there is a tv ahead.
BLIP2ITMClient.cosine: (480, 640, 3), Seems like there is a tv ahead.
Sticking to last point.
Best value: 17.44%
Step: 232 | Mode: explore | Action: 1
BLIP2ITMClient.cosine: (480, 640, 3), Seems like there is a tv ahead.
BLIP2ITMClient.cosine: (480, 640, 3), Seems like there is a tv ahead.
Sticking to last point.
Best value: 17.44%
Step: 233 | Mode: explore | Action: 1
BLIP2ITMClient.cosine: (480, 640, 3), Seems like there is a tv ahead.
BLIP2ITMClient.cosine: (480, 640, 3), Seems like there is a tv ahead.
Sticking to last point.
Best value: 17.44%
Step: 234 | Mode: explore | Action: 1
BLIP2ITMClient.cosine: (480, 640, 3), Seems like there is a tv ahead.
BLIP2ITMClient.cosine: (480, 640, 3), Seems like there is a tv ahead.
Sticking to last point.
Best value: 17.44%
Step: 235 | Mode: explore | Action: 1
BLIP2ITMClient.cosine: (480, 640, 3), Seems like there is a tv ahead.
BLIP2ITMClient.cosine: (480, 640, 3), Seems like there is a tv ahead.
Sticking to last point.
Best value: 17.44%
Step: 236 | Mode: explore | Action: 1
BLIP2ITMClient.cosine: (480, 640, 3), Seems like there is a tv ahead.
BLIP2ITMClient.cosine: (480, 640, 3), Seems like there is a tv ahead.
Sticking to last point.
Best value: 17.44%
Step: 237 | Mode: explore | Action: 1
BLIP2ITMClient.cosine: (480, 640, 3), Seems like there is a tv ahead.
BLIP2ITMClient.cosine: (480, 640, 3), Seems like there is a tv ahead.
Sticking to last point.
Best value: 17.44%
Step: 238 | Mode: explore | Action: 1
BLIP2ITMClient.cosine: (480, 640, 3), Seems like there is a tv ahead.
Sticking to last point.
Best value: 17.44%
Step: 239 | Mode: explore | Action: 3
BLIP2ITMClient.cosine: (480, 640, 3), Seems like there is a tv ahead.
BLIP2ITMClient.cosine: (480, 640, 3), Seems like there is a tv ahead.
Sticking to last point.
Best value: 17.44%
Step: 240 | Mode: explore | Action: 1
BLIP2ITMClient.cosine: (480, 640, 3), Seems like there is a tv ahead.
Sticking to last point.
Best value: 17.44%
Step: 241 | Mode: explore | Action: 3
BLIP2ITMClient.cosine: (480, 640, 3), Seems like there is a tv ahead.
BLIP2ITMClient.cosine: (480, 640, 3), Seems like there is a tv ahead.
Sticking to last point.
Best value: 17.44%
Step: 242 | Mode: explore | Action: 1
BLIP2ITMClient.cosine: (480, 640, 3), Seems like there is a tv ahead.
Sticking to last point.
Best value: 17.44%
Step: 243 | Mode: explore | Action: 3
BLIP2ITMClient.cosine: (480, 640, 3), Seems like there is a tv ahead.
BLIP2ITMClient.cosine: (480, 640, 3), Seems like there is a tv ahead.
Sticking to last point.
Best value: 17.44%
Step: 244 | Mode: explore | Action: 1
BLIP2ITMClient.cosine: (480, 640, 3), Seems like there is a tv ahead.
BLIP2ITMClient.cosine: (480, 640, 3), Seems like there is a tv ahead.
Sticking to last point.
Best value: 17.44%
Step: 245 | Mode: explore | Action: 1
BLIP2ITMClient.cosine: (480, 640, 3), Seems like there is a tv ahead.
BLIP2ITMClient.cosine: (480, 640, 3), Seems like there is a tv ahead.
Sticking to last point.
Best value: 17.44%
Step: 246 | Mode: explore | Action: 1
BLIP2ITMClient.cosine: (480, 640, 3), Seems like there is a tv ahead.
Sticking to last point.
Best value: 17.44%
Step: 247 | Mode: explore | Action: 1
BLIP2ITMClient.cosine: (480, 640, 3), Seems like there is a tv ahead.
Sticking to last point.
Best value: 17.44%
Step: 248 | Mode: explore | Action: 1
BLIP2ITMClient.cosine: (480, 640, 3), Seems like there is a tv ahead.
BLIP2ITMClient.cosine: (480, 640, 3), Seems like there is a tv ahead.
Sticking to last point.
Best value: 17.44%
Step: 249 | Mode: explore | Action: 3
BLIP2ITMClient.cosine: (480, 640, 3), Seems like there is a tv ahead.
BLIP2ITMClient.cosine: (480, 640, 3), Seems like there is a tv ahead.
Sticking to last point.
Best value: 17.44%
Step: 250 | Mode: explore | Action: 1
BLIP2ITMClient.cosine: (480, 640, 3), Seems like there is a tv ahead.
BLIP2ITMClient.cosine: (480, 640, 3), Seems like there is a tv ahead.
Sticking to last point.
Best value: 17.44%
Step: 251 | Mode: explore | Action: 1
BLIP2ITMClient.cosine: (480, 640, 3), Seems like there is a tv ahead.
BLIP2ITMClient.cosine: (480, 640, 3), Seems like there is a tv ahead.
Sticking to last point.
Best value: 17.44%
Step: 252 | Mode: explore | Action: 1
BLIP2ITMClient.cosine: (480, 640, 3), Seems like there is a tv ahead.
BLIP2ITMClient.cosine: (480, 640, 3), Seems like there is a tv ahead.
Sticking to last point.
Best value: 17.44%
Step: 253 | Mode: explore | Action: 3
BLIP2ITMClient.cosine: (480, 640, 3), Seems like there is a tv ahead.
Best value: 17.72%
Step: 254 | Mode: explore | Action: 2
BLIP2ITMClient.cosine: (480, 640, 3), Seems like there is a tv ahead.
Sticking to last point.
Best value: 17.72%
Step: 255 | Mode: explore | Action: 2
BLIP2ITMClient.cosine: (480, 640, 3), Seems like there is a tv ahead.
Sticking to last point.
Best value: 17.72%
Step: 256 | Mode: explore | Action: 2
BLIP2ITMClient.cosine: (480, 640, 3), Seems like there is a tv ahead.
Sticking to last point.
Best value: 17.72%
Step: 257 | Mode: explore | Action: 1
BLIP2ITMClient.cosine: (480, 640, 3), Seems like there is a tv ahead.
Sticking to last point.
Best value: 17.72%
Step: 258 | Mode: explore | Action: 2
BLIP2ITMClient.cosine: (480, 640, 3), Seems like there is a tv ahead.
BLIP2ITMClient.cosine: (480, 640, 3), Seems like there is a tv ahead.
Sticking to last point.
Best value: 21.24%
Step: 259 | Mode: explore | Action: 1
BLIP2ITMClient.cosine: (480, 640, 3), Seems like there is a tv ahead.
BLIP2ITMClient.cosine: (480, 640, 3), Seems like there is a tv ahead.
Sticking to last point.
Best value: 21.24%
Step: 260 | Mode: explore | Action: 2
BLIP2ITMClient.cosine: (480, 640, 3), Seems like there is a tv ahead.
BLIP2ITMClient.cosine: (480, 640, 3), Seems like there is a tv ahead.
Best value: 20.42%
Step: 261 | Mode: explore | Action: 2
BLIP2ITMClient.cosine: (480, 640, 3), Seems like there is a tv ahead.
Sticking to last point.
Best value: 20.42%
Step: 262 | Mode: explore | Action: 1
BLIP2ITMClient.cosine: (480, 640, 3), Seems like there is a tv ahead.
Sticking to last point.
Best value: 20.42%
Step: 263 | Mode: explore | Action: 1
BLIP2ITMClient.cosine: (480, 640, 3), Seems like there is a tv ahead.
Sticking to last point.
Best value: 20.42%
Step: 264 | Mode: explore | Action: 3
BLIP2ITMClient.cosine: (480, 640, 3), Seems like there is a tv ahead.
Sticking to last point.
Best value: 20.42%
Step: 265 | Mode: explore | Action: 1
BLIP2ITMClient.cosine: (480, 640, 3), Seems like there is a tv ahead.
Sticking to last point.
Best value: 20.42%
Step: 266 | Mode: explore | Action: 1
BLIP2ITMClient.cosine: (480, 640, 3), Seems like there is a tv ahead.
Sticking to last point.
Best value: 20.42%
Step: 267 | Mode: explore | Action: 1
BLIP2ITMClient.cosine: (480, 640, 3), Seems like there is a tv ahead.
Sticking to last point.
Best value: 20.42%
Step: 268 | Mode: explore | Action: 1
BLIP2ITMClient.cosine: (480, 640, 3), Seems like there is a tv ahead.
Sticking to last point.
Best value: 20.42%
Step: 269 | Mode: explore | Action: 1
BLIP2ITMClient.cosine: (480, 640, 3), Seems like there is a tv ahead.
Best value: 14.15%
Step: 270 | Mode: explore | Action: 2
BLIP2ITMClient.cosine: (480, 640, 3), Seems like there is a tv ahead.
Sticking to last point.
Best value: 14.15%
Step: 271 | Mode: explore | Action: 2
BLIP2ITMClient.cosine: (480, 640, 3), Seems like there is a tv ahead.
Sticking to last point.
Best value: 14.15%
Step: 272 | Mode: explore | Action: 2
BLIP2ITMClient.cosine: (480, 640, 3), Seems like there is a tv ahead.
Sticking to last point.
Best value: 14.15%
Step: 273 | Mode: explore | Action: 2
BLIP2ITMClient.cosine: (480, 640, 3), Seems like there is a tv ahead.
BLIP2ITMClient.cosine: (480, 640, 3), Seems like there is a tv ahead.
Sticking to last point.
Best value: 14.15%
Step: 274 | Mode: explore | Action: 1
BLIP2ITMClient.cosine: (480, 640, 3), Seems like there is a tv ahead.
Sticking to last point.
Best value: 14.15%
Step: 275 | Mode: explore | Action: 2
BLIP2ITMClient.cosine: (480, 640, 3), Seems like there is a tv ahead.
Sticking to last point.
Best value: 14.15%
Step: 276 | Mode: explore | Action: 2
BLIP2ITMClient.cosine: (480, 640, 3), Seems like there is a tv ahead.
Sticking to last point.
Best value: 14.15%
Step: 277 | Mode: explore | Action: 1
BLIP2ITMClient.cosine: (480, 640, 3), Seems like there is a tv ahead.
Sticking to last point.
Best value: 14.15%
Step: 278 | Mode: explore | Action: 1
BLIP2ITMClient.cosine: (480, 640, 3), Seems like there is a tv ahead.
Sticking to last point.
Best value: 14.15%
Step: 279 | Mode: explore | Action: 1
BLIP2ITMClient.cosine: (480, 640, 3), Seems like there is a tv ahead.
Sticking to last point.
Best value: 14.15%
Step: 280 | Mode: explore | Action: 1
BLIP2ITMClient.cosine: (480, 640, 3), Seems like there is a tv ahead.
Sticking to last point.
Best value: 14.15%
Step: 281 | Mode: explore | Action: 1
BLIP2ITMClient.cosine: (480, 640, 3), Seems like there is a tv ahead.
Sticking to last point.
Best value: 14.15%
Step: 282 | Mode: explore | Action: 2
BLIP2ITMClient.cosine: (480, 640, 3), Seems like there is a tv ahead.
Sticking to last point.
Best value: 14.15%
Step: 283 | Mode: explore | Action: 1
BLIP2ITMClient.cosine: (480, 640, 3), Seems like there is a tv ahead.
Sticking to last point.
Best value: 14.15%
Step: 284 | Mode: explore | Action: 1
BLIP2ITMClient.cosine: (480, 640, 3), Seems like there is a tv ahead.
Sticking to last point.
Best value: 14.15%
Step: 285 | Mode: explore | Action: 1
BLIP2ITMClient.cosine: (480, 640, 3), Seems like there is a tv ahead.
Sticking to last point.
Best value: 14.15%
Step: 286 | Mode: explore | Action: 1
BLIP2ITMClient.cosine: (480, 640, 3), Seems like there is a tv ahead.
Sticking to last point.
Best value: 14.15%
Step: 287 | Mode: explore | Action: 1
BLIP2ITMClient.cosine: (480, 640, 3), Seems like there is a tv ahead.
Sticking to last point.
Best value: 14.15%
Step: 288 | Mode: explore | Action: 3
BLIP2ITMClient.cosine: (480, 640, 3), Seems like there is a tv ahead.
Sticking to last point.
Best value: 14.15%
Step: 289 | Mode: explore | Action: 1
BLIP2ITMClient.cosine: (480, 640, 3), Seems like there is a tv ahead.
Sticking to last point.
Best value: 14.15%
Step: 290 | Mode: explore | Action: 1
BLIP2ITMClient.cosine: (480, 640, 3), Seems like there is a tv ahead.
Sticking to last point.
Best value: 14.15%
Step: 291 | Mode: explore | Action: 1
BLIP2ITMClient.cosine: (480, 640, 3), Seems like there is a tv ahead.
Sticking to last point.
Best value: 14.15%
Step: 292 | Mode: explore | Action: 1
BLIP2ITMClient.cosine: (480, 640, 3), Seems like there is a tv ahead.
Sticking to last point.
Best value: 14.15%
Step: 293 | Mode: explore | Action: 1
BLIP2ITMClient.cosine: (480, 640, 3), Seems like there is a tv ahead.
Sticking to last point.
Best value: 14.15%
Step: 294 | Mode: explore | Action: 1
BLIP2ITMClient.cosine: (480, 640, 3), Seems like there is a tv ahead.
Sticking to last point.
Best value: 14.15%
Step: 295 | Mode: explore | Action: 1
BLIP2ITMClient.cosine: (480, 640, 3), Seems like there is a tv ahead.
Sticking to last point.
Best value: 14.15%
Step: 296 | Mode: explore | Action: 1
BLIP2ITMClient.cosine: (480, 640, 3), Seems like there is a tv ahead.
Sticking to last point.
Best value: 14.15%
Step: 297 | Mode: explore | Action: 1
BLIP2ITMClient.cosine: (480, 640, 3), Seems like there is a tv ahead.
Sticking to last point.
Best value: 14.15%
Step: 298 | Mode: explore | Action: 1
BLIP2ITMClient.cosine: (480, 640, 3), Seems like there is a tv ahead.
Sticking to last point.
Best value: 14.15%
Step: 299 | Mode: explore | Action: 2
BLIP2ITMClient.cosine: (480, 640, 3), Seems like there is a tv ahead.
Sticking to last point.
Best value: 14.15%
Step: 300 | Mode: explore | Action: 1
BLIP2ITMClient.cosine: (480, 640, 3), Seems like there is a tv ahead.
Sticking to last point.
Best value: 14.15%
Step: 301 | Mode: explore | Action: 1
BLIP2ITMClient.cosine: (480, 640, 3), Seems like there is a tv ahead.
Sticking to last point.
Best value: 14.15%
Step: 302 | Mode: explore | Action: 1
BLIP2ITMClient.cosine: (480, 640, 3), Seems like there is a tv ahead.
Sticking to last point.
Best value: 14.15%
Step: 303 | Mode: explore | Action: 1
BLIP2ITMClient.cosine: (480, 640, 3), Seems like there is a tv ahead.
BLIP2ITMClient.cosine: (480, 640, 3), Seems like there is a tv ahead.
Sticking to last point.
Best value: 14.15%
Step: 304 | Mode: explore | Action: 1
BLIP2ITMClient.cosine: (480, 640, 3), Seems like there is a tv ahead.
BLIP2ITMClient.cosine: (480, 640, 3), Seems like there is a tv ahead.
Sticking to last point.
Best value: 14.15%
Step: 305 | Mode: explore | Action: 1
BLIP2ITMClient.cosine: (480, 640, 3), Seems like there is a tv ahead.
BLIP2ITMClient.cosine: (480, 640, 3), Seems like there is a tv ahead.
Sticking to last point.
Best value: 14.15%
Step: 306 | Mode: explore | Action: 3
BLIP2ITMClient.cosine: (480, 640, 3), Seems like there is a tv ahead.
Sticking to last point.
Best value: 14.15%
Step: 307 | Mode: explore | Action: 1
BLIP2ITMClient.cosine: (480, 640, 3), Seems like there is a tv ahead.
BLIP2ITMClient.cosine: (480, 640, 3), Seems like there is a tv ahead.
Sticking to last point.
Best value: 14.15%
Step: 308 | Mode: explore | Action: 2
BLIP2ITMClient.cosine: (480, 640, 3), Seems like there is a tv ahead.
Sticking to last point.
Best value: 14.15%
Step: 309 | Mode: explore | Action: 1
BLIP2ITMClient.cosine: (480, 640, 3), Seems like there is a tv ahead.
BLIP2ITMClient.cosine: (480, 640, 3), Seems like there is a tv ahead.
Sticking to last point.
Best value: 14.15%
Step: 310 | Mode: explore | Action: 1
BLIP2ITMClient.cosine: (480, 640, 3), Seems like there is a tv ahead.
BLIP2ITMClient.cosine: (480, 640, 3), Seems like there is a tv ahead.
Sticking to last point.
Best value: 14.15%
Step: 311 | Mode: explore | Action: 3
BLIP2ITMClient.cosine: (480, 640, 3), Seems like there is a tv ahead.
BLIP2ITMClient.cosine: (480, 640, 3), Seems like there is a tv ahead.
Sticking to last point.
Best value: 14.15%
Step: 312 | Mode: explore | Action: 1
BLIP2ITMClient.cosine: (480, 640, 3), Seems like there is a tv ahead.
BLIP2ITMClient.cosine: (480, 640, 3), Seems like there is a tv ahead.
Sticking to last point.
Best value: 14.15%
Step: 313 | Mode: explore | Action: 1
BLIP2ITMClient.cosine: (480, 640, 3), Seems like there is a tv ahead.
BLIP2ITMClient.cosine: (480, 640, 3), Seems like there is a tv ahead.
Sticking to last point.
Best value: 14.15%
Step: 314 | Mode: explore | Action: 3
BLIP2ITMClient.cosine: (480, 640, 3), Seems like there is a tv ahead.
Sticking to last point.
Best value: 14.15%
Step: 315 | Mode: explore | Action: 1
BLIP2ITMClient.cosine: (480, 640, 3), Seems like there is a tv ahead.
BLIP2ITMClient.cosine: (480, 640, 3), Seems like there is a tv ahead.
Sticking to last point.
Best value: 14.15%
Step: 316 | Mode: explore | Action: 1
BLIP2ITMClient.cosine: (480, 640, 3), Seems like there is a tv ahead.
BLIP2ITMClient.cosine: (480, 640, 3), Seems like there is a tv ahead.
Sticking to last point.
Best value: 14.15%
Step: 317 | Mode: explore | Action: 1
BLIP2ITMClient.cosine: (480, 640, 3), Seems like there is a tv ahead.
BLIP2ITMClient.cosine: (480, 640, 3), Seems like there is a tv ahead.
Sticking to last point.
Best value: 14.15%
Step: 318 | Mode: explore | Action: 1
BLIP2ITMClient.cosine: (480, 640, 3), Seems like there is a tv ahead.
BLIP2ITMClient.cosine: (480, 640, 3), Seems like there is a tv ahead.
Sticking to last point.
Best value: 14.15%
Step: 319 | Mode: explore | Action: 3
BLIP2ITMClient.cosine: (480, 640, 3), Seems like there is a tv ahead.
Sticking to last point.
Best value: 14.15%
Step: 320 | Mode: explore | Action: 1
BLIP2ITMClient.cosine: (480, 640, 3), Seems like there is a tv ahead.
Sticking to last point.
Best value: 14.15%
Step: 321 | Mode: explore | Action: 1
BLIP2ITMClient.cosine: (480, 640, 3), Seems like there is a tv ahead.
Sticking to last point.
Best value: 14.15%
Step: 322 | Mode: explore | Action: 1
BLIP2ITMClient.cosine: (480, 640, 3), Seems like there is a tv ahead.
Sticking to last point.
Best value: 14.15%
Step: 323 | Mode: explore | Action: 1
BLIP2ITMClient.cosine: (480, 640, 3), Seems like there is a tv ahead.
Sticking to last point.
Best value: 14.15%
Step: 324 | Mode: explore | Action: 1
BLIP2ITMClient.cosine: (480, 640, 3), Seems like there is a tv ahead.
Sticking to last point.
Best value: 14.15%
Step: 325 | Mode: explore | Action: 1
BLIP2ITMClient.cosine: (480, 640, 3), Seems like there is a tv ahead.
Sticking to last point.
Best value: 14.15%
Step: 326 | Mode: explore | Action: 1
BLIP2ITMClient.cosine: (480, 640, 3), Seems like there is a tv ahead.
Sticking to last point.
Best value: 14.15%
Step: 327 | Mode: explore | Action: 2
BLIP2ITMClient.cosine: (480, 640, 3), Seems like there is a tv ahead.
Sticking to last point.
Best value: 14.15%
Step: 328 | Mode: explore | Action: 1
BLIP2ITMClient.cosine: (480, 640, 3), Seems like there is a tv ahead.
Sticking to last point.
Best value: 14.15%
Step: 329 | Mode: explore | Action: 1
BLIP2ITMClient.cosine: (480, 640, 3), Seems like there is a tv ahead.
Sticking to last point.
Best value: 14.15%
Step: 330 | Mode: explore | Action: 1
BLIP2ITMClient.cosine: (480, 640, 3), Seems like there is a tv ahead.
Sticking to last point.
Best value: 14.15%
Step: 331 | Mode: explore | Action: 1
BLIP2ITMClient.cosine: (480, 640, 3), Seems like there is a tv ahead.
Sticking to last point.
Best value: 14.15%
Step: 332 | Mode: explore | Action: 1
BLIP2ITMClient.cosine: (480, 640, 3), Seems like there is a tv ahead.
Sticking to last point.
Best value: 14.15%
Step: 333 | Mode: explore | Action: 1
BLIP2ITMClient.cosine: (480, 640, 3), Seems like there is a tv ahead.
Sticking to last point.
Best value: 14.15%
Step: 334 | Mode: explore | Action: 1
BLIP2ITMClient.cosine: (480, 640, 3), Seems like there is a tv ahead.
Sticking to last point.
Best value: 14.15%
Step: 335 | Mode: explore | Action: 1
BLIP2ITMClient.cosine: (480, 640, 3), Seems like there is a tv ahead.
Sticking to last point.
Best value: 14.15%
Step: 336 | Mode: explore | Action: 1
BLIP2ITMClient.cosine: (480, 640, 3), Seems like there is a tv ahead.
Sticking to last point.
Best value: 14.15%
Step: 337 | Mode: explore | Action: 2
BLIP2ITMClient.cosine: (480, 640, 3), Seems like there is a tv ahead.
Sticking to last point.
Best value: 14.15%
Step: 338 | Mode: explore | Action: 1
BLIP2ITMClient.cosine: (480, 640, 3), Seems like there is a tv ahead.
Sticking to last point.
Best value: 14.15%
Step: 339 | Mode: explore | Action: 1
BLIP2ITMClient.cosine: (480, 640, 3), Seems like there is a tv ahead.
Sticking to last point.
Best value: 14.15%
Step: 340 | Mode: explore | Action: 1
BLIP2ITMClient.cosine: (480, 640, 3), Seems like there is a tv ahead.
Sticking to last point.
Best value: 14.15%
Step: 341 | Mode: explore | Action: 1
BLIP2ITMClient.cosine: (480, 640, 3), Seems like there is a tv ahead.
Sticking to last point.
Best value: 14.15%
Step: 342 | Mode: explore | Action: 1
BLIP2ITMClient.cosine: (480, 640, 3), Seems like there is a tv ahead.
Sticking to last point.
Best value: 14.15%
Step: 343 | Mode: explore | Action: 1
BLIP2ITMClient.cosine: (480, 640, 3), Seems like there is a tv ahead.
Sticking to last point.
Best value: 14.15%
Step: 344 | Mode: explore | Action: 1
BLIP2ITMClient.cosine: (480, 640, 3), Seems like there is a tv ahead.
Sticking to last point.
Best value: 14.15%
Step: 345 | Mode: explore | Action: 3
BLIP2ITMClient.cosine: (480, 640, 3), Seems like there is a tv ahead.
Sticking to last point.
Best value: 14.15%
Step: 346 | Mode: explore | Action: 1
BLIP2ITMClient.cosine: (480, 640, 3), Seems like there is a tv ahead.
BLIP2ITMClient.cosine: (480, 640, 3), Seems like there is a tv ahead.
Best value: 15.61%
Step: 347 | Mode: explore | Action: 3
BLIP2ITMClient.cosine: (480, 640, 3), Seems like there is a tv ahead.
Best value: 14.45%
Step: 348 | Mode: explore | Action: 2
BLIP2ITMClient.cosine: (480, 640, 3), Seems like there is a tv ahead.
Sticking to last point.
Best value: 14.45%
Step: 349 | Mode: explore | Action: 2
BLIP2ITMClient.cosine: (480, 640, 3), Seems like there is a tv ahead.
Sticking to last point.
Best value: 14.45%
Step: 350 | Mode: explore | Action: 2
BLIP2ITMClient.cosine: (480, 640, 3), Seems like there is a tv ahead.
Sticking to last point.
Best value: 14.45%
Step: 351 | Mode: explore | Action: 1
BLIP2ITMClient.cosine: (480, 640, 3), Seems like there is a tv ahead.
Sticking to last point.
Best value: 14.45%
Step: 352 | Mode: explore | Action: 2
BLIP2ITMClient.cosine: (480, 640, 3), Seems like there is a tv ahead.
Sticking to last point.
Best value: 14.45%
Step: 353 | Mode: explore | Action: 1
BLIP2ITMClient.cosine: (480, 640, 3), Seems like there is a tv ahead.
Sticking to last point.
Best value: 14.45%
Step: 354 | Mode: explore | Action: 2
BLIP2ITMClient.cosine: (480, 640, 3), Seems like there is a tv ahead.
Sticking to last point.
Best value: 14.45%
Step: 355 | Mode: explore | Action: 2
BLIP2ITMClient.cosine: (480, 640, 3), Seems like there is a tv ahead.
Sticking to last point.
Best value: 14.45%
Step: 356 | Mode: explore | Action: 2
BLIP2ITMClient.cosine: (480, 640, 3), Seems like there is a tv ahead.
Sticking to last point.
Best value: 14.45%
Step: 357 | Mode: explore | Action: 2
BLIP2ITMClient.cosine: (480, 640, 3), Seems like there is a tv ahead.
Sticking to last point.
Best value: 14.45%
Step: 358 | Mode: explore | Action: 2
BLIP2ITMClient.cosine: (480, 640, 3), Seems like there is a tv ahead.
Sticking to last point.
Best value: 14.45%
Step: 359 | Mode: explore | Action: 1
BLIP2ITMClient.cosine: (480, 640, 3), Seems like there is a tv ahead.
Sticking to last point.
Best value: 14.45%
Step: 360 | Mode: explore | Action: 3
BLIP2ITMClient.cosine: (480, 640, 3), Seems like there is a tv ahead.
Sticking to last point.
Best value: 14.45%
Step: 361 | Mode: explore | Action: 1
BLIP2ITMClient.cosine: (480, 640, 3), Seems like there is a tv ahead.
Sticking to last point.
Best value: 14.45%
Step: 362 | Mode: explore | Action: 1
BLIP2ITMClient.cosine: (480, 640, 3), Seems like there is a tv ahead.
Sticking to last point.
Best value: 14.45%
Step: 363 | Mode: explore | Action: 3
BLIP2ITMClient.cosine: (480, 640, 3), Seems like there is a tv ahead.
Sticking to last point.
Best value: 14.45%
Step: 364 | Mode: explore | Action: 1
BLIP2ITMClient.cosine: (480, 640, 3), Seems like there is a tv ahead.
Sticking to last point.
Best value: 14.45%
Step: 365 | Mode: explore | Action: 1
BLIP2ITMClient.cosine: (480, 640, 3), Seems like there is a tv ahead.
Sticking to last point.
Best value: 14.45%
Step: 366 | Mode: explore | Action: 3
BLIP2ITMClient.cosine: (480, 640, 3), Seems like there is a tv ahead.
Best value: 12.92%
Step: 367 | Mode: explore | Action: 2
BLIP2ITMClient.cosine: (480, 640, 3), Seems like there is a tv ahead.
Sticking to last point.
Best value: 12.92%
Step: 368 | Mode: explore | Action: 1
BLIP2ITMClient.cosine: (480, 640, 3), Seems like there is a tv ahead.
Sticking to last point.
Best value: 12.92%
Step: 369 | Mode: explore | Action: 1
BLIP2ITMClient.cosine: (480, 640, 3), Seems like there is a tv ahead.
Sticking to last point.
Best value: 12.92%
Step: 370 | Mode: explore | Action: 2
BLIP2ITMClient.cosine: (480, 640, 3), Seems like there is a tv ahead.
Sticking to last point.
Best value: 12.92%
Step: 371 | Mode: explore | Action: 1
BLIP2ITMClient.cosine: (480, 640, 3), Seems like there is a tv ahead.
Sticking to last point.
Best value: 12.92%
Step: 372 | Mode: explore | Action: 1
BLIP2ITMClient.cosine: (480, 640, 3), Seems like there is a tv ahead.
Sticking to last point.
Best value: 12.92%
Step: 373 | Mode: explore | Action: 1
BLIP2ITMClient.cosine: (480, 640, 3), Seems like there is a tv ahead.
Sticking to last point.
Best value: 12.92%
Step: 374 | Mode: explore | Action: 1
BLIP2ITMClient.cosine: (480, 640, 3), Seems like there is a tv ahead.
Sticking to last point.
Best value: 12.92%
Step: 375 | Mode: explore | Action: 1
BLIP2ITMClient.cosine: (480, 640, 3), Seems like there is a tv ahead.
Sticking to last point.
Best value: 12.92%
Step: 376 | Mode: explore | Action: 1
BLIP2ITMClient.cosine: (480, 640, 3), Seems like there is a tv ahead.
Sticking to last point.
Best value: 12.92%
Step: 377 | Mode: explore | Action: 1
BLIP2ITMClient.cosine: (480, 640, 3), Seems like there is a tv ahead.
Sticking to last point.
Best value: 12.92%
Step: 378 | Mode: explore | Action: 1
BLIP2ITMClient.cosine: (480, 640, 3), Seems like there is a tv ahead.
Sticking to last point.
Best value: 12.92%
Step: 379 | Mode: explore | Action: 1
BLIP2ITMClient.cosine: (480, 640, 3), Seems like there is a tv ahead.
Sticking to last point.
Best value: 12.92%
Step: 380 | Mode: explore | Action: 1
BLIP2ITMClient.cosine: (480, 640, 3), Seems like there is a tv ahead.
Sticking to last point.
Best value: 12.92%
Step: 381 | Mode: explore | Action: 1
BLIP2ITMClient.cosine: (480, 640, 3), Seems like there is a tv ahead.
Sticking to last point.
Best value: 12.92%
Step: 382 | Mode: explore | Action: 1
BLIP2ITMClient.cosine: (480, 640, 3), Seems like there is a tv ahead.
Sticking to last point.
Best value: 12.92%
Step: 383 | Mode: explore | Action: 1
BLIP2ITMClient.cosine: (480, 640, 3), Seems like there is a tv ahead.
Sticking to last point.
Best value: 12.92%
Step: 384 | Mode: explore | Action: 1
BLIP2ITMClient.cosine: (480, 640, 3), Seems like there is a tv ahead.
Sticking to last point.
Best value: 12.92%
Step: 385 | Mode: explore | Action: 1
BLIP2ITMClient.cosine: (480, 640, 3), Seems like there is a tv ahead.
Sticking to last point.
Best value: 12.92%
Step: 386 | Mode: explore | Action: 1
BLIP2ITMClient.cosine: (480, 640, 3), Seems like there is a tv ahead.
Sticking to last point.
Best value: 12.92%
Step: 387 | Mode: explore | Action: 1
BLIP2ITMClient.cosine: (480, 640, 3), Seems like there is a tv ahead.
Sticking to last point.
Best value: 12.92%
Step: 388 | Mode: explore | Action: 1
BLIP2ITMClient.cosine: (480, 640, 3), Seems like there is a tv ahead.
Sticking to last point.
Best value: 12.92%
Step: 389 | Mode: explore | Action: 1
BLIP2ITMClient.cosine: (480, 640, 3), Seems like there is a tv ahead.
Sticking to last point.
Best value: 12.92%
Step: 390 | Mode: explore | Action: 1
BLIP2ITMClient.cosine: (480, 640, 3), Seems like there is a tv ahead.
Sticking to last point.
Best value: 12.92%
Step: 391 | Mode: explore | Action: 1
BLIP2ITMClient.cosine: (480, 640, 3), Seems like there is a tv ahead.
Sticking to last point.
Best value: 12.92%
Step: 392 | Mode: explore | Action: 1
BLIP2ITMClient.cosine: (480, 640, 3), Seems like there is a tv ahead.
Sticking to last point.
Best value: 12.92%
Step: 393 | Mode: explore | Action: 2
BLIP2ITMClient.cosine: (480, 640, 3), Seems like there is a tv ahead.
Sticking to last point.
Best value: 12.92%
Step: 394 | Mode: explore | Action: 1
BLIP2ITMClient.cosine: (480, 640, 3), Seems like there is a tv ahead.
Sticking to last point.
Best value: 12.92%
Step: 395 | Mode: explore | Action: 1
BLIP2ITMClient.cosine: (480, 640, 3), Seems like there is a tv ahead.
Sticking to last point.
Best value: 12.92%
Step: 396 | Mode: explore | Action: 1
BLIP2ITMClient.cosine: (480, 640, 3), Seems like there is a tv ahead.
Sticking to last point.
Best value: 12.92%
Step: 397 | Mode: explore | Action: 2
BLIP2ITMClient.cosine: (480, 640, 3), Seems like there is a tv ahead.
Sticking to last point.
Best value: 12.92%
Step: 398 | Mode: explore | Action: 2
BLIP2ITMClient.cosine: (480, 640, 3), Seems like there is a tv ahead.
BLIP2ITMClient.cosine: (480, 640, 3), Seems like there is a tv ahead.
Sticking to last point.
Best value: 12.92%
Step: 399 | Mode: explore | Action: 1
BLIP2ITMClient.cosine: (480, 640, 3), Seems like there is a tv ahead.
Sticking to last point.
Best value: 12.92%
Step: 400 | Mode: explore | Action: 1
BLIP2ITMClient.cosine: (480, 640, 3), Seems like there is a tv ahead.
Sticking to last point.
Best value: 12.92%
Step: 401 | Mode: explore | Action: 2
BLIP2ITMClient.cosine: (480, 640, 3), Seems like there is a tv ahead.
BLIP2ITMClient.cosine: (480, 640, 3), Seems like there is a tv ahead.
Best value: 19.61%
Step: 402 | Mode: explore | Action: 3
BLIP2ITMClient.cosine: (480, 640, 3), Seems like there is a tv ahead.
Sticking to last point.
Best value: 19.61%
Step: 403 | Mode: explore | Action: 3
BLIP2ITMClient.cosine: (480, 640, 3), Seems like there is a tv ahead.
Sticking to last point.
Best value: 19.61%
Step: 404 | Mode: explore | Action: 3
BLIP2ITMClient.cosine: (480, 640, 3), Seems like there is a tv ahead.
Sticking to last point.
Best value: 19.61%
Step: 405 | Mode: explore | Action: 1
BLIP2ITMClient.cosine: (480, 640, 3), Seems like there is a tv ahead.
Sticking to last point.
Best value: 19.61%
Step: 406 | Mode: explore | Action: 1
BLIP2ITMClient.cosine: (480, 640, 3), Seems like there is a tv ahead.
Sticking to last point.
Best value: 19.61%
Step: 407 | Mode: explore | Action: 1
BLIP2ITMClient.cosine: (480, 640, 3), Seems like there is a tv ahead.
Sticking to last point.
Best value: 19.61%
Step: 408 | Mode: explore | Action: 1
BLIP2ITMClient.cosine: (480, 640, 3), Seems like there is a tv ahead.
Sticking to last point.
Best value: 19.61%
Step: 409 | Mode: explore | Action: 1
BLIP2ITMClient.cosine: (480, 640, 3), Seems like there is a tv ahead.
Sticking to last point.
Best value: 19.61%
Step: 410 | Mode: explore | Action: 1
BLIP2ITMClient.cosine: (480, 640, 3), Seems like there is a tv ahead.
BLIP2ITMClient.cosine: (480, 640, 3), Seems like there is a tv ahead.
Best value: 12.92%
Step: 411 | Mode: explore | Action: 2
BLIP2ITMClient.cosine: (480, 640, 3), Seems like there is a tv ahead.
Sticking to last point.
Best value: 12.92%
Step: 412 | Mode: explore | Action: 2
BLIP2ITMClient.cosine: (480, 640, 3), Seems like there is a tv ahead.
Sticking to last point.
Best value: 12.92%
Step: 413 | Mode: explore | Action: 2
BLIP2ITMClient.cosine: (480, 640, 3), Seems like there is a tv ahead.
Sticking to last point.
Best value: 12.92%
Step: 414 | Mode: explore | Action: 2
BLIP2ITMClient.cosine: (480, 640, 3), Seems like there is a tv ahead.
Sticking to last point.
Best value: 12.92%
Step: 415 | Mode: explore | Action: 2
BLIP2ITMClient.cosine: (480, 640, 3), Seems like there is a tv ahead.
BLIP2ITMClient.cosine: (480, 640, 3), Seems like there is a tv ahead.
Sticking to last point.
Best value: 12.92%
Step: 416 | Mode: explore | Action: 2
BLIP2ITMClient.cosine: (480, 640, 3), Seems like there is a tv ahead.
Sticking to last point.
Best value: 12.92%
Step: 417 | Mode: explore | Action: 1
BLIP2ITMClient.cosine: (480, 640, 3), Seems like there is a tv ahead.
BLIP2ITMClient.cosine: (480, 640, 3), Seems like there is a tv ahead.
Sticking to last point.
Best value: 12.92%
Step: 418 | Mode: explore | Action: 1
BLIP2ITMClient.cosine: (480, 640, 3), Seems like there is a tv ahead.
BLIP2ITMClient.cosine: (480, 640, 3), Seems like there is a tv ahead.
Sticking to last point.
Best value: 12.92%
Step: 419 | Mode: explore | Action: 3
BLIP2ITMClient.cosine: (480, 640, 3), Seems like there is a tv ahead.
Sticking to last point.
Best value: 12.92%
Step: 420 | Mode: explore | Action: 1
BLIP2ITMClient.cosine: (480, 640, 3), Seems like there is a tv ahead.
Sticking to last point.
Best value: 12.92%
Step: 421 | Mode: explore | Action: 1
BLIP2ITMClient.cosine: (480, 640, 3), Seems like there is a tv ahead.
Sticking to last point.
Best value: 12.92%
Step: 422 | Mode: explore | Action: 1
BLIP2ITMClient.cosine: (480, 640, 3), Seems like there is a tv ahead.
BLIP2ITMClient.cosine: (480, 640, 3), Seems like there is a tv ahead.
Sticking to last point.
Best value: 14.13%
Step: 423 | Mode: explore | Action: 1
BLIP2ITMClient.cosine: (480, 640, 3), Seems like there is a tv ahead.
Sticking to last point.
Best value: 14.13%
Step: 424 | Mode: explore | Action: 1
BLIP2ITMClient.cosine: (480, 640, 3), Seems like there is a tv ahead.
Sticking to last point.
Best value: 14.13%
Step: 425 | Mode: explore | Action: 3
BLIP2ITMClient.cosine: (480, 640, 3), Seems like there is a tv ahead.
BLIP2ITMClient.cosine: (480, 640, 3), Seems like there is a tv ahead.
Best value: 12.43%
Step: 426 | Mode: explore | Action: 1
BLIP2ITMClient.cosine: (480, 640, 3), Seems like there is a tv ahead.
BLIP2ITMClient.cosine: (480, 640, 3), Seems like there is a tv ahead.
Best value: 11.37%
Step: 427 | Mode: explore | Action: 3
BLIP2ITMClient.cosine: (480, 640, 3), Seems like there is a tv ahead.
BLIP2ITMClient.cosine: (480, 640, 3), Seems like there is a tv ahead.
Sticking to last point.
Best value: 11.22%
Step: 428 | Mode: explore | Action: 1
BLIP2ITMClient.cosine: (480, 640, 3), Seems like there is a tv ahead.
BLIP2ITMClient.cosine: (480, 640, 3), Seems like there is a tv ahead.
Sticking to last point.
Best value: 10.95%
Step: 429 | Mode: explore | Action: 1
BLIP2ITMClient.cosine: (480, 640, 3), Seems like there is a tv ahead.
Sticking to last point.
Best value: 10.95%
Step: 430 | Mode: explore | Action: 3
BLIP2ITMClient.cosine: (480, 640, 3), Seems like there is a tv ahead.
Best value: 11.22%
Step: 431 | Mode: explore | Action: 1
BLIP2ITMClient.cosine: (480, 640, 3), Seems like there is a tv ahead.
Sticking to last point.
Best value: 11.22%
Step: 432 | Mode: explore | Action: 1
BLIP2ITMClient.cosine: (480, 640, 3), Seems like there is a tv ahead.
Sticking to last point.
Best value: 11.22%
Step: 433 | Mode: explore | Action: 3
BLIP2ITMClient.cosine: (480, 640, 3), Seems like there is a tv ahead.
Sticking to last point.
Best value: 11.22%
Step: 434 | Mode: explore | Action: 1
BLIP2ITMClient.cosine: (480, 640, 3), Seems like there is a tv ahead.
Sticking to last point.
Best value: 11.22%
Step: 435 | Mode: explore | Action: 3
BLIP2ITMClient.cosine: (480, 640, 3), Seems like there is a tv ahead.
Sticking to last point.
Best value: 11.22%
Step: 436 | Mode: explore | Action: 3
BLIP2ITMClient.cosine: (480, 640, 3), Seems like there is a tv ahead.
Sticking to last point.
Best value: 11.22%
Step: 437 | Mode: explore | Action: 3
BLIP2ITMClient.cosine: (480, 640, 3), Seems like there is a tv ahead.
Sticking to last point.
Best value: 11.22%
Step: 438 | Mode: explore | Action: 3
BLIP2ITMClient.cosine: (480, 640, 3), Seems like there is a tv ahead.
Sticking to last point.
Best value: 11.22%
Step: 439 | Mode: explore | Action: 3
BLIP2ITMClient.cosine: (480, 640, 3), Seems like there is a tv ahead.
Sticking to last point.
Best value: 11.22%
Step: 440 | Mode: explore | Action: 1
BLIP2ITMClient.cosine: (480, 640, 3), Seems like there is a tv ahead.
Sticking to last point.
Best value: 11.22%
Step: 441 | Mode: explore | Action: 1
BLIP2ITMClient.cosine: (480, 640, 3), Seems like there is a tv ahead.
Sticking to last point.
Best value: 11.22%
Step: 442 | Mode: explore | Action: 1
BLIP2ITMClient.cosine: (480, 640, 3), Seems like there is a tv ahead.
Sticking to last point.
Best value: 11.22%
Step: 443 | Mode: explore | Action: 1
BLIP2ITMClient.cosine: (480, 640, 3), Seems like there is a tv ahead.
Sticking to last point.
Best value: 11.22%
Step: 444 | Mode: explore | Action: 2
BLIP2ITMClient.cosine: (480, 640, 3), Seems like there is a tv ahead.
Sticking to last point.
Best value: 11.22%
Step: 445 | Mode: explore | Action: 1
BLIP2ITMClient.cosine: (480, 640, 3), Seems like there is a tv ahead.
Sticking to last point.
Best value: 11.22%
Step: 446 | Mode: explore | Action: 2
BLIP2ITMClient.cosine: (480, 640, 3), Seems like there is a tv ahead.
Sticking to last point.
Best value: 11.22%
Step: 447 | Mode: explore | Action: 1
BLIP2ITMClient.cosine: (480, 640, 3), Seems like there is a tv ahead.
Sticking to last point.
Best value: 11.22%
Step: 448 | Mode: explore | Action: 2
BLIP2ITMClient.cosine: (480, 640, 3), Seems like there is a tv ahead.
Sticking to last point.
Best value: 11.22%
Step: 449 | Mode: explore | Action: 1
BLIP2ITMClient.cosine: (480, 640, 3), Seems like there is a tv ahead.
Sticking to last point.
Best value: 11.22%
Step: 450 | Mode: explore | Action: 1
BLIP2ITMClient.cosine: (480, 640, 3), Seems like there is a tv ahead.
Sticking to last point.
Best value: 11.22%
Step: 451 | Mode: explore | Action: 1
BLIP2ITMClient.cosine: (480, 640, 3), Seems like there is a tv ahead.
Sticking to last point.
Best value: 11.22%
Step: 452 | Mode: explore | Action: 1
BLIP2ITMClient.cosine: (480, 640, 3), Seems like there is a tv ahead.
Sticking to last point.
Best value: 11.22%
Step: 453 | Mode: explore | Action: 1
BLIP2ITMClient.cosine: (480, 640, 3), Seems like there is a tv ahead.
Sticking to last point.
Best value: 11.22%
Step: 454 | Mode: explore | Action: 1
BLIP2ITMClient.cosine: (480, 640, 3), Seems like there is a tv ahead.
Sticking to last point.
Best value: 11.22%
Step: 455 | Mode: explore | Action: 1
BLIP2ITMClient.cosine: (480, 640, 3), Seems like there is a tv ahead.
Sticking to last point.
Best value: 11.22%
Step: 456 | Mode: explore | Action: 1
BLIP2ITMClient.cosine: (480, 640, 3), Seems like there is a tv ahead.
Sticking to last point.
Best value: 11.22%
Step: 457 | Mode: explore | Action: 1
BLIP2ITMClient.cosine: (480, 640, 3), Seems like there is a tv ahead.
Sticking to last point.
Best value: 11.22%
Step: 458 | Mode: explore | Action: 1
BLIP2ITMClient.cosine: (480, 640, 3), Seems like there is a tv ahead.
Sticking to last point.
Best value: 11.22%
Step: 459 | Mode: explore | Action: 1
BLIP2ITMClient.cosine: (480, 640, 3), Seems like there is a tv ahead.
Sticking to last point.
Best value: 11.22%
Step: 460 | Mode: explore | Action: 1
BLIP2ITMClient.cosine: (480, 640, 3), Seems like there is a tv ahead.
Sticking to last point.
Best value: 11.22%
Step: 461 | Mode: explore | Action: 1
BLIP2ITMClient.cosine: (480, 640, 3), Seems like there is a tv ahead.
Sticking to last point.
Best value: 11.22%
Step: 462 | Mode: explore | Action: 1
BLIP2ITMClient.cosine: (480, 640, 3), Seems like there is a tv ahead.
Sticking to last point.
Best value: 11.22%
Step: 463 | Mode: explore | Action: 1
BLIP2ITMClient.cosine: (480, 640, 3), Seems like there is a tv ahead.
Sticking to last point.
Best value: 11.22%
Step: 464 | Mode: explore | Action: 1
BLIP2ITMClient.cosine: (480, 640, 3), Seems like there is a tv ahead.
Sticking to last point.
Best value: 11.22%
Step: 465 | Mode: explore | Action: 1
BLIP2ITMClient.cosine: (480, 640, 3), Seems like there is a tv ahead.
Sticking to last point.
Best value: 11.22%
Step: 466 | Mode: explore | Action: 2
BLIP2ITMClient.cosine: (480, 640, 3), Seems like there is a tv ahead.
BLIP2ITMClient.cosine: (480, 640, 3), Seems like there is a tv ahead.
Best value: 11.30%
Step: 467 | Mode: explore | Action: 2
BLIP2ITMClient.cosine: (480, 640, 3), Seems like there is a tv ahead.
BLIP2ITMClient.cosine: (480, 640, 3), Seems like there is a tv ahead.
Best value: 10.36%
Step: 468 | Mode: explore | Action: 2
BLIP2ITMClient.cosine: (480, 640, 3), Seems like there is a tv ahead.
Best value: 10.03%
Step: 469 | Mode: explore | Action: 1
BLIP2ITMClient.cosine: (480, 640, 3), Seems like there is a tv ahead.
Sticking to last point.
Best value: 10.03%
Step: 470 | Mode: explore | Action: 2
BLIP2ITMClient.cosine: (480, 640, 3), Seems like there is a tv ahead.
Sticking to last point.
Best value: 10.03%
Step: 471 | Mode: explore | Action: 2
BLIP2ITMClient.cosine: (480, 640, 3), Seems like there is a tv ahead.
Sticking to last point.
Best value: 10.03%
Step: 472 | Mode: explore | Action: 2
BLIP2ITMClient.cosine: (480, 640, 3), Seems like there is a tv ahead.
Sticking to last point.
Best value: 10.03%
Step: 473 | Mode: explore | Action: 1
BLIP2ITMClient.cosine: (480, 640, 3), Seems like there is a tv ahead.
Sticking to last point.
Best value: 10.03%
Step: 474 | Mode: explore | Action: 1
BLIP2ITMClient.cosine: (480, 640, 3), Seems like there is a tv ahead.
Sticking to last point.
Best value: 10.03%
Step: 475 | Mode: explore | Action: 2
BLIP2ITMClient.cosine: (480, 640, 3), Seems like there is a tv ahead.
Sticking to last point.
Best value: 10.03%
Step: 476 | Mode: explore | Action: 1
BLIP2ITMClient.cosine: (480, 640, 3), Seems like there is a tv ahead.
Sticking to last point.
Best value: 10.03%
Step: 477 | Mode: explore | Action: 3
BLIP2ITMClient.cosine: (480, 640, 3), Seems like there is a tv ahead.
BLIP2ITMClient.cosine: (480, 640, 3), Seems like there is a tv ahead.
Sticking to last point.
Best value: 13.05%
Step: 478 | Mode: explore | Action: 1
BLIP2ITMClient.cosine: (480, 640, 3), Seems like there is a tv ahead.
Sticking to last point.
Best value: 13.05%
Step: 479 | Mode: explore | Action: 1
BLIP2ITMClient.cosine: (480, 640, 3), Seems like there is a tv ahead.
Sticking to last point.
Best value: 13.05%
Step: 480 | Mode: explore | Action: 1
BLIP2ITMClient.cosine: (480, 640, 3), Seems like there is a tv ahead.
Sticking to last point.
Best value: 13.05%
Step: 481 | Mode: explore | Action: 1
BLIP2ITMClient.cosine: (480, 640, 3), Seems like there is a tv ahead.
Sticking to last point.
Best value: 13.05%
Step: 482 | Mode: explore | Action: 1
BLIP2ITMClient.cosine: (480, 640, 3), Seems like there is a tv ahead.
Sticking to last point.
Best value: 13.05%
Step: 483 | Mode: explore | Action: 3
BLIP2ITMClient.cosine: (480, 640, 3), Seems like there is a tv ahead.
BLIP2ITMClient.cosine: (480, 640, 3), Seems like there is a tv ahead.
Best value: 11.88%
[09:56:24:128173]:[Physics] PhysicsManager.cpp(54)::~PhysicsManager : Deconstructing PhysicsManager
[09:56:24:128348]:[Scene] SceneManager.h(21)::~SceneManager : Deconstructing SceneManager
[09:56:24:128374]:[Scene] SceneGraph.h(25)::~SceneGraph : Deconstructing SceneGraph
[09:56:24:128876]:[Sensor] Sensor.cpp(69)::~Sensor : Deconstructing Sensor
[09:56:24:129351]:[Sensor] Sensor.cpp(69)::~Sensor : Deconstructing Sensor
[09:56:24:129493]:[Scene] SceneGraph.h(25)::~SceneGraph : Deconstructing SceneGraph
[09:56:24:129630]:[Scene] SemanticScene.h(48)::~SemanticScene : Deconstructing SemanticScene
Step: 484 | Mode: explore | Action: 1
BLIP2ITMClient.cosine: (480, 640, 3), Seems like there is a tv ahead.
BLIP2ITMClient.cosine: (480, 640, 3), Seems like there is a tv ahead.
Best value: 10.82%
Step: 485 | Mode: explore | Action: 3
BLIP2ITMClient.cosine: (480, 640, 3), Seems like there is a tv ahead.
No frontiers found during exploration, stopping.
Step: 486 | Mode: explore | Action: 0
Error executing job with overrides: ['habitat_baselines.evaluate=True', 'habitat_baselines.test_episode_count=-1', 'habitat.dataset.data_path=data/datasets/objectnav/gibson/v1.1/val/val.json.gz', 'habitat.dataset.content_scenes=[Darden]', 'habitat_baselines.num_environments=1']
[09:56:24:136694]:[Gfx] Renderer.cpp(71)::~Impl : Deconstructing Renderer
[09:56:24:136867]:[Gfx] WindowlessContext.h(17)::~WindowlessContext : Deconstructing WindowlessContext
Process ForkServerProcess-1:
Traceback (most recent call last):
  File "/opt/conda/envs/DCON/lib/python3.9/multiprocessing/process.py", line 315, in _bootstrap
    self.run()
  File "/opt/conda/envs/DCON/lib/python3.9/multiprocessing/process.py", line 108, in run
    self._target(*self._args, **self._kwargs)
  File "/opt/conda/envs/DCON/lib/python3.9/contextlib.py", line 79, in inner
    return func(*args, **kwds)
  File "/opt/conda/envs/DCON/lib/python3.9/site-packages/habitat/core/vector_env.py", line 260, in _worker_env
    observations = env.reset()
  File "/opt/conda/envs/DCON/lib/python3.9/site-packages/habitat/gym/gym_env_episode_count_wrapper.py", line 61, in reset
    return self.env.reset(**kwargs)
  File "/opt/conda/envs/DCON/lib/python3.9/site-packages/habitat/gym/gym_env_obs_dict_wrapper.py", line 36, in reset
    return self.env.reset(**kwargs)
  File "/opt/conda/envs/DCON/lib/python3.9/site-packages/gym/core.py", line 283, in reset
    return self.env.reset(**kwargs)
  File "/opt/conda/envs/DCON/lib/python3.9/site-packages/habitat/gym/gym_wrapper.py", line 301, in reset
    obs = self.env.reset(*args, return_info=return_info, **kwargs)
  File "/opt/conda/envs/DCON/lib/python3.9/site-packages/habitat/core/environments.py", line 59, in reset
    return super().reset(*args, return_info=return_info, **kwargs)
  File "/opt/conda/envs/DCON/lib/python3.9/contextlib.py", line 79, in inner
    return func(*args, **kwds)
  File "/opt/conda/envs/DCON/lib/python3.9/site-packages/habitat/core/env.py", line 424, in reset
    observations = self._env.reset()
  File "/opt/conda/envs/DCON/lib/python3.9/site-packages/habitat/core/env.py", line 263, in reset
    self._task.measurements.reset_measures(
  File "/opt/conda/envs/DCON/lib/python3.9/site-packages/habitat/core/embodied_task.py", line 165, in reset_measures
    measure.reset_metric(*args, **kwargs)
  File "/opt/conda/envs/DCON/lib/python3.9/site-packages/frontier_exploration/measurements.py", line 73, in reset_metric
    super().reset_metric(episode, *args, **kwargs)
  File "/opt/conda/envs/DCON/lib/python3.9/site-packages/habitat/tasks/nav/nav.py", line 858, in reset_metric
    self._draw_goals_view_points(episode)
  File "/opt/conda/envs/DCON/lib/python3.9/site-packages/frontier_exploration/measurements.py", line 210, in _draw_goals_view_points
    best_cnt = contours[best_idx]
IndexError: tuple index out of range
Traceback (most recent call last):
  File "/workspace/vlfm/vlfm/run.py", line 57, in main
    execute_exp(cfg, "eval" if cfg.habitat_baselines.evaluate else "train")
  File "/opt/conda/envs/DCON/lib/python3.9/site-packages/habitat_baselines/run.py", line 62, in execute_exp
    trainer.eval()
  File "/opt/conda/envs/DCON/lib/python3.9/site-packages/habitat_baselines/common/base_trainer.py", line 132, in eval
    self._eval_checkpoint(
  File "/workspace/vlfm/vlfm/utils/vlfm_trainer.py", line 212, in _eval_checkpoint
    outputs = self.envs.step(step_data)
  File "/workspace/vlfm/eval_with_trajectory.py", line 311, in _patched_step
    result = _orig_step(self, data)
  File "/opt/conda/envs/DCON/lib/python3.9/site-packages/habitat/core/vector_env.py", line 449, in step
    return self.wait_step()
  File "/opt/conda/envs/DCON/lib/python3.9/contextlib.py", line 79, in inner
    return func(*args, **kwds)
  File "/opt/conda/envs/DCON/lib/python3.9/site-packages/habitat/core/vector_env.py", line 436, in wait_step
    return [
  File "/opt/conda/envs/DCON/lib/python3.9/site-packages/habitat/core/vector_env.py", line 437, in <listcomp>
    self.wait_step_at(index_env) for index_env in range(self.num_envs)
  File "/opt/conda/envs/DCON/lib/python3.9/contextlib.py", line 79, in inner
    return func(*args, **kwds)
  File "/opt/conda/envs/DCON/lib/python3.9/site-packages/habitat/core/vector_env.py", line 410, in wait_step_at
    return self._connection_read_fns[index_env]()
  File "/opt/conda/envs/DCON/lib/python3.9/site-packages/habitat/core/vector_env.py", line 108, in __call__
    res = self.read_fn()
  File "/opt/conda/envs/DCON/lib/python3.9/site-packages/habitat/utils/pickle5_multiprocessing.py", line 68, in recv
    buf = self.recv_bytes()
  File "/opt/conda/envs/DCON/lib/python3.9/multiprocessing/connection.py", line 216, in recv_bytes
    buf = self._recv_bytes(maxlength)
  File "/opt/conda/envs/DCON/lib/python3.9/multiprocessing/connection.py", line 414, in _recv_bytes
    buf = self._recv(4)
  File "/opt/conda/envs/DCON/lib/python3.9/multiprocessing/connection.py", line 383, in _recv
    raise EOFError
EOFError

Set the environment variable HYDRA_FULL_ERROR=1 for a complete stack trace.
Exception ignored in: <function VectorEnv.__del__ at 0x7f34e471c700>
Traceback (most recent call last):
  File "/opt/conda/envs/DCON/lib/python3.9/site-packages/habitat/core/vector_env.py", line 589, in __del__
    self.close()
  File "/opt/conda/envs/DCON/lib/python3.9/site-packages/habitat/core/vector_env.py", line 457, in close
    read_fn()
  File "/opt/conda/envs/DCON/lib/python3.9/site-packages/habitat/core/vector_env.py", line 108, in __call__
    res = self.read_fn()
  File "/opt/conda/envs/DCON/lib/python3.9/site-packages/habitat/utils/pickle5_multiprocessing.py", line 68, in recv
    buf = self.recv_bytes()
  File "/opt/conda/envs/DCON/lib/python3.9/multiprocessing/connection.py", line 216, in recv_bytes
    buf = self._recv_bytes(maxlength)
  File "/opt/conda/envs/DCON/lib/python3.9/multiprocessing/connection.py", line 414, in _recv_bytes
    buf = self._recv(4)
  File "/opt/conda/envs/DCON/lib/python3.9/multiprocessing/connection.py", line 383, in _recv
    raise EOFError
EOFError: 
  1%|          | 11/1200 [14:09<25:30:06, 77.21s/it]
