Gym has been unmaintained since 2022 and does not support NumPy 2.0 amongst other critical functionality.
Please upgrade to Gymnasium, the maintained drop-in replacement of Gym, or contact the authors of your software and request that they upgrade.
See the migration guide at https://gymnasium.farama.org/introduction/migration_guide/ for additional information.
Neither `ifconfig` (`ifconfig -a`) nor `ip` (`ip address show`) commands are available, listing network interfaces is likely to fail
/opt/conda/envs/DCON/lib/python3.9/site-packages/fairscale/experimental/nn/offload.py:19: FutureWarning: `torch.cuda.amp.custom_fwd(args...)` is deprecated. Please use `torch.amp.custom_fwd(args..., device_type='cuda')` instead.
  return torch.cuda.amp.custom_fwd(orig_func)  # type: ignore
/opt/conda/envs/DCON/lib/python3.9/site-packages/fairscale/experimental/nn/offload.py:30: FutureWarning: `torch.cuda.amp.custom_bwd(args...)` is deprecated. Please use `torch.amp.custom_bwd(args..., device_type='cuda')` instead.
  return torch.cuda.amp.custom_bwd(orig_func)  # type: ignore
[traj] RUN_ID = 20260721_195136
2026-07-21 19:51:36,915 env config: habitat_baselines:
  evaluate: true
  trainer_name: vlfm
  updater_name: PPO
  distrib_updater_name: DDPPO
  torch_gpu_id: 0
  tensorboard_dir: tb
  writer_type: tb
  video_dir: video_dir
  video_fps: 10
  test_episode_count: -1
  eval_ckpt_path_dir: data/dummy_policy.pth
  num_environments: 1
  num_processes: -1
  rollout_storage_name: RolloutStorage
  checkpoint_folder: data/new_checkpoints
  num_updates: 270000
  num_checkpoints: 100
  checkpoint_interval: -1
  total_num_steps: -1.0
  log_interval: 10
  log_file: train.log
  force_blind_policy: false
  verbose: true
  eval_keys_to_include_in_name: []
  force_torch_single_threaded: true
  wb:
    project_name: ''
    entity: ''
    group: ''
    run_name: ''
  load_resume_state_config: false
  eval:
    split: val
    use_ckpt_config: true
    should_load_ckpt: false
    evals_per_ep: 1
    video_option: []
    extra_sim_sensors: {}
  profiling:
    capture_start_step: -1
    num_steps_to_capture: -1
  rl:
    agent:
      type: SingleAgentAccessMgr
    preemption:
      append_slurm_job_id: false
      save_resume_state_interval: 100
      save_state_batch_only: false
    policy:
      name: HabitatITMPolicy
      action_distribution_type: categorical
      action_dist:
        use_log_std: true
        use_softplus: false
        std_init: ???
        log_std_init: 0.0
        use_std_param: false
        clamp_std: true
        min_std: 1.0e-06
        max_std: 1
        min_log_std: -5
        max_log_std: 2
        action_activation: tanh
        scheduled_std: false
      obs_transforms: {}
      hierarchical_policy: ???
      text_prompt: Seems like there is a target_object ahead.
      pointnav_policy_path: data/pointnav_weights.pth
      depth_image_shape:
      - 224
      - 224
      pointnav_stop_radius: 0.9
      use_max_confidence: false
      object_map_erosion_size: 5
      exploration_thresh: 0.0
      obstacle_map_area_threshold: 1.5
      min_obstacle_height: 0.61
      max_obstacle_height: 0.88
      hole_area_thresh: 100000
      use_vqa: false
      vqa_prompt: 'Is this '
      coco_threshold: 0.8
      non_coco_threshold: 0.4
      agent_radius: 0.18
    ppo:
      clip_param: 0.2
      ppo_epoch: 4
      num_mini_batch: 2
      value_loss_coef: 0.5
      entropy_coef: 0.01
      lr: 0.00025
      eps: 1.0e-05
      max_grad_norm: 0.2
      num_steps: 64
      use_gae: true
      use_linear_lr_decay: false
      use_linear_clip_decay: false
      gamma: 0.99
      tau: 0.95
      reward_window_size: 50
      use_normalized_advantage: false
      hidden_size: 512
      entropy_target_factor: 0.0
      use_adaptive_entropy_pen: false
      use_clipped_value_loss: true
      use_double_buffered_sampler: false
    ddppo:
      sync_frac: 0.6
      distrib_backend: NCCL
      rnn_type: LSTM
      num_recurrent_layers: 2
      backbone: resnet50
      pretrained_weights: data/ddppo-models/gibson-2plus-resnet50.pth
      pretrained: false
      pretrained_encoder: false
      train_encoder: true
      reset_critic: false
      force_distributed: false
    ver:
      variable_experience: true
      num_inference_workers: 2
      overlap_rollouts_and_learn: false
    auxiliary_losses: {}
habitat:
  seed: 100
  env_task: GymHabitatEnv
  env_task_gym_dependencies: []
  env_task_gym_id: ''
  environment:
    max_episode_steps: 500
    max_episode_seconds: 10000000
    iterator_options:
      cycle: true
      shuffle: true
      group_by_scene: true
      num_episode_sample: -1
      max_scene_repeat_episodes: -1
      max_scene_repeat_steps: 50000
      step_repetition_range: 0.2
  simulator:
    type: Sim-v0
    action_space_config: v1
    action_space_config_arguments: {}
    forward_step_size: 0.25
    create_renderer: false
    requires_textures: true
    auto_sleep: false
    step_physics: true
    concur_render: false
    needs_markers: true
    update_articulated_agent: true
    scene: data/scene_datasets/habitat-test-scenes/van-gogh-room.glb
    scene_dataset: data/scene_datasets/gibson_semantic/gibson.scene_dataset_config.json
    additional_object_paths: []
    seed: ${habitat.seed}
    turn_angle: 30
    tilt_angle: 30
    default_agent_id: 0
    debug_render: false
    debug_render_articulated_agent: false
    kinematic_mode: false
    debug_render_goal: true
    robot_joint_start_noise: 0.0
    ctrl_freq: 120.0
    ac_freq_ratio: 4
    load_objs: true
    hold_thresh: 0.15
    grasp_impulse: 10000.0
    agents:
      main_agent:
        height: 0.88
        radius: 0.18
        grasp_managers: 1
        sim_sensors:
          rgb_sensor:
            type: HabitatSimRGBSensor
            height: 480
            width: 640
            position:
            - 0.0
            - 0.88
            - 0.0
            orientation:
            - 0.0
            - 0.0
            - 0.0
            hfov: 79
            sensor_subtype: PINHOLE
            noise_model: None
            noise_model_kwargs: {}
          depth_sensor:
            type: HabitatSimDepthSensor
            height: 480
            width: 640
            position:
            - 0.0
            - 0.88
            - 0.0
            orientation:
            - 0.0
            - 0.0
            - 0.0
            hfov: 79
            sensor_subtype: PINHOLE
            noise_model: None
            noise_model_kwargs: {}
            min_depth: 0.5
            max_depth: 5.0
            normalize_depth: true
        is_set_start_state: false
        start_position:
        - 0.0
        - 0.0
        - 0.0
        start_rotation:
        - 0.0
        - 0.0
        - 0.0
        - 1.0
        joint_start_noise: 0.1
        articulated_agent_urdf: data/robots/hab_fetch/robots/hab_fetch.urdf
        articulated_agent_type: FetchRobot
        ik_arm_urdf: data/robots/hab_fetch/robots/fetch_onlyarm.urdf
        motion_data_path: ''
    agents_order:
    - main_agent
    habitat_sim_v0:
      gpu_device_id: 0
      gpu_gpu: false
      allow_sliding: false
      frustum_culling: true
      enable_physics: false
      physics_config_file: ./data/default.physics_config.json
      leave_context_with_background_renderer: false
      enable_gfx_replay_save: false
    ep_info: null
    object_ids_start: 100
  task:
    reward_measure: distance_to_goal_reward
    success_measure: spl
    success_reward: 2.5
    slack_reward: -0.001
    end_on_success: true
    type: ObjectNav-v1
    lab_sensors:
      objectgoal_sensor:
        type: ObjectGoalSensor
        goal_spec: TASK_CATEGORY_ID
        goal_spec_max_val: 50
      compass_sensor:
        type: CompassSensor
      gps_sensor:
        type: GPSSensor
        dimensionality: 2
      base_explorer:
        type: BaseExplorer
        ang_vel: 10.0
        area_thresh: 3.0
        forward_step_size: 0.25
        fov: 79
        lin_vel: 0.25
        map_resolution: 256
        minimize_time: true
        success_distance: 0.18
        turn_angle: 10.0
        visibility_dist: 4.5
      heading_sensor:
        type: HeadingSensor
      frontier_sensor:
        type: FrontierSensor
    measurements:
      distance_to_goal:
        type: DistanceToGoal
        distance_to: VIEW_POINTS
      success:
        type: Success
        success_distance: 1.0
      spl:
        type: SPL
      soft_spl:
        type: SoftSPL
      distance_to_goal_reward:
        type: DistanceToGoalReward
      frontier_exploration_map:
        type: FrontierExplorationMap
        max_episode_steps: 1000
        map_padding: 3
        map_resolution: 1024
        draw_source: true
        draw_border: true
        draw_shortest_path: true
        draw_view_points: true
        draw_goal_positions: true
        draw_goal_aabbs: false
        fog_of_war:
          draw: true
          visibility_dist: 5.0
          fov: 90
        draw_waypoints: true
      traveled_stairs:
        type: TraveledStairs
    goal_sensor_uuid: objectgoal
    count_obj_collisions: true
    settle_steps: 5
    constraint_violation_ends_episode: true
    constraint_violation_drops_object: false
    force_regenerate: false
    should_save_to_cache: false
    object_in_hand_sample_prob: 0.167
    min_start_distance: 3.0
    render_target: true
    physics_stability_steps: 1
    num_spawn_attempts: 200
    spawn_max_dist_to_obj: 2.0
    base_angle_noise: 0.523599
    ee_sample_factor: 0.2
    ee_exclude_region: 0.0
    base_noise: 0.05
    spawn_region_scale: 0.2
    joint_max_impulse: -1.0
    desired_resting_position:
    - 0.5
    - 0.0
    - 1.0
    use_marker_t: true
    cache_robot_init: false
    success_state: 0.0
    should_enforce_target_within_reach: false
    task_spec_base_path: habitat/task/rearrange/pddl/
    task_spec: ''
    pddl_domain_def: replica_cad
    obj_succ_thresh: 0.3
    enable_safe_drop: false
    art_succ_thresh: 0.15
    robot_at_thresh: 2.0
    filter_nav_to_tasks: []
    actions:
      stop:
        type: StopAction
        agent_index: 0
      move_forward:
        type: MoveForwardAction
        agent_index: 0
      turn_left:
        type: TurnLeftAction
        agent_index: 0
      turn_right:
        type: TurnRightAction
        agent_index: 0
      look_up:
        type: LookUpAction
        agent_index: 0
      look_down:
        type: LookDownAction
        agent_index: 0
  dataset:
    type: ObjectNav-v1
    split: val
    scenes_dir: data/scene_datasets
    content_scenes:
    - Wiconisco
    data_path: data/datasets/objectnav/gibson/v1.1/val/Wiconisco_full.json.gz
  gym:
    obs_keys: null
    action_keys: null
    achieved_goal_keys: []
    desired_goal_keys: []

2026-07-21 19:51:36,916 Initializing dataset ObjectNav-v1
Gym has been unmaintained since 2022 and does not support NumPy 2.0 amongst other critical functionality.
Please upgrade to Gymnasium, the maintained drop-in replacement of Gym, or contact the authors of your software and request that they upgrade.
See the migration guide at https://gymnasium.farama.org/introduction/migration_guide/ for additional information.
Neither `ifconfig` (`ifconfig -a`) nor `ip` (`ip address show`) commands are available, listing network interfaces is likely to fail
FutureWarning: `torch.cuda.amp.custom_fwd(args...)` is deprecated. Please use `torch.amp.custom_fwd(args..., device_type='cuda')` instead.
FutureWarning: `torch.cuda.amp.custom_bwd(args...)` is deprecated. Please use `torch.amp.custom_bwd(args..., device_type='cuda')` instead.
2026-07-21 19:51:43,581 Initializing dataset ObjectNav-v1
2026-07-21 19:51:43,596 initializing sim Sim-v0
[19:51:43:651059]:[Metadata] AttributesManagerBase.h(380)::createFromJsonOrDefaultInternal : <Dataset>: Proposing JSON name : default.scene_dataset_config.json from original name : default| This file does not exist.
[19:51:43:651182]:[Metadata] AssetAttributesManager.cpp(123)::createObject : Asset attributes (capsule3DSolid:capsule3DSolid_hemiRings_4_cylRings_1_segments_12_halfLen_0.75_useTexCoords_false_useTangents_false) created and registered.
[19:51:43:651220]:[Metadata] AssetAttributesManager.cpp(123)::createObject : Asset attributes (capsule3DWireframe:capsule3DWireframe_hemiRings_8_cylRings_1_segments_16_halfLen_1) created and registered.
[19:51:43:651240]:[Metadata] AssetAttributesManager.cpp(123)::createObject : Asset attributes (coneSolid:coneSolid_segments_12_halfLen_1.25_rings_1_useTexCoords_false_useTangents_false_capEnd_true) created and registered.
[19:51:43:651257]:[Metadata] AssetAttributesManager.cpp(123)::createObject : Asset attributes (coneWireframe:coneWireframe_segments_32_halfLen_1.25) created and registered.
[19:51:43:651271]:[Metadata] AssetAttributesManager.cpp(123)::createObject : Asset attributes (cubeSolid:cubeSolid) created and registered.
[19:51:43:651284]:[Metadata] AssetAttributesManager.cpp(123)::createObject : Asset attributes (cubeWireframe:cubeWireframe) created and registered.
[19:51:43:651297]:[Metadata] AssetAttributesManager.cpp(123)::createObject : Asset attributes (cylinderSolid:cylinderSolid_rings_1_segments_12_halfLen_1_useTexCoords_false_useTangents_false_capEnds_true) created and registered.
[19:51:43:651312]:[Metadata] AssetAttributesManager.cpp(123)::createObject : Asset attributes (cylinderWireframe:cylinderWireframe_rings_1_segments_32_halfLen_1) created and registered.
[19:51:43:651323]:[Metadata] AssetAttributesManager.cpp(123)::createObject : Asset attributes (icosphereSolid:icosphereSolid_subdivs_1) created and registered.
[19:51:43:651337]:[Metadata] AssetAttributesManager.cpp(123)::createObject : Asset attributes (icosphereWireframe:icosphereWireframe_subdivs_1) created and registered.
[19:51:43:651351]:[Metadata] AssetAttributesManager.cpp(123)::createObject : Asset attributes (uvSphereSolid:uvSphereSolid_rings_8_segments_16_useTexCoords_false_useTangents_false) created and registered.
[19:51:43:651366]:[Metadata] AssetAttributesManager.cpp(123)::createObject : Asset attributes (uvSphereWireframe:uvSphereWireframe_rings_16_segments_32) created and registered.
[19:51:43:651375]:[Metadata] AssetAttributesManager.cpp(112)::AssetAttributesManager : Built default primitive asset templates : 12
[19:51:43:651582]:[Metadata] SceneDatasetAttributesManager.cpp(37)::createObject : File (default) not found, so new default dataset attributes created  and registered.
[19:51:43:651590]:[Metadata] MetadataMediator.cpp(120)::createSceneDataset : Dataset default successfully created.
[19:51:43:651603]:[Metadata] AttributesManagerBase.h(380)::createFromJsonOrDefaultInternal : <Physics Manager>: Proposing JSON name : ./data/default.physics_config.json from original name : ./data/default.physics_config.json| This file does not exist.
[19:51:43:651616]:[Metadata] PhysicsAttributesManager.cpp(26)::createObject : File (./data/default.physics_config.json) not found, so new default physics manager attributes created and registered.
[19:51:43:651624]:[Metadata] MetadataMediator.cpp(210)::setActiveSceneDatasetName : Attempting to create new dataset data/scene_datasets/gibson_semantic/gibson.scene_dataset_config.json
[19:51:43:651637]:[Metadata] AttributesManagerBase.h(380)::createFromJsonOrDefaultInternal : <Dataset>: Proposing JSON name : data/scene_datasets/gibson_semantic/gibson.scene_dataset_config.json from original name : data/scene_datasets/gibson_semantic/gibson.scene_dataset_config.json| This file exists.
[19:51:43:651685]:[Metadata] AssetAttributesManager.cpp(123)::createObject : Asset attributes (capsule3DSolid:capsule3DSolid_hemiRings_4_cylRings_1_segments_12_halfLen_0.75_useTexCoords_false_useTangents_false) created and registered.
[19:51:43:651702]:[Metadata] AssetAttributesManager.cpp(123)::createObject : Asset attributes (capsule3DWireframe:capsule3DWireframe_hemiRings_8_cylRings_1_segments_16_halfLen_1) created and registered.
[19:51:43:651715]:[Metadata] AssetAttributesManager.cpp(123)::createObject : Asset attributes (coneSolid:coneSolid_segments_12_halfLen_1.25_rings_1_useTexCoords_false_useTangents_false_capEnd_true) created and registered.
[19:51:43:651726]:[Metadata] AssetAttributesManager.cpp(123)::createObject : Asset attributes (coneWireframe:coneWireframe_segments_32_halfLen_1.25) created and registered.
[19:51:43:651739]:[Metadata] AssetAttributesManager.cpp(123)::createObject : Asset attributes (cubeSolid:cubeSolid) created and registered.
[19:51:43:651751]:[Metadata] AssetAttributesManager.cpp(123)::createObject : Asset attributes (cubeWireframe:cubeWireframe) created and registered.
[19:51:43:651762]:[Metadata] AssetAttributesManager.cpp(123)::createObject : Asset attributes (cylinderSolid:cylinderSolid_rings_1_segments_12_halfLen_1_useTexCoords_false_useTangents_false_capEnds_true) created and registered.
[19:51:43:651773]:[Metadata] AssetAttributesManager.cpp(123)::createObject : Asset attributes (cylinderWireframe:cylinderWireframe_rings_1_segments_32_halfLen_1) created and registered.
[19:51:43:651782]:[Metadata] AssetAttributesManager.cpp(123)::createObject : Asset attributes (icosphereSolid:icosphereSolid_subdivs_1) created and registered.
[19:51:43:651792]:[Metadata] AssetAttributesManager.cpp(123)::createObject : Asset attributes (icosphereWireframe:icosphereWireframe_subdivs_1) created and registered.
[19:51:43:651802]:[Metadata] AssetAttributesManager.cpp(123)::createObject : Asset attributes (uvSphereSolid:uvSphereSolid_rings_8_segments_16_useTexCoords_false_useTangents_false) created and registered.
[19:51:43:651816]:[Metadata] AssetAttributesManager.cpp(123)::createObject : Asset attributes (uvSphereWireframe:uvSphereWireframe_rings_16_segments_32) created and registered.
[19:51:43:651826]:[Metadata] AssetAttributesManager.cpp(112)::AssetAttributesManager : Built default primitive asset templates : 12
[19:51:43:651989]:[Metadata] AttributesManagerBase.h(352)::buildAttrSrcPathsFromJSONAndLoad : Glob path result for data/scene_datasets/gibson_semantic/./ : data/scene_datasets/gibson_semantic/./
[19:51:43:652007]:[Metadata] AttributesManagerBase.h(303)::loadAllTemplatesFromPathAndExt : Parsing Stage Template library directory: data/scene_datasets/gibson_semantic/./ for '.glb' files
[19:51:43:652751]:[Metadata] AttributesManagerBase.h(265)::loadAllFileBasedTemplates : Loading 492  Stage Template templates found in data/scene_datasets/gibson_semantic/.
[19:51:43:652765]:[Metadata] AttributesManagerBase.h(380)::createFromJsonOrDefaultInternal : <Stage Template>: Proposing JSON name : data/scene_datasets/gibson_semantic/./Ackermanville.stage_config.json from original name : data/scene_datasets/gibson_semantic/./Ackermanville.glb| This file does not exist.
[19:51:43:652810]:[Metadata] AbstractObjectAttributesManagerBase.h(184)::createObject : File (data/scene_datasets/gibson_semantic/./Ackermanville.glb) exists but is not a recognized config filename extension, so new default Stage Template attributes created and registered.
[19:51:43:652822]:[Metadata] AttributesManagerBase.h(380)::createFromJsonOrDefaultInternal : <Stage Template>: Proposing JSON name : data/scene_datasets/gibson_semantic/./Adairsville.stage_config.json from original name : data/scene_datasets/gibson_semantic/./Adairsville.glb| This file does not exist.
[19:51:43:652861]:[Metadata] AbstractObjectAttributesManagerBase.h(184)::createObject : File (data/scene_datasets/gibson_semantic/./Adairsville.glb) exists but is not a recognized config filename extension, so new default Stage Template attributes created and registered.
[19:51:43:652871]:[Metadata] AttributesManagerBase.h(380)::createFromJsonOrDefaultInternal : <Stage Template>: Proposing JSON name : data/scene_datasets/gibson_semantic/./Adrian.stage_config.json from original name : data/scene_datasets/gibson_semantic/./Adrian.glb| This file does not exist.
[19:51:43:652908]:[Metadata] AbstractObjectAttributesManagerBase.h(184)::createObject : File (data/scene_datasets/gibson_semantic/./Adrian.glb) exists but is not a recognized config filename extension, so new default Stage Template attributes created and registered.
[19:51:43:652918]:[Metadata] AttributesManagerBase.h(380)::createFromJsonOrDefaultInternal : <Stage Template>: Proposing JSON name : data/scene_datasets/gibson_semantic/./Airport.stage_config.json from original name : data/scene_datasets/gibson_semantic/./Airport.glb| This file does not exist.
[19:51:43:652956]:[Metadata] AbstractObjectAttributesManagerBase.h(184)::createObject : File (data/scene_datasets/gibson_semantic/./Airport.glb) exists but is not a recognized config filename extension, so new default Stage Template attributes created and registered.
[19:51:43:652965]:[Metadata] AttributesManagerBase.h(380)::createFromJsonOrDefaultInternal : <Stage Template>: Proposing JSON name : data/scene_datasets/gibson_semantic/./Albertville.stage_config.json from original name : data/scene_datasets/gibson_semantic/./Albertville.glb| This file does not exist.
[19:51:43:653002]:[Metadata] AbstractObjectAttributesManagerBase.h(184)::createObject : File (data/scene_datasets/gibson_semantic/./Albertville.glb) exists but is not a recognized config filename extension, so new default Stage Template attributes created and registered.
[19:51:43:653012]:[Metadata] AttributesManagerBase.h(380)::createFromJsonOrDefaultInternal : <Stage Template>: Proposing JSON name : data/scene_datasets/gibson_semantic/./Aldrich.stage_config.json from original name : data/scene_datasets/gibson_semantic/./Aldrich.glb| This file does not exist.
[19:51:43:653047]:[Metadata] AbstractObjectAttributesManagerBase.h(184)::createObject : File (data/scene_datasets/gibson_semantic/./Aldrich.glb) exists but is not a recognized config filename extension, so new default Stage Template attributes created and registered.
[19:51:43:653057]:[Metadata] AttributesManagerBase.h(380)::createFromJsonOrDefaultInternal : <Stage Template>: Proposing JSON name : data/scene_datasets/gibson_semantic/./Alfred.stage_config.json from original name : data/scene_datasets/gibson_semantic/./Alfred.glb| This file does not exist.
[19:51:43:653095]:[Metadata] AbstractObjectAttributesManagerBase.h(184)::createObject : File (data/scene_datasets/gibson_semantic/./Alfred.glb) exists but is not a recognized config filename extension, so new default Stage Template attributes created and registered.
[19:51:43:653105]:[Metadata] AttributesManagerBase.h(380)::createFromJsonOrDefaultInternal : <Stage Template>: Proposing JSON name : data/scene_datasets/gibson_semantic/./Allensville.stage_config.json from original name : data/scene_datasets/gibson_semantic/./Allensville.glb| This file does not exist.
[19:51:43:653142]:[Metadata] AbstractObjectAttributesManagerBase.h(184)::createObject : File (data/scene_datasets/gibson_semantic/./Allensville.glb) exists but is not a recognized config filename extension, so new default Stage Template attributes created and registered.
[19:51:43:653151]:[Metadata] AttributesManagerBase.h(380)::createFromJsonOrDefaultInternal : <Stage Template>: Proposing JSON name : data/scene_datasets/gibson_semantic/./Almena.stage_config.json from original name : data/scene_datasets/gibson_semantic/./Almena.glb| This file does not exist.
[19:51:43:653189]:[Metadata] AbstractObjectAttributesManagerBase.h(184)::createObject : File (data/scene_datasets/gibson_semantic/./Almena.glb) exists but is not a recognized config filename extension, so new default Stage Template attributes created and registered.
[19:51:43:653199]:[Metadata] AttributesManagerBase.h(380)::createFromJsonOrDefaultInternal : <Stage Template>: Proposing JSON name : data/scene_datasets/gibson_semantic/./Almota.stage_config.json from original name : data/scene_datasets/gibson_semantic/./Almota.glb| This file does not exist.
[19:51:43:653243]:[Metadata] AbstractObjectAttributesManagerBase.h(184)::createObject : File (data/scene_datasets/gibson_semantic/./Almota.glb) exists but is not a recognized config filename extension, so new default Stage Template attributes created and registered.
[19:51:43:653253]:[Metadata] AttributesManagerBase.h(380)::createFromJsonOrDefaultInternal : <Stage Template>: Proposing JSON name : data/scene_datasets/gibson_semantic/./Aloha.stage_config.json from original name : data/scene_datasets/gibson_semantic/./Aloha.glb| This file does not exist.
[19:51:43:653290]:[Metadata] AbstractObjectAttributesManagerBase.h(184)::createObject : File (data/scene_datasets/gibson_semantic/./Aloha.glb) exists but is not a recognized config filename extension, so new default Stage Template attributes created and registered.
[19:51:43:653300]:[Metadata] AttributesManagerBase.h(380)::createFromJsonOrDefaultInternal : <Stage Template>: Proposing JSON name : data/scene_datasets/gibson_semantic/./Alstown.stage_config.json from original name : data/scene_datasets/gibson_semantic/./Alstown.glb| This file does not exist.
[19:51:43:653338]:[Metadata] AbstractObjectAttributesManagerBase.h(184)::createObject : File (data/scene_datasets/gibson_semantic/./Alstown.glb) exists but is not a recognized config filename extension, so new default Stage Template attributes created and registered.
[19:51:43:653347]:[Metadata] AttributesManagerBase.h(380)::createFromJsonOrDefaultInternal : <Stage Template>: Proposing JSON name : data/scene_datasets/gibson_semantic/./American.stage_config.json from original name : data/scene_datasets/gibson_semantic/./American.glb| This file does not exist.
[19:51:43:653386]:[Metadata] AbstractObjectAttributesManagerBase.h(184)::createObject : File (data/scene_datasets/gibson_semantic/./American.glb) exists but is not a recognized config filename extension, so new default Stage Template attributes created and registered.
[19:51:43:653395]:[Metadata] AttributesManagerBase.h(380)::createFromJsonOrDefaultInternal : <Stage Template>: Proposing JSON name : data/scene_datasets/gibson_semantic/./Anaheim.stage_config.json from original name : data/scene_datasets/gibson_semantic/./Anaheim.glb| This file does not exist.
[19:51:43:653433]:[Metadata] AbstractObjectAttributesManagerBase.h(184)::createObject : File (data/scene_datasets/gibson_semantic/./Anaheim.glb) exists but is not a recognized config filename extension, so new default Stage Template attributes created and registered.
[19:51:43:653443]:[Metadata] AttributesManagerBase.h(380)::createFromJsonOrDefaultInternal : <Stage Template>: Proposing JSON name : data/scene_datasets/gibson_semantic/./Ancor.stage_config.json from original name : data/scene_datasets/gibson_semantic/./Ancor.glb| This file does not exist.
[19:51:43:653481]:[Metadata] AbstractObjectAttributesManagerBase.h(184)::createObject : File (data/scene_datasets/gibson_semantic/./Ancor.glb) exists but is not a recognized config filename extension, so new default Stage Template attributes created and registered.
[19:51:43:653491]:[Metadata] AttributesManagerBase.h(380)::createFromJsonOrDefaultInternal : <Stage Template>: Proposing JSON name : data/scene_datasets/gibson_semantic/./Andover.stage_config.json from original name : data/scene_datasets/gibson_semantic/./Andover.glb| This file does not exist.
[19:51:43:653530]:[Metadata] AbstractObjectAttributesManagerBase.h(184)::createObject : File (data/scene_datasets/gibson_semantic/./Andover.glb) exists but is not a recognized config filename extension, so new default Stage Template attributes created and registered.
[19:51:43:653539]:[Metadata] AttributesManagerBase.h(380)::createFromJsonOrDefaultInternal : <Stage Template>: Proposing JSON name : data/scene_datasets/gibson_semantic/./Angiola.stage_config.json from original name : data/scene_datasets/gibson_semantic/./Angiola.glb| This file does not exist.
[19:51:43:653579]:[Metadata] AbstractObjectAttributesManagerBase.h(184)::createObject : File (data/scene_datasets/gibson_semantic/./Angiola.glb) exists but is not a recognized config filename extension, so new default Stage Template attributes created and registered.
[19:51:43:653589]:[Metadata] AttributesManagerBase.h(380)::createFromJsonOrDefaultInternal : <Stage Template>: Proposing JSON name : data/scene_datasets/gibson_semantic/./Annawan.stage_config.json from original name : data/scene_datasets/gibson_semantic/./Annawan.glb| This file does not exist.
[19:51:43:653625]:[Metadata] AbstractObjectAttributesManagerBase.h(184)::createObject : File (data/scene_datasets/gibson_semantic/./Annawan.glb) exists but is not a recognized config filename extension, so new default Stage Template attributes created and registered.
[19:51:43:653635]:[Metadata] AttributesManagerBase.h(380)::createFromJsonOrDefaultInternal : <Stage Template>: Proposing JSON name : data/scene_datasets/gibson_semantic/./Annona.stage_config.json from original name : data/scene_datasets/gibson_semantic/./Annona.glb| This file does not exist.
[19:51:43:653672]:[Metadata] AbstractObjectAttributesManagerBase.h(184)::createObject : File (data/scene_datasets/gibson_semantic/./Annona.glb) exists but is not a recognized config filename extension, so new default Stage Template attributes created and registered.
[19:51:43:653681]:[Metadata] AttributesManagerBase.h(380)::createFromJsonOrDefaultInternal : <Stage Template>: Proposing JSON name : data/scene_datasets/gibson_semantic/./Anthoston.stage_config.json from original name : data/scene_datasets/gibson_semantic/./Anthoston.glb| This file does not exist.
[19:51:43:653716]:[Metadata] AbstractObjectAttributesManagerBase.h(184)::createObject : File (data/scene_datasets/gibson_semantic/./Anthoston.glb) exists but is not a recognized config filename extension, so new default Stage Template attributes created and registered.
[19:51:43:653726]:[Metadata] AttributesManagerBase.h(380)::createFromJsonOrDefaultInternal : <Stage Template>: Proposing JSON name : data/scene_datasets/gibson_semantic/./Apache.stage_config.json from original name : data/scene_datasets/gibson_semantic/./Apache.glb| This file does not exist.
[19:51:43:653765]:[Metadata] AbstractObjectAttributesManagerBase.h(184)::createObject : File (data/scene_datasets/gibson_semantic/./Apache.glb) exists but is not a recognized config filename extension, so new default Stage Template attributes created and registered.
[19:51:43:653775]:[Metadata] AttributesManagerBase.h(380)::createFromJsonOrDefaultInternal : <Stage Template>: Proposing JSON name : data/scene_datasets/gibson_semantic/./Applewold.stage_config.json from original name : data/scene_datasets/gibson_semantic/./Applewold.glb| This file does not exist.
[19:51:43:653811]:[Metadata] AbstractObjectAttributesManagerBase.h(184)::createObject : File (data/scene_datasets/gibson_semantic/./Applewold.glb) exists but is not a recognized config filename extension, so new default Stage Template attributes created and registered.
[19:51:43:653821]:[Metadata] AttributesManagerBase.h(380)::createFromJsonOrDefaultInternal : <Stage Template>: Proposing JSON name : data/scene_datasets/gibson_semantic/./Arbutus.stage_config.json from original name : data/scene_datasets/gibson_semantic/./Arbutus.glb| This file does not exist.
[19:51:43:653859]:[Metadata] AbstractObjectAttributesManagerBase.h(184)::createObject : File (data/scene_datasets/gibson_semantic/./Arbutus.glb) exists but is not a recognized config filename extension, so new default Stage Template attributes created and registered.
[19:51:43:653869]:[Metadata] AttributesManagerBase.h(380)::createFromJsonOrDefaultInternal : <Stage Template>: Proposing JSON name : data/scene_datasets/gibson_semantic/./Archer.stage_config.json from original name : data/scene_datasets/gibson_semantic/./Archer.glb| This file does not exist.
[19:51:43:653905]:[Metadata] AbstractObjectAttributesManagerBase.h(184)::createObject : File (data/scene_datasets/gibson_semantic/./Archer.glb) exists but is not a recognized config filename extension, so new default Stage Template attributes created and registered.
[19:51:43:653915]:[Metadata] AttributesManagerBase.h(380)::createFromJsonOrDefaultInternal : <Stage Template>: Proposing JSON name : data/scene_datasets/gibson_semantic/./Arkansaw.stage_config.json from original name : data/scene_datasets/gibson_semantic/./Arkansaw.glb| This file does not exist.
[19:51:43:653950]:[Metadata] AbstractObjectAttributesManagerBase.h(184)::createObject : File (data/scene_datasets/gibson_semantic/./Arkansaw.glb) exists but is not a recognized config filename extension, so new default Stage Template attributes created and registered.
[19:51:43:653960]:[Metadata] AttributesManagerBase.h(380)::createFromJsonOrDefaultInternal : <Stage Template>: Proposing JSON name : data/scene_datasets/gibson_semantic/./Arona.stage_config.json from original name : data/scene_datasets/gibson_semantic/./Arona.glb| This file does not exist.
[19:51:43:653995]:[Metadata] AbstractObjectAttributesManagerBase.h(184)::createObject : File (data/scene_datasets/gibson_semantic/./Arona.glb) exists but is not a recognized config filename extension, so new default Stage Template attributes created and registered.
[19:51:43:654004]:[Metadata] AttributesManagerBase.h(380)::createFromJsonOrDefaultInternal : <Stage Template>: Proposing JSON name : data/scene_datasets/gibson_semantic/./Artois.stage_config.json from original name : data/scene_datasets/gibson_semantic/./Artois.glb| This file does not exist.
[19:51:43:654040]:[Metadata] AbstractObjectAttributesManagerBase.h(184)::createObject : File (data/scene_datasets/gibson_semantic/./Artois.glb) exists but is not a recognized config filename extension, so new default Stage Template attributes created and registered.
[19:51:43:654050]:[Metadata] AttributesManagerBase.h(380)::createFromJsonOrDefaultInternal : <Stage Template>: Proposing JSON name : data/scene_datasets/gibson_semantic/./Ashport.stage_config.json from original name : data/scene_datasets/gibson_semantic/./Ashport.glb| This file does not exist.
[19:51:43:654085]:[Metadata] AbstractObjectAttributesManagerBase.h(184)::createObject : File (data/scene_datasets/gibson_semantic/./Ashport.glb) exists but is not a recognized config filename extension, so new default Stage Template attributes created and registered.
[19:51:43:654094]:[Metadata] AttributesManagerBase.h(380)::createFromJsonOrDefaultInternal : <Stage Template>: Proposing JSON name : data/scene_datasets/gibson_semantic/./Assinippi.stage_config.json from original name : data/scene_datasets/gibson_semantic/./Assinippi.glb| This file does not exist.
[19:51:43:654131]:[Metadata] AbstractObjectAttributesManagerBase.h(184)::createObject : File (data/scene_datasets/gibson_semantic/./Assinippi.glb) exists but is not a recognized config filename extension, so new default Stage Template attributes created and registered.
[19:51:43:654140]:[Metadata] AttributesManagerBase.h(380)::createFromJsonOrDefaultInternal : <Stage Template>: Proposing JSON name : data/scene_datasets/gibson_semantic/./Athens.stage_config.json from original name : data/scene_datasets/gibson_semantic/./Athens.glb| This file does not exist.
[19:51:43:654176]:[Metadata] AbstractObjectAttributesManagerBase.h(184)::createObject : File (data/scene_datasets/gibson_semantic/./Athens.glb) exists but is not a recognized config filename extension, so new default Stage Template attributes created and registered.
[19:51:43:654185]:[Metadata] AttributesManagerBase.h(380)::createFromJsonOrDefaultInternal : <Stage Template>: Proposing JSON name : data/scene_datasets/gibson_semantic/./Auburn.stage_config.json from original name : data/scene_datasets/gibson_semantic/./Auburn.glb| This file does not exist.
[19:51:43:654221]:[Metadata] AbstractObjectAttributesManagerBase.h(184)::createObject : File (data/scene_datasets/gibson_semantic/./Auburn.glb) exists but is not a recognized config filename extension, so new default Stage Template attributes created and registered.
[19:51:43:654231]:[Metadata] AttributesManagerBase.h(380)::createFromJsonOrDefaultInternal : <Stage Template>: Proposing JSON name : data/scene_datasets/gibson_semantic/./Aulander.stage_config.json from original name : data/scene_datasets/gibson_semantic/./Aulander.glb| This file does not exist.
[19:51:43:654267]:[Metadata] AbstractObjectAttributesManagerBase.h(184)::createObject : File (data/scene_datasets/gibson_semantic/./Aulander.glb) exists but is not a recognized config filename extension, so new default Stage Template attributes created and registered.
[19:51:43:654276]:[Metadata] AttributesManagerBase.h(380)::createFromJsonOrDefaultInternal : <Stage Template>: Proposing JSON name : data/scene_datasets/gibson_semantic/./Avonia.stage_config.json from original name : data/scene_datasets/gibson_semantic/./Avonia.glb| This file does not exist.
[19:51:43:654311]:[Metadata] AbstractObjectAttributesManagerBase.h(184)::createObject : File (data/scene_datasets/gibson_semantic/./Avonia.glb) exists but is not a recognized config filename extension, so new default Stage Template attributes created and registered.
[19:51:43:654321]:[Metadata] AttributesManagerBase.h(380)::createFromJsonOrDefaultInternal : <Stage Template>: Proposing JSON name : data/scene_datasets/gibson_semantic/./Azusa.stage_config.json from original name : data/scene_datasets/gibson_semantic/./Azusa.glb| This file does not exist.
[19:51:43:654355]:[Metadata] AbstractObjectAttributesManagerBase.h(184)::createObject : File (data/scene_datasets/gibson_semantic/./Azusa.glb) exists but is not a recognized config filename extension, so new default Stage Template attributes created and registered.
[19:51:43:654364]:[Metadata] AttributesManagerBase.h(380)::createFromJsonOrDefaultInternal : <Stage Template>: Proposing JSON name : data/scene_datasets/gibson_semantic/./Ballantine.stage_config.json from original name : data/scene_datasets/gibson_semantic/./Ballantine.glb| This file does not exist.
[19:51:43:654399]:[Metadata] AbstractObjectAttributesManagerBase.h(184)::createObject : File (data/scene_datasets/gibson_semantic/./Ballantine.glb) exists but is not a recognized config filename extension, so new default Stage Template attributes created and registered.
[19:51:43:654408]:[Metadata] AttributesManagerBase.h(380)::createFromJsonOrDefaultInternal : <Stage Template>: Proposing JSON name : data/scene_datasets/gibson_semantic/./Ballou.stage_config.json from original name : data/scene_datasets/gibson_semantic/./Ballou.glb| This file does not exist.
[19:51:43:654443]:[Metadata] AbstractObjectAttributesManagerBase.h(184)::createObject : File (data/scene_datasets/gibson_semantic/./Ballou.glb) exists but is not a recognized config filename extension, so new default Stage Template attributes created and registered.
[19:51:43:654452]:[Metadata] AttributesManagerBase.h(380)::createFromJsonOrDefaultInternal : <Stage Template>: Proposing JSON name : data/scene_datasets/gibson_semantic/./Baneberry.stage_config.json from original name : data/scene_datasets/gibson_semantic/./Baneberry.glb| This file does not exist.
[19:51:43:654488]:[Metadata] AbstractObjectAttributesManagerBase.h(184)::createObject : File (data/scene_datasets/gibson_semantic/./Baneberry.glb) exists but is not a recognized config filename extension, so new default Stage Template attributes created and registered.
[19:51:43:654498]:[Metadata] AttributesManagerBase.h(380)::createFromJsonOrDefaultInternal : <Stage Template>: Proposing JSON name : data/scene_datasets/gibson_semantic/./Barboursville.stage_config.json from original name : data/scene_datasets/gibson_semantic/./Barboursville.glb| This file does not exist.
[19:51:43:654534]:[Metadata] AbstractObjectAttributesManagerBase.h(184)::createObject : File (data/scene_datasets/gibson_semantic/./Barboursville.glb) exists but is not a recognized config filename extension, so new default Stage Template attributes created and registered.
[19:51:43:654544]:[Metadata] AttributesManagerBase.h(380)::createFromJsonOrDefaultInternal : <Stage Template>: Proposing JSON name : data/scene_datasets/gibson_semantic/./Barranquitas.stage_config.json from original name : data/scene_datasets/gibson_semantic/./Barranquitas.glb| This file does not exist.
[19:51:43:654579]:[Metadata] AbstractObjectAttributesManagerBase.h(184)::createObject : File (data/scene_datasets/gibson_semantic/./Barranquitas.glb) exists but is not a recognized config filename extension, so new default Stage Template attributes created and registered.
[19:51:43:654588]:[Metadata] AttributesManagerBase.h(380)::createFromJsonOrDefaultInternal : <Stage Template>: Proposing JSON name : data/scene_datasets/gibson_semantic/./Bautista.stage_config.json from original name : data/scene_datasets/gibson_semantic/./Bautista.glb| This file does not exist.
[19:51:43:654623]:[Metadata] AbstractObjectAttributesManagerBase.h(184)::createObject : File (data/scene_datasets/gibson_semantic/./Bautista.glb) exists but is not a recognized config filename extension, so new default Stage Template attributes created and registered.
[19:51:43:654639]:[Metadata] AttributesManagerBase.h(380)::createFromJsonOrDefaultInternal : <Stage Template>: Proposing JSON name : data/scene_datasets/gibson_semantic/./Beach.stage_config.json from original name : data/scene_datasets/gibson_semantic/./Beach.glb| This file does not exist.
[19:51:43:654676]:[Metadata] AbstractObjectAttributesManagerBase.h(184)::createObject : File (data/scene_datasets/gibson_semantic/./Beach.glb) exists but is not a recognized config filename extension, so new default Stage Template attributes created and registered.
[19:51:43:654685]:[Metadata] AttributesManagerBase.h(380)::createFromJsonOrDefaultInternal : <Stage Template>: Proposing JSON name : data/scene_datasets/gibson_semantic/./Beechwood.stage_config.json from original name : data/scene_datasets/gibson_semantic/./Beechwood.glb| This file does not exist.
[19:51:43:654721]:[Metadata] AbstractObjectAttributesManagerBase.h(184)::createObject : File (data/scene_datasets/gibson_semantic/./Beechwood.glb) exists but is not a recognized config filename extension, so new default Stage Template attributes created and registered.
[19:51:43:654731]:[Metadata] AttributesManagerBase.h(380)::createFromJsonOrDefaultInternal : <Stage Template>: Proposing JSON name : data/scene_datasets/gibson_semantic/./Bellwood.stage_config.json from original name : data/scene_datasets/gibson_semantic/./Bellwood.glb| This file does not exist.
[19:51:43:654766]:[Metadata] AbstractObjectAttributesManagerBase.h(184)::createObject : File (data/scene_datasets/gibson_semantic/./Bellwood.glb) exists but is not a recognized config filename extension, so new default Stage Template attributes created and registered.
[19:51:43:654776]:[Metadata] AttributesManagerBase.h(380)::createFromJsonOrDefaultInternal : <Stage Template>: Proposing JSON name : data/scene_datasets/gibson_semantic/./Benevolence.stage_config.json from original name : data/scene_datasets/gibson_semantic/./Benevolence.glb| This file does not exist.
[19:51:43:654812]:[Metadata] AbstractObjectAttributesManagerBase.h(184)::createObject : File (data/scene_datasets/gibson_semantic/./Benevolence.glb) exists but is not a recognized config filename extension, so new default Stage Template attributes created and registered.
[19:51:43:654822]:[Metadata] AttributesManagerBase.h(380)::createFromJsonOrDefaultInternal : <Stage Template>: Proposing JSON name : data/scene_datasets/gibson_semantic/./Bethlehem.stage_config.json from original name : data/scene_datasets/gibson_semantic/./Bethlehem.glb| This file does not exist.
[19:51:43:654856]:[Metadata] AbstractObjectAttributesManagerBase.h(184)::createObject : File (data/scene_datasets/gibson_semantic/./Bethlehem.glb) exists but is not a recognized config filename extension, so new default Stage Template attributes created and registered.
[19:51:43:654865]:[Metadata] AttributesManagerBase.h(380)::createFromJsonOrDefaultInternal : <Stage Template>: Proposing JSON name : data/scene_datasets/gibson_semantic/./Bettendorf.stage_config.json from original name : data/scene_datasets/gibson_semantic/./Bettendorf.glb| This file does not exist.
[19:51:43:654904]:[Metadata] AbstractObjectAttributesManagerBase.h(184)::createObject : File (data/scene_datasets/gibson_semantic/./Bettendorf.glb) exists but is not a recognized config filename extension, so new default Stage Template attributes created and registered.
[19:51:43:654914]:[Metadata] AttributesManagerBase.h(380)::createFromJsonOrDefaultInternal : <Stage Template>: Proposing JSON name : data/scene_datasets/gibson_semantic/./Biltmore.stage_config.json from original name : data/scene_datasets/gibson_semantic/./Biltmore.glb| This file does not exist.
[19:51:43:654949]:[Metadata] AbstractObjectAttributesManagerBase.h(184)::createObject : File (data/scene_datasets/gibson_semantic/./Biltmore.glb) exists but is not a recognized config filename extension, so new default Stage Template attributes created and registered.
[19:51:43:654959]:[Metadata] AttributesManagerBase.h(380)::createFromJsonOrDefaultInternal : <Stage Template>: Proposing JSON name : data/scene_datasets/gibson_semantic/./Blackstone.stage_config.json from original name : data/scene_datasets/gibson_semantic/./Blackstone.glb| This file does not exist.
[19:51:43:654994]:[Metadata] AbstractObjectAttributesManagerBase.h(184)::createObject : File (data/scene_datasets/gibson_semantic/./Blackstone.glb) exists but is not a recognized config filename extension, so new default Stage Template attributes created and registered.
[19:51:43:655003]:[Metadata] AttributesManagerBase.h(380)::createFromJsonOrDefaultInternal : <Stage Template>: Proposing JSON name : data/scene_datasets/gibson_semantic/./Bohemia.stage_config.json from original name : data/scene_datasets/gibson_semantic/./Bohemia.glb| This file does not exist.
[19:51:43:655038]:[Metadata] AbstractObjectAttributesManagerBase.h(184)::createObject : File (data/scene_datasets/gibson_semantic/./Bohemia.glb) exists but is not a recognized config filename extension, so new default Stage Template attributes created and registered.
[19:51:43:655047]:[Metadata] AttributesManagerBase.h(380)::createFromJsonOrDefaultInternal : <Stage Template>: Proposing JSON name : data/scene_datasets/gibson_semantic/./Bolton.stage_config.json from original name : data/scene_datasets/gibson_semantic/./Bolton.glb| This file does not exist.
[19:51:43:655083]:[Metadata] AbstractObjectAttributesManagerBase.h(184)::createObject : File (data/scene_datasets/gibson_semantic/./Bolton.glb) exists but is not a recognized config filename extension, so new default Stage Template attributes created and registered.
[19:51:43:655093]:[Metadata] AttributesManagerBase.h(380)::createFromJsonOrDefaultInternal : <Stage Template>: Proposing JSON name : data/scene_datasets/gibson_semantic/./Bonesteel.stage_config.json from original name : data/scene_datasets/gibson_semantic/./Bonesteel.glb| This file does not exist.
[19:51:43:655128]:[Metadata] AbstractObjectAttributesManagerBase.h(184)::createObject : File (data/scene_datasets/gibson_semantic/./Bonesteel.glb) exists but is not a recognized config filename extension, so new default Stage Template attributes created and registered.
[19:51:43:655138]:[Metadata] AttributesManagerBase.h(380)::createFromJsonOrDefaultInternal : <Stage Template>: Proposing JSON name : data/scene_datasets/gibson_semantic/./Bonnie.stage_config.json from original name : data/scene_datasets/gibson_semantic/./Bonnie.glb| This file does not exist.
[19:51:43:655174]:[Metadata] AbstractObjectAttributesManagerBase.h(184)::createObject : File (data/scene_datasets/gibson_semantic/./Bonnie.glb) exists but is not a recognized config filename extension, so new default Stage Template attributes created and registered.
[19:51:43:655184]:[Metadata] AttributesManagerBase.h(380)::createFromJsonOrDefaultInternal : <Stage Template>: Proposing JSON name : data/scene_datasets/gibson_semantic/./Booth.stage_config.json from original name : data/scene_datasets/gibson_semantic/./Booth.glb| This file does not exist.
[19:51:43:655218]:[Metadata] AbstractObjectAttributesManagerBase.h(184)::createObject : File (data/scene_datasets/gibson_semantic/./Booth.glb) exists but is not a recognized config filename extension, so new default Stage Template attributes created and registered.
[19:51:43:655228]:[Metadata] AttributesManagerBase.h(380)::createFromJsonOrDefaultInternal : <Stage Template>: Proposing JSON name : data/scene_datasets/gibson_semantic/./Bountiful.stage_config.json from original name : data/scene_datasets/gibson_semantic/./Bountiful.glb| This file does not exist.
[19:51:43:655263]:[Metadata] AbstractObjectAttributesManagerBase.h(184)::createObject : File (data/scene_datasets/gibson_semantic/./Bountiful.glb) exists but is not a recognized config filename extension, so new default Stage Template attributes created and registered.
[19:51:43:655273]:[Metadata] AttributesManagerBase.h(380)::createFromJsonOrDefaultInternal : <Stage Template>: Proposing JSON name : data/scene_datasets/gibson_semantic/./Bowlus.stage_config.json from original name : data/scene_datasets/gibson_semantic/./Bowlus.glb| This file does not exist.
[19:51:43:655310]:[Metadata] AbstractObjectAttributesManagerBase.h(184)::createObject : File (data/scene_datasets/gibson_semantic/./Bowlus.glb) exists but is not a recognized config filename extension, so new default Stage Template attributes created and registered.
[19:51:43:655319]:[Metadata] AttributesManagerBase.h(380)::createFromJsonOrDefaultInternal : <Stage Template>: Proposing JSON name : data/scene_datasets/gibson_semantic/./Bowmore.stage_config.json from original name : data/scene_datasets/gibson_semantic/./Bowmore.glb| This file does not exist.
[19:51:43:655354]:[Metadata] AbstractObjectAttributesManagerBase.h(184)::createObject : File (data/scene_datasets/gibson_semantic/./Bowmore.glb) exists but is not a recognized config filename extension, so new default Stage Template attributes created and registered.
[19:51:43:655363]:[Metadata] AttributesManagerBase.h(380)::createFromJsonOrDefaultInternal : <Stage Template>: Proposing JSON name : data/scene_datasets/gibson_semantic/./Branford.stage_config.json from original name : data/scene_datasets/gibson_semantic/./Branford.glb| This file does not exist.
[19:51:43:655398]:[Metadata] AbstractObjectAttributesManagerBase.h(184)::createObject : File (data/scene_datasets/gibson_semantic/./Branford.glb) exists but is not a recognized config filename extension, so new default Stage Template attributes created and registered.
[19:51:43:655408]:[Metadata] AttributesManagerBase.h(380)::createFromJsonOrDefaultInternal : <Stage Template>: Proposing JSON name : data/scene_datasets/gibson_semantic/./Braxton.stage_config.json from original name : data/scene_datasets/gibson_semantic/./Braxton.glb| This file does not exist.
[19:51:43:655443]:[Metadata] AbstractObjectAttributesManagerBase.h(184)::createObject : File (data/scene_datasets/gibson_semantic/./Braxton.glb) exists but is not a recognized config filename extension, so new default Stage Template attributes created and registered.
[19:51:43:655452]:[Metadata] AttributesManagerBase.h(380)::createFromJsonOrDefaultInternal : <Stage Template>: Proposing JSON name : data/scene_datasets/gibson_semantic/./Bremerton.stage_config.json from original name : data/scene_datasets/gibson_semantic/./Bremerton.glb| This file does not exist.
[19:51:43:655488]:[Metadata] AbstractObjectAttributesManagerBase.h(184)::createObject : File (data/scene_datasets/gibson_semantic/./Bremerton.glb) exists but is not a recognized config filename extension, so new default Stage Template attributes created and registered.
[19:51:43:655497]:[Metadata] AttributesManagerBase.h(380)::createFromJsonOrDefaultInternal : <Stage Template>: Proposing JSON name : data/scene_datasets/gibson_semantic/./Brevort.stage_config.json from original name : data/scene_datasets/gibson_semantic/./Brevort.glb| This file does not exist.
[19:51:43:655532]:[Metadata] AbstractObjectAttributesManagerBase.h(184)::createObject : File (data/scene_datasets/gibson_semantic/./Brevort.glb) exists but is not a recognized config filename extension, so new default Stage Template attributes created and registered.
[19:51:43:655542]:[Metadata] AttributesManagerBase.h(380)::createFromJsonOrDefaultInternal : <Stage Template>: Proposing JSON name : data/scene_datasets/gibson_semantic/./Brewton.stage_config.json from original name : data/scene_datasets/gibson_semantic/./Brewton.glb| This file does not exist.
[19:51:43:655577]:[Metadata] AbstractObjectAttributesManagerBase.h(184)::createObject : File (data/scene_datasets/gibson_semantic/./Brewton.glb) exists but is not a recognized config filename extension, so new default Stage Template attributes created and registered.
[19:51:43:655587]:[Metadata] AttributesManagerBase.h(380)::createFromJsonOrDefaultInternal : <Stage Template>: Proposing JSON name : data/scene_datasets/gibson_semantic/./Broseley.stage_config.json from original name : data/scene_datasets/gibson_semantic/./Broseley.glb| This file does not exist.
[19:51:43:655622]:[Metadata] AbstractObjectAttributesManagerBase.h(184)::createObject : File (data/scene_datasets/gibson_semantic/./Broseley.glb) exists but is not a recognized config filename extension, so new default Stage Template attributes created and registered.
[19:51:43:655633]:[Metadata] AttributesManagerBase.h(380)::createFromJsonOrDefaultInternal : <Stage Template>: Proposing JSON name : data/scene_datasets/gibson_semantic/./Brown.stage_config.json from original name : data/scene_datasets/gibson_semantic/./Brown.glb| This file does not exist.
[19:51:43:655668]:[Metadata] AbstractObjectAttributesManagerBase.h(184)::createObject : File (data/scene_datasets/gibson_semantic/./Brown.glb) exists but is not a recognized config filename extension, so new default Stage Template attributes created and registered.
[19:51:43:655677]:[Metadata] AttributesManagerBase.h(380)::createFromJsonOrDefaultInternal : <Stage Template>: Proposing JSON name : data/scene_datasets/gibson_semantic/./Browntown.stage_config.json from original name : data/scene_datasets/gibson_semantic/./Browntown.glb| This file does not exist.
[19:51:43:655713]:[Metadata] AbstractObjectAttributesManagerBase.h(184)::createObject : File (data/scene_datasets/gibson_semantic/./Browntown.glb) exists but is not a recognized config filename extension, so new default Stage Template attributes created and registered.
[19:51:43:655722]:[Metadata] AttributesManagerBase.h(380)::createFromJsonOrDefaultInternal : <Stage Template>: Proposing JSON name : data/scene_datasets/gibson_semantic/./Burien.stage_config.json from original name : data/scene_datasets/gibson_semantic/./Burien.glb| This file does not exist.
[19:51:43:655757]:[Metadata] AbstractObjectAttributesManagerBase.h(184)::createObject : File (data/scene_datasets/gibson_semantic/./Burien.glb) exists but is not a recognized config filename extension, so new default Stage Template attributes created and registered.
[19:51:43:655766]:[Metadata] AttributesManagerBase.h(380)::createFromJsonOrDefaultInternal : <Stage Template>: Proposing JSON name : data/scene_datasets/gibson_semantic/./Bushong.stage_config.json from original name : data/scene_datasets/gibson_semantic/./Bushong.glb| This file does not exist.
[19:51:43:655801]:[Metadata] AbstractObjectAttributesManagerBase.h(184)::createObject : File (data/scene_datasets/gibson_semantic/./Bushong.glb) exists but is not a recognized config filename extension, so new default Stage Template attributes created and registered.
[19:51:43:655810]:[Metadata] AttributesManagerBase.h(380)::createFromJsonOrDefaultInternal : <Stage Template>: Proposing JSON name : data/scene_datasets/gibson_semantic/./Byers.stage_config.json from original name : data/scene_datasets/gibson_semantic/./Byers.glb| This file does not exist.
[19:51:43:655847]:[Metadata] AbstractObjectAttributesManagerBase.h(184)::createObject : File (data/scene_datasets/gibson_semantic/./Byers.glb) exists but is not a recognized config filename extension, so new default Stage Template attributes created and registered.
[19:51:43:655857]:[Metadata] AttributesManagerBase.h(380)::createFromJsonOrDefaultInternal : <Stage Template>: Proposing JSON name : data/scene_datasets/gibson_semantic/./Cabin.stage_config.json from original name : data/scene_datasets/gibson_semantic/./Cabin.glb| This file does not exist.
[19:51:43:655891]:[Metadata] AbstractObjectAttributesManagerBase.h(184)::createObject : File (data/scene_datasets/gibson_semantic/./Cabin.glb) exists but is not a recognized config filename extension, so new default Stage Template attributes created and registered.
[19:51:43:655901]:[Metadata] AttributesManagerBase.h(380)::createFromJsonOrDefaultInternal : <Stage Template>: Proposing JSON name : data/scene_datasets/gibson_semantic/./Callicoon.stage_config.json from original name : data/scene_datasets/gibson_semantic/./Callicoon.glb| This file does not exist.
[19:51:43:655937]:[Metadata] AbstractObjectAttributesManagerBase.h(184)::createObject : File (data/scene_datasets/gibson_semantic/./Callicoon.glb) exists but is not a recognized config filename extension, so new default Stage Template attributes created and registered.
[19:51:43:655947]:[Metadata] AttributesManagerBase.h(380)::createFromJsonOrDefaultInternal : <Stage Template>: Proposing JSON name : data/scene_datasets/gibson_semantic/./Calmar.stage_config.json from original name : data/scene_datasets/gibson_semantic/./Calmar.glb| This file does not exist.
[19:51:43:655982]:[Metadata] AbstractObjectAttributesManagerBase.h(184)::createObject : File (data/scene_datasets/gibson_semantic/./Calmar.glb) exists but is not a recognized config filename extension, so new default Stage Template attributes created and registered.
[19:51:43:655991]:[Metadata] AttributesManagerBase.h(380)::createFromJsonOrDefaultInternal : <Stage Template>: Proposing JSON name : data/scene_datasets/gibson_semantic/./Cantwell.stage_config.json from original name : data/scene_datasets/gibson_semantic/./Cantwell.glb| This file does not exist.
[19:51:43:656026]:[Metadata] AbstractObjectAttributesManagerBase.h(184)::createObject : File (data/scene_datasets/gibson_semantic/./Cantwell.glb) exists but is not a recognized config filename extension, so new default Stage Template attributes created and registered.
[19:51:43:656035]:[Metadata] AttributesManagerBase.h(380)::createFromJsonOrDefaultInternal : <Stage Template>: Proposing JSON name : data/scene_datasets/gibson_semantic/./Capistrano.stage_config.json from original name : data/scene_datasets/gibson_semantic/./Capistrano.glb| This file does not exist.
[19:51:43:656070]:[Metadata] AbstractObjectAttributesManagerBase.h(184)::createObject : File (data/scene_datasets/gibson_semantic/./Capistrano.glb) exists but is not a recognized config filename extension, so new default Stage Template attributes created and registered.
[19:51:43:656079]:[Metadata] AttributesManagerBase.h(380)::createFromJsonOrDefaultInternal : <Stage Template>: Proposing JSON name : data/scene_datasets/gibson_semantic/./Carneiro.stage_config.json from original name : data/scene_datasets/gibson_semantic/./Carneiro.glb| This file does not exist.
[19:51:43:656114]:[Metadata] AbstractObjectAttributesManagerBase.h(184)::createObject : File (data/scene_datasets/gibson_semantic/./Carneiro.glb) exists but is not a recognized config filename extension, so new default Stage Template attributes created and registered.
[19:51:43:656124]:[Metadata] AttributesManagerBase.h(380)::createFromJsonOrDefaultInternal : <Stage Template>: Proposing JSON name : data/scene_datasets/gibson_semantic/./Carpendale.stage_config.json from original name : data/scene_datasets/gibson_semantic/./Carpendale.glb| This file does not exist.
[19:51:43:656160]:[Metadata] AbstractObjectAttributesManagerBase.h(184)::createObject : File (data/scene_datasets/gibson_semantic/./Carpendale.glb) exists but is not a recognized config filename extension, so new default Stage Template attributes created and registered.
[19:51:43:656169]:[Metadata] AttributesManagerBase.h(380)::createFromJsonOrDefaultInternal : <Stage Template>: Proposing JSON name : data/scene_datasets/gibson_semantic/./Carpio.stage_config.json from original name : data/scene_datasets/gibson_semantic/./Carpio.glb| This file does not exist.
[19:51:43:656204]:[Metadata] AbstractObjectAttributesManagerBase.h(184)::createObject : File (data/scene_datasets/gibson_semantic/./Carpio.glb) exists but is not a recognized config filename extension, so new default Stage Template attributes created and registered.
[19:51:43:656213]:[Metadata] AttributesManagerBase.h(380)::createFromJsonOrDefaultInternal : <Stage Template>: Proposing JSON name : data/scene_datasets/gibson_semantic/./Cashel.stage_config.json from original name : data/scene_datasets/gibson_semantic/./Cashel.glb| This file does not exist.
[19:51:43:656247]:[Metadata] AbstractObjectAttributesManagerBase.h(184)::createObject : File (data/scene_datasets/gibson_semantic/./Cashel.glb) exists but is not a recognized config filename extension, so new default Stage Template attributes created and registered.
[19:51:43:656257]:[Metadata] AttributesManagerBase.h(380)::createFromJsonOrDefaultInternal : <Stage Template>: Proposing JSON name : data/scene_datasets/gibson_semantic/./Cason.stage_config.json from original name : data/scene_datasets/gibson_semantic/./Cason.glb| This file does not exist.
[19:51:43:656291]:[Metadata] AbstractObjectAttributesManagerBase.h(184)::createObject : File (data/scene_datasets/gibson_semantic/./Cason.glb) exists but is not a recognized config filename extension, so new default Stage Template attributes created and registered.
[19:51:43:656300]:[Metadata] AttributesManagerBase.h(380)::createFromJsonOrDefaultInternal : <Stage Template>: Proposing JSON name : data/scene_datasets/gibson_semantic/./Castor.stage_config.json from original name : data/scene_datasets/gibson_semantic/./Castor.glb| This file does not exist.
[19:51:43:656335]:[Metadata] AbstractObjectAttributesManagerBase.h(184)::createObject : File (data/scene_datasets/gibson_semantic/./Castor.glb) exists but is not a recognized config filename extension, so new default Stage Template attributes created and registered.
[19:51:43:656344]:[Metadata] AttributesManagerBase.h(380)::createFromJsonOrDefaultInternal : <Stage Template>: Proposing JSON name : data/scene_datasets/gibson_semantic/./Castroville.stage_config.json from original name : data/scene_datasets/gibson_semantic/./Castroville.glb| This file does not exist.
[19:51:43:656379]:[Metadata] AbstractObjectAttributesManagerBase.h(184)::createObject : File (data/scene_datasets/gibson_semantic/./Castroville.glb) exists but is not a recognized config filename extension, so new default Stage Template attributes created and registered.
[19:51:43:656389]:[Metadata] AttributesManagerBase.h(380)::createFromJsonOrDefaultInternal : <Stage Template>: Proposing JSON name : data/scene_datasets/gibson_semantic/./Cayuse.stage_config.json from original name : data/scene_datasets/gibson_semantic/./Cayuse.glb| This file does not exist.
[19:51:43:656424]:[Metadata] AbstractObjectAttributesManagerBase.h(184)::createObject : File (data/scene_datasets/gibson_semantic/./Cayuse.glb) exists but is not a recognized config filename extension, so new default Stage Template attributes created and registered.
[19:51:43:656433]:[Metadata] AttributesManagerBase.h(380)::createFromJsonOrDefaultInternal : <Stage Template>: Proposing JSON name : data/scene_datasets/gibson_semantic/./Cebolla.stage_config.json from original name : data/scene_datasets/gibson_semantic/./Cebolla.glb| This file does not exist.
[19:51:43:656468]:[Metadata] AbstractObjectAttributesManagerBase.h(184)::createObject : File (data/scene_datasets/gibson_semantic/./Cebolla.glb) exists but is not a recognized config filename extension, so new default Stage Template attributes created and registered.
[19:51:43:656478]:[Metadata] AttributesManagerBase.h(380)::createFromJsonOrDefaultInternal : <Stage Template>: Proposing JSON name : data/scene_datasets/gibson_semantic/./Channel.stage_config.json from original name : data/scene_datasets/gibson_semantic/./Channel.glb| This file does not exist.
[19:51:43:656512]:[Metadata] AbstractObjectAttributesManagerBase.h(184)::createObject : File (data/scene_datasets/gibson_semantic/./Channel.glb) exists but is not a recognized config filename extension, so new default Stage Template attributes created and registered.
[19:51:43:656522]:[Metadata] AttributesManagerBase.h(380)::createFromJsonOrDefaultInternal : <Stage Template>: Proposing JSON name : data/scene_datasets/gibson_semantic/./Checotah.stage_config.json from original name : data/scene_datasets/gibson_semantic/./Checotah.glb| This file does not exist.
[19:51:43:656556]:[Metadata] AbstractObjectAttributesManagerBase.h(184)::createObject : File (data/scene_datasets/gibson_semantic/./Checotah.glb) exists but is not a recognized config filename extension, so new default Stage Template attributes created and registered.
[19:51:43:656566]:[Metadata] AttributesManagerBase.h(380)::createFromJsonOrDefaultInternal : <Stage Template>: Proposing JSON name : data/scene_datasets/gibson_semantic/./Chesaning.stage_config.json from original name : data/scene_datasets/gibson_semantic/./Chesaning.glb| This file does not exist.
[19:51:43:656602]:[Metadata] AbstractObjectAttributesManagerBase.h(184)::createObject : File (data/scene_datasets/gibson_semantic/./Chesaning.glb) exists but is not a recognized config filename extension, so new default Stage Template attributes created and registered.
[19:51:43:656611]:[Metadata] AttributesManagerBase.h(380)::createFromJsonOrDefaultInternal : <Stage Template>: Proposing JSON name : data/scene_datasets/gibson_semantic/./Chesterbrook.stage_config.json from original name : data/scene_datasets/gibson_semantic/./Chesterbrook.glb| This file does not exist.
[19:51:43:656647]:[Metadata] AbstractObjectAttributesManagerBase.h(184)::createObject : File (data/scene_datasets/gibson_semantic/./Chesterbrook.glb) exists but is not a recognized config filename extension, so new default Stage Template attributes created and registered.
[19:51:43:656657]:[Metadata] AttributesManagerBase.h(380)::createFromJsonOrDefaultInternal : <Stage Template>: Proposing JSON name : data/scene_datasets/gibson_semantic/./Chilhowie.stage_config.json from original name : data/scene_datasets/gibson_semantic/./Chilhowie.glb| This file does not exist.
[19:51:43:656694]:[Metadata] AbstractObjectAttributesManagerBase.h(184)::createObject : File (data/scene_datasets/gibson_semantic/./Chilhowie.glb) exists but is not a recognized config filename extension, so new default Stage Template attributes created and registered.
[19:51:43:656704]:[Metadata] AttributesManagerBase.h(380)::createFromJsonOrDefaultInternal : <Stage Template>: Proposing JSON name : data/scene_datasets/gibson_semantic/./Chiloquin.stage_config.json from original name : data/scene_datasets/gibson_semantic/./Chiloquin.glb| This file does not exist.
[19:51:43:656739]:[Metadata] AbstractObjectAttributesManagerBase.h(184)::createObject : File (data/scene_datasets/gibson_semantic/./Chiloquin.glb) exists but is not a recognized config filename extension, so new default Stage Template attributes created and registered.
[19:51:43:656749]:[Metadata] AttributesManagerBase.h(380)::createFromJsonOrDefaultInternal : <Stage Template>: Proposing JSON name : data/scene_datasets/gibson_semantic/./Chireno.stage_config.json from original name : data/scene_datasets/gibson_semantic/./Chireno.glb| This file does not exist.
[19:51:43:656784]:[Metadata] AbstractObjectAttributesManagerBase.h(184)::createObject : File (data/scene_datasets/gibson_semantic/./Chireno.glb) exists but is not a recognized config filename extension, so new default Stage Template attributes created and registered.
[19:51:43:656794]:[Metadata] AttributesManagerBase.h(380)::createFromJsonOrDefaultInternal : <Stage Template>: Proposing JSON name : data/scene_datasets/gibson_semantic/./Chrisney.stage_config.json from original name : data/scene_datasets/gibson_semantic/./Chrisney.glb| This file does not exist.
[19:51:43:656828]:[Metadata] AbstractObjectAttributesManagerBase.h(184)::createObject : File (data/scene_datasets/gibson_semantic/./Chrisney.glb) exists but is not a recognized config filename extension, so new default Stage Template attributes created and registered.
[19:51:43:656837]:[Metadata] AttributesManagerBase.h(380)::createFromJsonOrDefaultInternal : <Stage Template>: Proposing JSON name : data/scene_datasets/gibson_semantic/./Churchton.stage_config.json from original name : data/scene_datasets/gibson_semantic/./Churchton.glb| This file does not exist.
[19:51:43:656872]:[Metadata] AbstractObjectAttributesManagerBase.h(184)::createObject : File (data/scene_datasets/gibson_semantic/./Churchton.glb) exists but is not a recognized config filename extension, so new default Stage Template attributes created and registered.
[19:51:43:656882]:[Metadata] AttributesManagerBase.h(380)::createFromJsonOrDefaultInternal : <Stage Template>: Proposing JSON name : data/scene_datasets/gibson_semantic/./Circleville.stage_config.json from original name : data/scene_datasets/gibson_semantic/./Circleville.glb| This file does not exist.
[19:51:43:656916]:[Metadata] AbstractObjectAttributesManagerBase.h(184)::createObject : File (data/scene_datasets/gibson_semantic/./Circleville.glb) exists but is not a recognized config filename extension, so new default Stage Template attributes created and registered.
[19:51:43:656926]:[Metadata] AttributesManagerBase.h(380)::createFromJsonOrDefaultInternal : <Stage Template>: Proposing JSON name : data/scene_datasets/gibson_semantic/./Cisne.stage_config.json from original name : data/scene_datasets/gibson_semantic/./Cisne.glb| This file does not exist.
[19:51:43:656962]:[Metadata] AbstractObjectAttributesManagerBase.h(184)::createObject : File (data/scene_datasets/gibson_semantic/./Cisne.glb) exists but is not a recognized config filename extension, so new default Stage Template attributes created and registered.
[19:51:43:656971]:[Metadata] AttributesManagerBase.h(380)::createFromJsonOrDefaultInternal : <Stage Template>: Proposing JSON name : data/scene_datasets/gibson_semantic/./Clairton.stage_config.json from original name : data/scene_datasets/gibson_semantic/./Clairton.glb| This file does not exist.
[19:51:43:657006]:[Metadata] AbstractObjectAttributesManagerBase.h(184)::createObject : File (data/scene_datasets/gibson_semantic/./Clairton.glb) exists but is not a recognized config filename extension, so new default Stage Template attributes created and registered.
[19:51:43:657016]:[Metadata] AttributesManagerBase.h(380)::createFromJsonOrDefaultInternal : <Stage Template>: Proposing JSON name : data/scene_datasets/gibson_semantic/./Clarkridge.stage_config.json from original name : data/scene_datasets/gibson_semantic/./Clarkridge.glb| This file does not exist.
[19:51:43:657051]:[Metadata] AbstractObjectAttributesManagerBase.h(184)::createObject : File (data/scene_datasets/gibson_semantic/./Clarkridge.glb) exists but is not a recognized config filename extension, so new default Stage Template attributes created and registered.
[19:51:43:657060]:[Metadata] AttributesManagerBase.h(380)::createFromJsonOrDefaultInternal : <Stage Template>: Proposing JSON name : data/scene_datasets/gibson_semantic/./Clive.stage_config.json from original name : data/scene_datasets/gibson_semantic/./Clive.glb| This file does not exist.
[19:51:43:657095]:[Metadata] AbstractObjectAttributesManagerBase.h(184)::createObject : File (data/scene_datasets/gibson_semantic/./Clive.glb) exists but is not a recognized config filename extension, so new default Stage Template attributes created and registered.
[19:51:43:657104]:[Metadata] AttributesManagerBase.h(380)::createFromJsonOrDefaultInternal : <Stage Template>: Proposing JSON name : data/scene_datasets/gibson_semantic/./Cobalt.stage_config.json from original name : data/scene_datasets/gibson_semantic/./Cobalt.glb| This file does not exist.
[19:51:43:657139]:[Metadata] AbstractObjectAttributesManagerBase.h(184)::createObject : File (data/scene_datasets/gibson_semantic/./Cobalt.glb) exists but is not a recognized config filename extension, so new default Stage Template attributes created and registered.
[19:51:43:657148]:[Metadata] AttributesManagerBase.h(380)::createFromJsonOrDefaultInternal : <Stage Template>: Proposing JSON name : data/scene_datasets/gibson_semantic/./Codell.stage_config.json from original name : data/scene_datasets/gibson_semantic/./Codell.glb| This file does not exist.
[19:51:43:657185]:[Metadata] AbstractObjectAttributesManagerBase.h(184)::createObject : File (data/scene_datasets/gibson_semantic/./Codell.glb) exists but is not a recognized config filename extension, so new default Stage Template attributes created and registered.
[19:51:43:657194]:[Metadata] AttributesManagerBase.h(380)::createFromJsonOrDefaultInternal : <Stage Template>: Proposing JSON name : data/scene_datasets/gibson_semantic/./Coffeen.stage_config.json from original name : data/scene_datasets/gibson_semantic/./Coffeen.glb| This file does not exist.
[19:51:43:657231]:[Metadata] AbstractObjectAttributesManagerBase.h(184)::createObject : File (data/scene_datasets/gibson_semantic/./Coffeen.glb) exists but is not a recognized config filename extension, so new default Stage Template attributes created and registered.
[19:51:43:657241]:[Metadata] AttributesManagerBase.h(380)::createFromJsonOrDefaultInternal : <Stage Template>: Proposing JSON name : data/scene_datasets/gibson_semantic/./Cohoes.stage_config.json from original name : data/scene_datasets/gibson_semantic/./Cohoes.glb| This file does not exist.
[19:51:43:657276]:[Metadata] AbstractObjectAttributesManagerBase.h(184)::createObject : File (data/scene_datasets/gibson_semantic/./Cohoes.glb) exists but is not a recognized config filename extension, so new default Stage Template attributes created and registered.
[19:51:43:657286]:[Metadata] AttributesManagerBase.h(380)::createFromJsonOrDefaultInternal : <Stage Template>: Proposing JSON name : data/scene_datasets/gibson_semantic/./Cokeville.stage_config.json from original name : data/scene_datasets/gibson_semantic/./Cokeville.glb| This file does not exist.
[19:51:43:657321]:[Metadata] AbstractObjectAttributesManagerBase.h(184)::createObject : File (data/scene_datasets/gibson_semantic/./Cokeville.glb) exists but is not a recognized config filename extension, so new default Stage Template attributes created and registered.
[19:51:43:657331]:[Metadata] AttributesManagerBase.h(380)::createFromJsonOrDefaultInternal : <Stage Template>: Proposing JSON name : data/scene_datasets/gibson_semantic/./Colebrook.stage_config.json from original name : data/scene_datasets/gibson_semantic/./Colebrook.glb| This file does not exist.
[19:51:43:657366]:[Metadata] AbstractObjectAttributesManagerBase.h(184)::createObject : File (data/scene_datasets/gibson_semantic/./Colebrook.glb) exists but is not a recognized config filename extension, so new default Stage Template attributes created and registered.
[19:51:43:657375]:[Metadata] AttributesManagerBase.h(380)::createFromJsonOrDefaultInternal : <Stage Template>: Proposing JSON name : data/scene_datasets/gibson_semantic/./Collierville.stage_config.json from original name : data/scene_datasets/gibson_semantic/./Collierville.glb| This file does not exist.
[19:51:43:657409]:[Metadata] AbstractObjectAttributesManagerBase.h(184)::createObject : File (data/scene_datasets/gibson_semantic/./Collierville.glb) exists but is not a recognized config filename extension, so new default Stage Template attributes created and registered.
[19:51:43:657419]:[Metadata] AttributesManagerBase.h(380)::createFromJsonOrDefaultInternal : <Stage Template>: Proposing JSON name : data/scene_datasets/gibson_semantic/./Connoquenessing.stage_config.json from original name : data/scene_datasets/gibson_semantic/./Connoquenessing.glb| This file does not exist.
[19:51:43:657453]:[Metadata] AbstractObjectAttributesManagerBase.h(184)::createObject : File (data/scene_datasets/gibson_semantic/./Connoquenessing.glb) exists but is not a recognized config filename extension, so new default Stage Template attributes created and registered.
[19:51:43:657463]:[Metadata] AttributesManagerBase.h(380)::createFromJsonOrDefaultInternal : <Stage Template>: Proposing JSON name : data/scene_datasets/gibson_semantic/./Convoy.stage_config.json from original name : data/scene_datasets/gibson_semantic/./Convoy.glb| This file does not exist.
[19:51:43:657498]:[Metadata] AbstractObjectAttributesManagerBase.h(184)::createObject : File (data/scene_datasets/gibson_semantic/./Convoy.glb) exists but is not a recognized config filename extension, so new default Stage Template attributes created and registered.
[19:51:43:657507]:[Metadata] AttributesManagerBase.h(380)::createFromJsonOrDefaultInternal : <Stage Template>: Proposing JSON name : data/scene_datasets/gibson_semantic/./Cooperstown.stage_config.json from original name : data/scene_datasets/gibson_semantic/./Cooperstown.glb| This file does not exist.
[19:51:43:657542]:[Metadata] AbstractObjectAttributesManagerBase.h(184)::createObject : File (data/scene_datasets/gibson_semantic/./Cooperstown.glb) exists but is not a recognized config filename extension, so new default Stage Template attributes created and registered.
[19:51:43:657552]:[Metadata] AttributesManagerBase.h(380)::createFromJsonOrDefaultInternal : <Stage Template>: Proposing JSON name : data/scene_datasets/gibson_semantic/./Copemish.stage_config.json from original name : data/scene_datasets/gibson_semantic/./Copemish.glb| This file does not exist.
[19:51:43:657586]:[Metadata] AbstractObjectAttributesManagerBase.h(184)::createObject : File (data/scene_datasets/gibson_semantic/./Copemish.glb) exists but is not a recognized config filename extension, so new default Stage Template attributes created and registered.
[19:51:43:657596]:[Metadata] AttributesManagerBase.h(380)::createFromJsonOrDefaultInternal : <Stage Template>: Proposing JSON name : data/scene_datasets/gibson_semantic/./Corder.stage_config.json from original name : data/scene_datasets/gibson_semantic/./Corder.glb| This file does not exist.
[19:51:43:657631]:[Metadata] AbstractObjectAttributesManagerBase.h(184)::createObject : File (data/scene_datasets/gibson_semantic/./Corder.glb) exists but is not a recognized config filename extension, so new default Stage Template attributes created and registered.
[19:51:43:657641]:[Metadata] AttributesManagerBase.h(380)::createFromJsonOrDefaultInternal : <Stage Template>: Proposing JSON name : data/scene_datasets/gibson_semantic/./Cornville.stage_config.json from original name : data/scene_datasets/gibson_semantic/./Cornville.glb| This file does not exist.
[19:51:43:657675]:[Metadata] AbstractObjectAttributesManagerBase.h(184)::createObject : File (data/scene_datasets/gibson_semantic/./Cornville.glb) exists but is not a recognized config filename extension, so new default Stage Template attributes created and registered.
[19:51:43:657685]:[Metadata] AttributesManagerBase.h(380)::createFromJsonOrDefaultInternal : <Stage Template>: Proposing JSON name : data/scene_datasets/gibson_semantic/./Coronado.stage_config.json from original name : data/scene_datasets/gibson_semantic/./Coronado.glb| This file does not exist.
[19:51:43:657719]:[Metadata] AbstractObjectAttributesManagerBase.h(184)::createObject : File (data/scene_datasets/gibson_semantic/./Coronado.glb) exists but is not a recognized config filename extension, so new default Stage Template attributes created and registered.
[19:51:43:657728]:[Metadata] AttributesManagerBase.h(380)::createFromJsonOrDefaultInternal : <Stage Template>: Proposing JSON name : data/scene_datasets/gibson_semantic/./Corozal.stage_config.json from original name : data/scene_datasets/gibson_semantic/./Corozal.glb| This file does not exist.
[19:51:43:657762]:[Metadata] AbstractObjectAttributesManagerBase.h(184)::createObject : File (data/scene_datasets/gibson_semantic/./Corozal.glb) exists but is not a recognized config filename extension, so new default Stage Template attributes created and registered.
[19:51:43:657772]:[Metadata] AttributesManagerBase.h(380)::createFromJsonOrDefaultInternal : <Stage Template>: Proposing JSON name : data/scene_datasets/gibson_semantic/./Cosmos.stage_config.json from original name : data/scene_datasets/gibson_semantic/./Cosmos.glb| This file does not exist.
[19:51:43:657807]:[Metadata] AbstractObjectAttributesManagerBase.h(184)::createObject : File (data/scene_datasets/gibson_semantic/./Cosmos.glb) exists but is not a recognized config filename extension, so new default Stage Template attributes created and registered.
[19:51:43:657817]:[Metadata] AttributesManagerBase.h(380)::createFromJsonOrDefaultInternal : <Stage Template>: Proposing JSON name : data/scene_datasets/gibson_semantic/./Cottonport.stage_config.json from original name : data/scene_datasets/gibson_semantic/./Cottonport.glb| This file does not exist.
[19:51:43:657853]:[Metadata] AbstractObjectAttributesManagerBase.h(184)::createObject : File (data/scene_datasets/gibson_semantic/./Cottonport.glb) exists but is not a recognized config filename extension, so new default Stage Template attributes created and registered.
[19:51:43:657862]:[Metadata] AttributesManagerBase.h(380)::createFromJsonOrDefaultInternal : <Stage Template>: Proposing JSON name : data/scene_datasets/gibson_semantic/./Country.stage_config.json from original name : data/scene_datasets/gibson_semantic/./Country.glb| This file does not exist.
[19:51:43:657897]:[Metadata] AbstractObjectAttributesManagerBase.h(184)::createObject : File (data/scene_datasets/gibson_semantic/./Country.glb) exists but is not a recognized config filename extension, so new default Stage Template attributes created and registered.
[19:51:43:657906]:[Metadata] AttributesManagerBase.h(380)::createFromJsonOrDefaultInternal : <Stage Template>: Proposing JSON name : data/scene_datasets/gibson_semantic/./Crandon.stage_config.json from original name : data/scene_datasets/gibson_semantic/./Crandon.glb| This file does not exist.
[19:51:43:657941]:[Metadata] AbstractObjectAttributesManagerBase.h(184)::createObject : File (data/scene_datasets/gibson_semantic/./Crandon.glb) exists but is not a recognized config filename extension, so new default Stage Template attributes created and registered.
[19:51:43:657950]:[Metadata] AttributesManagerBase.h(380)::createFromJsonOrDefaultInternal : <Stage Template>: Proposing JSON name : data/scene_datasets/gibson_semantic/./Creede.stage_config.json from original name : data/scene_datasets/gibson_semantic/./Creede.glb| This file does not exist.
[19:51:43:657985]:[Metadata] AbstractObjectAttributesManagerBase.h(184)::createObject : File (data/scene_datasets/gibson_semantic/./Creede.glb) exists but is not a recognized config filename extension, so new default Stage Template attributes created and registered.
[19:51:43:657995]:[Metadata] AttributesManagerBase.h(380)::createFromJsonOrDefaultInternal : <Stage Template>: Proposing JSON name : data/scene_datasets/gibson_semantic/./Crookston.stage_config.json from original name : data/scene_datasets/gibson_semantic/./Crookston.glb| This file does not exist.
[19:51:43:658029]:[Metadata] AbstractObjectAttributesManagerBase.h(184)::createObject : File (data/scene_datasets/gibson_semantic/./Crookston.glb) exists but is not a recognized config filename extension, so new default Stage Template attributes created and registered.
[19:51:43:658039]:[Metadata] AttributesManagerBase.h(380)::createFromJsonOrDefaultInternal : <Stage Template>: Proposing JSON name : data/scene_datasets/gibson_semantic/./Crugers.stage_config.json from original name : data/scene_datasets/gibson_semantic/./Crugers.glb| This file does not exist.
[19:51:43:658075]:[Metadata] AbstractObjectAttributesManagerBase.h(184)::createObject : File (data/scene_datasets/gibson_semantic/./Crugers.glb) exists but is not a recognized config filename extension, so new default Stage Template attributes created and registered.
[19:51:43:658085]:[Metadata] AttributesManagerBase.h(380)::createFromJsonOrDefaultInternal : <Stage Template>: Proposing JSON name : data/scene_datasets/gibson_semantic/./Culbertson.stage_config.json from original name : data/scene_datasets/gibson_semantic/./Culbertson.glb| This file does not exist.
[19:51:43:658120]:[Metadata] AbstractObjectAttributesManagerBase.h(184)::createObject : File (data/scene_datasets/gibson_semantic/./Culbertson.glb) exists but is not a recognized config filename extension, so new default Stage Template attributes created and registered.
[19:51:43:658130]:[Metadata] AttributesManagerBase.h(380)::createFromJsonOrDefaultInternal : <Stage Template>: Proposing JSON name : data/scene_datasets/gibson_semantic/./Cullison.stage_config.json from original name : data/scene_datasets/gibson_semantic/./Cullison.glb| This file does not exist.
[19:51:43:658164]:[Metadata] AbstractObjectAttributesManagerBase.h(184)::createObject : File (data/scene_datasets/gibson_semantic/./Cullison.glb) exists but is not a recognized config filename extension, so new default Stage Template attributes created and registered.
[19:51:43:658174]:[Metadata] AttributesManagerBase.h(380)::createFromJsonOrDefaultInternal : <Stage Template>: Proposing JSON name : data/scene_datasets/gibson_semantic/./Cutlerville.stage_config.json from original name : data/scene_datasets/gibson_semantic/./Cutlerville.glb| This file does not exist.
[19:51:43:658208]:[Metadata] AbstractObjectAttributesManagerBase.h(184)::createObject : File (data/scene_datasets/gibson_semantic/./Cutlerville.glb) exists but is not a recognized config filename extension, so new default Stage Template attributes created and registered.
[19:51:43:658218]:[Metadata] AttributesManagerBase.h(380)::createFromJsonOrDefaultInternal : <Stage Template>: Proposing JSON name : data/scene_datasets/gibson_semantic/./Dansville.stage_config.json from original name : data/scene_datasets/gibson_semantic/./Dansville.glb| This file does not exist.
[19:51:43:658253]:[Metadata] AbstractObjectAttributesManagerBase.h(184)::createObject : File (data/scene_datasets/gibson_semantic/./Dansville.glb) exists but is not a recognized config filename extension, so new default Stage Template attributes created and registered.
[19:51:43:658262]:[Metadata] AttributesManagerBase.h(380)::createFromJsonOrDefaultInternal : <Stage Template>: Proposing JSON name : data/scene_datasets/gibson_semantic/./Darden.stage_config.json from original name : data/scene_datasets/gibson_semantic/./Darden.glb| This file does not exist.
[19:51:43:658296]:[Metadata] AbstractObjectAttributesManagerBase.h(184)::createObject : File (data/scene_datasets/gibson_semantic/./Darden.glb) exists but is not a recognized config filename extension, so new default Stage Template attributes created and registered.
[19:51:43:658305]:[Metadata] AttributesManagerBase.h(380)::createFromJsonOrDefaultInternal : <Stage Template>: Proposing JSON name : data/scene_datasets/gibson_semantic/./Darnestown.stage_config.json from original name : data/scene_datasets/gibson_semantic/./Darnestown.glb| This file does not exist.
[19:51:43:658340]:[Metadata] AbstractObjectAttributesManagerBase.h(184)::createObject : File (data/scene_datasets/gibson_semantic/./Darnestown.glb) exists but is not a recognized config filename extension, so new default Stage Template attributes created and registered.
[19:51:43:658350]:[Metadata] AttributesManagerBase.h(380)::createFromJsonOrDefaultInternal : <Stage Template>: Proposing JSON name : data/scene_datasets/gibson_semantic/./Deatsville.stage_config.json from original name : data/scene_datasets/gibson_semantic/./Deatsville.glb| This file does not exist.
[19:51:43:658384]:[Metadata] AbstractObjectAttributesManagerBase.h(184)::createObject : File (data/scene_datasets/gibson_semantic/./Deatsville.glb) exists but is not a recognized config filename extension, so new default Stage Template attributes created and registered.
[19:51:43:658394]:[Metadata] AttributesManagerBase.h(380)::createFromJsonOrDefaultInternal : <Stage Template>: Proposing JSON name : data/scene_datasets/gibson_semantic/./Dedham.stage_config.json from original name : data/scene_datasets/gibson_semantic/./Dedham.glb| This file does not exist.
[19:51:43:658428]:[Metadata] AbstractObjectAttributesManagerBase.h(184)::createObject : File (data/scene_datasets/gibson_semantic/./Dedham.glb) exists but is not a recognized config filename extension, so new default Stage Template attributes created and registered.
[19:51:43:658438]:[Metadata] AttributesManagerBase.h(380)::createFromJsonOrDefaultInternal : <Stage Template>: Proposing JSON name : data/scene_datasets/gibson_semantic/./Deemston.stage_config.json from original name : data/scene_datasets/gibson_semantic/./Deemston.glb| This file does not exist.
[19:51:43:658472]:[Metadata] AbstractObjectAttributesManagerBase.h(184)::createObject : File (data/scene_datasets/gibson_semantic/./Deemston.glb) exists but is not a recognized config filename extension, so new default Stage Template attributes created and registered.
[19:51:43:658481]:[Metadata] AttributesManagerBase.h(380)::createFromJsonOrDefaultInternal : <Stage Template>: Proposing JSON name : data/scene_datasets/gibson_semantic/./Delton.stage_config.json from original name : data/scene_datasets/gibson_semantic/./Delton.glb| This file does not exist.
[19:51:43:658521]:[Metadata] AbstractObjectAttributesManagerBase.h(184)::createObject : File (data/scene_datasets/gibson_semantic/./Delton.glb) exists but is not a recognized config filename extension, so new default Stage Template attributes created and registered.
[19:51:43:658531]:[Metadata] AttributesManagerBase.h(380)::createFromJsonOrDefaultInternal : <Stage Template>: Proposing JSON name : data/scene_datasets/gibson_semantic/./Denmark.stage_config.json from original name : data/scene_datasets/gibson_semantic/./Denmark.glb| This file does not exist.
[19:51:43:658567]:[Metadata] AbstractObjectAttributesManagerBase.h(184)::createObject : File (data/scene_datasets/gibson_semantic/./Denmark.glb) exists but is not a recognized config filename extension, so new default Stage Template attributes created and registered.
[19:51:43:658576]:[Metadata] AttributesManagerBase.h(380)::createFromJsonOrDefaultInternal : <Stage Template>: Proposing JSON name : data/scene_datasets/gibson_semantic/./Divide.stage_config.json from original name : data/scene_datasets/gibson_semantic/./Divide.glb| This file does not exist.
[19:51:43:658611]:[Metadata] AbstractObjectAttributesManagerBase.h(184)::createObject : File (data/scene_datasets/gibson_semantic/./Divide.glb) exists but is not a recognized config filename extension, so new default Stage Template attributes created and registered.
[19:51:43:658621]:[Metadata] AttributesManagerBase.h(380)::createFromJsonOrDefaultInternal : <Stage Template>: Proposing JSON name : data/scene_datasets/gibson_semantic/./Dryville.stage_config.json from original name : data/scene_datasets/gibson_semantic/./Dryville.glb| This file does not exist.
[19:51:43:658660]:[Metadata] AbstractObjectAttributesManagerBase.h(184)::createObject : File (data/scene_datasets/gibson_semantic/./Dryville.glb) exists but is not a recognized config filename extension, so new default Stage Template attributes created and registered.
[19:51:43:658670]:[Metadata] AttributesManagerBase.h(380)::createFromJsonOrDefaultInternal : <Stage Template>: Proposing JSON name : data/scene_datasets/gibson_semantic/./Duarte.stage_config.json from original name : data/scene_datasets/gibson_semantic/./Duarte.glb| This file does not exist.
[19:51:43:658705]:[Metadata] AbstractObjectAttributesManagerBase.h(184)::createObject : File (data/scene_datasets/gibson_semantic/./Duarte.glb) exists but is not a recognized config filename extension, so new default Stage Template attributes created and registered.
[19:51:43:658714]:[Metadata] AttributesManagerBase.h(380)::createFromJsonOrDefaultInternal : <Stage Template>: Proposing JSON name : data/scene_datasets/gibson_semantic/./Duluth.stage_config.json from original name : data/scene_datasets/gibson_semantic/./Duluth.glb| This file does not exist.
[19:51:43:658749]:[Metadata] AbstractObjectAttributesManagerBase.h(184)::createObject : File (data/scene_datasets/gibson_semantic/./Duluth.glb) exists but is not a recognized config filename extension, so new default Stage Template attributes created and registered.
[19:51:43:658758]:[Metadata] AttributesManagerBase.h(380)::createFromJsonOrDefaultInternal : <Stage Template>: Proposing JSON name : data/scene_datasets/gibson_semantic/./Dunmor.stage_config.json from original name : data/scene_datasets/gibson_semantic/./Dunmor.glb| This file does not exist.
[19:51:43:658792]:[Metadata] AbstractObjectAttributesManagerBase.h(184)::createObject : File (data/scene_datasets/gibson_semantic/./Dunmor.glb) exists but is not a recognized config filename extension, so new default Stage Template attributes created and registered.
[19:51:43:658802]:[Metadata] AttributesManagerBase.h(380)::createFromJsonOrDefaultInternal : <Stage Template>: Proposing JSON name : data/scene_datasets/gibson_semantic/./Eagan.stage_config.json from original name : data/scene_datasets/gibson_semantic/./Eagan.glb| This file does not exist.
[19:51:43:658837]:[Metadata] AbstractObjectAttributesManagerBase.h(184)::createObject : File (data/scene_datasets/gibson_semantic/./Eagan.glb) exists but is not a recognized config filename extension, so new default Stage Template attributes created and registered.
[19:51:43:658846]:[Metadata] AttributesManagerBase.h(380)::createFromJsonOrDefaultInternal : <Stage Template>: Proposing JSON name : data/scene_datasets/gibson_semantic/./Eagerville.stage_config.json from original name : data/scene_datasets/gibson_semantic/./Eagerville.glb| This file does not exist.
[19:51:43:658881]:[Metadata] AbstractObjectAttributesManagerBase.h(184)::createObject : File (data/scene_datasets/gibson_semantic/./Eagerville.glb) exists but is not a recognized config filename extension, so new default Stage Template attributes created and registered.
[19:51:43:658891]:[Metadata] AttributesManagerBase.h(380)::createFromJsonOrDefaultInternal : <Stage Template>: Proposing JSON name : data/scene_datasets/gibson_semantic/./Eastville.stage_config.json from original name : data/scene_datasets/gibson_semantic/./Eastville.glb| This file does not exist.
[19:51:43:658924]:[Metadata] AbstractObjectAttributesManagerBase.h(184)::createObject : File (data/scene_datasets/gibson_semantic/./Eastville.glb) exists but is not a recognized config filename extension, so new default Stage Template attributes created and registered.
[19:51:43:658935]:[Metadata] AttributesManagerBase.h(380)::createFromJsonOrDefaultInternal : <Stage Template>: Proposing JSON name : data/scene_datasets/gibson_semantic/./Edgemere.stage_config.json from original name : data/scene_datasets/gibson_semantic/./Edgemere.glb| This file does not exist.
[19:51:43:658975]:[Metadata] AbstractObjectAttributesManagerBase.h(184)::createObject : File (data/scene_datasets/gibson_semantic/./Edgemere.glb) exists but is not a recognized config filename extension, so new default Stage Template attributes created and registered.
[19:51:43:658984]:[Metadata] AttributesManagerBase.h(380)::createFromJsonOrDefaultInternal : <Stage Template>: Proposing JSON name : data/scene_datasets/gibson_semantic/./Ellaville.stage_config.json from original name : data/scene_datasets/gibson_semantic/./Ellaville.glb| This file does not exist.
[19:51:43:659019]:[Metadata] AbstractObjectAttributesManagerBase.h(184)::createObject : File (data/scene_datasets/gibson_semantic/./Ellaville.glb) exists but is not a recognized config filename extension, so new default Stage Template attributes created and registered.
[19:51:43:659029]:[Metadata] AttributesManagerBase.h(380)::createFromJsonOrDefaultInternal : <Stage Template>: Proposing JSON name : data/scene_datasets/gibson_semantic/./Elmira.stage_config.json from original name : data/scene_datasets/gibson_semantic/./Elmira.glb| This file does not exist.
[19:51:43:659063]:[Metadata] AbstractObjectAttributesManagerBase.h(184)::createObject : File (data/scene_datasets/gibson_semantic/./Elmira.glb) exists but is not a recognized config filename extension, so new default Stage Template attributes created and registered.
[19:51:43:659073]:[Metadata] AttributesManagerBase.h(380)::createFromJsonOrDefaultInternal : <Stage Template>: Proposing JSON name : data/scene_datasets/gibson_semantic/./Elton.stage_config.json from original name : data/scene_datasets/gibson_semantic/./Elton.glb| This file does not exist.
[19:51:43:659107]:[Metadata] AbstractObjectAttributesManagerBase.h(184)::createObject : File (data/scene_datasets/gibson_semantic/./Elton.glb) exists but is not a recognized config filename extension, so new default Stage Template attributes created and registered.
[19:51:43:659117]:[Metadata] AttributesManagerBase.h(380)::createFromJsonOrDefaultInternal : <Stage Template>: Proposing JSON name : data/scene_datasets/gibson_semantic/./Emmaus.stage_config.json from original name : data/scene_datasets/gibson_semantic/./Emmaus.glb| This file does not exist.
[19:51:43:659152]:[Metadata] AbstractObjectAttributesManagerBase.h(184)::createObject : File (data/scene_datasets/gibson_semantic/./Emmaus.glb) exists but is not a recognized config filename extension, so new default Stage Template attributes created and registered.
[19:51:43:659161]:[Metadata] AttributesManagerBase.h(380)::createFromJsonOrDefaultInternal : <Stage Template>: Proposing JSON name : data/scene_datasets/gibson_semantic/./Eudora.stage_config.json from original name : data/scene_datasets/gibson_semantic/./Eudora.glb| This file does not exist.
[19:51:43:659195]:[Metadata] AbstractObjectAttributesManagerBase.h(184)::createObject : File (data/scene_datasets/gibson_semantic/./Eudora.glb) exists but is not a recognized config filename extension, so new default Stage Template attributes created and registered.
[19:51:43:659204]:[Metadata] AttributesManagerBase.h(380)::createFromJsonOrDefaultInternal : <Stage Template>: Proposing JSON name : data/scene_datasets/gibson_semantic/./Euharlee.stage_config.json from original name : data/scene_datasets/gibson_semantic/./Euharlee.glb| This file does not exist.
[19:51:43:659240]:[Metadata] AbstractObjectAttributesManagerBase.h(184)::createObject : File (data/scene_datasets/gibson_semantic/./Euharlee.glb) exists but is not a recognized config filename extension, so new default Stage Template attributes created and registered.
[19:51:43:659249]:[Metadata] AttributesManagerBase.h(380)::createFromJsonOrDefaultInternal : <Stage Template>: Proposing JSON name : data/scene_datasets/gibson_semantic/./Everton.stage_config.json from original name : data/scene_datasets/gibson_semantic/./Everton.glb| This file does not exist.
[19:51:43:659284]:[Metadata] AbstractObjectAttributesManagerBase.h(184)::createObject : File (data/scene_datasets/gibson_semantic/./Everton.glb) exists but is not a recognized config filename extension, so new default Stage Template attributes created and registered.
[19:51:43:659294]:[Metadata] AttributesManagerBase.h(380)::createFromJsonOrDefaultInternal : <Stage Template>: Proposing JSON name : data/scene_datasets/gibson_semantic/./Ewell.stage_config.json from original name : data/scene_datasets/gibson_semantic/./Ewell.glb| This file does not exist.
[19:51:43:659328]:[Metadata] AbstractObjectAttributesManagerBase.h(184)::createObject : File (data/scene_datasets/gibson_semantic/./Ewell.glb) exists but is not a recognized config filename extension, so new default Stage Template attributes created and registered.
[19:51:43:659338]:[Metadata] AttributesManagerBase.h(380)::createFromJsonOrDefaultInternal : <Stage Template>: Proposing JSON name : data/scene_datasets/gibson_semantic/./Fedora.stage_config.json from original name : data/scene_datasets/gibson_semantic/./Fedora.glb| This file does not exist.
[19:51:43:659372]:[Metadata] AbstractObjectAttributesManagerBase.h(184)::createObject : File (data/scene_datasets/gibson_semantic/./Fedora.glb) exists but is not a recognized config filename extension, so new default Stage Template attributes created and registered.
[19:51:43:659382]:[Metadata] AttributesManagerBase.h(380)::createFromJsonOrDefaultInternal : <Stage Template>: Proposing JSON name : data/scene_datasets/gibson_semantic/./Fishersville.stage_config.json from original name : data/scene_datasets/gibson_semantic/./Fishersville.glb| This file does not exist.
[19:51:43:659416]:[Metadata] AbstractObjectAttributesManagerBase.h(184)::createObject : File (data/scene_datasets/gibson_semantic/./Fishersville.glb) exists but is not a recognized config filename extension, so new default Stage Template attributes created and registered.
[19:51:43:659426]:[Metadata] AttributesManagerBase.h(380)::createFromJsonOrDefaultInternal : <Stage Template>: Proposing JSON name : data/scene_datasets/gibson_semantic/./Fitchburg.stage_config.json from original name : data/scene_datasets/gibson_semantic/./Fitchburg.glb| This file does not exist.
[19:51:43:659461]:[Metadata] AbstractObjectAttributesManagerBase.h(184)::createObject : File (data/scene_datasets/gibson_semantic/./Fitchburg.glb) exists but is not a recognized config filename extension, so new default Stage Template attributes created and registered.
[19:51:43:659470]:[Metadata] AttributesManagerBase.h(380)::createFromJsonOrDefaultInternal : <Stage Template>: Proposing JSON name : data/scene_datasets/gibson_semantic/./Fleming.stage_config.json from original name : data/scene_datasets/gibson_semantic/./Fleming.glb| This file does not exist.
[19:51:43:659504]:[Metadata] AbstractObjectAttributesManagerBase.h(184)::createObject : File (data/scene_datasets/gibson_semantic/./Fleming.glb) exists but is not a recognized config filename extension, so new default Stage Template attributes created and registered.
[19:51:43:659514]:[Metadata] AttributesManagerBase.h(380)::createFromJsonOrDefaultInternal : <Stage Template>: Proposing JSON name : data/scene_datasets/gibson_semantic/./Fonda.stage_config.json from original name : data/scene_datasets/gibson_semantic/./Fonda.glb| This file does not exist.
[19:51:43:659549]:[Metadata] AbstractObjectAttributesManagerBase.h(184)::createObject : File (data/scene_datasets/gibson_semantic/./Fonda.glb) exists but is not a recognized config filename extension, so new default Stage Template attributes created and registered.
[19:51:43:659559]:[Metadata] AttributesManagerBase.h(380)::createFromJsonOrDefaultInternal : <Stage Template>: Proposing JSON name : data/scene_datasets/gibson_semantic/./Forkland.stage_config.json from original name : data/scene_datasets/gibson_semantic/./Forkland.glb| This file does not exist.
[19:51:43:659592]:[Metadata] AbstractObjectAttributesManagerBase.h(184)::createObject : File (data/scene_datasets/gibson_semantic/./Forkland.glb) exists but is not a recognized config filename extension, so new default Stage Template attributes created and registered.
[19:51:43:659602]:[Metadata] AttributesManagerBase.h(380)::createFromJsonOrDefaultInternal : <Stage Template>: Proposing JSON name : data/scene_datasets/gibson_semantic/./Foyil.stage_config.json from original name : data/scene_datasets/gibson_semantic/./Foyil.glb| This file does not exist.
[19:51:43:659637]:[Metadata] AbstractObjectAttributesManagerBase.h(184)::createObject : File (data/scene_datasets/gibson_semantic/./Foyil.glb) exists but is not a recognized config filename extension, so new default Stage Template attributes created and registered.
[19:51:43:659647]:[Metadata] AttributesManagerBase.h(380)::createFromJsonOrDefaultInternal : <Stage Template>: Proposing JSON name : data/scene_datasets/gibson_semantic/./Frankfort.stage_config.json from original name : data/scene_datasets/gibson_semantic/./Frankfort.glb| This file does not exist.
[19:51:43:659682]:[Metadata] AbstractObjectAttributesManagerBase.h(184)::createObject : File (data/scene_datasets/gibson_semantic/./Frankfort.glb) exists but is not a recognized config filename extension, so new default Stage Template attributes created and registered.
[19:51:43:659691]:[Metadata] AttributesManagerBase.h(380)::createFromJsonOrDefaultInternal : <Stage Template>: Proposing JSON name : data/scene_datasets/gibson_semantic/./Frankton.stage_config.json from original name : data/scene_datasets/gibson_semantic/./Frankton.glb| This file does not exist.
[19:51:43:659725]:[Metadata] AbstractObjectAttributesManagerBase.h(184)::createObject : File (data/scene_datasets/gibson_semantic/./Frankton.glb) exists but is not a recognized config filename extension, so new default Stage Template attributes created and registered.
[19:51:43:659734]:[Metadata] AttributesManagerBase.h(380)::createFromJsonOrDefaultInternal : <Stage Template>: Proposing JSON name : data/scene_datasets/gibson_semantic/./Fredericksburg.stage_config.json from original name : data/scene_datasets/gibson_semantic/./Fredericksburg.glb| This file does not exist.
[19:51:43:659770]:[Metadata] AbstractObjectAttributesManagerBase.h(184)::createObject : File (data/scene_datasets/gibson_semantic/./Fredericksburg.glb) exists but is not a recognized config filename extension, so new default Stage Template attributes created and registered.
[19:51:43:659779]:[Metadata] AttributesManagerBase.h(380)::createFromJsonOrDefaultInternal : <Stage Template>: Proposing JSON name : data/scene_datasets/gibson_semantic/./Freedom.stage_config.json from original name : data/scene_datasets/gibson_semantic/./Freedom.glb| This file does not exist.
[19:51:43:659814]:[Metadata] AbstractObjectAttributesManagerBase.h(184)::createObject : File (data/scene_datasets/gibson_semantic/./Freedom.glb) exists but is not a recognized config filename extension, so new default Stage Template attributes created and registered.
[19:51:43:659824]:[Metadata] AttributesManagerBase.h(380)::createFromJsonOrDefaultInternal : <Stage Template>: Proposing JSON name : data/scene_datasets/gibson_semantic/./Frierson.stage_config.json from original name : data/scene_datasets/gibson_semantic/./Frierson.glb| This file does not exist.
[19:51:43:659858]:[Metadata] AbstractObjectAttributesManagerBase.h(184)::createObject : File (data/scene_datasets/gibson_semantic/./Frierson.glb) exists but is not a recognized config filename extension, so new default Stage Template attributes created and registered.
[19:51:43:659868]:[Metadata] AttributesManagerBase.h(380)::createFromJsonOrDefaultInternal : <Stage Template>: Proposing JSON name : data/scene_datasets/gibson_semantic/./Frontenac.stage_config.json from original name : data/scene_datasets/gibson_semantic/./Frontenac.glb| This file does not exist.
[19:51:43:659902]:[Metadata] AbstractObjectAttributesManagerBase.h(184)::createObject : File (data/scene_datasets/gibson_semantic/./Frontenac.glb) exists but is not a recognized config filename extension, so new default Stage Template attributes created and registered.
[19:51:43:659912]:[Metadata] AttributesManagerBase.h(380)::createFromJsonOrDefaultInternal : <Stage Template>: Proposing JSON name : data/scene_datasets/gibson_semantic/./Funkstown.stage_config.json from original name : data/scene_datasets/gibson_semantic/./Funkstown.glb| This file does not exist.
[19:51:43:659946]:[Metadata] AbstractObjectAttributesManagerBase.h(184)::createObject : File (data/scene_datasets/gibson_semantic/./Funkstown.glb) exists but is not a recognized config filename extension, so new default Stage Template attributes created and registered.
[19:51:43:659955]:[Metadata] AttributesManagerBase.h(380)::createFromJsonOrDefaultInternal : <Stage Template>: Proposing JSON name : data/scene_datasets/gibson_semantic/./Galatia.stage_config.json from original name : data/scene_datasets/gibson_semantic/./Galatia.glb| This file does not exist.
[19:51:43:659990]:[Metadata] AbstractObjectAttributesManagerBase.h(184)::createObject : File (data/scene_datasets/gibson_semantic/./Galatia.glb) exists but is not a recognized config filename extension, so new default Stage Template attributes created and registered.
[19:51:43:659999]:[Metadata] AttributesManagerBase.h(380)::createFromJsonOrDefaultInternal : <Stage Template>: Proposing JSON name : data/scene_datasets/gibson_semantic/./Gasburg.stage_config.json from original name : data/scene_datasets/gibson_semantic/./Gasburg.glb| This file does not exist.
[19:51:43:660034]:[Metadata] AbstractObjectAttributesManagerBase.h(184)::createObject : File (data/scene_datasets/gibson_semantic/./Gasburg.glb) exists but is not a recognized config filename extension, so new default Stage Template attributes created and registered.
[19:51:43:660044]:[Metadata] AttributesManagerBase.h(380)::createFromJsonOrDefaultInternal : <Stage Template>: Proposing JSON name : data/scene_datasets/gibson_semantic/./Gaylord.stage_config.json from original name : data/scene_datasets/gibson_semantic/./Gaylord.glb| This file does not exist.
[19:51:43:660078]:[Metadata] AbstractObjectAttributesManagerBase.h(184)::createObject : File (data/scene_datasets/gibson_semantic/./Gaylord.glb) exists but is not a recognized config filename extension, so new default Stage Template attributes created and registered.
[19:51:43:660088]:[Metadata] AttributesManagerBase.h(380)::createFromJsonOrDefaultInternal : <Stage Template>: Proposing JSON name : data/scene_datasets/gibson_semantic/./Germfask.stage_config.json from original name : data/scene_datasets/gibson_semantic/./Germfask.glb| This file does not exist.
[19:51:43:660124]:[Metadata] AbstractObjectAttributesManagerBase.h(184)::createObject : File (data/scene_datasets/gibson_semantic/./Germfask.glb) exists but is not a recognized config filename extension, so new default Stage Template attributes created and registered.
[19:51:43:660133]:[Metadata] AttributesManagerBase.h(380)::createFromJsonOrDefaultInternal : <Stage Template>: Proposing JSON name : data/scene_datasets/gibson_semantic/./Gilbert.stage_config.json from original name : data/scene_datasets/gibson_semantic/./Gilbert.glb| This file does not exist.
[19:51:43:660167]:[Metadata] AbstractObjectAttributesManagerBase.h(184)::createObject : File (data/scene_datasets/gibson_semantic/./Gilbert.glb) exists but is not a recognized config filename extension, so new default Stage Template attributes created and registered.
[19:51:43:660177]:[Metadata] AttributesManagerBase.h(380)::createFromJsonOrDefaultInternal : <Stage Template>: Proposing JSON name : data/scene_datasets/gibson_semantic/./Gladstone.stage_config.json from original name : data/scene_datasets/gibson_semantic/./Gladstone.glb| This file does not exist.
[19:51:43:660211]:[Metadata] AbstractObjectAttributesManagerBase.h(184)::createObject : File (data/scene_datasets/gibson_semantic/./Gladstone.glb) exists but is not a recognized config filename extension, so new default Stage Template attributes created and registered.
[19:51:43:660220]:[Metadata] AttributesManagerBase.h(380)::createFromJsonOrDefaultInternal : <Stage Template>: Proposing JSON name : data/scene_datasets/gibson_semantic/./Glassboro.stage_config.json from original name : data/scene_datasets/gibson_semantic/./Glassboro.glb| This file does not exist.
[19:51:43:660254]:[Metadata] AbstractObjectAttributesManagerBase.h(184)::createObject : File (data/scene_datasets/gibson_semantic/./Glassboro.glb) exists but is not a recognized config filename extension, so new default Stage Template attributes created and registered.
[19:51:43:660264]:[Metadata] AttributesManagerBase.h(380)::createFromJsonOrDefaultInternal : <Stage Template>: Proposing JSON name : data/scene_datasets/gibson_semantic/./Glenmoor.stage_config.json from original name : data/scene_datasets/gibson_semantic/./Glenmoor.glb| This file does not exist.
[19:51:43:660299]:[Metadata] AbstractObjectAttributesManagerBase.h(184)::createObject : File (data/scene_datasets/gibson_semantic/./Glenmoor.glb) exists but is not a recognized config filename extension, so new default Stage Template attributes created and registered.
[19:51:43:660308]:[Metadata] AttributesManagerBase.h(380)::createFromJsonOrDefaultInternal : <Stage Template>: Proposing JSON name : data/scene_datasets/gibson_semantic/./Globe.stage_config.json from original name : data/scene_datasets/gibson_semantic/./Globe.glb| This file does not exist.
[19:51:43:660343]:[Metadata] AbstractObjectAttributesManagerBase.h(184)::createObject : File (data/scene_datasets/gibson_semantic/./Globe.glb) exists but is not a recognized config filename extension, so new default Stage Template attributes created and registered.
[19:51:43:660352]:[Metadata] AttributesManagerBase.h(380)::createFromJsonOrDefaultInternal : <Stage Template>: Proposing JSON name : data/scene_datasets/gibson_semantic/./Gloria.stage_config.json from original name : data/scene_datasets/gibson_semantic/./Gloria.glb| This file does not exist.
[19:51:43:660386]:[Metadata] AbstractObjectAttributesManagerBase.h(184)::createObject : File (data/scene_datasets/gibson_semantic/./Gloria.glb) exists but is not a recognized config filename extension, so new default Stage Template attributes created and registered.
[19:51:43:660396]:[Metadata] AttributesManagerBase.h(380)::createFromJsonOrDefaultInternal : <Stage Template>: Proposing JSON name : data/scene_datasets/gibson_semantic/./Goffs.stage_config.json from original name : data/scene_datasets/gibson_semantic/./Goffs.glb| This file does not exist.
[19:51:43:660430]:[Metadata] AbstractObjectAttributesManagerBase.h(184)::createObject : File (data/scene_datasets/gibson_semantic/./Goffs.glb) exists but is not a recognized config filename extension, so new default Stage Template attributes created and registered.
[19:51:43:660440]:[Metadata] AttributesManagerBase.h(380)::createFromJsonOrDefaultInternal : <Stage Template>: Proposing JSON name : data/scene_datasets/gibson_semantic/./Goodfield.stage_config.json from original name : data/scene_datasets/gibson_semantic/./Goodfield.glb| This file does not exist.
[19:51:43:660474]:[Metadata] AbstractObjectAttributesManagerBase.h(184)::createObject : File (data/scene_datasets/gibson_semantic/./Goodfield.glb) exists but is not a recognized config filename extension, so new default Stage Template attributes created and registered.
[19:51:43:660484]:[Metadata] AttributesManagerBase.h(380)::createFromJsonOrDefaultInternal : <Stage Template>: Proposing JSON name : data/scene_datasets/gibson_semantic/./Goodwine.stage_config.json from original name : data/scene_datasets/gibson_semantic/./Goodwine.glb| This file does not exist.
[19:51:43:660519]:[Metadata] AbstractObjectAttributesManagerBase.h(184)::createObject : File (data/scene_datasets/gibson_semantic/./Goodwine.glb) exists but is not a recognized config filename extension, so new default Stage Template attributes created and registered.
[19:51:43:660529]:[Metadata] AttributesManagerBase.h(380)::createFromJsonOrDefaultInternal : <Stage Template>: Proposing JSON name : data/scene_datasets/gibson_semantic/./Goodyear.stage_config.json from original name : data/scene_datasets/gibson_semantic/./Goodyear.glb| This file does not exist.
[19:51:43:660564]:[Metadata] AbstractObjectAttributesManagerBase.h(184)::createObject : File (data/scene_datasets/gibson_semantic/./Goodyear.glb) exists but is not a recognized config filename extension, so new default Stage Template attributes created and registered.
[19:51:43:660574]:[Metadata] AttributesManagerBase.h(380)::createFromJsonOrDefaultInternal : <Stage Template>: Proposing JSON name : data/scene_datasets/gibson_semantic/./Gough.stage_config.json from original name : data/scene_datasets/gibson_semantic/./Gough.glb| This file does not exist.
[19:51:43:660609]:[Metadata] AbstractObjectAttributesManagerBase.h(184)::createObject : File (data/scene_datasets/gibson_semantic/./Gough.glb) exists but is not a recognized config filename extension, so new default Stage Template attributes created and registered.
[19:51:43:660620]:[Metadata] AttributesManagerBase.h(380)::createFromJsonOrDefaultInternal : <Stage Template>: Proposing JSON name : data/scene_datasets/gibson_semantic/./Grace.stage_config.json from original name : data/scene_datasets/gibson_semantic/./Grace.glb| This file does not exist.
[19:51:43:660654]:[Metadata] AbstractObjectAttributesManagerBase.h(184)::createObject : File (data/scene_datasets/gibson_semantic/./Grace.glb) exists but is not a recognized config filename extension, so new default Stage Template attributes created and registered.
[19:51:43:660664]:[Metadata] AttributesManagerBase.h(380)::createFromJsonOrDefaultInternal : <Stage Template>: Proposing JSON name : data/scene_datasets/gibson_semantic/./Graceville.stage_config.json from original name : data/scene_datasets/gibson_semantic/./Graceville.glb| This file does not exist.
[19:51:43:660699]:[Metadata] AbstractObjectAttributesManagerBase.h(184)::createObject : File (data/scene_datasets/gibson_semantic/./Graceville.glb) exists but is not a recognized config filename extension, so new default Stage Template attributes created and registered.
[19:51:43:660709]:[Metadata] AttributesManagerBase.h(380)::createFromJsonOrDefaultInternal : <Stage Template>: Proposing JSON name : data/scene_datasets/gibson_semantic/./Gracey.stage_config.json from original name : data/scene_datasets/gibson_semantic/./Gracey.glb| This file does not exist.
[19:51:43:660743]:[Metadata] AbstractObjectAttributesManagerBase.h(184)::createObject : File (data/scene_datasets/gibson_semantic/./Gracey.glb) exists but is not a recognized config filename extension, so new default Stage Template attributes created and registered.
[19:51:43:660753]:[Metadata] AttributesManagerBase.h(380)::createFromJsonOrDefaultInternal : <Stage Template>: Proposing JSON name : data/scene_datasets/gibson_semantic/./Grainola.stage_config.json from original name : data/scene_datasets/gibson_semantic/./Grainola.glb| This file does not exist.
[19:51:43:660787]:[Metadata] AbstractObjectAttributesManagerBase.h(184)::createObject : File (data/scene_datasets/gibson_semantic/./Grainola.glb) exists but is not a recognized config filename extension, so new default Stage Template attributes created and registered.
[19:51:43:660796]:[Metadata] AttributesManagerBase.h(380)::createFromJsonOrDefaultInternal : <Stage Template>: Proposing JSON name : data/scene_datasets/gibson_semantic/./Grangeville.stage_config.json from original name : data/scene_datasets/gibson_semantic/./Grangeville.glb| This file does not exist.
[19:51:43:660831]:[Metadata] AbstractObjectAttributesManagerBase.h(184)::createObject : File (data/scene_datasets/gibson_semantic/./Grangeville.glb) exists but is not a recognized config filename extension, so new default Stage Template attributes created and registered.
[19:51:43:660840]:[Metadata] AttributesManagerBase.h(380)::createFromJsonOrDefaultInternal : <Stage Template>: Proposing JSON name : data/scene_datasets/gibson_semantic/./Grantsville.stage_config.json from original name : data/scene_datasets/gibson_semantic/./Grantsville.glb| This file does not exist.
[19:51:43:660874]:[Metadata] AbstractObjectAttributesManagerBase.h(184)::createObject : File (data/scene_datasets/gibson_semantic/./Grantsville.glb) exists but is not a recognized config filename extension, so new default Stage Template attributes created and registered.
[19:51:43:660883]:[Metadata] AttributesManagerBase.h(380)::createFromJsonOrDefaultInternal : <Stage Template>: Proposing JSON name : data/scene_datasets/gibson_semantic/./Grassy.stage_config.json from original name : data/scene_datasets/gibson_semantic/./Grassy.glb| This file does not exist.
[19:51:43:660918]:[Metadata] AbstractObjectAttributesManagerBase.h(184)::createObject : File (data/scene_datasets/gibson_semantic/./Grassy.glb) exists but is not a recognized config filename extension, so new default Stage Template attributes created and registered.
[19:51:43:660927]:[Metadata] AttributesManagerBase.h(380)::createFromJsonOrDefaultInternal : <Stage Template>: Proposing JSON name : data/scene_datasets/gibson_semantic/./Gratz.stage_config.json from original name : data/scene_datasets/gibson_semantic/./Gratz.glb| This file does not exist.
[19:51:43:660962]:[Metadata] AbstractObjectAttributesManagerBase.h(184)::createObject : File (data/scene_datasets/gibson_semantic/./Gratz.glb) exists but is not a recognized config filename extension, so new default Stage Template attributes created and registered.
[19:51:43:660972]:[Metadata] AttributesManagerBase.h(380)::createFromJsonOrDefaultInternal : <Stage Template>: Proposing JSON name : data/scene_datasets/gibson_semantic/./Gravelly.stage_config.json from original name : data/scene_datasets/gibson_semantic/./Gravelly.glb| This file does not exist.
[19:51:43:661006]:[Metadata] AbstractObjectAttributesManagerBase.h(184)::createObject : File (data/scene_datasets/gibson_semantic/./Gravelly.glb) exists but is not a recognized config filename extension, so new default Stage Template attributes created and registered.
[19:51:43:661016]:[Metadata] AttributesManagerBase.h(380)::createFromJsonOrDefaultInternal : <Stage Template>: Proposing JSON name : data/scene_datasets/gibson_semantic/./Greigsville.stage_config.json from original name : data/scene_datasets/gibson_semantic/./Greigsville.glb| This file does not exist.
[19:51:43:661050]:[Metadata] AbstractObjectAttributesManagerBase.h(184)::createObject : File (data/scene_datasets/gibson_semantic/./Greigsville.glb) exists but is not a recognized config filename extension, so new default Stage Template attributes created and registered.
[19:51:43:661060]:[Metadata] AttributesManagerBase.h(380)::createFromJsonOrDefaultInternal : <Stage Template>: Proposing JSON name : data/scene_datasets/gibson_semantic/./Haaswood.stage_config.json from original name : data/scene_datasets/gibson_semantic/./Haaswood.glb| This file does not exist.
[19:51:43:661095]:[Metadata] AbstractObjectAttributesManagerBase.h(184)::createObject : File (data/scene_datasets/gibson_semantic/./Haaswood.glb) exists but is not a recognized config filename extension, so new default Stage Template attributes created and registered.
[19:51:43:661104]:[Metadata] AttributesManagerBase.h(380)::createFromJsonOrDefaultInternal : <Stage Template>: Proposing JSON name : data/scene_datasets/gibson_semantic/./Hacienda.stage_config.json from original name : data/scene_datasets/gibson_semantic/./Hacienda.glb| This file does not exist.
[19:51:43:661139]:[Metadata] AbstractObjectAttributesManagerBase.h(184)::createObject : File (data/scene_datasets/gibson_semantic/./Hacienda.glb) exists but is not a recognized config filename extension, so new default Stage Template attributes created and registered.
[19:51:43:661148]:[Metadata] AttributesManagerBase.h(380)::createFromJsonOrDefaultInternal : <Stage Template>: Proposing JSON name : data/scene_datasets/gibson_semantic/./Hainesburg.stage_config.json from original name : data/scene_datasets/gibson_semantic/./Hainesburg.glb| This file does not exist.
[19:51:43:661184]:[Metadata] AbstractObjectAttributesManagerBase.h(184)::createObject : File (data/scene_datasets/gibson_semantic/./Hainesburg.glb) exists but is not a recognized config filename extension, so new default Stage Template attributes created and registered.
[19:51:43:661193]:[Metadata] AttributesManagerBase.h(380)::createFromJsonOrDefaultInternal : <Stage Template>: Proposing JSON name : data/scene_datasets/gibson_semantic/./Halfway.stage_config.json from original name : data/scene_datasets/gibson_semantic/./Halfway.glb| This file does not exist.
[19:51:43:661228]:[Metadata] AbstractObjectAttributesManagerBase.h(184)::createObject : File (data/scene_datasets/gibson_semantic/./Halfway.glb) exists but is not a recognized config filename extension, so new default Stage Template attributes created and registered.
[19:51:43:661238]:[Metadata] AttributesManagerBase.h(380)::createFromJsonOrDefaultInternal : <Stage Template>: Proposing JSON name : data/scene_datasets/gibson_semantic/./Hallettsville.stage_config.json from original name : data/scene_datasets/gibson_semantic/./Hallettsville.glb| This file does not exist.
[19:51:43:661273]:[Metadata] AbstractObjectAttributesManagerBase.h(184)::createObject : File (data/scene_datasets/gibson_semantic/./Hallettsville.glb) exists but is not a recognized config filename extension, so new default Stage Template attributes created and registered.
[19:51:43:661282]:[Metadata] AttributesManagerBase.h(380)::createFromJsonOrDefaultInternal : <Stage Template>: Proposing JSON name : data/scene_datasets/gibson_semantic/./Hambleton.stage_config.json from original name : data/scene_datasets/gibson_semantic/./Hambleton.glb| This file does not exist.
[19:51:43:661317]:[Metadata] AbstractObjectAttributesManagerBase.h(184)::createObject : File (data/scene_datasets/gibson_semantic/./Hambleton.glb) exists but is not a recognized config filename extension, so new default Stage Template attributes created and registered.
[19:51:43:661326]:[Metadata] AttributesManagerBase.h(380)::createFromJsonOrDefaultInternal : <Stage Template>: Proposing JSON name : data/scene_datasets/gibson_semantic/./Hanson.stage_config.json from original name : data/scene_datasets/gibson_semantic/./Hanson.glb| This file does not exist.
[19:51:43:661362]:[Metadata] AbstractObjectAttributesManagerBase.h(184)::createObject : File (data/scene_datasets/gibson_semantic/./Hanson.glb) exists but is not a recognized config filename extension, so new default Stage Template attributes created and registered.
[19:51:43:661373]:[Metadata] AttributesManagerBase.h(380)::createFromJsonOrDefaultInternal : <Stage Template>: Proposing JSON name : data/scene_datasets/gibson_semantic/./Harkeyville.stage_config.json from original name : data/scene_datasets/gibson_semantic/./Harkeyville.glb| This file does not exist.
[19:51:43:661408]:[Metadata] AbstractObjectAttributesManagerBase.h(184)::createObject : File (data/scene_datasets/gibson_semantic/./Harkeyville.glb) exists but is not a recognized config filename extension, so new default Stage Template attributes created and registered.
[19:51:43:661417]:[Metadata] AttributesManagerBase.h(380)::createFromJsonOrDefaultInternal : <Stage Template>: Proposing JSON name : data/scene_datasets/gibson_semantic/./Harrellsville.stage_config.json from original name : data/scene_datasets/gibson_semantic/./Harrellsville.glb| This file does not exist.
[19:51:43:661452]:[Metadata] AbstractObjectAttributesManagerBase.h(184)::createObject : File (data/scene_datasets/gibson_semantic/./Harrellsville.glb) exists but is not a recognized config filename extension, so new default Stage Template attributes created and registered.
[19:51:43:661461]:[Metadata] AttributesManagerBase.h(380)::createFromJsonOrDefaultInternal : <Stage Template>: Proposing JSON name : data/scene_datasets/gibson_semantic/./Hartline.stage_config.json from original name : data/scene_datasets/gibson_semantic/./Hartline.glb| This file does not exist.
[19:51:43:661495]:[Metadata] AbstractObjectAttributesManagerBase.h(184)::createObject : File (data/scene_datasets/gibson_semantic/./Hartline.glb) exists but is not a recognized config filename extension, so new default Stage Template attributes created and registered.
[19:51:43:661505]:[Metadata] AttributesManagerBase.h(380)::createFromJsonOrDefaultInternal : <Stage Template>: Proposing JSON name : data/scene_datasets/gibson_semantic/./Hatfield.stage_config.json from original name : data/scene_datasets/gibson_semantic/./Hatfield.glb| This file does not exist.
[19:51:43:661539]:[Metadata] AbstractObjectAttributesManagerBase.h(184)::createObject : File (data/scene_datasets/gibson_semantic/./Hatfield.glb) exists but is not a recognized config filename extension, so new default Stage Template attributes created and registered.
[19:51:43:661548]:[Metadata] AttributesManagerBase.h(380)::createFromJsonOrDefaultInternal : <Stage Template>: Proposing JSON name : data/scene_datasets/gibson_semantic/./Haxtun.stage_config.json from original name : data/scene_datasets/gibson_semantic/./Haxtun.glb| This file does not exist.
[19:51:43:661584]:[Metadata] AbstractObjectAttributesManagerBase.h(184)::createObject : File (data/scene_datasets/gibson_semantic/./Haxtun.glb) exists but is not a recognized config filename extension, so new default Stage Template attributes created and registered.
[19:51:43:661594]:[Metadata] AttributesManagerBase.h(380)::createFromJsonOrDefaultInternal : <Stage Template>: Proposing JSON name : data/scene_datasets/gibson_semantic/./Haymarket.stage_config.json from original name : data/scene_datasets/gibson_semantic/./Haymarket.glb| This file does not exist.
[19:51:43:661628]:[Metadata] AbstractObjectAttributesManagerBase.h(184)::createObject : File (data/scene_datasets/gibson_semantic/./Haymarket.glb) exists but is not a recognized config filename extension, so new default Stage Template attributes created and registered.
[19:51:43:661639]:[Metadata] AttributesManagerBase.h(380)::createFromJsonOrDefaultInternal : <Stage Template>: Proposing JSON name : data/scene_datasets/gibson_semantic/./Helix.stage_config.json from original name : data/scene_datasets/gibson_semantic/./Helix.glb| This file does not exist.
[19:51:43:661676]:[Metadata] AbstractObjectAttributesManagerBase.h(184)::createObject : File (data/scene_datasets/gibson_semantic/./Helix.glb) exists but is not a recognized config filename extension, so new default Stage Template attributes created and registered.
[19:51:43:661685]:[Metadata] AttributesManagerBase.h(380)::createFromJsonOrDefaultInternal : <Stage Template>: Proposing JSON name : data/scene_datasets/gibson_semantic/./Hendrix.stage_config.json from original name : data/scene_datasets/gibson_semantic/./Hendrix.glb| This file does not exist.
[19:51:43:661719]:[Metadata] AbstractObjectAttributesManagerBase.h(184)::createObject : File (data/scene_datasets/gibson_semantic/./Hendrix.glb) exists but is not a recognized config filename extension, so new default Stage Template attributes created and registered.
[19:51:43:661729]:[Metadata] AttributesManagerBase.h(380)::createFromJsonOrDefaultInternal : <Stage Template>: Proposing JSON name : data/scene_datasets/gibson_semantic/./Hennepin.stage_config.json from original name : data/scene_datasets/gibson_semantic/./Hennepin.glb| This file does not exist.
[19:51:43:661764]:[Metadata] AbstractObjectAttributesManagerBase.h(184)::createObject : File (data/scene_datasets/gibson_semantic/./Hennepin.glb) exists but is not a recognized config filename extension, so new default Stage Template attributes created and registered.
[19:51:43:661774]:[Metadata] AttributesManagerBase.h(380)::createFromJsonOrDefaultInternal : <Stage Template>: Proposing JSON name : data/scene_datasets/gibson_semantic/./Hercules.stage_config.json from original name : data/scene_datasets/gibson_semantic/./Hercules.glb| This file does not exist.
[19:51:43:661808]:[Metadata] AbstractObjectAttributesManagerBase.h(184)::createObject : File (data/scene_datasets/gibson_semantic/./Hercules.glb) exists but is not a recognized config filename extension, so new default Stage Template attributes created and registered.
[19:51:43:661817]:[Metadata] AttributesManagerBase.h(380)::createFromJsonOrDefaultInternal : <Stage Template>: Proposing JSON name : data/scene_datasets/gibson_semantic/./Herricks.stage_config.json from original name : data/scene_datasets/gibson_semantic/./Herricks.glb| This file does not exist.
[19:51:43:661851]:[Metadata] AbstractObjectAttributesManagerBase.h(184)::createObject : File (data/scene_datasets/gibson_semantic/./Herricks.glb) exists but is not a recognized config filename extension, so new default Stage Template attributes created and registered.
[19:51:43:661860]:[Metadata] AttributesManagerBase.h(380)::createFromJsonOrDefaultInternal : <Stage Template>: Proposing JSON name : data/scene_datasets/gibson_semantic/./Highspire.stage_config.json from original name : data/scene_datasets/gibson_semantic/./Highspire.glb| This file does not exist.
[19:51:43:661894]:[Metadata] AbstractObjectAttributesManagerBase.h(184)::createObject : File (data/scene_datasets/gibson_semantic/./Highspire.glb) exists but is not a recognized config filename extension, so new default Stage Template attributes created and registered.
[19:51:43:661904]:[Metadata] AttributesManagerBase.h(380)::createFromJsonOrDefaultInternal : <Stage Template>: Proposing JSON name : data/scene_datasets/gibson_semantic/./Hildebran.stage_config.json from original name : data/scene_datasets/gibson_semantic/./Hildebran.glb| This file does not exist.
[19:51:43:661939]:[Metadata] AbstractObjectAttributesManagerBase.h(184)::createObject : File (data/scene_datasets/gibson_semantic/./Hildebran.glb) exists but is not a recognized config filename extension, so new default Stage Template attributes created and registered.
[19:51:43:661948]:[Metadata] AttributesManagerBase.h(380)::createFromJsonOrDefaultInternal : <Stage Template>: Proposing JSON name : data/scene_datasets/gibson_semantic/./Hillsdale.stage_config.json from original name : data/scene_datasets/gibson_semantic/./Hillsdale.glb| This file does not exist.
[19:51:43:661982]:[Metadata] AbstractObjectAttributesManagerBase.h(184)::createObject : File (data/scene_datasets/gibson_semantic/./Hillsdale.glb) exists but is not a recognized config filename extension, so new default Stage Template attributes created and registered.
[19:51:43:661992]:[Metadata] AttributesManagerBase.h(380)::createFromJsonOrDefaultInternal : <Stage Template>: Proposing JSON name : data/scene_datasets/gibson_semantic/./Hindsboro.stage_config.json from original name : data/scene_datasets/gibson_semantic/./Hindsboro.glb| This file does not exist.
[19:51:43:662027]:[Metadata] AbstractObjectAttributesManagerBase.h(184)::createObject : File (data/scene_datasets/gibson_semantic/./Hindsboro.glb) exists but is not a recognized config filename extension, so new default Stage Template attributes created and registered.
[19:51:43:662036]:[Metadata] AttributesManagerBase.h(380)::createFromJsonOrDefaultInternal : <Stage Template>: Proposing JSON name : data/scene_datasets/gibson_semantic/./Hitchland.stage_config.json from original name : data/scene_datasets/gibson_semantic/./Hitchland.glb| This file does not exist.
[19:51:43:662071]:[Metadata] AbstractObjectAttributesManagerBase.h(184)::createObject : File (data/scene_datasets/gibson_semantic/./Hitchland.glb) exists but is not a recognized config filename extension, so new default Stage Template attributes created and registered.
[19:51:43:662080]:[Metadata] AttributesManagerBase.h(380)::createFromJsonOrDefaultInternal : <Stage Template>: Proposing JSON name : data/scene_datasets/gibson_semantic/./Hiteman.stage_config.json from original name : data/scene_datasets/gibson_semantic/./Hiteman.glb| This file does not exist.
[19:51:43:662116]:[Metadata] AbstractObjectAttributesManagerBase.h(184)::createObject : File (data/scene_datasets/gibson_semantic/./Hiteman.glb) exists but is not a recognized config filename extension, so new default Stage Template attributes created and registered.
[19:51:43:662125]:[Metadata] AttributesManagerBase.h(380)::createFromJsonOrDefaultInternal : <Stage Template>: Proposing JSON name : data/scene_datasets/gibson_semantic/./Hobson.stage_config.json from original name : data/scene_datasets/gibson_semantic/./Hobson.glb| This file does not exist.
[19:51:43:662159]:[Metadata] AbstractObjectAttributesManagerBase.h(184)::createObject : File (data/scene_datasets/gibson_semantic/./Hobson.glb) exists but is not a recognized config filename extension, so new default Stage Template attributes created and registered.
[19:51:43:662169]:[Metadata] AttributesManagerBase.h(380)::createFromJsonOrDefaultInternal : <Stage Template>: Proposing JSON name : data/scene_datasets/gibson_semantic/./Holcut.stage_config.json from original name : data/scene_datasets/gibson_semantic/./Holcut.glb| This file does not exist.
[19:51:43:662203]:[Metadata] AbstractObjectAttributesManagerBase.h(184)::createObject : File (data/scene_datasets/gibson_semantic/./Holcut.glb) exists but is not a recognized config filename extension, so new default Stage Template attributes created and registered.
[19:51:43:662213]:[Metadata] AttributesManagerBase.h(380)::createFromJsonOrDefaultInternal : <Stage Template>: Proposing JSON name : data/scene_datasets/gibson_semantic/./Hometown.stage_config.json from original name : data/scene_datasets/gibson_semantic/./Hometown.glb| This file does not exist.
[19:51:43:662248]:[Metadata] AbstractObjectAttributesManagerBase.h(184)::createObject : File (data/scene_datasets/gibson_semantic/./Hometown.glb) exists but is not a recognized config filename extension, so new default Stage Template attributes created and registered.
[19:51:43:662257]:[Metadata] AttributesManagerBase.h(380)::createFromJsonOrDefaultInternal : <Stage Template>: Proposing JSON name : data/scene_datasets/gibson_semantic/./Hominy.stage_config.json from original name : data/scene_datasets/gibson_semantic/./Hominy.glb| This file does not exist.
[19:51:43:662293]:[Metadata] AbstractObjectAttributesManagerBase.h(184)::createObject : File (data/scene_datasets/gibson_semantic/./Hominy.glb) exists but is not a recognized config filename extension, so new default Stage Template attributes created and registered.
[19:51:43:662302]:[Metadata] AttributesManagerBase.h(380)::createFromJsonOrDefaultInternal : <Stage Template>: Proposing JSON name : data/scene_datasets/gibson_semantic/./Hordville.stage_config.json from original name : data/scene_datasets/gibson_semantic/./Hordville.glb| This file does not exist.
[19:51:43:662337]:[Metadata] AbstractObjectAttributesManagerBase.h(184)::createObject : File (data/scene_datasets/gibson_semantic/./Hordville.glb) exists but is not a recognized config filename extension, so new default Stage Template attributes created and registered.
[19:51:43:662346]:[Metadata] AttributesManagerBase.h(380)::createFromJsonOrDefaultInternal : <Stage Template>: Proposing JSON name : data/scene_datasets/gibson_semantic/./Hornsby.stage_config.json from original name : data/scene_datasets/gibson_semantic/./Hornsby.glb| This file does not exist.
[19:51:43:662381]:[Metadata] AbstractObjectAttributesManagerBase.h(184)::createObject : File (data/scene_datasets/gibson_semantic/./Hornsby.glb) exists but is not a recognized config filename extension, so new default Stage Template attributes created and registered.
[19:51:43:662391]:[Metadata] AttributesManagerBase.h(380)::createFromJsonOrDefaultInternal : <Stage Template>: Proposing JSON name : data/scene_datasets/gibson_semantic/./Hortense.stage_config.json from original name : data/scene_datasets/gibson_semantic/./Hortense.glb| This file does not exist.
[19:51:43:662427]:[Metadata] AbstractObjectAttributesManagerBase.h(184)::createObject : File (data/scene_datasets/gibson_semantic/./Hortense.glb) exists but is not a recognized config filename extension, so new default Stage Template attributes created and registered.
[19:51:43:662436]:[Metadata] AttributesManagerBase.h(380)::createFromJsonOrDefaultInternal : <Stage Template>: Proposing JSON name : data/scene_datasets/gibson_semantic/./Howie.stage_config.json from original name : data/scene_datasets/gibson_semantic/./Howie.glb| This file does not exist.
[19:51:43:662471]:[Metadata] AbstractObjectAttributesManagerBase.h(184)::createObject : File (data/scene_datasets/gibson_semantic/./Howie.glb) exists but is not a recognized config filename extension, so new default Stage Template attributes created and registered.
[19:51:43:662481]:[Metadata] AttributesManagerBase.h(380)::createFromJsonOrDefaultInternal : <Stage Template>: Proposing JSON name : data/scene_datasets/gibson_semantic/./Hurley.stage_config.json from original name : data/scene_datasets/gibson_semantic/./Hurley.glb| This file does not exist.
[19:51:43:662515]:[Metadata] AbstractObjectAttributesManagerBase.h(184)::createObject : File (data/scene_datasets/gibson_semantic/./Hurley.glb) exists but is not a recognized config filename extension, so new default Stage Template attributes created and registered.
[19:51:43:662525]:[Metadata] AttributesManagerBase.h(380)::createFromJsonOrDefaultInternal : <Stage Template>: Proposing JSON name : data/scene_datasets/gibson_semantic/./Idanha.stage_config.json from original name : data/scene_datasets/gibson_semantic/./Idanha.glb| This file does not exist.
[19:51:43:662560]:[Metadata] AbstractObjectAttributesManagerBase.h(184)::createObject : File (data/scene_datasets/gibson_semantic/./Idanha.glb) exists but is not a recognized config filename extension, so new default Stage Template attributes created and registered.
[19:51:43:662569]:[Metadata] AttributesManagerBase.h(380)::createFromJsonOrDefaultInternal : <Stage Template>: Proposing JSON name : data/scene_datasets/gibson_semantic/./Inkom.stage_config.json from original name : data/scene_datasets/gibson_semantic/./Inkom.glb| This file does not exist.
[19:51:43:662604]:[Metadata] AbstractObjectAttributesManagerBase.h(184)::createObject : File (data/scene_datasets/gibson_semantic/./Inkom.glb) exists but is not a recognized config filename extension, so new default Stage Template attributes created and registered.
[19:51:43:662613]:[Metadata] AttributesManagerBase.h(380)::createFromJsonOrDefaultInternal : <Stage Template>: Proposing JSON name : data/scene_datasets/gibson_semantic/./Irvine.stage_config.json from original name : data/scene_datasets/gibson_semantic/./Irvine.glb| This file does not exist.
[19:51:43:662655]:[Metadata] AbstractObjectAttributesManagerBase.h(184)::createObject : File (data/scene_datasets/gibson_semantic/./Irvine.glb) exists but is not a recognized config filename extension, so new default Stage Template attributes created and registered.
[19:51:43:662665]:[Metadata] AttributesManagerBase.h(380)::createFromJsonOrDefaultInternal : <Stage Template>: Proposing JSON name : data/scene_datasets/gibson_semantic/./Islandton.stage_config.json from original name : data/scene_datasets/gibson_semantic/./Islandton.glb| This file does not exist.
[19:51:43:662700]:[Metadata] AbstractObjectAttributesManagerBase.h(184)::createObject : File (data/scene_datasets/gibson_semantic/./Islandton.glb) exists but is not a recognized config filename extension, so new default Stage Template attributes created and registered.
[19:51:43:662709]:[Metadata] AttributesManagerBase.h(380)::createFromJsonOrDefaultInternal : <Stage Template>: Proposing JSON name : data/scene_datasets/gibson_semantic/./Jacobus.stage_config.json from original name : data/scene_datasets/gibson_semantic/./Jacobus.glb| This file does not exist.
[19:51:43:662745]:[Metadata] AbstractObjectAttributesManagerBase.h(184)::createObject : File (data/scene_datasets/gibson_semantic/./Jacobus.glb) exists but is not a recognized config filename extension, so new default Stage Template attributes created and registered.
[19:51:43:662754]:[Metadata] AttributesManagerBase.h(380)::createFromJsonOrDefaultInternal : <Stage Template>: Proposing JSON name : data/scene_datasets/gibson_semantic/./Jenners.stage_config.json from original name : data/scene_datasets/gibson_semantic/./Jenners.glb| This file does not exist.
[19:51:43:662789]:[Metadata] AbstractObjectAttributesManagerBase.h(184)::createObject : File (data/scene_datasets/gibson_semantic/./Jenners.glb) exists but is not a recognized config filename extension, so new default Stage Template attributes created and registered.
[19:51:43:662798]:[Metadata] AttributesManagerBase.h(380)::createFromJsonOrDefaultInternal : <Stage Template>: Proposing JSON name : data/scene_datasets/gibson_semantic/./Jennie.stage_config.json from original name : data/scene_datasets/gibson_semantic/./Jennie.glb| This file does not exist.
[19:51:43:662834]:[Metadata] AbstractObjectAttributesManagerBase.h(184)::createObject : File (data/scene_datasets/gibson_semantic/./Jennie.glb) exists but is not a recognized config filename extension, so new default Stage Template attributes created and registered.
[19:51:43:662844]:[Metadata] AttributesManagerBase.h(380)::createFromJsonOrDefaultInternal : <Stage Template>: Proposing JSON name : data/scene_datasets/gibson_semantic/./Judith.stage_config.json from original name : data/scene_datasets/gibson_semantic/./Judith.glb| This file does not exist.
[19:51:43:662879]:[Metadata] AbstractObjectAttributesManagerBase.h(184)::createObject : File (data/scene_datasets/gibson_semantic/./Judith.glb) exists but is not a recognized config filename extension, so new default Stage Template attributes created and registered.
[19:51:43:662889]:[Metadata] AttributesManagerBase.h(380)::createFromJsonOrDefaultInternal : <Stage Template>: Proposing JSON name : data/scene_datasets/gibson_semantic/./Kangley.stage_config.json from original name : data/scene_datasets/gibson_semantic/./Kangley.glb| This file does not exist.
[19:51:43:662925]:[Metadata] AbstractObjectAttributesManagerBase.h(184)::createObject : File (data/scene_datasets/gibson_semantic/./Kangley.glb) exists but is not a recognized config filename extension, so new default Stage Template attributes created and registered.
[19:51:43:662935]:[Metadata] AttributesManagerBase.h(380)::createFromJsonOrDefaultInternal : <Stage Template>: Proposing JSON name : data/scene_datasets/gibson_semantic/./Kankakee.stage_config.json from original name : data/scene_datasets/gibson_semantic/./Kankakee.glb| This file does not exist.
[19:51:43:662969]:[Metadata] AbstractObjectAttributesManagerBase.h(184)::createObject : File (data/scene_datasets/gibson_semantic/./Kankakee.glb) exists but is not a recognized config filename extension, so new default Stage Template attributes created and registered.
[19:51:43:662979]:[Metadata] AttributesManagerBase.h(380)::createFromJsonOrDefaultInternal : <Stage Template>: Proposing JSON name : data/scene_datasets/gibson_semantic/./Kathryn.stage_config.json from original name : data/scene_datasets/gibson_semantic/./Kathryn.glb| This file does not exist.
[19:51:43:663015]:[Metadata] AbstractObjectAttributesManagerBase.h(184)::createObject : File (data/scene_datasets/gibson_semantic/./Kathryn.glb) exists but is not a recognized config filename extension, so new default Stage Template attributes created and registered.
[19:51:43:663025]:[Metadata] AttributesManagerBase.h(380)::createFromJsonOrDefaultInternal : <Stage Template>: Proposing JSON name : data/scene_datasets/gibson_semantic/./Keiser.stage_config.json from original name : data/scene_datasets/gibson_semantic/./Keiser.glb| This file does not exist.
[19:51:43:663060]:[Metadata] AbstractObjectAttributesManagerBase.h(184)::createObject : File (data/scene_datasets/gibson_semantic/./Keiser.glb) exists but is not a recognized config filename extension, so new default Stage Template attributes created and registered.
[19:51:43:663069]:[Metadata] AttributesManagerBase.h(380)::createFromJsonOrDefaultInternal : <Stage Template>: Proposing JSON name : data/scene_datasets/gibson_semantic/./Kemblesville.stage_config.json from original name : data/scene_datasets/gibson_semantic/./Kemblesville.glb| This file does not exist.
[19:51:43:663103]:[Metadata] AbstractObjectAttributesManagerBase.h(184)::createObject : File (data/scene_datasets/gibson_semantic/./Kemblesville.glb) exists but is not a recognized config filename extension, so new default Stage Template attributes created and registered.
[19:51:43:663113]:[Metadata] AttributesManagerBase.h(380)::createFromJsonOrDefaultInternal : <Stage Template>: Proposing JSON name : data/scene_datasets/gibson_semantic/./Kendall.stage_config.json from original name : data/scene_datasets/gibson_semantic/./Kendall.glb| This file does not exist.
[19:51:43:663149]:[Metadata] AbstractObjectAttributesManagerBase.h(184)::createObject : File (data/scene_datasets/gibson_semantic/./Kendall.glb) exists but is not a recognized config filename extension, so new default Stage Template attributes created and registered.
[19:51:43:663159]:[Metadata] AttributesManagerBase.h(380)::createFromJsonOrDefaultInternal : <Stage Template>: Proposing JSON name : data/scene_datasets/gibson_semantic/./Kerrtown.stage_config.json from original name : data/scene_datasets/gibson_semantic/./Kerrtown.glb| This file does not exist.
[19:51:43:663193]:[Metadata] AbstractObjectAttributesManagerBase.h(184)::createObject : File (data/scene_datasets/gibson_semantic/./Kerrtown.glb) exists but is not a recognized config filename extension, so new default Stage Template attributes created and registered.
[19:51:43:663203]:[Metadata] AttributesManagerBase.h(380)::createFromJsonOrDefaultInternal : <Stage Template>: Proposing JSON name : data/scene_datasets/gibson_semantic/./Kettle.stage_config.json from original name : data/scene_datasets/gibson_semantic/./Kettle.glb| This file does not exist.
[19:51:43:663239]:[Metadata] AbstractObjectAttributesManagerBase.h(184)::createObject : File (data/scene_datasets/gibson_semantic/./Kettle.glb) exists but is not a recognized config filename extension, so new default Stage Template attributes created and registered.
[19:51:43:663248]:[Metadata] AttributesManagerBase.h(380)::createFromJsonOrDefaultInternal : <Stage Template>: Proposing JSON name : data/scene_datasets/gibson_semantic/./Kevin.stage_config.json from original name : data/scene_datasets/gibson_semantic/./Kevin.glb| This file does not exist.
[19:51:43:663284]:[Metadata] AbstractObjectAttributesManagerBase.h(184)::createObject : File (data/scene_datasets/gibson_semantic/./Kevin.glb) exists but is not a recognized config filename extension, so new default Stage Template attributes created and registered.
[19:51:43:663294]:[Metadata] AttributesManagerBase.h(380)::createFromJsonOrDefaultInternal : <Stage Template>: Proposing JSON name : data/scene_datasets/gibson_semantic/./Keweenaw.stage_config.json from original name : data/scene_datasets/gibson_semantic/./Keweenaw.glb| This file does not exist.
[19:51:43:663331]:[Metadata] AbstractObjectAttributesManagerBase.h(184)::createObject : File (data/scene_datasets/gibson_semantic/./Keweenaw.glb) exists but is not a recognized config filename extension, so new default Stage Template attributes created and registered.
[19:51:43:663341]:[Metadata] AttributesManagerBase.h(380)::createFromJsonOrDefaultInternal : <Stage Template>: Proposing JSON name : data/scene_datasets/gibson_semantic/./Kildare.stage_config.json from original name : data/scene_datasets/gibson_semantic/./Kildare.glb| This file does not exist.
[19:51:43:663377]:[Metadata] AbstractObjectAttributesManagerBase.h(184)::createObject : File (data/scene_datasets/gibson_semantic/./Kildare.glb) exists but is not a recognized config filename extension, so new default Stage Template attributes created and registered.
[19:51:43:663387]:[Metadata] AttributesManagerBase.h(380)::createFromJsonOrDefaultInternal : <Stage Template>: Proposing JSON name : data/scene_datasets/gibson_semantic/./Kinde.stage_config.json from original name : data/scene_datasets/gibson_semantic/./Kinde.glb| This file does not exist.
[19:51:43:663421]:[Metadata] AbstractObjectAttributesManagerBase.h(184)::createObject : File (data/scene_datasets/gibson_semantic/./Kinde.glb) exists but is not a recognized config filename extension, so new default Stage Template attributes created and registered.
[19:51:43:663430]:[Metadata] AttributesManagerBase.h(380)::createFromJsonOrDefaultInternal : <Stage Template>: Proposing JSON name : data/scene_datasets/gibson_semantic/./Kingdom.stage_config.json from original name : data/scene_datasets/gibson_semantic/./Kingdom.glb| This file does not exist.
[19:51:43:663465]:[Metadata] AbstractObjectAttributesManagerBase.h(184)::createObject : File (data/scene_datasets/gibson_semantic/./Kingdom.glb) exists but is not a recognized config filename extension, so new default Stage Template attributes created and registered.
[19:51:43:663475]:[Metadata] AttributesManagerBase.h(380)::createFromJsonOrDefaultInternal : <Stage Template>: Proposing JSON name : data/scene_datasets/gibson_semantic/./Kinney.stage_config.json from original name : data/scene_datasets/gibson_semantic/./Kinney.glb| This file does not exist.
[19:51:43:663509]:[Metadata] AbstractObjectAttributesManagerBase.h(184)::createObject : File (data/scene_datasets/gibson_semantic/./Kinney.glb) exists but is not a recognized config filename extension, so new default Stage Template attributes created and registered.
[19:51:43:663518]:[Metadata] AttributesManagerBase.h(380)::createFromJsonOrDefaultInternal : <Stage Template>: Proposing JSON name : data/scene_datasets/gibson_semantic/./Kirksville.stage_config.json from original name : data/scene_datasets/gibson_semantic/./Kirksville.glb| This file does not exist.
[19:51:43:663554]:[Metadata] AbstractObjectAttributesManagerBase.h(184)::createObject : File (data/scene_datasets/gibson_semantic/./Kirksville.glb) exists but is not a recognized config filename extension, so new default Stage Template attributes created and registered.
[19:51:43:663564]:[Metadata] AttributesManagerBase.h(380)::createFromJsonOrDefaultInternal : <Stage Template>: Proposing JSON name : data/scene_datasets/gibson_semantic/./Kirwin.stage_config.json from original name : data/scene_datasets/gibson_semantic/./Kirwin.glb| This file does not exist.
[19:51:43:663598]:[Metadata] AbstractObjectAttributesManagerBase.h(184)::createObject : File (data/scene_datasets/gibson_semantic/./Kirwin.glb) exists but is not a recognized config filename extension, so new default Stage Template attributes created and registered.
[19:51:43:663608]:[Metadata] AttributesManagerBase.h(380)::createFromJsonOrDefaultInternal : <Stage Template>: Proposing JSON name : data/scene_datasets/gibson_semantic/./Klickitat.stage_config.json from original name : data/scene_datasets/gibson_semantic/./Klickitat.glb| This file does not exist.
[19:51:43:663643]:[Metadata] AbstractObjectAttributesManagerBase.h(184)::createObject : File (data/scene_datasets/gibson_semantic/./Klickitat.glb) exists but is not a recognized config filename extension, so new default Stage Template attributes created and registered.
[19:51:43:663652]:[Metadata] AttributesManagerBase.h(380)::createFromJsonOrDefaultInternal : <Stage Template>: Proposing JSON name : data/scene_datasets/gibson_semantic/./Kobuk.stage_config.json from original name : data/scene_datasets/gibson_semantic/./Kobuk.glb| This file does not exist.
[19:51:43:663687]:[Metadata] AbstractObjectAttributesManagerBase.h(184)::createObject : File (data/scene_datasets/gibson_semantic/./Kobuk.glb) exists but is not a recognized config filename extension, so new default Stage Template attributes created and registered.
[19:51:43:663696]:[Metadata] AttributesManagerBase.h(380)::createFromJsonOrDefaultInternal : <Stage Template>: Proposing JSON name : data/scene_datasets/gibson_semantic/./Kopperl.stage_config.json from original name : data/scene_datasets/gibson_semantic/./Kopperl.glb| This file does not exist.
[19:51:43:663730]:[Metadata] AbstractObjectAttributesManagerBase.h(184)::createObject : File (data/scene_datasets/gibson_semantic/./Kopperl.glb) exists but is not a recognized config filename extension, so new default Stage Template attributes created and registered.
[19:51:43:663738]:[Metadata] AttributesManagerBase.h(380)::createFromJsonOrDefaultInternal : <Stage Template>: Proposing JSON name : data/scene_datasets/gibson_semantic/./Kremlin.stage_config.json from original name : data/scene_datasets/gibson_semantic/./Kremlin.glb| This file does not exist.
[19:51:43:663773]:[Metadata] AbstractObjectAttributesManagerBase.h(184)::createObject : File (data/scene_datasets/gibson_semantic/./Kremlin.glb) exists but is not a recognized config filename extension, so new default Stage Template attributes created and registered.
[19:51:43:663783]:[Metadata] AttributesManagerBase.h(380)::createFromJsonOrDefaultInternal : <Stage Template>: Proposing JSON name : data/scene_datasets/gibson_semantic/./Kronborg.stage_config.json from original name : data/scene_datasets/gibson_semantic/./Kronborg.glb| This file does not exist.
[19:51:43:663818]:[Metadata] AbstractObjectAttributesManagerBase.h(184)::createObject : File (data/scene_datasets/gibson_semantic/./Kronborg.glb) exists but is not a recognized config filename extension, so new default Stage Template attributes created and registered.
[19:51:43:663827]:[Metadata] AttributesManagerBase.h(380)::createFromJsonOrDefaultInternal : <Stage Template>: Proposing JSON name : data/scene_datasets/gibson_semantic/./Lacon.stage_config.json from original name : data/scene_datasets/gibson_semantic/./Lacon.glb| This file does not exist.
[19:51:43:663861]:[Metadata] AbstractObjectAttributesManagerBase.h(184)::createObject : File (data/scene_datasets/gibson_semantic/./Lacon.glb) exists but is not a recognized config filename extension, so new default Stage Template attributes created and registered.
[19:51:43:663871]:[Metadata] AttributesManagerBase.h(380)::createFromJsonOrDefaultInternal : <Stage Template>: Proposing JSON name : data/scene_datasets/gibson_semantic/./Lajas.stage_config.json from original name : data/scene_datasets/gibson_semantic/./Lajas.glb| This file does not exist.
[19:51:43:663905]:[Metadata] AbstractObjectAttributesManagerBase.h(184)::createObject : File (data/scene_datasets/gibson_semantic/./Lajas.glb) exists but is not a recognized config filename extension, so new default Stage Template attributes created and registered.
[19:51:43:663915]:[Metadata] AttributesManagerBase.h(380)::createFromJsonOrDefaultInternal : <Stage Template>: Proposing JSON name : data/scene_datasets/gibson_semantic/./Lakeville.stage_config.json from original name : data/scene_datasets/gibson_semantic/./Lakeville.glb| This file does not exist.
[19:51:43:663949]:[Metadata] AbstractObjectAttributesManagerBase.h(184)::createObject : File (data/scene_datasets/gibson_semantic/./Lakeville.glb) exists but is not a recognized config filename extension, so new default Stage Template attributes created and registered.
[19:51:43:663959]:[Metadata] AttributesManagerBase.h(380)::createFromJsonOrDefaultInternal : <Stage Template>: Proposing JSON name : data/scene_datasets/gibson_semantic/./Laupahoehoe.stage_config.json from original name : data/scene_datasets/gibson_semantic/./Laupahoehoe.glb| This file does not exist.
[19:51:43:663994]:[Metadata] AbstractObjectAttributesManagerBase.h(184)::createObject : File (data/scene_datasets/gibson_semantic/./Laupahoehoe.glb) exists but is not a recognized config filename extension, so new default Stage Template attributes created and registered.
[19:51:43:664004]:[Metadata] AttributesManagerBase.h(380)::createFromJsonOrDefaultInternal : <Stage Template>: Proposing JSON name : data/scene_datasets/gibson_semantic/./Laytonsville.stage_config.json from original name : data/scene_datasets/gibson_semantic/./Laytonsville.glb| This file does not exist.
[19:51:43:664039]:[Metadata] AbstractObjectAttributesManagerBase.h(184)::createObject : File (data/scene_datasets/gibson_semantic/./Laytonsville.glb) exists but is not a recognized config filename extension, so new default Stage Template attributes created and registered.
[19:51:43:664048]:[Metadata] AttributesManagerBase.h(380)::createFromJsonOrDefaultInternal : <Stage Template>: Proposing JSON name : data/scene_datasets/gibson_semantic/./Leavittsburg.stage_config.json from original name : data/scene_datasets/gibson_semantic/./Leavittsburg.glb| This file does not exist.
[19:51:43:664083]:[Metadata] AbstractObjectAttributesManagerBase.h(184)::createObject : File (data/scene_datasets/gibson_semantic/./Leavittsburg.glb) exists but is not a recognized config filename extension, so new default Stage Template attributes created and registered.
[19:51:43:664092]:[Metadata] AttributesManagerBase.h(380)::createFromJsonOrDefaultInternal : <Stage Template>: Proposing JSON name : data/scene_datasets/gibson_semantic/./Lenoir.stage_config.json from original name : data/scene_datasets/gibson_semantic/./Lenoir.glb| This file does not exist.
[19:51:43:664127]:[Metadata] AbstractObjectAttributesManagerBase.h(184)::createObject : File (data/scene_datasets/gibson_semantic/./Lenoir.glb) exists but is not a recognized config filename extension, so new default Stage Template attributes created and registered.
[19:51:43:664137]:[Metadata] AttributesManagerBase.h(380)::createFromJsonOrDefaultInternal : <Stage Template>: Proposing JSON name : data/scene_datasets/gibson_semantic/./Leonardo.stage_config.json from original name : data/scene_datasets/gibson_semantic/./Leonardo.glb| This file does not exist.
[19:51:43:664172]:[Metadata] AbstractObjectAttributesManagerBase.h(184)::createObject : File (data/scene_datasets/gibson_semantic/./Leonardo.glb) exists but is not a recognized config filename extension, so new default Stage Template attributes created and registered.
[19:51:43:664181]:[Metadata] AttributesManagerBase.h(380)::createFromJsonOrDefaultInternal : <Stage Template>: Proposing JSON name : data/scene_datasets/gibson_semantic/./Lessley.stage_config.json from original name : data/scene_datasets/gibson_semantic/./Lessley.glb| This file does not exist.
[19:51:43:664216]:[Metadata] AbstractObjectAttributesManagerBase.h(184)::createObject : File (data/scene_datasets/gibson_semantic/./Lessley.glb) exists but is not a recognized config filename extension, so new default Stage Template attributes created and registered.
[19:51:43:664226]:[Metadata] AttributesManagerBase.h(380)::createFromJsonOrDefaultInternal : <Stage Template>: Proposing JSON name : data/scene_datasets/gibson_semantic/./Lincolnwood.stage_config.json from original name : data/scene_datasets/gibson_semantic/./Lincolnwood.glb| This file does not exist.
[19:51:43:664262]:[Metadata] AbstractObjectAttributesManagerBase.h(184)::createObject : File (data/scene_datasets/gibson_semantic/./Lincolnwood.glb) exists but is not a recognized config filename extension, so new default Stage Template attributes created and registered.
[19:51:43:664272]:[Metadata] AttributesManagerBase.h(380)::createFromJsonOrDefaultInternal : <Stage Template>: Proposing JSON name : data/scene_datasets/gibson_semantic/./Lindberg.stage_config.json from original name : data/scene_datasets/gibson_semantic/./Lindberg.glb| This file does not exist.
[19:51:43:664317]:[Metadata] AbstractObjectAttributesManagerBase.h(184)::createObject : File (data/scene_datasets/gibson_semantic/./Lindberg.glb) exists but is not a recognized config filename extension, so new default Stage Template attributes created and registered.
[19:51:43:664326]:[Metadata] AttributesManagerBase.h(380)::createFromJsonOrDefaultInternal : <Stage Template>: Proposing JSON name : data/scene_datasets/gibson_semantic/./Lindenwood.stage_config.json from original name : data/scene_datasets/gibson_semantic/./Lindenwood.glb| This file does not exist.
[19:51:43:664361]:[Metadata] AbstractObjectAttributesManagerBase.h(184)::createObject : File (data/scene_datasets/gibson_semantic/./Lindenwood.glb) exists but is not a recognized config filename extension, so new default Stage Template attributes created and registered.
[19:51:43:664371]:[Metadata] AttributesManagerBase.h(380)::createFromJsonOrDefaultInternal : <Stage Template>: Proposing JSON name : data/scene_datasets/gibson_semantic/./Lindsborg.stage_config.json from original name : data/scene_datasets/gibson_semantic/./Lindsborg.glb| This file does not exist.
[19:51:43:664406]:[Metadata] AbstractObjectAttributesManagerBase.h(184)::createObject : File (data/scene_datasets/gibson_semantic/./Lindsborg.glb) exists but is not a recognized config filename extension, so new default Stage Template attributes created and registered.
[19:51:43:664416]:[Metadata] AttributesManagerBase.h(380)::createFromJsonOrDefaultInternal : <Stage Template>: Proposing JSON name : data/scene_datasets/gibson_semantic/./Lineville.stage_config.json from original name : data/scene_datasets/gibson_semantic/./Lineville.glb| This file does not exist.
[19:51:43:664451]:[Metadata] AbstractObjectAttributesManagerBase.h(184)::createObject : File (data/scene_datasets/gibson_semantic/./Lineville.glb) exists but is not a recognized config filename extension, so new default Stage Template attributes created and registered.
[19:51:43:664460]:[Metadata] AttributesManagerBase.h(380)::createFromJsonOrDefaultInternal : <Stage Template>: Proposing JSON name : data/scene_datasets/gibson_semantic/./Lluveras.stage_config.json from original name : data/scene_datasets/gibson_semantic/./Lluveras.glb| This file does not exist.
[19:51:43:664495]:[Metadata] AbstractObjectAttributesManagerBase.h(184)::createObject : File (data/scene_datasets/gibson_semantic/./Lluveras.glb) exists but is not a recognized config filename extension, so new default Stage Template attributes created and registered.
[19:51:43:664505]:[Metadata] AttributesManagerBase.h(380)::createFromJsonOrDefaultInternal : <Stage Template>: Proposing JSON name : data/scene_datasets/gibson_semantic/./Lucan.stage_config.json from original name : data/scene_datasets/gibson_semantic/./Lucan.glb| This file does not exist.
[19:51:43:664539]:[Metadata] AbstractObjectAttributesManagerBase.h(184)::createObject : File (data/scene_datasets/gibson_semantic/./Lucan.glb) exists but is not a recognized config filename extension, so new default Stage Template attributes created and registered.
[19:51:43:664549]:[Metadata] AttributesManagerBase.h(380)::createFromJsonOrDefaultInternal : <Stage Template>: Proposing JSON name : data/scene_datasets/gibson_semantic/./Ludlowville.stage_config.json from original name : data/scene_datasets/gibson_semantic/./Ludlowville.glb| This file does not exist.
[19:51:43:664583]:[Metadata] AbstractObjectAttributesManagerBase.h(184)::createObject : File (data/scene_datasets/gibson_semantic/./Ludlowville.glb) exists but is not a recognized config filename extension, so new default Stage Template attributes created and registered.
[19:51:43:664592]:[Metadata] AttributesManagerBase.h(380)::createFromJsonOrDefaultInternal : <Stage Template>: Proposing JSON name : data/scene_datasets/gibson_semantic/./Lynchburg.stage_config.json from original name : data/scene_datasets/gibson_semantic/./Lynchburg.glb| This file does not exist.
[19:51:43:664628]:[Metadata] AbstractObjectAttributesManagerBase.h(184)::createObject : File (data/scene_datasets/gibson_semantic/./Lynchburg.glb) exists but is not a recognized config filename extension, so new default Stage Template attributes created and registered.
[19:51:43:664637]:[Metadata] AttributesManagerBase.h(380)::createFromJsonOrDefaultInternal : <Stage Template>: Proposing JSON name : data/scene_datasets/gibson_semantic/./Lynxville.stage_config.json from original name : data/scene_datasets/gibson_semantic/./Lynxville.glb| This file does not exist.
[19:51:43:664672]:[Metadata] AbstractObjectAttributesManagerBase.h(184)::createObject : File (data/scene_datasets/gibson_semantic/./Lynxville.glb) exists but is not a recognized config filename extension, so new default Stage Template attributes created and registered.
[19:51:43:664681]:[Metadata] AttributesManagerBase.h(380)::createFromJsonOrDefaultInternal : <Stage Template>: Proposing JSON name : data/scene_datasets/gibson_semantic/./MacArthur.stage_config.json from original name : data/scene_datasets/gibson_semantic/./MacArthur.glb| This file does not exist.
[19:51:43:664716]:[Metadata] AbstractObjectAttributesManagerBase.h(184)::createObject : File (data/scene_datasets/gibson_semantic/./MacArthur.glb) exists but is not a recognized config filename extension, so new default Stage Template attributes created and registered.
[19:51:43:664725]:[Metadata] AttributesManagerBase.h(380)::createFromJsonOrDefaultInternal : <Stage Template>: Proposing JSON name : data/scene_datasets/gibson_semantic/./Macedon.stage_config.json from original name : data/scene_datasets/gibson_semantic/./Macedon.glb| This file does not exist.
[19:51:43:664760]:[Metadata] AbstractObjectAttributesManagerBase.h(184)::createObject : File (data/scene_datasets/gibson_semantic/./Macedon.glb) exists but is not a recognized config filename extension, so new default Stage Template attributes created and registered.
[19:51:43:664769]:[Metadata] AttributesManagerBase.h(380)::createFromJsonOrDefaultInternal : <Stage Template>: Proposing JSON name : data/scene_datasets/gibson_semantic/./Macksville.stage_config.json from original name : data/scene_datasets/gibson_semantic/./Macksville.glb| This file does not exist.
[19:51:43:664805]:[Metadata] AbstractObjectAttributesManagerBase.h(184)::createObject : File (data/scene_datasets/gibson_semantic/./Macksville.glb) exists but is not a recognized config filename extension, so new default Stage Template attributes created and registered.
[19:51:43:664815]:[Metadata] AttributesManagerBase.h(380)::createFromJsonOrDefaultInternal : <Stage Template>: Proposing JSON name : data/scene_datasets/gibson_semantic/./Maguayo.stage_config.json from original name : data/scene_datasets/gibson_semantic/./Maguayo.glb| This file does not exist.
[19:51:43:664849]:[Metadata] AbstractObjectAttributesManagerBase.h(184)::createObject : File (data/scene_datasets/gibson_semantic/./Maguayo.glb) exists but is not a recognized config filename extension, so new default Stage Template attributes created and registered.
[19:51:43:664859]:[Metadata] AttributesManagerBase.h(380)::createFromJsonOrDefaultInternal : <Stage Template>: Proposing JSON name : data/scene_datasets/gibson_semantic/./Mahtomedi.stage_config.json from original name : data/scene_datasets/gibson_semantic/./Mahtomedi.glb| This file does not exist.
[19:51:43:664894]:[Metadata] AbstractObjectAttributesManagerBase.h(184)::createObject : File (data/scene_datasets/gibson_semantic/./Mahtomedi.glb) exists but is not a recognized config filename extension, so new default Stage Template attributes created and registered.
[19:51:43:664903]:[Metadata] AttributesManagerBase.h(380)::createFromJsonOrDefaultInternal : <Stage Template>: Proposing JSON name : data/scene_datasets/gibson_semantic/./Maida.stage_config.json from original name : data/scene_datasets/gibson_semantic/./Maida.glb| This file does not exist.
[19:51:43:664938]:[Metadata] AbstractObjectAttributesManagerBase.h(184)::createObject : File (data/scene_datasets/gibson_semantic/./Maida.glb) exists but is not a recognized config filename extension, so new default Stage Template attributes created and registered.
[19:51:43:664948]:[Metadata] AttributesManagerBase.h(380)::createFromJsonOrDefaultInternal : <Stage Template>: Proposing JSON name : data/scene_datasets/gibson_semantic/./Maiden.stage_config.json from original name : data/scene_datasets/gibson_semantic/./Maiden.glb| This file does not exist.
[19:51:43:664985]:[Metadata] AbstractObjectAttributesManagerBase.h(184)::createObject : File (data/scene_datasets/gibson_semantic/./Maiden.glb) exists but is not a recognized config filename extension, so new default Stage Template attributes created and registered.
[19:51:43:664994]:[Metadata] AttributesManagerBase.h(380)::createFromJsonOrDefaultInternal : <Stage Template>: Proposing JSON name : data/scene_datasets/gibson_semantic/./Maitland.stage_config.json from original name : data/scene_datasets/gibson_semantic/./Maitland.glb| This file does not exist.
[19:51:43:665030]:[Metadata] AbstractObjectAttributesManagerBase.h(184)::createObject : File (data/scene_datasets/gibson_semantic/./Maitland.glb) exists but is not a recognized config filename extension, so new default Stage Template attributes created and registered.
[19:51:43:665039]:[Metadata] AttributesManagerBase.h(380)::createFromJsonOrDefaultInternal : <Stage Template>: Proposing JSON name : data/scene_datasets/gibson_semantic/./Mammoth.stage_config.json from original name : data/scene_datasets/gibson_semantic/./Mammoth.glb| This file does not exist.
[19:51:43:665074]:[Metadata] AbstractObjectAttributesManagerBase.h(184)::createObject : File (data/scene_datasets/gibson_semantic/./Mammoth.glb) exists but is not a recognized config filename extension, so new default Stage Template attributes created and registered.
[19:51:43:665083]:[Metadata] AttributesManagerBase.h(380)::createFromJsonOrDefaultInternal : <Stage Template>: Proposing JSON name : data/scene_datasets/gibson_semantic/./Maricopa.stage_config.json from original name : data/scene_datasets/gibson_semantic/./Maricopa.glb| This file does not exist.
[19:51:43:665118]:[Metadata] AbstractObjectAttributesManagerBase.h(184)::createObject : File (data/scene_datasets/gibson_semantic/./Maricopa.glb) exists but is not a recognized config filename extension, so new default Stage Template attributes created and registered.
[19:51:43:665128]:[Metadata] AttributesManagerBase.h(380)::createFromJsonOrDefaultInternal : <Stage Template>: Proposing JSON name : data/scene_datasets/gibson_semantic/./Markleeville.stage_config.json from original name : data/scene_datasets/gibson_semantic/./Markleeville.glb| This file does not exist.
[19:51:43:665161]:[Metadata] AbstractObjectAttributesManagerBase.h(184)::createObject : File (data/scene_datasets/gibson_semantic/./Markleeville.glb) exists but is not a recognized config filename extension, so new default Stage Template attributes created and registered.
[19:51:43:665171]:[Metadata] AttributesManagerBase.h(380)::createFromJsonOrDefaultInternal : <Stage Template>: Proposing JSON name : data/scene_datasets/gibson_semantic/./Marksville.stage_config.json from original name : data/scene_datasets/gibson_semantic/./Marksville.glb| This file does not exist.
[19:51:43:665206]:[Metadata] AbstractObjectAttributesManagerBase.h(184)::createObject : File (data/scene_datasets/gibson_semantic/./Marksville.glb) exists but is not a recognized config filename extension, so new default Stage Template attributes created and registered.
[19:51:43:665216]:[Metadata] AttributesManagerBase.h(380)::createFromJsonOrDefaultInternal : <Stage Template>: Proposing JSON name : data/scene_datasets/gibson_semantic/./Marland.stage_config.json from original name : data/scene_datasets/gibson_semantic/./Marland.glb| This file does not exist.
[19:51:43:665251]:[Metadata] AbstractObjectAttributesManagerBase.h(184)::createObject : File (data/scene_datasets/gibson_semantic/./Marland.glb) exists but is not a recognized config filename extension, so new default Stage Template attributes created and registered.
[19:51:43:665260]:[Metadata] AttributesManagerBase.h(380)::createFromJsonOrDefaultInternal : <Stage Template>: Proposing JSON name : data/scene_datasets/gibson_semantic/./Marstons.stage_config.json from original name : data/scene_datasets/gibson_semantic/./Marstons.glb| This file does not exist.
[19:51:43:665295]:[Metadata] AbstractObjectAttributesManagerBase.h(184)::createObject : File (data/scene_datasets/gibson_semantic/./Marstons.glb) exists but is not a recognized config filename extension, so new default Stage Template attributes created and registered.
[19:51:43:665305]:[Metadata] AttributesManagerBase.h(380)::createFromJsonOrDefaultInternal : <Stage Template>: Proposing JSON name : data/scene_datasets/gibson_semantic/./Martinville.stage_config.json from original name : data/scene_datasets/gibson_semantic/./Martinville.glb| This file does not exist.
[19:51:43:665340]:[Metadata] AbstractObjectAttributesManagerBase.h(184)::createObject : File (data/scene_datasets/gibson_semantic/./Martinville.glb) exists but is not a recognized config filename extension, so new default Stage Template attributes created and registered.
[19:51:43:665350]:[Metadata] AttributesManagerBase.h(380)::createFromJsonOrDefaultInternal : <Stage Template>: Proposing JSON name : data/scene_datasets/gibson_semantic/./Maryhill.stage_config.json from original name : data/scene_datasets/gibson_semantic/./Maryhill.glb| This file does not exist.
[19:51:43:665385]:[Metadata] AbstractObjectAttributesManagerBase.h(184)::createObject : File (data/scene_datasets/gibson_semantic/./Maryhill.glb) exists but is not a recognized config filename extension, so new default Stage Template attributes created and registered.
[19:51:43:665394]:[Metadata] AttributesManagerBase.h(380)::createFromJsonOrDefaultInternal : <Stage Template>: Proposing JSON name : data/scene_datasets/gibson_semantic/./Mashulaville.stage_config.json from original name : data/scene_datasets/gibson_semantic/./Mashulaville.glb| This file does not exist.
[19:51:43:665428]:[Metadata] AbstractObjectAttributesManagerBase.h(184)::createObject : File (data/scene_datasets/gibson_semantic/./Mashulaville.glb) exists but is not a recognized config filename extension, so new default Stage Template attributes created and registered.
[19:51:43:665438]:[Metadata] AttributesManagerBase.h(380)::createFromJsonOrDefaultInternal : <Stage Template>: Proposing JSON name : data/scene_datasets/gibson_semantic/./Maugansville.stage_config.json from original name : data/scene_datasets/gibson_semantic/./Maugansville.glb| This file does not exist.
[19:51:43:665472]:[Metadata] AbstractObjectAttributesManagerBase.h(184)::createObject : File (data/scene_datasets/gibson_semantic/./Maugansville.glb) exists but is not a recognized config filename extension, so new default Stage Template attributes created and registered.
[19:51:43:665482]:[Metadata] AttributesManagerBase.h(380)::createFromJsonOrDefaultInternal : <Stage Template>: Proposing JSON name : data/scene_datasets/gibson_semantic/./Maunawili.stage_config.json from original name : data/scene_datasets/gibson_semantic/./Maunawili.glb| This file does not exist.
[19:51:43:665517]:[Metadata] AbstractObjectAttributesManagerBase.h(184)::createObject : File (data/scene_datasets/gibson_semantic/./Maunawili.glb) exists but is not a recognized config filename extension, so new default Stage Template attributes created and registered.
[19:51:43:665527]:[Metadata] AttributesManagerBase.h(380)::createFromJsonOrDefaultInternal : <Stage Template>: Proposing JSON name : data/scene_datasets/gibson_semantic/./Mayesville.stage_config.json from original name : data/scene_datasets/gibson_semantic/./Mayesville.glb| This file does not exist.
[19:51:43:665562]:[Metadata] AbstractObjectAttributesManagerBase.h(184)::createObject : File (data/scene_datasets/gibson_semantic/./Mayesville.glb) exists but is not a recognized config filename extension, so new default Stage Template attributes created and registered.
[19:51:43:665572]:[Metadata] AttributesManagerBase.h(380)::createFromJsonOrDefaultInternal : <Stage Template>: Proposing JSON name : data/scene_datasets/gibson_semantic/./Mazomanie.stage_config.json from original name : data/scene_datasets/gibson_semantic/./Mazomanie.glb| This file does not exist.
[19:51:43:665606]:[Metadata] AbstractObjectAttributesManagerBase.h(184)::createObject : File (data/scene_datasets/gibson_semantic/./Mazomanie.glb) exists but is not a recognized config filename extension, so new default Stage Template attributes created and registered.
[19:51:43:665616]:[Metadata] AttributesManagerBase.h(380)::createFromJsonOrDefaultInternal : <Stage Template>: Proposing JSON name : data/scene_datasets/gibson_semantic/./McCloud.stage_config.json from original name : data/scene_datasets/gibson_semantic/./McCloud.glb| This file does not exist.
[19:51:43:665652]:[Metadata] AbstractObjectAttributesManagerBase.h(184)::createObject : File (data/scene_datasets/gibson_semantic/./McCloud.glb) exists but is not a recognized config filename extension, so new default Stage Template attributes created and registered.
[19:51:43:665661]:[Metadata] AttributesManagerBase.h(380)::createFromJsonOrDefaultInternal : <Stage Template>: Proposing JSON name : data/scene_datasets/gibson_semantic/./McEwen.stage_config.json from original name : data/scene_datasets/gibson_semantic/./McEwen.glb| This file does not exist.
[19:51:43:665695]:[Metadata] AbstractObjectAttributesManagerBase.h(184)::createObject : File (data/scene_datasets/gibson_semantic/./McEwen.glb) exists but is not a recognized config filename extension, so new default Stage Template attributes created and registered.
[19:51:43:665705]:[Metadata] AttributesManagerBase.h(380)::createFromJsonOrDefaultInternal : <Stage Template>: Proposing JSON name : data/scene_datasets/gibson_semantic/./McKeesport.stage_config.json from original name : data/scene_datasets/gibson_semantic/./McKeesport.glb| This file does not exist.
[19:51:43:665740]:[Metadata] AbstractObjectAttributesManagerBase.h(184)::createObject : File (data/scene_datasets/gibson_semantic/./McKeesport.glb) exists but is not a recognized config filename extension, so new default Stage Template attributes created and registered.
[19:51:43:665749]:[Metadata] AttributesManagerBase.h(380)::createFromJsonOrDefaultInternal : <Stage Template>: Proposing JSON name : data/scene_datasets/gibson_semantic/./Melstone.stage_config.json from original name : data/scene_datasets/gibson_semantic/./Melstone.glb| This file does not exist.
[19:51:43:665784]:[Metadata] AbstractObjectAttributesManagerBase.h(184)::createObject : File (data/scene_datasets/gibson_semantic/./Melstone.glb) exists but is not a recognized config filename extension, so new default Stage Template attributes created and registered.
[19:51:43:665793]:[Metadata] AttributesManagerBase.h(380)::createFromJsonOrDefaultInternal : <Stage Template>: Proposing JSON name : data/scene_datasets/gibson_semantic/./Mentasta.stage_config.json from original name : data/scene_datasets/gibson_semantic/./Mentasta.glb| This file does not exist.
[19:51:43:665828]:[Metadata] AbstractObjectAttributesManagerBase.h(184)::createObject : File (data/scene_datasets/gibson_semantic/./Mentasta.glb) exists but is not a recognized config filename extension, so new default Stage Template attributes created and registered.
[19:51:43:665837]:[Metadata] AttributesManagerBase.h(380)::createFromJsonOrDefaultInternal : <Stage Template>: Proposing JSON name : data/scene_datasets/gibson_semantic/./Mentmore.stage_config.json from original name : data/scene_datasets/gibson_semantic/./Mentmore.glb| This file does not exist.
[19:51:43:665871]:[Metadata] AbstractObjectAttributesManagerBase.h(184)::createObject : File (data/scene_datasets/gibson_semantic/./Mentmore.glb) exists but is not a recognized config filename extension, so new default Stage Template attributes created and registered.
[19:51:43:665880]:[Metadata] AttributesManagerBase.h(380)::createFromJsonOrDefaultInternal : <Stage Template>: Proposing JSON name : data/scene_datasets/gibson_semantic/./Merchantville.stage_config.json from original name : data/scene_datasets/gibson_semantic/./Merchantville.glb| This file does not exist.
[19:51:43:665915]:[Metadata] AbstractObjectAttributesManagerBase.h(184)::createObject : File (data/scene_datasets/gibson_semantic/./Merchantville.glb) exists but is not a recognized config filename extension, so new default Stage Template attributes created and registered.
[19:51:43:665925]:[Metadata] AttributesManagerBase.h(380)::createFromJsonOrDefaultInternal : <Stage Template>: Proposing JSON name : data/scene_datasets/gibson_semantic/./Merlin.stage_config.json from original name : data/scene_datasets/gibson_semantic/./Merlin.glb| This file does not exist.
[19:51:43:665961]:[Metadata] AbstractObjectAttributesManagerBase.h(184)::createObject : File (data/scene_datasets/gibson_semantic/./Merlin.glb) exists but is not a recognized config filename extension, so new default Stage Template attributes created and registered.
[19:51:43:665970]:[Metadata] AttributesManagerBase.h(380)::createFromJsonOrDefaultInternal : <Stage Template>: Proposing JSON name : data/scene_datasets/gibson_semantic/./Merom.stage_config.json from original name : data/scene_datasets/gibson_semantic/./Merom.glb| This file does not exist.
[19:51:43:666003]:[Metadata] AbstractObjectAttributesManagerBase.h(184)::createObject : File (data/scene_datasets/gibson_semantic/./Merom.glb) exists but is not a recognized config filename extension, so new default Stage Template attributes created and registered.
[19:51:43:666013]:[Metadata] AttributesManagerBase.h(380)::createFromJsonOrDefaultInternal : <Stage Template>: Proposing JSON name : data/scene_datasets/gibson_semantic/./Mesic.stage_config.json from original name : data/scene_datasets/gibson_semantic/./Mesic.glb| This file does not exist.
[19:51:43:666046]:[Metadata] AbstractObjectAttributesManagerBase.h(184)::createObject : File (data/scene_datasets/gibson_semantic/./Mesic.glb) exists but is not a recognized config filename extension, so new default Stage Template attributes created and registered.
[19:51:43:666056]:[Metadata] AttributesManagerBase.h(380)::createFromJsonOrDefaultInternal : <Stage Template>: Proposing JSON name : data/scene_datasets/gibson_semantic/./Micanopy.stage_config.json from original name : data/scene_datasets/gibson_semantic/./Micanopy.glb| This file does not exist.
[19:51:43:666090]:[Metadata] AbstractObjectAttributesManagerBase.h(184)::createObject : File (data/scene_datasets/gibson_semantic/./Micanopy.glb) exists but is not a recognized config filename extension, so new default Stage Template attributes created and registered.
[19:51:43:666100]:[Metadata] AttributesManagerBase.h(380)::createFromJsonOrDefaultInternal : <Stage Template>: Proposing JSON name : data/scene_datasets/gibson_semantic/./Michiana.stage_config.json from original name : data/scene_datasets/gibson_semantic/./Michiana.glb| This file does not exist.
[19:51:43:666134]:[Metadata] AbstractObjectAttributesManagerBase.h(184)::createObject : File (data/scene_datasets/gibson_semantic/./Michiana.glb) exists but is not a recognized config filename extension, so new default Stage Template attributes created and registered.
[19:51:43:666145]:[Metadata] AttributesManagerBase.h(380)::createFromJsonOrDefaultInternal : <Stage Template>: Proposing JSON name : data/scene_datasets/gibson_semantic/./Mifflinburg.stage_config.json from original name : data/scene_datasets/gibson_semantic/./Mifflinburg.glb| This file does not exist.
[19:51:43:666179]:[Metadata] AbstractObjectAttributesManagerBase.h(184)::createObject : File (data/scene_datasets/gibson_semantic/./Mifflinburg.glb) exists but is not a recognized config filename extension, so new default Stage Template attributes created and registered.
[19:51:43:666189]:[Metadata] AttributesManagerBase.h(380)::createFromJsonOrDefaultInternal : <Stage Template>: Proposing JSON name : data/scene_datasets/gibson_semantic/./Mifflintown.stage_config.json from original name : data/scene_datasets/gibson_semantic/./Mifflintown.glb| This file does not exist.
[19:51:43:666224]:[Metadata] AbstractObjectAttributesManagerBase.h(184)::createObject : File (data/scene_datasets/gibson_semantic/./Mifflintown.glb) exists but is not a recognized config filename extension, so new default Stage Template attributes created and registered.
[19:51:43:666233]:[Metadata] AttributesManagerBase.h(380)::createFromJsonOrDefaultInternal : <Stage Template>: Proposing JSON name : data/scene_datasets/gibson_semantic/./Milaca.stage_config.json from original name : data/scene_datasets/gibson_semantic/./Milaca.glb| This file does not exist.
[19:51:43:666268]:[Metadata] AbstractObjectAttributesManagerBase.h(184)::createObject : File (data/scene_datasets/gibson_semantic/./Milaca.glb) exists but is not a recognized config filename extension, so new default Stage Template attributes created and registered.
[19:51:43:666278]:[Metadata] AttributesManagerBase.h(380)::createFromJsonOrDefaultInternal : <Stage Template>: Proposing JSON name : data/scene_datasets/gibson_semantic/./Milford.stage_config.json from original name : data/scene_datasets/gibson_semantic/./Milford.glb| This file does not exist.
[19:51:43:666312]:[Metadata] AbstractObjectAttributesManagerBase.h(184)::createObject : File (data/scene_datasets/gibson_semantic/./Milford.glb) exists but is not a recognized config filename extension, so new default Stage Template attributes created and registered.
[19:51:43:666321]:[Metadata] AttributesManagerBase.h(380)::createFromJsonOrDefaultInternal : <Stage Template>: Proposing JSON name : data/scene_datasets/gibson_semantic/./Millbury.stage_config.json from original name : data/scene_datasets/gibson_semantic/./Millbury.glb| This file does not exist.
[19:51:43:666355]:[Metadata] AbstractObjectAttributesManagerBase.h(184)::createObject : File (data/scene_datasets/gibson_semantic/./Millbury.glb) exists but is not a recognized config filename extension, so new default Stage Template attributes created and registered.
[19:51:43:666364]:[Metadata] AttributesManagerBase.h(380)::createFromJsonOrDefaultInternal : <Stage Template>: Proposing JSON name : data/scene_datasets/gibson_semantic/./Moark.stage_config.json from original name : data/scene_datasets/gibson_semantic/./Moark.glb| This file does not exist.
[19:51:43:666399]:[Metadata] AbstractObjectAttributesManagerBase.h(184)::createObject : File (data/scene_datasets/gibson_semantic/./Moark.glb) exists but is not a recognized config filename extension, so new default Stage Template attributes created and registered.
[19:51:43:666409]:[Metadata] AttributesManagerBase.h(380)::createFromJsonOrDefaultInternal : <Stage Template>: Proposing JSON name : data/scene_datasets/gibson_semantic/./Moberly.stage_config.json from original name : data/scene_datasets/gibson_semantic/./Moberly.glb| This file does not exist.
[19:51:43:666443]:[Metadata] AbstractObjectAttributesManagerBase.h(184)::createObject : File (data/scene_datasets/gibson_semantic/./Moberly.glb) exists but is not a recognized config filename extension, so new default Stage Template attributes created and registered.
[19:51:43:666452]:[Metadata] AttributesManagerBase.h(380)::createFromJsonOrDefaultInternal : <Stage Template>: Proposing JSON name : data/scene_datasets/gibson_semantic/./Mobridge.stage_config.json from original name : data/scene_datasets/gibson_semantic/./Mobridge.glb| This file does not exist.
[19:51:43:666487]:[Metadata] AbstractObjectAttributesManagerBase.h(184)::createObject : File (data/scene_datasets/gibson_semantic/./Mobridge.glb) exists but is not a recognized config filename extension, so new default Stage Template attributes created and registered.
[19:51:43:666497]:[Metadata] AttributesManagerBase.h(380)::createFromJsonOrDefaultInternal : <Stage Template>: Proposing JSON name : data/scene_datasets/gibson_semantic/./Model.stage_config.json from original name : data/scene_datasets/gibson_semantic/./Model.glb| This file does not exist.
[19:51:43:666531]:[Metadata] AbstractObjectAttributesManagerBase.h(184)::createObject : File (data/scene_datasets/gibson_semantic/./Model.glb) exists but is not a recognized config filename extension, so new default Stage Template attributes created and registered.
[19:51:43:666541]:[Metadata] AttributesManagerBase.h(380)::createFromJsonOrDefaultInternal : <Stage Template>: Proposing JSON name : data/scene_datasets/gibson_semantic/./Mogadore.stage_config.json from original name : data/scene_datasets/gibson_semantic/./Mogadore.glb| This file does not exist.
[19:51:43:666575]:[Metadata] AbstractObjectAttributesManagerBase.h(184)::createObject : File (data/scene_datasets/gibson_semantic/./Mogadore.glb) exists but is not a recognized config filename extension, so new default Stage Template attributes created and registered.
[19:51:43:666584]:[Metadata] AttributesManagerBase.h(380)::createFromJsonOrDefaultInternal : <Stage Template>: Proposing JSON name : data/scene_datasets/gibson_semantic/./Mogote.stage_config.json from original name : data/scene_datasets/gibson_semantic/./Mogote.glb| This file does not exist.
[19:51:43:666618]:[Metadata] AbstractObjectAttributesManagerBase.h(184)::createObject : File (data/scene_datasets/gibson_semantic/./Mogote.glb) exists but is not a recognized config filename extension, so new default Stage Template attributes created and registered.
[19:51:43:666627]:[Metadata] AttributesManagerBase.h(380)::createFromJsonOrDefaultInternal : <Stage Template>: Proposing JSON name : data/scene_datasets/gibson_semantic/./Monson.stage_config.json from original name : data/scene_datasets/gibson_semantic/./Monson.glb| This file does not exist.
[19:51:43:666667]:[Metadata] AbstractObjectAttributesManagerBase.h(184)::createObject : File (data/scene_datasets/gibson_semantic/./Monson.glb) exists but is not a recognized config filename extension, so new default Stage Template attributes created and registered.
[19:51:43:666676]:[Metadata] AttributesManagerBase.h(380)::createFromJsonOrDefaultInternal : <Stage Template>: Proposing JSON name : data/scene_datasets/gibson_semantic/./Monticello.stage_config.json from original name : data/scene_datasets/gibson_semantic/./Monticello.glb| This file does not exist.
[19:51:43:666711]:[Metadata] AbstractObjectAttributesManagerBase.h(184)::createObject : File (data/scene_datasets/gibson_semantic/./Monticello.glb) exists but is not a recognized config filename extension, so new default Stage Template attributes created and registered.
[19:51:43:666721]:[Metadata] AttributesManagerBase.h(380)::createFromJsonOrDefaultInternal : <Stage Template>: Proposing JSON name : data/scene_datasets/gibson_semantic/./Montreal.stage_config.json from original name : data/scene_datasets/gibson_semantic/./Montreal.glb| This file does not exist.
[19:51:43:666756]:[Metadata] AbstractObjectAttributesManagerBase.h(184)::createObject : File (data/scene_datasets/gibson_semantic/./Montreal.glb) exists but is not a recognized config filename extension, so new default Stage Template attributes created and registered.
[19:51:43:666766]:[Metadata] AttributesManagerBase.h(380)::createFromJsonOrDefaultInternal : <Stage Template>: Proposing JSON name : data/scene_datasets/gibson_semantic/./Moonachie.stage_config.json from original name : data/scene_datasets/gibson_semantic/./Moonachie.glb| This file does not exist.
[19:51:43:666801]:[Metadata] AbstractObjectAttributesManagerBase.h(184)::createObject : File (data/scene_datasets/gibson_semantic/./Moonachie.glb) exists but is not a recognized config filename extension, so new default Stage Template attributes created and registered.
[19:51:43:666810]:[Metadata] AttributesManagerBase.h(380)::createFromJsonOrDefaultInternal : <Stage Template>: Proposing JSON name : data/scene_datasets/gibson_semantic/./Mosinee.stage_config.json from original name : data/scene_datasets/gibson_semantic/./Mosinee.glb| This file does not exist.
[19:51:43:666846]:[Metadata] AbstractObjectAttributesManagerBase.h(184)::createObject : File (data/scene_datasets/gibson_semantic/./Mosinee.glb) exists but is not a recognized config filename extension, so new default Stage Template attributes created and registered.
[19:51:43:666856]:[Metadata] AttributesManagerBase.h(380)::createFromJsonOrDefaultInternal : <Stage Template>: Proposing JSON name : data/scene_datasets/gibson_semantic/./Mosquito.stage_config.json from original name : data/scene_datasets/gibson_semantic/./Mosquito.glb| This file does not exist.
[19:51:43:666891]:[Metadata] AbstractObjectAttributesManagerBase.h(184)::createObject : File (data/scene_datasets/gibson_semantic/./Mosquito.glb) exists but is not a recognized config filename extension, so new default Stage Template attributes created and registered.
[19:51:43:666901]:[Metadata] AttributesManagerBase.h(380)::createFromJsonOrDefaultInternal : <Stage Template>: Proposing JSON name : data/scene_datasets/gibson_semantic/./Mullica.stage_config.json from original name : data/scene_datasets/gibson_semantic/./Mullica.glb| This file does not exist.
[19:51:43:666936]:[Metadata] AbstractObjectAttributesManagerBase.h(184)::createObject : File (data/scene_datasets/gibson_semantic/./Mullica.glb) exists but is not a recognized config filename extension, so new default Stage Template attributes created and registered.
[19:51:43:666945]:[Metadata] AttributesManagerBase.h(380)::createFromJsonOrDefaultInternal : <Stage Template>: Proposing JSON name : data/scene_datasets/gibson_semantic/./Munsons.stage_config.json from original name : data/scene_datasets/gibson_semantic/./Munsons.glb| This file does not exist.
[19:51:43:666980]:[Metadata] AbstractObjectAttributesManagerBase.h(184)::createObject : File (data/scene_datasets/gibson_semantic/./Munsons.glb) exists but is not a recognized config filename extension, so new default Stage Template attributes created and registered.
[19:51:43:666989]:[Metadata] AttributesManagerBase.h(380)::createFromJsonOrDefaultInternal : <Stage Template>: Proposing JSON name : data/scene_datasets/gibson_semantic/./Murchison.stage_config.json from original name : data/scene_datasets/gibson_semantic/./Murchison.glb| This file does not exist.
[19:51:43:667025]:[Metadata] AbstractObjectAttributesManagerBase.h(184)::createObject : File (data/scene_datasets/gibson_semantic/./Murchison.glb) exists but is not a recognized config filename extension, so new default Stage Template attributes created and registered.
[19:51:43:667034]:[Metadata] AttributesManagerBase.h(380)::createFromJsonOrDefaultInternal : <Stage Template>: Proposing JSON name : data/scene_datasets/gibson_semantic/./Musicks.stage_config.json from original name : data/scene_datasets/gibson_semantic/./Musicks.glb| This file does not exist.
[19:51:43:667069]:[Metadata] AbstractObjectAttributesManagerBase.h(184)::createObject : File (data/scene_datasets/gibson_semantic/./Musicks.glb) exists but is not a recognized config filename extension, so new default Stage Template attributes created and registered.
[19:51:43:667079]:[Metadata] AttributesManagerBase.h(380)::createFromJsonOrDefaultInternal : <Stage Template>: Proposing JSON name : data/scene_datasets/gibson_semantic/./Neibert.stage_config.json from original name : data/scene_datasets/gibson_semantic/./Neibert.glb| This file does not exist.
[19:51:43:667113]:[Metadata] AbstractObjectAttributesManagerBase.h(184)::createObject : File (data/scene_datasets/gibson_semantic/./Neibert.glb) exists but is not a recognized config filename extension, so new default Stage Template attributes created and registered.
[19:51:43:667122]:[Metadata] AttributesManagerBase.h(380)::createFromJsonOrDefaultInternal : <Stage Template>: Proposing JSON name : data/scene_datasets/gibson_semantic/./Nemacolin.stage_config.json from original name : data/scene_datasets/gibson_semantic/./Nemacolin.glb| This file does not exist.
[19:51:43:667160]:[Metadata] AbstractObjectAttributesManagerBase.h(184)::createObject : File (data/scene_datasets/gibson_semantic/./Nemacolin.glb) exists but is not a recognized config filename extension, so new default Stage Template attributes created and registered.
[19:51:43:667170]:[Metadata] AttributesManagerBase.h(380)::createFromJsonOrDefaultInternal : <Stage Template>: Proposing JSON name : data/scene_datasets/gibson_semantic/./Neshkoro.stage_config.json from original name : data/scene_datasets/gibson_semantic/./Neshkoro.glb| This file does not exist.
[19:51:43:667209]:[Metadata] AbstractObjectAttributesManagerBase.h(184)::createObject : File (data/scene_datasets/gibson_semantic/./Neshkoro.glb) exists but is not a recognized config filename extension, so new default Stage Template attributes created and registered.
[19:51:43:667220]:[Metadata] AttributesManagerBase.h(380)::createFromJsonOrDefaultInternal : <Stage Template>: Proposing JSON name : data/scene_datasets/gibson_semantic/./Newcomb.stage_config.json from original name : data/scene_datasets/gibson_semantic/./Newcomb.glb| This file does not exist.
[19:51:43:667255]:[Metadata] AbstractObjectAttributesManagerBase.h(184)::createObject : File (data/scene_datasets/gibson_semantic/./Newcomb.glb) exists but is not a recognized config filename extension, so new default Stage Template attributes created and registered.
[19:51:43:667265]:[Metadata] AttributesManagerBase.h(380)::createFromJsonOrDefaultInternal : <Stage Template>: Proposing JSON name : data/scene_datasets/gibson_semantic/./Newfields.stage_config.json from original name : data/scene_datasets/gibson_semantic/./Newfields.glb| This file does not exist.
[19:51:43:667300]:[Metadata] AbstractObjectAttributesManagerBase.h(184)::createObject : File (data/scene_datasets/gibson_semantic/./Newfields.glb) exists but is not a recognized config filename extension, so new default Stage Template attributes created and registered.
[19:51:43:667310]:[Metadata] AttributesManagerBase.h(380)::createFromJsonOrDefaultInternal : <Stage Template>: Proposing JSON name : data/scene_datasets/gibson_semantic/./Nicut.stage_config.json from original name : data/scene_datasets/gibson_semantic/./Nicut.glb| This file does not exist.
[19:51:43:667344]:[Metadata] AbstractObjectAttributesManagerBase.h(184)::createObject : File (data/scene_datasets/gibson_semantic/./Nicut.glb) exists but is not a recognized config filename extension, so new default Stage Template attributes created and registered.
[19:51:43:667354]:[Metadata] AttributesManagerBase.h(380)::createFromJsonOrDefaultInternal : <Stage Template>: Proposing JSON name : data/scene_datasets/gibson_semantic/./Nimmons.stage_config.json from original name : data/scene_datasets/gibson_semantic/./Nimmons.glb| This file does not exist.
[19:51:43:667388]:[Metadata] AbstractObjectAttributesManagerBase.h(184)::createObject : File (data/scene_datasets/gibson_semantic/./Nimmons.glb) exists but is not a recognized config filename extension, so new default Stage Template attributes created and registered.
[19:51:43:667397]:[Metadata] AttributesManagerBase.h(380)::createFromJsonOrDefaultInternal : <Stage Template>: Proposing JSON name : data/scene_datasets/gibson_semantic/./Noonday.stage_config.json from original name : data/scene_datasets/gibson_semantic/./Noonday.glb| This file does not exist.
[19:51:43:667432]:[Metadata] AbstractObjectAttributesManagerBase.h(184)::createObject : File (data/scene_datasets/gibson_semantic/./Noonday.glb) exists but is not a recognized config filename extension, so new default Stage Template attributes created and registered.
[19:51:43:667442]:[Metadata] AttributesManagerBase.h(380)::createFromJsonOrDefaultInternal : <Stage Template>: Proposing JSON name : data/scene_datasets/gibson_semantic/./Northgate.stage_config.json from original name : data/scene_datasets/gibson_semantic/./Northgate.glb| This file does not exist.
[19:51:43:667477]:[Metadata] AbstractObjectAttributesManagerBase.h(184)::createObject : File (data/scene_datasets/gibson_semantic/./Northgate.glb) exists but is not a recognized config filename extension, so new default Stage Template attributes created and registered.
[19:51:43:667487]:[Metadata] AttributesManagerBase.h(380)::createFromJsonOrDefaultInternal : <Stage Template>: Proposing JSON name : data/scene_datasets/gibson_semantic/./Nuevo.stage_config.json from original name : data/scene_datasets/gibson_semantic/./Nuevo.glb| This file does not exist.
[19:51:43:667523]:[Metadata] AbstractObjectAttributesManagerBase.h(184)::createObject : File (data/scene_datasets/gibson_semantic/./Nuevo.glb) exists but is not a recognized config filename extension, so new default Stage Template attributes created and registered.
[19:51:43:667533]:[Metadata] AttributesManagerBase.h(380)::createFromJsonOrDefaultInternal : <Stage Template>: Proposing JSON name : data/scene_datasets/gibson_semantic/./Ogilvie.stage_config.json from original name : data/scene_datasets/gibson_semantic/./Ogilvie.glb| This file does not exist.
[19:51:43:667569]:[Metadata] AbstractObjectAttributesManagerBase.h(184)::createObject : File (data/scene_datasets/gibson_semantic/./Ogilvie.glb) exists but is not a recognized config filename extension, so new default Stage Template attributes created and registered.
[19:51:43:667578]:[Metadata] AttributesManagerBase.h(380)::createFromJsonOrDefaultInternal : <Stage Template>: Proposing JSON name : data/scene_datasets/gibson_semantic/./Okabena.stage_config.json from original name : data/scene_datasets/gibson_semantic/./Okabena.glb| This file does not exist.
[19:51:43:667613]:[Metadata] AbstractObjectAttributesManagerBase.h(184)::createObject : File (data/scene_datasets/gibson_semantic/./Okabena.glb) exists but is not a recognized config filename extension, so new default Stage Template attributes created and registered.
[19:51:43:667622]:[Metadata] AttributesManagerBase.h(380)::createFromJsonOrDefaultInternal : <Stage Template>: Proposing JSON name : data/scene_datasets/gibson_semantic/./Onaga.stage_config.json from original name : data/scene_datasets/gibson_semantic/./Onaga.glb| This file does not exist.
[19:51:43:667657]:[Metadata] AbstractObjectAttributesManagerBase.h(184)::createObject : File (data/scene_datasets/gibson_semantic/./Onaga.glb) exists but is not a recognized config filename extension, so new default Stage Template attributes created and registered.
[19:51:43:667667]:[Metadata] AttributesManagerBase.h(380)::createFromJsonOrDefaultInternal : <Stage Template>: Proposing JSON name : data/scene_datasets/gibson_semantic/./Ooltewah.stage_config.json from original name : data/scene_datasets/gibson_semantic/./Ooltewah.glb| This file does not exist.
[19:51:43:667703]:[Metadata] AbstractObjectAttributesManagerBase.h(184)::createObject : File (data/scene_datasets/gibson_semantic/./Ooltewah.glb) exists but is not a recognized config filename extension, so new default Stage Template attributes created and registered.
[19:51:43:667712]:[Metadata] AttributesManagerBase.h(380)::createFromJsonOrDefaultInternal : <Stage Template>: Proposing JSON name : data/scene_datasets/gibson_semantic/./Ophir.stage_config.json from original name : data/scene_datasets/gibson_semantic/./Ophir.glb| This file does not exist.
[19:51:43:667746]:[Metadata] AbstractObjectAttributesManagerBase.h(184)::createObject : File (data/scene_datasets/gibson_semantic/./Ophir.glb) exists but is not a recognized config filename extension, so new default Stage Template attributes created and registered.
[19:51:43:667756]:[Metadata] AttributesManagerBase.h(380)::createFromJsonOrDefaultInternal : <Stage Template>: Proposing JSON name : data/scene_datasets/gibson_semantic/./Orangeburg.stage_config.json from original name : data/scene_datasets/gibson_semantic/./Orangeburg.glb| This file does not exist.
[19:51:43:667789]:[Metadata] AbstractObjectAttributesManagerBase.h(184)::createObject : File (data/scene_datasets/gibson_semantic/./Orangeburg.glb) exists but is not a recognized config filename extension, so new default Stage Template attributes created and registered.
[19:51:43:667799]:[Metadata] AttributesManagerBase.h(380)::createFromJsonOrDefaultInternal : <Stage Template>: Proposing JSON name : data/scene_datasets/gibson_semantic/./Orason.stage_config.json from original name : data/scene_datasets/gibson_semantic/./Orason.glb| This file does not exist.
[19:51:43:667834]:[Metadata] AbstractObjectAttributesManagerBase.h(184)::createObject : File (data/scene_datasets/gibson_semantic/./Orason.glb) exists but is not a recognized config filename extension, so new default Stage Template attributes created and registered.
[19:51:43:667844]:[Metadata] AttributesManagerBase.h(380)::createFromJsonOrDefaultInternal : <Stage Template>: Proposing JSON name : data/scene_datasets/gibson_semantic/./Oriole.stage_config.json from original name : data/scene_datasets/gibson_semantic/./Oriole.glb| This file does not exist.
[19:51:43:667878]:[Metadata] AbstractObjectAttributesManagerBase.h(184)::createObject : File (data/scene_datasets/gibson_semantic/./Oriole.glb) exists but is not a recognized config filename extension, so new default Stage Template attributes created and registered.
[19:51:43:667887]:[Metadata] AttributesManagerBase.h(380)::createFromJsonOrDefaultInternal : <Stage Template>: Proposing JSON name : data/scene_datasets/gibson_semantic/./Ossipee.stage_config.json from original name : data/scene_datasets/gibson_semantic/./Ossipee.glb| This file does not exist.
[19:51:43:667921]:[Metadata] AbstractObjectAttributesManagerBase.h(184)::createObject : File (data/scene_datasets/gibson_semantic/./Ossipee.glb) exists but is not a recognized config filename extension, so new default Stage Template attributes created and registered.
[19:51:43:667930]:[Metadata] AttributesManagerBase.h(380)::createFromJsonOrDefaultInternal : <Stage Template>: Proposing JSON name : data/scene_datasets/gibson_semantic/./Ovalo.stage_config.json from original name : data/scene_datasets/gibson_semantic/./Ovalo.glb| This file does not exist.
[19:51:43:667965]:[Metadata] AbstractObjectAttributesManagerBase.h(184)::createObject : File (data/scene_datasets/gibson_semantic/./Ovalo.glb) exists but is not a recognized config filename extension, so new default Stage Template attributes created and registered.
[19:51:43:667974]:[Metadata] AttributesManagerBase.h(380)::createFromJsonOrDefaultInternal : <Stage Template>: Proposing JSON name : data/scene_datasets/gibson_semantic/./Oyens.stage_config.json from original name : data/scene_datasets/gibson_semantic/./Oyens.glb| This file does not exist.
[19:51:43:668009]:[Metadata] AbstractObjectAttributesManagerBase.h(184)::createObject : File (data/scene_datasets/gibson_semantic/./Oyens.glb) exists but is not a recognized config filename extension, so new default Stage Template attributes created and registered.
[19:51:43:668019]:[Metadata] AttributesManagerBase.h(380)::createFromJsonOrDefaultInternal : <Stage Template>: Proposing JSON name : data/scene_datasets/gibson_semantic/./Pablo.stage_config.json from original name : data/scene_datasets/gibson_semantic/./Pablo.glb| This file does not exist.
[19:51:43:668056]:[Metadata] AbstractObjectAttributesManagerBase.h(184)::createObject : File (data/scene_datasets/gibson_semantic/./Pablo.glb) exists but is not a recognized config filename extension, so new default Stage Template attributes created and registered.
[19:51:43:668066]:[Metadata] AttributesManagerBase.h(380)::createFromJsonOrDefaultInternal : <Stage Template>: Proposing JSON name : data/scene_datasets/gibson_semantic/./Pamelia.stage_config.json from original name : data/scene_datasets/gibson_semantic/./Pamelia.glb| This file does not exist.
[19:51:43:668100]:[Metadata] AbstractObjectAttributesManagerBase.h(184)::createObject : File (data/scene_datasets/gibson_semantic/./Pamelia.glb) exists but is not a recognized config filename extension, so new default Stage Template attributes created and registered.
[19:51:43:668109]:[Metadata] AttributesManagerBase.h(380)::createFromJsonOrDefaultInternal : <Stage Template>: Proposing JSON name : data/scene_datasets/gibson_semantic/./Parole.stage_config.json from original name : data/scene_datasets/gibson_semantic/./Parole.glb| This file does not exist.
[19:51:43:668150]:[Metadata] AbstractObjectAttributesManagerBase.h(184)::createObject : File (data/scene_datasets/gibson_semantic/./Parole.glb) exists but is not a recognized config filename extension, so new default Stage Template attributes created and registered.
[19:51:43:668159]:[Metadata] AttributesManagerBase.h(380)::createFromJsonOrDefaultInternal : <Stage Template>: Proposing JSON name : data/scene_datasets/gibson_semantic/./Pasatiempo.stage_config.json from original name : data/scene_datasets/gibson_semantic/./Pasatiempo.glb| This file does not exist.
[19:51:43:668196]:[Metadata] AbstractObjectAttributesManagerBase.h(184)::createObject : File (data/scene_datasets/gibson_semantic/./Pasatiempo.glb) exists but is not a recognized config filename extension, so new default Stage Template attributes created and registered.
[19:51:43:668205]:[Metadata] AttributesManagerBase.h(380)::createFromJsonOrDefaultInternal : <Stage Template>: Proposing JSON name : data/scene_datasets/gibson_semantic/./Peacock.stage_config.json from original name : data/scene_datasets/gibson_semantic/./Peacock.glb| This file does not exist.
[19:51:43:668240]:[Metadata] AbstractObjectAttributesManagerBase.h(184)::createObject : File (data/scene_datasets/gibson_semantic/./Peacock.glb) exists but is not a recognized config filename extension, so new default Stage Template attributes created and registered.
[19:51:43:668249]:[Metadata] AttributesManagerBase.h(380)::createFromJsonOrDefaultInternal : <Stage Template>: Proposing JSON name : data/scene_datasets/gibson_semantic/./Pearce.stage_config.json from original name : data/scene_datasets/gibson_semantic/./Pearce.glb| This file does not exist.
[19:51:43:668284]:[Metadata] AbstractObjectAttributesManagerBase.h(184)::createObject : File (data/scene_datasets/gibson_semantic/./Pearce.glb) exists but is not a recognized config filename extension, so new default Stage Template attributes created and registered.
[19:51:43:668293]:[Metadata] AttributesManagerBase.h(380)::createFromJsonOrDefaultInternal : <Stage Template>: Proposing JSON name : data/scene_datasets/gibson_semantic/./Peden.stage_config.json from original name : data/scene_datasets/gibson_semantic/./Peden.glb| This file does not exist.
[19:51:43:668328]:[Metadata] AbstractObjectAttributesManagerBase.h(184)::createObject : File (data/scene_datasets/gibson_semantic/./Peden.glb) exists but is not a recognized config filename extension, so new default Stage Template attributes created and registered.
[19:51:43:668337]:[Metadata] AttributesManagerBase.h(380)::createFromJsonOrDefaultInternal : <Stage Template>: Proposing JSON name : data/scene_datasets/gibson_semantic/./Pettigrew.stage_config.json from original name : data/scene_datasets/gibson_semantic/./Pettigrew.glb| This file does not exist.
[19:51:43:668372]:[Metadata] AbstractObjectAttributesManagerBase.h(184)::createObject : File (data/scene_datasets/gibson_semantic/./Pettigrew.glb) exists but is not a recognized config filename extension, so new default Stage Template attributes created and registered.
[19:51:43:668381]:[Metadata] AttributesManagerBase.h(380)::createFromJsonOrDefaultInternal : <Stage Template>: Proposing JSON name : data/scene_datasets/gibson_semantic/./Pinesdale.stage_config.json from original name : data/scene_datasets/gibson_semantic/./Pinesdale.glb| This file does not exist.
[19:51:43:668417]:[Metadata] AbstractObjectAttributesManagerBase.h(184)::createObject : File (data/scene_datasets/gibson_semantic/./Pinesdale.glb) exists but is not a recognized config filename extension, so new default Stage Template attributes created and registered.
[19:51:43:668426]:[Metadata] AttributesManagerBase.h(380)::createFromJsonOrDefaultInternal : <Stage Template>: Proposing JSON name : data/scene_datasets/gibson_semantic/./Pittsburg.stage_config.json from original name : data/scene_datasets/gibson_semantic/./Pittsburg.glb| This file does not exist.
[19:51:43:668461]:[Metadata] AbstractObjectAttributesManagerBase.h(184)::createObject : File (data/scene_datasets/gibson_semantic/./Pittsburg.glb) exists but is not a recognized config filename extension, so new default Stage Template attributes created and registered.
[19:51:43:668471]:[Metadata] AttributesManagerBase.h(380)::createFromJsonOrDefaultInternal : <Stage Template>: Proposing JSON name : data/scene_datasets/gibson_semantic/./Placida.stage_config.json from original name : data/scene_datasets/gibson_semantic/./Placida.glb| This file does not exist.
[19:51:43:668506]:[Metadata] AbstractObjectAttributesManagerBase.h(184)::createObject : File (data/scene_datasets/gibson_semantic/./Placida.glb) exists but is not a recognized config filename extension, so new default Stage Template attributes created and registered.
[19:51:43:668516]:[Metadata] AttributesManagerBase.h(380)::createFromJsonOrDefaultInternal : <Stage Template>: Proposing JSON name : data/scene_datasets/gibson_semantic/./Pleasant.stage_config.json from original name : data/scene_datasets/gibson_semantic/./Pleasant.glb| This file does not exist.
[19:51:43:668551]:[Metadata] AbstractObjectAttributesManagerBase.h(184)::createObject : File (data/scene_datasets/gibson_semantic/./Pleasant.glb) exists but is not a recognized config filename extension, so new default Stage Template attributes created and registered.
[19:51:43:668560]:[Metadata] AttributesManagerBase.h(380)::createFromJsonOrDefaultInternal : <Stage Template>: Proposing JSON name : data/scene_datasets/gibson_semantic/./Plumerville.stage_config.json from original name : data/scene_datasets/gibson_semantic/./Plumerville.glb| This file does not exist.
[19:51:43:668597]:[Metadata] AbstractObjectAttributesManagerBase.h(184)::createObject : File (data/scene_datasets/gibson_semantic/./Plumerville.glb) exists but is not a recognized config filename extension, so new default Stage Template attributes created and registered.
[19:51:43:668607]:[Metadata] AttributesManagerBase.h(380)::createFromJsonOrDefaultInternal : <Stage Template>: Proposing JSON name : data/scene_datasets/gibson_semantic/./Pocasset.stage_config.json from original name : data/scene_datasets/gibson_semantic/./Pocasset.glb| This file does not exist.
[19:51:43:668642]:[Metadata] AbstractObjectAttributesManagerBase.h(184)::createObject : File (data/scene_datasets/gibson_semantic/./Pocasset.glb) exists but is not a recognized config filename extension, so new default Stage Template attributes created and registered.
[19:51:43:668652]:[Metadata] AttributesManagerBase.h(380)::createFromJsonOrDefaultInternal : <Stage Template>: Proposing JSON name : data/scene_datasets/gibson_semantic/./Pocopson.stage_config.json from original name : data/scene_datasets/gibson_semantic/./Pocopson.glb| This file does not exist.
[19:51:43:668687]:[Metadata] AbstractObjectAttributesManagerBase.h(184)::createObject : File (data/scene_datasets/gibson_semantic/./Pocopson.glb) exists but is not a recognized config filename extension, so new default Stage Template attributes created and registered.
[19:51:43:668696]:[Metadata] AttributesManagerBase.h(380)::createFromJsonOrDefaultInternal : <Stage Template>: Proposing JSON name : data/scene_datasets/gibson_semantic/./Pomaria.stage_config.json from original name : data/scene_datasets/gibson_semantic/./Pomaria.glb| This file does not exist.
[19:51:43:668731]:[Metadata] AbstractObjectAttributesManagerBase.h(184)::createObject : File (data/scene_datasets/gibson_semantic/./Pomaria.glb) exists but is not a recognized config filename extension, so new default Stage Template attributes created and registered.
[19:51:43:668742]:[Metadata] AttributesManagerBase.h(380)::createFromJsonOrDefaultInternal : <Stage Template>: Proposing JSON name : data/scene_datasets/gibson_semantic/./Portal.stage_config.json from original name : data/scene_datasets/gibson_semantic/./Portal.glb| This file does not exist.
[19:51:43:668777]:[Metadata] AbstractObjectAttributesManagerBase.h(184)::createObject : File (data/scene_datasets/gibson_semantic/./Portal.glb) exists but is not a recognized config filename extension, so new default Stage Template attributes created and registered.
[19:51:43:668786]:[Metadata] AttributesManagerBase.h(380)::createFromJsonOrDefaultInternal : <Stage Template>: Proposing JSON name : data/scene_datasets/gibson_semantic/./Portola.stage_config.json from original name : data/scene_datasets/gibson_semantic/./Portola.glb| This file does not exist.
[19:51:43:668820]:[Metadata] AbstractObjectAttributesManagerBase.h(184)::createObject : File (data/scene_datasets/gibson_semantic/./Portola.glb) exists but is not a recognized config filename extension, so new default Stage Template attributes created and registered.
[19:51:43:668830]:[Metadata] AttributesManagerBase.h(380)::createFromJsonOrDefaultInternal : <Stage Template>: Proposing JSON name : data/scene_datasets/gibson_semantic/./Potosi.stage_config.json from original name : data/scene_datasets/gibson_semantic/./Potosi.glb| This file does not exist.
[19:51:43:668865]:[Metadata] AbstractObjectAttributesManagerBase.h(184)::createObject : File (data/scene_datasets/gibson_semantic/./Potosi.glb) exists but is not a recognized config filename extension, so new default Stage Template attributes created and registered.
[19:51:43:668875]:[Metadata] AttributesManagerBase.h(380)::createFromJsonOrDefaultInternal : <Stage Template>: Proposing JSON name : data/scene_datasets/gibson_semantic/./Potterville.stage_config.json from original name : data/scene_datasets/gibson_semantic/./Potterville.glb| This file does not exist.
[19:51:43:668909]:[Metadata] AbstractObjectAttributesManagerBase.h(184)::createObject : File (data/scene_datasets/gibson_semantic/./Potterville.glb) exists but is not a recognized config filename extension, so new default Stage Template attributes created and registered.
[19:51:43:668918]:[Metadata] AttributesManagerBase.h(380)::createFromJsonOrDefaultInternal : <Stage Template>: Proposing JSON name : data/scene_datasets/gibson_semantic/./Poyen.stage_config.json from original name : data/scene_datasets/gibson_semantic/./Poyen.glb| This file does not exist.
[19:51:43:668953]:[Metadata] AbstractObjectAttributesManagerBase.h(184)::createObject : File (data/scene_datasets/gibson_semantic/./Poyen.glb) exists but is not a recognized config filename extension, so new default Stage Template attributes created and registered.
[19:51:43:668963]:[Metadata] AttributesManagerBase.h(380)::createFromJsonOrDefaultInternal : <Stage Template>: Proposing JSON name : data/scene_datasets/gibson_semantic/./Quantico.stage_config.json from original name : data/scene_datasets/gibson_semantic/./Quantico.glb| This file does not exist.
[19:51:43:668997]:[Metadata] AbstractObjectAttributesManagerBase.h(184)::createObject : File (data/scene_datasets/gibson_semantic/./Quantico.glb) exists but is not a recognized config filename extension, so new default Stage Template attributes created and registered.
[19:51:43:669006]:[Metadata] AttributesManagerBase.h(380)::createFromJsonOrDefaultInternal : <Stage Template>: Proposing JSON name : data/scene_datasets/gibson_semantic/./Ranchester.stage_config.json from original name : data/scene_datasets/gibson_semantic/./Ranchester.glb| This file does not exist.
[19:51:43:669042]:[Metadata] AbstractObjectAttributesManagerBase.h(184)::createObject : File (data/scene_datasets/gibson_semantic/./Ranchester.glb) exists but is not a recognized config filename extension, so new default Stage Template attributes created and registered.
[19:51:43:669052]:[Metadata] AttributesManagerBase.h(380)::createFromJsonOrDefaultInternal : <Stage Template>: Proposing JSON name : data/scene_datasets/gibson_semantic/./Rancocas.stage_config.json from original name : data/scene_datasets/gibson_semantic/./Rancocas.glb| This file does not exist.
[19:51:43:669088]:[Metadata] AbstractObjectAttributesManagerBase.h(184)::createObject : File (data/scene_datasets/gibson_semantic/./Rancocas.glb) exists but is not a recognized config filename extension, so new default Stage Template attributes created and registered.
[19:51:43:669097]:[Metadata] AttributesManagerBase.h(380)::createFromJsonOrDefaultInternal : <Stage Template>: Proposing JSON name : data/scene_datasets/gibson_semantic/./Random.stage_config.json from original name : data/scene_datasets/gibson_semantic/./Random.glb| This file does not exist.
[19:51:43:669133]:[Metadata] AbstractObjectAttributesManagerBase.h(184)::createObject : File (data/scene_datasets/gibson_semantic/./Random.glb) exists but is not a recognized config filename extension, so new default Stage Template attributes created and registered.
[19:51:43:669143]:[Metadata] AttributesManagerBase.h(380)::createFromJsonOrDefaultInternal : <Stage Template>: Proposing JSON name : data/scene_datasets/gibson_semantic/./Readsboro.stage_config.json from original name : data/scene_datasets/gibson_semantic/./Readsboro.glb| This file does not exist.
[19:51:43:669178]:[Metadata] AbstractObjectAttributesManagerBase.h(184)::createObject : File (data/scene_datasets/gibson_semantic/./Readsboro.glb) exists but is not a recognized config filename extension, so new default Stage Template attributes created and registered.
[19:51:43:669187]:[Metadata] AttributesManagerBase.h(380)::createFromJsonOrDefaultInternal : <Stage Template>: Proposing JSON name : data/scene_datasets/gibson_semantic/./Redbank.stage_config.json from original name : data/scene_datasets/gibson_semantic/./Redbank.glb| This file does not exist.
[19:51:43:669222]:[Metadata] AbstractObjectAttributesManagerBase.h(184)::createObject : File (data/scene_datasets/gibson_semantic/./Redbank.glb) exists but is not a recognized config filename extension, so new default Stage Template attributes created and registered.
[19:51:43:669232]:[Metadata] AttributesManagerBase.h(380)::createFromJsonOrDefaultInternal : <Stage Template>: Proposing JSON name : data/scene_datasets/gibson_semantic/./Reserve.stage_config.json from original name : data/scene_datasets/gibson_semantic/./Reserve.glb| This file does not exist.
[19:51:43:669267]:[Metadata] AbstractObjectAttributesManagerBase.h(184)::createObject : File (data/scene_datasets/gibson_semantic/./Reserve.glb) exists but is not a recognized config filename extension, so new default Stage Template attributes created and registered.
[19:51:43:669276]:[Metadata] AttributesManagerBase.h(380)::createFromJsonOrDefaultInternal : <Stage Template>: Proposing JSON name : data/scene_datasets/gibson_semantic/./Retsof.stage_config.json from original name : data/scene_datasets/gibson_semantic/./Retsof.glb| This file does not exist.
[19:51:43:669312]:[Metadata] AbstractObjectAttributesManagerBase.h(184)::createObject : File (data/scene_datasets/gibson_semantic/./Retsof.glb) exists but is not a recognized config filename extension, so new default Stage Template attributes created and registered.
[19:51:43:669322]:[Metadata] AttributesManagerBase.h(380)::createFromJsonOrDefaultInternal : <Stage Template>: Proposing JSON name : data/scene_datasets/gibson_semantic/./Reyno.stage_config.json from original name : data/scene_datasets/gibson_semantic/./Reyno.glb| This file does not exist.
[19:51:43:669356]:[Metadata] AbstractObjectAttributesManagerBase.h(184)::createObject : File (data/scene_datasets/gibson_semantic/./Reyno.glb) exists but is not a recognized config filename extension, so new default Stage Template attributes created and registered.
[19:51:43:669367]:[Metadata] AttributesManagerBase.h(380)::createFromJsonOrDefaultInternal : <Stage Template>: Proposing JSON name : data/scene_datasets/gibson_semantic/./Ribera.stage_config.json from original name : data/scene_datasets/gibson_semantic/./Ribera.glb| This file does not exist.
[19:51:43:669401]:[Metadata] AbstractObjectAttributesManagerBase.h(184)::createObject : File (data/scene_datasets/gibson_semantic/./Ribera.glb) exists but is not a recognized config filename extension, so new default Stage Template attributes created and registered.
[19:51:43:669411]:[Metadata] AttributesManagerBase.h(380)::createFromJsonOrDefaultInternal : <Stage Template>: Proposing JSON name : data/scene_datasets/gibson_semantic/./Roane.stage_config.json from original name : data/scene_datasets/gibson_semantic/./Roane.glb| This file does not exist.
[19:51:43:669447]:[Metadata] AbstractObjectAttributesManagerBase.h(184)::createObject : File (data/scene_datasets/gibson_semantic/./Roane.glb) exists but is not a recognized config filename extension, so new default Stage Template attributes created and registered.
[19:51:43:669457]:[Metadata] AttributesManagerBase.h(380)::createFromJsonOrDefaultInternal : <Stage Template>: Proposing JSON name : data/scene_datasets/gibson_semantic/./Roeville.stage_config.json from original name : data/scene_datasets/gibson_semantic/./Roeville.glb| This file does not exist.
[19:51:43:669493]:[Metadata] AbstractObjectAttributesManagerBase.h(184)::createObject : File (data/scene_datasets/gibson_semantic/./Roeville.glb) exists but is not a recognized config filename extension, so new default Stage Template attributes created and registered.
[19:51:43:669503]:[Metadata] AttributesManagerBase.h(380)::createFromJsonOrDefaultInternal : <Stage Template>: Proposing JSON name : data/scene_datasets/gibson_semantic/./Rogue.stage_config.json from original name : data/scene_datasets/gibson_semantic/./Rogue.glb| This file does not exist.
[19:51:43:669537]:[Metadata] AbstractObjectAttributesManagerBase.h(184)::createObject : File (data/scene_datasets/gibson_semantic/./Rogue.glb) exists but is not a recognized config filename extension, so new default Stage Template attributes created and registered.
[19:51:43:669546]:[Metadata] AttributesManagerBase.h(380)::createFromJsonOrDefaultInternal : <Stage Template>: Proposing JSON name : data/scene_datasets/gibson_semantic/./Rosser.stage_config.json from original name : data/scene_datasets/gibson_semantic/./Rosser.glb| This file does not exist.
[19:51:43:669581]:[Metadata] AbstractObjectAttributesManagerBase.h(184)::createObject : File (data/scene_datasets/gibson_semantic/./Rosser.glb) exists but is not a recognized config filename extension, so new default Stage Template attributes created and registered.
[19:51:43:669590]:[Metadata] AttributesManagerBase.h(380)::createFromJsonOrDefaultInternal : <Stage Template>: Proposing JSON name : data/scene_datasets/gibson_semantic/./Rough.stage_config.json from original name : data/scene_datasets/gibson_semantic/./Rough.glb| This file does not exist.
[19:51:43:669624]:[Metadata] AbstractObjectAttributesManagerBase.h(184)::createObject : File (data/scene_datasets/gibson_semantic/./Rough.glb) exists but is not a recognized config filename extension, so new default Stage Template attributes created and registered.
[19:51:43:669634]:[Metadata] AttributesManagerBase.h(380)::createFromJsonOrDefaultInternal : <Stage Template>: Proposing JSON name : data/scene_datasets/gibson_semantic/./Roxboro.stage_config.json from original name : data/scene_datasets/gibson_semantic/./Roxboro.glb| This file does not exist.
[19:51:43:669669]:[Metadata] AbstractObjectAttributesManagerBase.h(184)::createObject : File (data/scene_datasets/gibson_semantic/./Roxboro.glb) exists but is not a recognized config filename extension, so new default Stage Template attributes created and registered.
[19:51:43:669679]:[Metadata] AttributesManagerBase.h(380)::createFromJsonOrDefaultInternal : <Stage Template>: Proposing JSON name : data/scene_datasets/gibson_semantic/./Ruckersville.stage_config.json from original name : data/scene_datasets/gibson_semantic/./Ruckersville.glb| This file does not exist.
[19:51:43:669714]:[Metadata] AbstractObjectAttributesManagerBase.h(184)::createObject : File (data/scene_datasets/gibson_semantic/./Ruckersville.glb) exists but is not a recognized config filename extension, so new default Stage Template attributes created and registered.
[19:51:43:669724]:[Metadata] AttributesManagerBase.h(380)::createFromJsonOrDefaultInternal : <Stage Template>: Proposing JSON name : data/scene_datasets/gibson_semantic/./Rutherford.stage_config.json from original name : data/scene_datasets/gibson_semantic/./Rutherford.glb| This file does not exist.
[19:51:43:669760]:[Metadata] AbstractObjectAttributesManagerBase.h(184)::createObject : File (data/scene_datasets/gibson_semantic/./Rutherford.glb) exists but is not a recognized config filename extension, so new default Stage Template attributes created and registered.
[19:51:43:669770]:[Metadata] AttributesManagerBase.h(380)::createFromJsonOrDefaultInternal : <Stage Template>: Proposing JSON name : data/scene_datasets/gibson_semantic/./Sagerton.stage_config.json from original name : data/scene_datasets/gibson_semantic/./Sagerton.glb| This file does not exist.
[19:51:43:669804]:[Metadata] AbstractObjectAttributesManagerBase.h(184)::createObject : File (data/scene_datasets/gibson_semantic/./Sagerton.glb) exists but is not a recognized config filename extension, so new default Stage Template attributes created and registered.
[19:51:43:669815]:[Metadata] AttributesManagerBase.h(380)::createFromJsonOrDefaultInternal : <Stage Template>: Proposing JSON name : data/scene_datasets/gibson_semantic/./Sanctuary.stage_config.json from original name : data/scene_datasets/gibson_semantic/./Sanctuary.glb| This file does not exist.
[19:51:43:669849]:[Metadata] AbstractObjectAttributesManagerBase.h(184)::createObject : File (data/scene_datasets/gibson_semantic/./Sanctuary.glb) exists but is not a recognized config filename extension, so new default Stage Template attributes created and registered.
[19:51:43:669858]:[Metadata] AttributesManagerBase.h(380)::createFromJsonOrDefaultInternal : <Stage Template>: Proposing JSON name : data/scene_datasets/gibson_semantic/./Sands.stage_config.json from original name : data/scene_datasets/gibson_semantic/./Sands.glb| This file does not exist.
[19:51:43:669893]:[Metadata] AbstractObjectAttributesManagerBase.h(184)::createObject : File (data/scene_datasets/gibson_semantic/./Sands.glb) exists but is not a recognized config filename extension, so new default Stage Template attributes created and registered.
[19:51:43:669902]:[Metadata] AttributesManagerBase.h(380)::createFromJsonOrDefaultInternal : <Stage Template>: Proposing JSON name : data/scene_datasets/gibson_semantic/./Sarcoxie.stage_config.json from original name : data/scene_datasets/gibson_semantic/./Sarcoxie.glb| This file does not exist.
[19:51:43:669937]:[Metadata] AbstractObjectAttributesManagerBase.h(184)::createObject : File (data/scene_datasets/gibson_semantic/./Sarcoxie.glb) exists but is not a recognized config filename extension, so new default Stage Template attributes created and registered.
[19:51:43:669947]:[Metadata] AttributesManagerBase.h(380)::createFromJsonOrDefaultInternal : <Stage Template>: Proposing JSON name : data/scene_datasets/gibson_semantic/./Sargents.stage_config.json from original name : data/scene_datasets/gibson_semantic/./Sargents.glb| This file does not exist.
[19:51:43:669983]:[Metadata] AbstractObjectAttributesManagerBase.h(184)::createObject : File (data/scene_datasets/gibson_semantic/./Sargents.glb) exists but is not a recognized config filename extension, so new default Stage Template attributes created and registered.
[19:51:43:669992]:[Metadata] AttributesManagerBase.h(380)::createFromJsonOrDefaultInternal : <Stage Template>: Proposing JSON name : data/scene_datasets/gibson_semantic/./Sasakwa.stage_config.json from original name : data/scene_datasets/gibson_semantic/./Sasakwa.glb| This file does not exist.
[19:51:43:670026]:[Metadata] AbstractObjectAttributesManagerBase.h(184)::createObject : File (data/scene_datasets/gibson_semantic/./Sasakwa.glb) exists but is not a recognized config filename extension, so new default Stage Template attributes created and registered.
[19:51:43:670035]:[Metadata] AttributesManagerBase.h(380)::createFromJsonOrDefaultInternal : <Stage Template>: Proposing JSON name : data/scene_datasets/gibson_semantic/./Sawpit.stage_config.json from original name : data/scene_datasets/gibson_semantic/./Sawpit.glb| This file does not exist.
[19:51:43:670070]:[Metadata] AbstractObjectAttributesManagerBase.h(184)::createObject : File (data/scene_datasets/gibson_semantic/./Sawpit.glb) exists but is not a recognized config filename extension, so new default Stage Template attributes created and registered.
[19:51:43:670079]:[Metadata] AttributesManagerBase.h(380)::createFromJsonOrDefaultInternal : <Stage Template>: Proposing JSON name : data/scene_datasets/gibson_semantic/./Scandinavia.stage_config.json from original name : data/scene_datasets/gibson_semantic/./Scandinavia.glb| This file does not exist.
[19:51:43:670113]:[Metadata] AbstractObjectAttributesManagerBase.h(184)::createObject : File (data/scene_datasets/gibson_semantic/./Scandinavia.glb) exists but is not a recognized config filename extension, so new default Stage Template attributes created and registered.
[19:51:43:670123]:[Metadata] AttributesManagerBase.h(380)::createFromJsonOrDefaultInternal : <Stage Template>: Proposing JSON name : data/scene_datasets/gibson_semantic/./Schiller.stage_config.json from original name : data/scene_datasets/gibson_semantic/./Schiller.glb| This file does not exist.
[19:51:43:670158]:[Metadata] AbstractObjectAttributesManagerBase.h(184)::createObject : File (data/scene_datasets/gibson_semantic/./Schiller.glb) exists but is not a recognized config filename extension, so new default Stage Template attributes created and registered.
[19:51:43:670167]:[Metadata] AttributesManagerBase.h(380)::createFromJsonOrDefaultInternal : <Stage Template>: Proposing JSON name : data/scene_datasets/gibson_semantic/./Schoolcraft.stage_config.json from original name : data/scene_datasets/gibson_semantic/./Schoolcraft.glb| This file does not exist.
[19:51:43:670203]:[Metadata] AbstractObjectAttributesManagerBase.h(184)::createObject : File (data/scene_datasets/gibson_semantic/./Schoolcraft.glb) exists but is not a recognized config filename extension, so new default Stage Template attributes created and registered.
[19:51:43:670212]:[Metadata] AttributesManagerBase.h(380)::createFromJsonOrDefaultInternal : <Stage Template>: Proposing JSON name : data/scene_datasets/gibson_semantic/./Scioto.stage_config.json from original name : data/scene_datasets/gibson_semantic/./Scioto.glb| This file does not exist.
[19:51:43:670246]:[Metadata] AbstractObjectAttributesManagerBase.h(184)::createObject : File (data/scene_datasets/gibson_semantic/./Scioto.glb) exists but is not a recognized config filename extension, so new default Stage Template attributes created and registered.
[19:51:43:670255]:[Metadata] AttributesManagerBase.h(380)::createFromJsonOrDefaultInternal : <Stage Template>: Proposing JSON name : data/scene_datasets/gibson_semantic/./Scottsmoor.stage_config.json from original name : data/scene_datasets/gibson_semantic/./Scottsmoor.glb| This file does not exist.
[19:51:43:670290]:[Metadata] AbstractObjectAttributesManagerBase.h(184)::createObject : File (data/scene_datasets/gibson_semantic/./Scottsmoor.glb) exists but is not a recognized config filename extension, so new default Stage Template attributes created and registered.
[19:51:43:670299]:[Metadata] AttributesManagerBase.h(380)::createFromJsonOrDefaultInternal : <Stage Template>: Proposing JSON name : data/scene_datasets/gibson_semantic/./Seatonville.stage_config.json from original name : data/scene_datasets/gibson_semantic/./Seatonville.glb| This file does not exist.
[19:51:43:670334]:[Metadata] AbstractObjectAttributesManagerBase.h(184)::createObject : File (data/scene_datasets/gibson_semantic/./Seatonville.glb) exists but is not a recognized config filename extension, so new default Stage Template attributes created and registered.
[19:51:43:670343]:[Metadata] AttributesManagerBase.h(380)::createFromJsonOrDefaultInternal : <Stage Template>: Proposing JSON name : data/scene_datasets/gibson_semantic/./Seeley.stage_config.json from original name : data/scene_datasets/gibson_semantic/./Seeley.glb| This file does not exist.
[19:51:43:670376]:[Metadata] AbstractObjectAttributesManagerBase.h(184)::createObject : File (data/scene_datasets/gibson_semantic/./Seeley.glb) exists but is not a recognized config filename extension, so new default Stage Template attributes created and registered.
[19:51:43:670386]:[Metadata] AttributesManagerBase.h(380)::createFromJsonOrDefaultInternal : <Stage Template>: Proposing JSON name : data/scene_datasets/gibson_semantic/./Seiling.stage_config.json from original name : data/scene_datasets/gibson_semantic/./Seiling.glb| This file does not exist.
[19:51:43:670423]:[Metadata] AbstractObjectAttributesManagerBase.h(184)::createObject : File (data/scene_datasets/gibson_semantic/./Seiling.glb) exists but is not a recognized config filename extension, so new default Stage Template attributes created and registered.
[19:51:43:670434]:[Metadata] AttributesManagerBase.h(380)::createFromJsonOrDefaultInternal : <Stage Template>: Proposing JSON name : data/scene_datasets/gibson_semantic/./Seward.stage_config.json from original name : data/scene_datasets/gibson_semantic/./Seward.glb| This file does not exist.
[19:51:43:670468]:[Metadata] AbstractObjectAttributesManagerBase.h(184)::createObject : File (data/scene_datasets/gibson_semantic/./Seward.glb) exists but is not a recognized config filename extension, so new default Stage Template attributes created and registered.
[19:51:43:670478]:[Metadata] AttributesManagerBase.h(380)::createFromJsonOrDefaultInternal : <Stage Template>: Proposing JSON name : data/scene_datasets/gibson_semantic/./Sharon.stage_config.json from original name : data/scene_datasets/gibson_semantic/./Sharon.glb| This file does not exist.
[19:51:43:670512]:[Metadata] AbstractObjectAttributesManagerBase.h(184)::createObject : File (data/scene_datasets/gibson_semantic/./Sharon.glb) exists but is not a recognized config filename extension, so new default Stage Template attributes created and registered.
[19:51:43:670521]:[Metadata] AttributesManagerBase.h(380)::createFromJsonOrDefaultInternal : <Stage Template>: Proposing JSON name : data/scene_datasets/gibson_semantic/./Shauck.stage_config.json from original name : data/scene_datasets/gibson_semantic/./Shauck.glb| This file does not exist.
[19:51:43:670555]:[Metadata] AbstractObjectAttributesManagerBase.h(184)::createObject : File (data/scene_datasets/gibson_semantic/./Shauck.glb) exists but is not a recognized config filename extension, so new default Stage Template attributes created and registered.
[19:51:43:670565]:[Metadata] AttributesManagerBase.h(380)::createFromJsonOrDefaultInternal : <Stage Template>: Proposing JSON name : data/scene_datasets/gibson_semantic/./Shelbiana.stage_config.json from original name : data/scene_datasets/gibson_semantic/./Shelbiana.glb| This file does not exist.
[19:51:43:670605]:[Metadata] AbstractObjectAttributesManagerBase.h(184)::createObject : File (data/scene_datasets/gibson_semantic/./Shelbiana.glb) exists but is not a recognized config filename extension, so new default Stage Template attributes created and registered.
[19:51:43:670615]:[Metadata] AttributesManagerBase.h(380)::createFromJsonOrDefaultInternal : <Stage Template>: Proposing JSON name : data/scene_datasets/gibson_semantic/./Shelbyville.stage_config.json from original name : data/scene_datasets/gibson_semantic/./Shelbyville.glb| This file does not exist.
[19:51:43:670662]:[Metadata] AbstractObjectAttributesManagerBase.h(184)::createObject : File (data/scene_datasets/gibson_semantic/./Shelbyville.glb) exists but is not a recognized config filename extension, so new default Stage Template attributes created and registered.
[19:51:43:670672]:[Metadata] AttributesManagerBase.h(380)::createFromJsonOrDefaultInternal : <Stage Template>: Proposing JSON name : data/scene_datasets/gibson_semantic/./Shellsburg.stage_config.json from original name : data/scene_datasets/gibson_semantic/./Shellsburg.glb| This file does not exist.
[19:51:43:670719]:[Metadata] AbstractObjectAttributesManagerBase.h(184)::createObject : File (data/scene_datasets/gibson_semantic/./Shellsburg.glb) exists but is not a recognized config filename extension, so new default Stage Template attributes created and registered.
[19:51:43:670729]:[Metadata] AttributesManagerBase.h(380)::createFromJsonOrDefaultInternal : <Stage Template>: Proposing JSON name : data/scene_datasets/gibson_semantic/./Sherrill.stage_config.json from original name : data/scene_datasets/gibson_semantic/./Sherrill.glb| This file does not exist.
[19:51:43:670776]:[Metadata] AbstractObjectAttributesManagerBase.h(184)::createObject : File (data/scene_datasets/gibson_semantic/./Sherrill.glb) exists but is not a recognized config filename extension, so new default Stage Template attributes created and registered.
[19:51:43:670787]:[Metadata] AttributesManagerBase.h(380)::createFromJsonOrDefaultInternal : <Stage Template>: Proposing JSON name : data/scene_datasets/gibson_semantic/./Shumway.stage_config.json from original name : data/scene_datasets/gibson_semantic/./Shumway.glb| This file does not exist.
[19:51:43:670834]:[Metadata] AbstractObjectAttributesManagerBase.h(184)::createObject : File (data/scene_datasets/gibson_semantic/./Shumway.glb) exists but is not a recognized config filename extension, so new default Stage Template attributes created and registered.
[19:51:43:670845]:[Metadata] AttributesManagerBase.h(380)::createFromJsonOrDefaultInternal : <Stage Template>: Proposing JSON name : data/scene_datasets/gibson_semantic/./Silas.stage_config.json from original name : data/scene_datasets/gibson_semantic/./Silas.glb| This file does not exist.
[19:51:43:670892]:[Metadata] AbstractObjectAttributesManagerBase.h(184)::createObject : File (data/scene_datasets/gibson_semantic/./Silas.glb) exists but is not a recognized config filename extension, so new default Stage Template attributes created and registered.
[19:51:43:670902]:[Metadata] AttributesManagerBase.h(380)::createFromJsonOrDefaultInternal : <Stage Template>: Proposing JSON name : data/scene_datasets/gibson_semantic/./Silerton.stage_config.json from original name : data/scene_datasets/gibson_semantic/./Silerton.glb| This file does not exist.
[19:51:43:670941]:[Metadata] AbstractObjectAttributesManagerBase.h(184)::createObject : File (data/scene_datasets/gibson_semantic/./Silerton.glb) exists but is not a recognized config filename extension, so new default Stage Template attributes created and registered.
[19:51:43:670950]:[Metadata] AttributesManagerBase.h(380)::createFromJsonOrDefaultInternal : <Stage Template>: Proposing JSON name : data/scene_datasets/gibson_semantic/./Silva.stage_config.json from original name : data/scene_datasets/gibson_semantic/./Silva.glb| This file does not exist.
[19:51:43:670997]:[Metadata] AbstractObjectAttributesManagerBase.h(184)::createObject : File (data/scene_datasets/gibson_semantic/./Silva.glb) exists but is not a recognized config filename extension, so new default Stage Template attributes created and registered.
[19:51:43:671007]:[Metadata] AttributesManagerBase.h(380)::createFromJsonOrDefaultInternal : <Stage Template>: Proposing JSON name : data/scene_datasets/gibson_semantic/./Siren.stage_config.json from original name : data/scene_datasets/gibson_semantic/./Siren.glb| This file does not exist.
[19:51:43:671056]:[Metadata] AbstractObjectAttributesManagerBase.h(184)::createObject : File (data/scene_datasets/gibson_semantic/./Siren.glb) exists but is not a recognized config filename extension, so new default Stage Template attributes created and registered.
[19:51:43:671066]:[Metadata] AttributesManagerBase.h(380)::createFromJsonOrDefaultInternal : <Stage Template>: Proposing JSON name : data/scene_datasets/gibson_semantic/./Sisters.stage_config.json from original name : data/scene_datasets/gibson_semantic/./Sisters.glb| This file does not exist.
[19:51:43:671109]:[Metadata] AbstractObjectAttributesManagerBase.h(184)::createObject : File (data/scene_datasets/gibson_semantic/./Sisters.glb) exists but is not a recognized config filename extension, so new default Stage Template attributes created and registered.
[19:51:43:671119]:[Metadata] AttributesManagerBase.h(380)::createFromJsonOrDefaultInternal : <Stage Template>: Proposing JSON name : data/scene_datasets/gibson_semantic/./Smoketown.stage_config.json from original name : data/scene_datasets/gibson_semantic/./Smoketown.glb| This file does not exist.
[19:51:43:671161]:[Metadata] AbstractObjectAttributesManagerBase.h(184)::createObject : File (data/scene_datasets/gibson_semantic/./Smoketown.glb) exists but is not a recognized config filename extension, so new default Stage Template attributes created and registered.
[19:51:43:671172]:[Metadata] AttributesManagerBase.h(380)::createFromJsonOrDefaultInternal : <Stage Template>: Proposing JSON name : data/scene_datasets/gibson_semantic/./Sodaville.stage_config.json from original name : data/scene_datasets/gibson_semantic/./Sodaville.glb| This file does not exist.
[19:51:43:671218]:[Metadata] AbstractObjectAttributesManagerBase.h(184)::createObject : File (data/scene_datasets/gibson_semantic/./Sodaville.glb) exists but is not a recognized config filename extension, so new default Stage Template attributes created and registered.
[19:51:43:671228]:[Metadata] AttributesManagerBase.h(380)::createFromJsonOrDefaultInternal : <Stage Template>: Proposing JSON name : data/scene_datasets/gibson_semantic/./Soldier.stage_config.json from original name : data/scene_datasets/gibson_semantic/./Soldier.glb| This file does not exist.
[19:51:43:671273]:[Metadata] AbstractObjectAttributesManagerBase.h(184)::createObject : File (data/scene_datasets/gibson_semantic/./Soldier.glb) exists but is not a recognized config filename extension, so new default Stage Template attributes created and registered.
[19:51:43:671283]:[Metadata] AttributesManagerBase.h(380)::createFromJsonOrDefaultInternal : <Stage Template>: Proposing JSON name : data/scene_datasets/gibson_semantic/./Southfield.stage_config.json from original name : data/scene_datasets/gibson_semantic/./Southfield.glb| This file does not exist.
[19:51:43:671322]:[Metadata] AbstractObjectAttributesManagerBase.h(184)::createObject : File (data/scene_datasets/gibson_semantic/./Southfield.glb) exists but is not a recognized config filename extension, so new default Stage Template attributes created and registered.
[19:51:43:671332]:[Metadata] AttributesManagerBase.h(380)::createFromJsonOrDefaultInternal : <Stage Template>: Proposing JSON name : data/scene_datasets/gibson_semantic/./Spencerville.stage_config.json from original name : data/scene_datasets/gibson_semantic/./Spencerville.glb| This file does not exist.
[19:51:43:671377]:[Metadata] AbstractObjectAttributesManagerBase.h(184)::createObject : File (data/scene_datasets/gibson_semantic/./Spencerville.glb) exists but is not a recognized config filename extension, so new default Stage Template attributes created and registered.
[19:51:43:671387]:[Metadata] AttributesManagerBase.h(380)::createFromJsonOrDefaultInternal : <Stage Template>: Proposing JSON name : data/scene_datasets/gibson_semantic/./Spotswood.stage_config.json from original name : data/scene_datasets/gibson_semantic/./Spotswood.glb| This file does not exist.
[19:51:43:671432]:[Metadata] AbstractObjectAttributesManagerBase.h(184)::createObject : File (data/scene_datasets/gibson_semantic/./Spotswood.glb) exists but is not a recognized config filename extension, so new default Stage Template attributes created and registered.
[19:51:43:671442]:[Metadata] AttributesManagerBase.h(380)::createFromJsonOrDefaultInternal : <Stage Template>: Proposing JSON name : data/scene_datasets/gibson_semantic/./Spread.stage_config.json from original name : data/scene_datasets/gibson_semantic/./Spread.glb| This file does not exist.
[19:51:43:671489]:[Metadata] AbstractObjectAttributesManagerBase.h(184)::createObject : File (data/scene_datasets/gibson_semantic/./Spread.glb) exists but is not a recognized config filename extension, so new default Stage Template attributes created and registered.
[19:51:43:671499]:[Metadata] AttributesManagerBase.h(380)::createFromJsonOrDefaultInternal : <Stage Template>: Proposing JSON name : data/scene_datasets/gibson_semantic/./Springerville.stage_config.json from original name : data/scene_datasets/gibson_semantic/./Springerville.glb| This file does not exist.
[19:51:43:671540]:[Metadata] AbstractObjectAttributesManagerBase.h(184)::createObject : File (data/scene_datasets/gibson_semantic/./Springerville.glb) exists but is not a recognized config filename extension, so new default Stage Template attributes created and registered.
[19:51:43:671550]:[Metadata] AttributesManagerBase.h(380)::createFromJsonOrDefaultInternal : <Stage Template>: Proposing JSON name : data/scene_datasets/gibson_semantic/./Springhill.stage_config.json from original name : data/scene_datasets/gibson_semantic/./Springhill.glb| This file does not exist.
[19:51:43:671594]:[Metadata] AbstractObjectAttributesManagerBase.h(184)::createObject : File (data/scene_datasets/gibson_semantic/./Springhill.glb) exists but is not a recognized config filename extension, so new default Stage Template attributes created and registered.
[19:51:43:671604]:[Metadata] AttributesManagerBase.h(380)::createFromJsonOrDefaultInternal : <Stage Template>: Proposing JSON name : data/scene_datasets/gibson_semantic/./Stanleyville.stage_config.json from original name : data/scene_datasets/gibson_semantic/./Stanleyville.glb| This file does not exist.
[19:51:43:671654]:[Metadata] AbstractObjectAttributesManagerBase.h(184)::createObject : File (data/scene_datasets/gibson_semantic/./Stanleyville.glb) exists but is not a recognized config filename extension, so new default Stage Template attributes created and registered.
[19:51:43:671665]:[Metadata] AttributesManagerBase.h(380)::createFromJsonOrDefaultInternal : <Stage Template>: Proposing JSON name : data/scene_datasets/gibson_semantic/./Starks.stage_config.json from original name : data/scene_datasets/gibson_semantic/./Starks.glb| This file does not exist.
[19:51:43:671709]:[Metadata] AbstractObjectAttributesManagerBase.h(184)::createObject : File (data/scene_datasets/gibson_semantic/./Starks.glb) exists but is not a recognized config filename extension, so new default Stage Template attributes created and registered.
[19:51:43:671720]:[Metadata] AttributesManagerBase.h(380)::createFromJsonOrDefaultInternal : <Stage Template>: Proposing JSON name : data/scene_datasets/gibson_semantic/./Stigler.stage_config.json from original name : data/scene_datasets/gibson_semantic/./Stigler.glb| This file does not exist.
[19:51:43:671767]:[Metadata] AbstractObjectAttributesManagerBase.h(184)::createObject : File (data/scene_datasets/gibson_semantic/./Stigler.glb) exists but is not a recognized config filename extension, so new default Stage Template attributes created and registered.
[19:51:43:671777]:[Metadata] AttributesManagerBase.h(380)::createFromJsonOrDefaultInternal : <Stage Template>: Proposing JSON name : data/scene_datasets/gibson_semantic/./Stilwell.stage_config.json from original name : data/scene_datasets/gibson_semantic/./Stilwell.glb| This file does not exist.
[19:51:43:671819]:[Metadata] AbstractObjectAttributesManagerBase.h(184)::createObject : File (data/scene_datasets/gibson_semantic/./Stilwell.glb) exists but is not a recognized config filename extension, so new default Stage Template attributes created and registered.
[19:51:43:671828]:[Metadata] AttributesManagerBase.h(380)::createFromJsonOrDefaultInternal : <Stage Template>: Proposing JSON name : data/scene_datasets/gibson_semantic/./Stockertown.stage_config.json from original name : data/scene_datasets/gibson_semantic/./Stockertown.glb| This file does not exist.
[19:51:43:671866]:[Metadata] AbstractObjectAttributesManagerBase.h(184)::createObject : File (data/scene_datasets/gibson_semantic/./Stockertown.glb) exists but is not a recognized config filename extension, so new default Stage Template attributes created and registered.
[19:51:43:671876]:[Metadata] AttributesManagerBase.h(380)::createFromJsonOrDefaultInternal : <Stage Template>: Proposing JSON name : data/scene_datasets/gibson_semantic/./Stockman.stage_config.json from original name : data/scene_datasets/gibson_semantic/./Stockman.glb| This file does not exist.
[19:51:43:671912]:[Metadata] AbstractObjectAttributesManagerBase.h(184)::createObject : File (data/scene_datasets/gibson_semantic/./Stockman.glb) exists but is not a recognized config filename extension, so new default Stage Template attributes created and registered.
[19:51:43:671921]:[Metadata] AttributesManagerBase.h(380)::createFromJsonOrDefaultInternal : <Stage Template>: Proposing JSON name : data/scene_datasets/gibson_semantic/./Stockwell.stage_config.json from original name : data/scene_datasets/gibson_semantic/./Stockwell.glb| This file does not exist.
[19:51:43:671960]:[Metadata] AbstractObjectAttributesManagerBase.h(184)::createObject : File (data/scene_datasets/gibson_semantic/./Stockwell.glb) exists but is not a recognized config filename extension, so new default Stage Template attributes created and registered.
[19:51:43:671970]:[Metadata] AttributesManagerBase.h(380)::createFromJsonOrDefaultInternal : <Stage Template>: Proposing JSON name : data/scene_datasets/gibson_semantic/./Stokes.stage_config.json from original name : data/scene_datasets/gibson_semantic/./Stokes.glb| This file does not exist.
[19:51:43:672007]:[Metadata] AbstractObjectAttributesManagerBase.h(184)::createObject : File (data/scene_datasets/gibson_semantic/./Stokes.glb) exists but is not a recognized config filename extension, so new default Stage Template attributes created and registered.
[19:51:43:672017]:[Metadata] AttributesManagerBase.h(380)::createFromJsonOrDefaultInternal : <Stage Template>: Proposing JSON name : data/scene_datasets/gibson_semantic/./Sugarville.stage_config.json from original name : data/scene_datasets/gibson_semantic/./Sugarville.glb| This file does not exist.
[19:51:43:672059]:[Metadata] AbstractObjectAttributesManagerBase.h(184)::createObject : File (data/scene_datasets/gibson_semantic/./Sugarville.glb) exists but is not a recognized config filename extension, so new default Stage Template attributes created and registered.
[19:51:43:672068]:[Metadata] AttributesManagerBase.h(380)::createFromJsonOrDefaultInternal : <Stage Template>: Proposing JSON name : data/scene_datasets/gibson_semantic/./Sultan.stage_config.json from original name : data/scene_datasets/gibson_semantic/./Sultan.glb| This file does not exist.
[19:51:43:672111]:[Metadata] AbstractObjectAttributesManagerBase.h(184)::createObject : File (data/scene_datasets/gibson_semantic/./Sultan.glb) exists but is not a recognized config filename extension, so new default Stage Template attributes created and registered.
[19:51:43:672122]:[Metadata] AttributesManagerBase.h(380)::createFromJsonOrDefaultInternal : <Stage Template>: Proposing JSON name : data/scene_datasets/gibson_semantic/./Sumas.stage_config.json from original name : data/scene_datasets/gibson_semantic/./Sumas.glb| This file does not exist.
[19:51:43:672165]:[Metadata] AbstractObjectAttributesManagerBase.h(184)::createObject : File (data/scene_datasets/gibson_semantic/./Sumas.glb) exists but is not a recognized config filename extension, so new default Stage Template attributes created and registered.
[19:51:43:672175]:[Metadata] AttributesManagerBase.h(380)::createFromJsonOrDefaultInternal : <Stage Template>: Proposing JSON name : data/scene_datasets/gibson_semantic/./Sundown.stage_config.json from original name : data/scene_datasets/gibson_semantic/./Sundown.glb| This file does not exist.
[19:51:43:672213]:[Metadata] AbstractObjectAttributesManagerBase.h(184)::createObject : File (data/scene_datasets/gibson_semantic/./Sundown.glb) exists but is not a recognized config filename extension, so new default Stage Template attributes created and registered.
[19:51:43:672222]:[Metadata] AttributesManagerBase.h(380)::createFromJsonOrDefaultInternal : <Stage Template>: Proposing JSON name : data/scene_datasets/gibson_semantic/./Sunshine.stage_config.json from original name : data/scene_datasets/gibson_semantic/./Sunshine.glb| This file does not exist.
[19:51:43:672260]:[Metadata] AbstractObjectAttributesManagerBase.h(184)::createObject : File (data/scene_datasets/gibson_semantic/./Sunshine.glb) exists but is not a recognized config filename extension, so new default Stage Template attributes created and registered.
[19:51:43:672270]:[Metadata] AttributesManagerBase.h(380)::createFromJsonOrDefaultInternal : <Stage Template>: Proposing JSON name : data/scene_datasets/gibson_semantic/./Superior.stage_config.json from original name : data/scene_datasets/gibson_semantic/./Superior.glb| This file does not exist.
[19:51:43:672311]:[Metadata] AbstractObjectAttributesManagerBase.h(184)::createObject : File (data/scene_datasets/gibson_semantic/./Superior.glb) exists but is not a recognized config filename extension, so new default Stage Template attributes created and registered.
[19:51:43:672321]:[Metadata] AttributesManagerBase.h(380)::createFromJsonOrDefaultInternal : <Stage Template>: Proposing JSON name : data/scene_datasets/gibson_semantic/./Sussex.stage_config.json from original name : data/scene_datasets/gibson_semantic/./Sussex.glb| This file does not exist.
[19:51:43:672355]:[Metadata] AbstractObjectAttributesManagerBase.h(184)::createObject : File (data/scene_datasets/gibson_semantic/./Sussex.glb) exists but is not a recognized config filename extension, so new default Stage Template attributes created and registered.
[19:51:43:672364]:[Metadata] AttributesManagerBase.h(380)::createFromJsonOrDefaultInternal : <Stage Template>: Proposing JSON name : data/scene_datasets/gibson_semantic/./Sweatman.stage_config.json from original name : data/scene_datasets/gibson_semantic/./Sweatman.glb| This file does not exist.
[19:51:43:672408]:[Metadata] AbstractObjectAttributesManagerBase.h(184)::createObject : File (data/scene_datasets/gibson_semantic/./Sweatman.glb) exists but is not a recognized config filename extension, so new default Stage Template attributes created and registered.
[19:51:43:672419]:[Metadata] AttributesManagerBase.h(380)::createFromJsonOrDefaultInternal : <Stage Template>: Proposing JSON name : data/scene_datasets/gibson_semantic/./Swisshome.stage_config.json from original name : data/scene_datasets/gibson_semantic/./Swisshome.glb| This file does not exist.
[19:51:43:672465]:[Metadata] AbstractObjectAttributesManagerBase.h(184)::createObject : File (data/scene_datasets/gibson_semantic/./Swisshome.glb) exists but is not a recognized config filename extension, so new default Stage Template attributes created and registered.
[19:51:43:672475]:[Metadata] AttributesManagerBase.h(380)::createFromJsonOrDefaultInternal : <Stage Template>: Proposing JSON name : data/scene_datasets/gibson_semantic/./Swormville.stage_config.json from original name : data/scene_datasets/gibson_semantic/./Swormville.glb| This file does not exist.
[19:51:43:672513]:[Metadata] AbstractObjectAttributesManagerBase.h(184)::createObject : File (data/scene_datasets/gibson_semantic/./Swormville.glb) exists but is not a recognized config filename extension, so new default Stage Template attributes created and registered.
[19:51:43:672522]:[Metadata] AttributesManagerBase.h(380)::createFromJsonOrDefaultInternal : <Stage Template>: Proposing JSON name : data/scene_datasets/gibson_semantic/./Tallmadge.stage_config.json from original name : data/scene_datasets/gibson_semantic/./Tallmadge.glb| This file does not exist.
[19:51:43:672564]:[Metadata] AbstractObjectAttributesManagerBase.h(184)::createObject : File (data/scene_datasets/gibson_semantic/./Tallmadge.glb) exists but is not a recognized config filename extension, so new default Stage Template attributes created and registered.
[19:51:43:672574]:[Metadata] AttributesManagerBase.h(380)::createFromJsonOrDefaultInternal : <Stage Template>: Proposing JSON name : data/scene_datasets/gibson_semantic/./Tansboro.stage_config.json from original name : data/scene_datasets/gibson_semantic/./Tansboro.glb| This file does not exist.
[19:51:43:672611]:[Metadata] AbstractObjectAttributesManagerBase.h(184)::createObject : File (data/scene_datasets/gibson_semantic/./Tansboro.glb) exists but is not a recognized config filename extension, so new default Stage Template attributes created and registered.
[19:51:43:672621]:[Metadata] AttributesManagerBase.h(380)::createFromJsonOrDefaultInternal : <Stage Template>: Proposing JSON name : data/scene_datasets/gibson_semantic/./Tariffville.stage_config.json from original name : data/scene_datasets/gibson_semantic/./Tariffville.glb| This file does not exist.
[19:51:43:672655]:[Metadata] AbstractObjectAttributesManagerBase.h(184)::createObject : File (data/scene_datasets/gibson_semantic/./Tariffville.glb) exists but is not a recognized config filename extension, so new default Stage Template attributes created and registered.
[19:51:43:672664]:[Metadata] AttributesManagerBase.h(380)::createFromJsonOrDefaultInternal : <Stage Template>: Proposing JSON name : data/scene_datasets/gibson_semantic/./Terrell.stage_config.json from original name : data/scene_datasets/gibson_semantic/./Terrell.glb| This file does not exist.
[19:51:43:672703]:[Metadata] AbstractObjectAttributesManagerBase.h(184)::createObject : File (data/scene_datasets/gibson_semantic/./Terrell.glb) exists but is not a recognized config filename extension, so new default Stage Template attributes created and registered.
[19:51:43:672713]:[Metadata] AttributesManagerBase.h(380)::createFromJsonOrDefaultInternal : <Stage Template>: Proposing JSON name : data/scene_datasets/gibson_semantic/./Texasville.stage_config.json from original name : data/scene_datasets/gibson_semantic/./Texasville.glb| This file does not exist.
[19:51:43:672756]:[Metadata] AbstractObjectAttributesManagerBase.h(184)::createObject : File (data/scene_datasets/gibson_semantic/./Texasville.glb) exists but is not a recognized config filename extension, so new default Stage Template attributes created and registered.
[19:51:43:672765]:[Metadata] AttributesManagerBase.h(380)::createFromJsonOrDefaultInternal : <Stage Template>: Proposing JSON name : data/scene_datasets/gibson_semantic/./Thrall.stage_config.json from original name : data/scene_datasets/gibson_semantic/./Thrall.glb| This file does not exist.
[19:51:43:672808]:[Metadata] AbstractObjectAttributesManagerBase.h(184)::createObject : File (data/scene_datasets/gibson_semantic/./Thrall.glb) exists but is not a recognized config filename extension, so new default Stage Template attributes created and registered.
[19:51:43:672817]:[Metadata] AttributesManagerBase.h(380)::createFromJsonOrDefaultInternal : <Stage Template>: Proposing JSON name : data/scene_datasets/gibson_semantic/./Tilghmanton.stage_config.json from original name : data/scene_datasets/gibson_semantic/./Tilghmanton.glb| This file does not exist.
[19:51:43:672851]:[Metadata] AbstractObjectAttributesManagerBase.h(184)::createObject : File (data/scene_datasets/gibson_semantic/./Tilghmanton.glb) exists but is not a recognized config filename extension, so new default Stage Template attributes created and registered.
[19:51:43:672860]:[Metadata] AttributesManagerBase.h(380)::createFromJsonOrDefaultInternal : <Stage Template>: Proposing JSON name : data/scene_datasets/gibson_semantic/./Tillman.stage_config.json from original name : data/scene_datasets/gibson_semantic/./Tillman.glb| This file does not exist.
[19:51:43:672903]:[Metadata] AbstractObjectAttributesManagerBase.h(184)::createObject : File (data/scene_datasets/gibson_semantic/./Tillman.glb) exists but is not a recognized config filename extension, so new default Stage Template attributes created and registered.
[19:51:43:672913]:[Metadata] AttributesManagerBase.h(380)::createFromJsonOrDefaultInternal : <Stage Template>: Proposing JSON name : data/scene_datasets/gibson_semantic/./Timberon.stage_config.json from original name : data/scene_datasets/gibson_semantic/./Timberon.glb| This file does not exist.
[19:51:43:672955]:[Metadata] AbstractObjectAttributesManagerBase.h(184)::createObject : File (data/scene_datasets/gibson_semantic/./Timberon.glb) exists but is not a recognized config filename extension, so new default Stage Template attributes created and registered.
[19:51:43:672965]:[Metadata] AttributesManagerBase.h(380)::createFromJsonOrDefaultInternal : <Stage Template>: Proposing JSON name : data/scene_datasets/gibson_semantic/./Tippecanoe.stage_config.json from original name : data/scene_datasets/gibson_semantic/./Tippecanoe.glb| This file does not exist.
[19:51:43:673003]:[Metadata] AbstractObjectAttributesManagerBase.h(184)::createObject : File (data/scene_datasets/gibson_semantic/./Tippecanoe.glb) exists but is not a recognized config filename extension, so new default Stage Template attributes created and registered.
[19:51:43:673013]:[Metadata] AttributesManagerBase.h(380)::createFromJsonOrDefaultInternal : <Stage Template>: Proposing JSON name : data/scene_datasets/gibson_semantic/./Tokeland.stage_config.json from original name : data/scene_datasets/gibson_semantic/./Tokeland.glb| This file does not exist.
[19:51:43:673049]:[Metadata] AbstractObjectAttributesManagerBase.h(184)::createObject : File (data/scene_datasets/gibson_semantic/./Tokeland.glb) exists but is not a recognized config filename extension, so new default Stage Template attributes created and registered.
[19:51:43:673059]:[Metadata] AttributesManagerBase.h(380)::createFromJsonOrDefaultInternal : <Stage Template>: Proposing JSON name : data/scene_datasets/gibson_semantic/./Tolstoy.stage_config.json from original name : data/scene_datasets/gibson_semantic/./Tolstoy.glb| This file does not exist.
[19:51:43:673097]:[Metadata] AbstractObjectAttributesManagerBase.h(184)::createObject : File (data/scene_datasets/gibson_semantic/./Tolstoy.glb) exists but is not a recognized config filename extension, so new default Stage Template attributes created and registered.
[19:51:43:673107]:[Metadata] AttributesManagerBase.h(380)::createFromJsonOrDefaultInternal : <Stage Template>: Proposing JSON name : data/scene_datasets/gibson_semantic/./Tomales.stage_config.json from original name : data/scene_datasets/gibson_semantic/./Tomales.glb| This file does not exist.
[19:51:43:673149]:[Metadata] AbstractObjectAttributesManagerBase.h(184)::createObject : File (data/scene_datasets/gibson_semantic/./Tomales.glb) exists but is not a recognized config filename extension, so new default Stage Template attributes created and registered.
[19:51:43:673159]:[Metadata] AttributesManagerBase.h(380)::createFromJsonOrDefaultInternal : <Stage Template>: Proposing JSON name : data/scene_datasets/gibson_semantic/./Tomkins.stage_config.json from original name : data/scene_datasets/gibson_semantic/./Tomkins.glb| This file does not exist.
[19:51:43:673196]:[Metadata] AbstractObjectAttributesManagerBase.h(184)::createObject : File (data/scene_datasets/gibson_semantic/./Tomkins.glb) exists but is not a recognized config filename extension, so new default Stage Template attributes created and registered.
[19:51:43:673206]:[Metadata] AttributesManagerBase.h(380)::createFromJsonOrDefaultInternal : <Stage Template>: Proposing JSON name : data/scene_datasets/gibson_semantic/./Torrington.stage_config.json from original name : data/scene_datasets/gibson_semantic/./Torrington.glb| This file does not exist.
[19:51:43:673244]:[Metadata] AbstractObjectAttributesManagerBase.h(184)::createObject : File (data/scene_datasets/gibson_semantic/./Torrington.glb) exists but is not a recognized config filename extension, so new default Stage Template attributes created and registered.
[19:51:43:673253]:[Metadata] AttributesManagerBase.h(380)::createFromJsonOrDefaultInternal : <Stage Template>: Proposing JSON name : data/scene_datasets/gibson_semantic/./Touhy.stage_config.json from original name : data/scene_datasets/gibson_semantic/./Touhy.glb| This file does not exist.
[19:51:43:673295]:[Metadata] AbstractObjectAttributesManagerBase.h(184)::createObject : File (data/scene_datasets/gibson_semantic/./Touhy.glb) exists but is not a recognized config filename extension, so new default Stage Template attributes created and registered.
[19:51:43:673304]:[Metadata] AttributesManagerBase.h(380)::createFromJsonOrDefaultInternal : <Stage Template>: Proposing JSON name : data/scene_datasets/gibson_semantic/./Tradewinds.stage_config.json from original name : data/scene_datasets/gibson_semantic/./Tradewinds.glb| This file does not exist.
[19:51:43:673339]:[Metadata] AbstractObjectAttributesManagerBase.h(184)::createObject : File (data/scene_datasets/gibson_semantic/./Tradewinds.glb) exists but is not a recognized config filename extension, so new default Stage Template attributes created and registered.
[19:51:43:673348]:[Metadata] AttributesManagerBase.h(380)::createFromJsonOrDefaultInternal : <Stage Template>: Proposing JSON name : data/scene_datasets/gibson_semantic/./Trail.stage_config.json from original name : data/scene_datasets/gibson_semantic/./Trail.glb| This file does not exist.
[19:51:43:673387]:[Metadata] AbstractObjectAttributesManagerBase.h(184)::createObject : File (data/scene_datasets/gibson_semantic/./Trail.glb) exists but is not a recognized config filename extension, so new default Stage Template attributes created and registered.
[19:51:43:673397]:[Metadata] AttributesManagerBase.h(380)::createFromJsonOrDefaultInternal : <Stage Template>: Proposing JSON name : data/scene_datasets/gibson_semantic/./Traver.stage_config.json from original name : data/scene_datasets/gibson_semantic/./Traver.glb| This file does not exist.
[19:51:43:673439]:[Metadata] AbstractObjectAttributesManagerBase.h(184)::createObject : File (data/scene_datasets/gibson_semantic/./Traver.glb) exists but is not a recognized config filename extension, so new default Stage Template attributes created and registered.
[19:51:43:673450]:[Metadata] AttributesManagerBase.h(380)::createFromJsonOrDefaultInternal : <Stage Template>: Proposing JSON name : data/scene_datasets/gibson_semantic/./Tyler.stage_config.json from original name : data/scene_datasets/gibson_semantic/./Tyler.glb| This file does not exist.
[19:51:43:673495]:[Metadata] AbstractObjectAttributesManagerBase.h(184)::createObject : File (data/scene_datasets/gibson_semantic/./Tyler.glb) exists but is not a recognized config filename extension, so new default Stage Template attributes created and registered.
[19:51:43:673505]:[Metadata] AttributesManagerBase.h(380)::createFromJsonOrDefaultInternal : <Stage Template>: Proposing JSON name : data/scene_datasets/gibson_semantic/./Umpqua.stage_config.json from original name : data/scene_datasets/gibson_semantic/./Umpqua.glb| This file does not exist.
[19:51:43:673546]:[Metadata] AbstractObjectAttributesManagerBase.h(184)::createObject : File (data/scene_datasets/gibson_semantic/./Umpqua.glb) exists but is not a recognized config filename extension, so new default Stage Template attributes created and registered.
[19:51:43:673556]:[Metadata] AttributesManagerBase.h(380)::createFromJsonOrDefaultInternal : <Stage Template>: Proposing JSON name : data/scene_datasets/gibson_semantic/./Uncertain.stage_config.json from original name : data/scene_datasets/gibson_semantic/./Uncertain.glb| This file does not exist.
[19:51:43:673589]:[Metadata] AbstractObjectAttributesManagerBase.h(184)::createObject : File (data/scene_datasets/gibson_semantic/./Uncertain.glb) exists but is not a recognized config filename extension, so new default Stage Template attributes created and registered.
[19:51:43:673599]:[Metadata] AttributesManagerBase.h(380)::createFromJsonOrDefaultInternal : <Stage Template>: Proposing JSON name : data/scene_datasets/gibson_semantic/./Upham.stage_config.json from original name : data/scene_datasets/gibson_semantic/./Upham.glb| This file does not exist.
[19:51:43:673647]:[Metadata] AbstractObjectAttributesManagerBase.h(184)::createObject : File (data/scene_datasets/gibson_semantic/./Upham.glb) exists but is not a recognized config filename extension, so new default Stage Template attributes created and registered.
[19:51:43:673658]:[Metadata] AttributesManagerBase.h(380)::createFromJsonOrDefaultInternal : <Stage Template>: Proposing JSON name : data/scene_datasets/gibson_semantic/./Vails.stage_config.json from original name : data/scene_datasets/gibson_semantic/./Vails.glb| This file does not exist.
[19:51:43:673700]:[Metadata] AbstractObjectAttributesManagerBase.h(184)::createObject : File (data/scene_datasets/gibson_semantic/./Vails.glb) exists but is not a recognized config filename extension, so new default Stage Template attributes created and registered.
[19:51:43:673710]:[Metadata] AttributesManagerBase.h(380)::createFromJsonOrDefaultInternal : <Stage Template>: Proposing JSON name : data/scene_datasets/gibson_semantic/./Victorville.stage_config.json from original name : data/scene_datasets/gibson_semantic/./Victorville.glb| This file does not exist.
[19:51:43:673753]:[Metadata] AbstractObjectAttributesManagerBase.h(184)::createObject : File (data/scene_datasets/gibson_semantic/./Victorville.glb) exists but is not a recognized config filename extension, so new default Stage Template attributes created and registered.
[19:51:43:673762]:[Metadata] AttributesManagerBase.h(380)::createFromJsonOrDefaultInternal : <Stage Template>: Proposing JSON name : data/scene_datasets/gibson_semantic/./Voorhees.stage_config.json from original name : data/scene_datasets/gibson_semantic/./Voorhees.glb| This file does not exist.
[19:51:43:673800]:[Metadata] AbstractObjectAttributesManagerBase.h(184)::createObject : File (data/scene_datasets/gibson_semantic/./Voorhees.glb) exists but is not a recognized config filename extension, so new default Stage Template attributes created and registered.
[19:51:43:673809]:[Metadata] AttributesManagerBase.h(380)::createFromJsonOrDefaultInternal : <Stage Template>: Proposing JSON name : data/scene_datasets/gibson_semantic/./Waimea.stage_config.json from original name : data/scene_datasets/gibson_semantic/./Waimea.glb| This file does not exist.
[19:51:43:673851]:[Metadata] AbstractObjectAttributesManagerBase.h(184)::createObject : File (data/scene_datasets/gibson_semantic/./Waimea.glb) exists but is not a recognized config filename extension, so new default Stage Template attributes created and registered.
[19:51:43:673862]:[Metadata] AttributesManagerBase.h(380)::createFromJsonOrDefaultInternal : <Stage Template>: Proposing JSON name : data/scene_datasets/gibson_semantic/./Wainscott.stage_config.json from original name : data/scene_datasets/gibson_semantic/./Wainscott.glb| This file does not exist.
[19:51:43:673896]:[Metadata] AbstractObjectAttributesManagerBase.h(184)::createObject : File (data/scene_datasets/gibson_semantic/./Wainscott.glb) exists but is not a recognized config filename extension, so new default Stage Template attributes created and registered.
[19:51:43:673905]:[Metadata] AttributesManagerBase.h(380)::createFromJsonOrDefaultInternal : <Stage Template>: Proposing JSON name : data/scene_datasets/gibson_semantic/./Waipahu.stage_config.json from original name : data/scene_datasets/gibson_semantic/./Waipahu.glb| This file does not exist.
[19:51:43:673946]:[Metadata] AbstractObjectAttributesManagerBase.h(184)::createObject : File (data/scene_datasets/gibson_semantic/./Waipahu.glb) exists but is not a recognized config filename extension, so new default Stage Template attributes created and registered.
[19:51:43:673956]:[Metadata] AttributesManagerBase.h(380)::createFromJsonOrDefaultInternal : <Stage Template>: Proposing JSON name : data/scene_datasets/gibson_semantic/./Waldenburg.stage_config.json from original name : data/scene_datasets/gibson_semantic/./Waldenburg.glb| This file does not exist.
[19:51:43:673996]:[Metadata] AbstractObjectAttributesManagerBase.h(184)::createObject : File (data/scene_datasets/gibson_semantic/./Waldenburg.glb) exists but is not a recognized config filename extension, so new default Stage Template attributes created and registered.
[19:51:43:674006]:[Metadata] AttributesManagerBase.h(380)::createFromJsonOrDefaultInternal : <Stage Template>: Proposing JSON name : data/scene_datasets/gibson_semantic/./Warrenville.stage_config.json from original name : data/scene_datasets/gibson_semantic/./Warrenville.glb| This file does not exist.
[19:51:43:674044]:[Metadata] AbstractObjectAttributesManagerBase.h(184)::createObject : File (data/scene_datasets/gibson_semantic/./Warrenville.glb) exists but is not a recognized config filename extension, so new default Stage Template attributes created and registered.
[19:51:43:674054]:[Metadata] AttributesManagerBase.h(380)::createFromJsonOrDefaultInternal : <Stage Template>: Proposing JSON name : data/scene_datasets/gibson_semantic/./Wattsville.stage_config.json from original name : data/scene_datasets/gibson_semantic/./Wattsville.glb| This file does not exist.
[19:51:43:674101]:[Metadata] AbstractObjectAttributesManagerBase.h(184)::createObject : File (data/scene_datasets/gibson_semantic/./Wattsville.glb) exists but is not a recognized config filename extension, so new default Stage Template attributes created and registered.
[19:51:43:674111]:[Metadata] AttributesManagerBase.h(380)::createFromJsonOrDefaultInternal : <Stage Template>: Proposing JSON name : data/scene_datasets/gibson_semantic/./Waucousta.stage_config.json from original name : data/scene_datasets/gibson_semantic/./Waucousta.glb| This file does not exist.
[19:51:43:674147]:[Metadata] AbstractObjectAttributesManagerBase.h(184)::createObject : File (data/scene_datasets/gibson_semantic/./Waucousta.glb) exists but is not a recognized config filename extension, so new default Stage Template attributes created and registered.
[19:51:43:674156]:[Metadata] AttributesManagerBase.h(380)::createFromJsonOrDefaultInternal : <Stage Template>: Proposing JSON name : data/scene_datasets/gibson_semantic/./Waukeenah.stage_config.json from original name : data/scene_datasets/gibson_semantic/./Waukeenah.glb| This file does not exist.
[19:51:43:674191]:[Metadata] AbstractObjectAttributesManagerBase.h(184)::createObject : File (data/scene_datasets/gibson_semantic/./Waukeenah.glb) exists but is not a recognized config filename extension, so new default Stage Template attributes created and registered.
[19:51:43:674200]:[Metadata] AttributesManagerBase.h(380)::createFromJsonOrDefaultInternal : <Stage Template>: Proposing JSON name : data/scene_datasets/gibson_semantic/./Webster.stage_config.json from original name : data/scene_datasets/gibson_semantic/./Webster.glb| This file does not exist.
[19:51:43:674234]:[Metadata] AbstractObjectAttributesManagerBase.h(184)::createObject : File (data/scene_datasets/gibson_semantic/./Webster.glb) exists but is not a recognized config filename extension, so new default Stage Template attributes created and registered.
[19:51:43:674244]:[Metadata] AttributesManagerBase.h(380)::createFromJsonOrDefaultInternal : <Stage Template>: Proposing JSON name : data/scene_datasets/gibson_semantic/./Weleetka.stage_config.json from original name : data/scene_datasets/gibson_semantic/./Weleetka.glb| This file does not exist.
[19:51:43:674281]:[Metadata] AbstractObjectAttributesManagerBase.h(184)::createObject : File (data/scene_datasets/gibson_semantic/./Weleetka.glb) exists but is not a recognized config filename extension, so new default Stage Template attributes created and registered.
[19:51:43:674291]:[Metadata] AttributesManagerBase.h(380)::createFromJsonOrDefaultInternal : <Stage Template>: Proposing JSON name : data/scene_datasets/gibson_semantic/./Wells.stage_config.json from original name : data/scene_datasets/gibson_semantic/./Wells.glb| This file does not exist.
[19:51:43:674341]:[Metadata] AbstractObjectAttributesManagerBase.h(184)::createObject : File (data/scene_datasets/gibson_semantic/./Wells.glb) exists but is not a recognized config filename extension, so new default Stage Template attributes created and registered.
[19:51:43:674351]:[Metadata] AttributesManagerBase.h(380)::createFromJsonOrDefaultInternal : <Stage Template>: Proposing JSON name : data/scene_datasets/gibson_semantic/./Wesley.stage_config.json from original name : data/scene_datasets/gibson_semantic/./Wesley.glb| This file does not exist.
[19:51:43:674388]:[Metadata] AbstractObjectAttributesManagerBase.h(184)::createObject : File (data/scene_datasets/gibson_semantic/./Wesley.glb) exists but is not a recognized config filename extension, so new default Stage Template attributes created and registered.
[19:51:43:674399]:[Metadata] AttributesManagerBase.h(380)::createFromJsonOrDefaultInternal : <Stage Template>: Proposing JSON name : data/scene_datasets/gibson_semantic/./Westerville.stage_config.json from original name : data/scene_datasets/gibson_semantic/./Westerville.glb| This file does not exist.
[19:51:43:674447]:[Metadata] AbstractObjectAttributesManagerBase.h(184)::createObject : File (data/scene_datasets/gibson_semantic/./Westerville.glb) exists but is not a recognized config filename extension, so new default Stage Template attributes created and registered.
[19:51:43:674457]:[Metadata] AttributesManagerBase.h(380)::createFromJsonOrDefaultInternal : <Stage Template>: Proposing JSON name : data/scene_datasets/gibson_semantic/./Westfield.stage_config.json from original name : data/scene_datasets/gibson_semantic/./Westfield.glb| This file does not exist.
[19:51:43:674505]:[Metadata] AbstractObjectAttributesManagerBase.h(184)::createObject : File (data/scene_datasets/gibson_semantic/./Westfield.glb) exists but is not a recognized config filename extension, so new default Stage Template attributes created and registered.
[19:51:43:674515]:[Metadata] AttributesManagerBase.h(380)::createFromJsonOrDefaultInternal : <Stage Template>: Proposing JSON name : data/scene_datasets/gibson_semantic/./Whiteriver.stage_config.json from original name : data/scene_datasets/gibson_semantic/./Whiteriver.glb| This file does not exist.
[19:51:43:674562]:[Metadata] AbstractObjectAttributesManagerBase.h(184)::createObject : File (data/scene_datasets/gibson_semantic/./Whiteriver.glb) exists but is not a recognized config filename extension, so new default Stage Template attributes created and registered.
[19:51:43:674572]:[Metadata] AttributesManagerBase.h(380)::createFromJsonOrDefaultInternal : <Stage Template>: Proposing JSON name : data/scene_datasets/gibson_semantic/./Whitethorn.stage_config.json from original name : data/scene_datasets/gibson_semantic/./Whitethorn.glb| This file does not exist.
[19:51:43:674606]:[Metadata] AbstractObjectAttributesManagerBase.h(184)::createObject : File (data/scene_datasets/gibson_semantic/./Whitethorn.glb) exists but is not a recognized config filename extension, so new default Stage Template attributes created and registered.
[19:51:43:674615]:[Metadata] AttributesManagerBase.h(380)::createFromJsonOrDefaultInternal : <Stage Template>: Proposing JSON name : data/scene_datasets/gibson_semantic/./Wiconisco.stage_config.json from original name : data/scene_datasets/gibson_semantic/./Wiconisco.glb| This file does not exist.
[19:51:43:674659]:[Metadata] AbstractObjectAttributesManagerBase.h(184)::createObject : File (data/scene_datasets/gibson_semantic/./Wiconisco.glb) exists but is not a recognized config filename extension, so new default Stage Template attributes created and registered.
[19:51:43:674669]:[Metadata] AttributesManagerBase.h(380)::createFromJsonOrDefaultInternal : <Stage Template>: Proposing JSON name : data/scene_datasets/gibson_semantic/./Wilbraham.stage_config.json from original name : data/scene_datasets/gibson_semantic/./Wilbraham.glb| This file does not exist.
[19:51:43:674711]:[Metadata] AbstractObjectAttributesManagerBase.h(184)::createObject : File (data/scene_datasets/gibson_semantic/./Wilbraham.glb) exists but is not a recognized config filename extension, so new default Stage Template attributes created and registered.
[19:51:43:674721]:[Metadata] AttributesManagerBase.h(380)::createFromJsonOrDefaultInternal : <Stage Template>: Proposing JSON name : data/scene_datasets/gibson_semantic/./Wilkinsburg.stage_config.json from original name : data/scene_datasets/gibson_semantic/./Wilkinsburg.glb| This file does not exist.
[19:51:43:674759]:[Metadata] AbstractObjectAttributesManagerBase.h(184)::createObject : File (data/scene_datasets/gibson_semantic/./Wilkinsburg.glb) exists but is not a recognized config filename extension, so new default Stage Template attributes created and registered.
[19:51:43:674769]:[Metadata] AttributesManagerBase.h(380)::createFromJsonOrDefaultInternal : <Stage Template>: Proposing JSON name : data/scene_datasets/gibson_semantic/./Willow.stage_config.json from original name : data/scene_datasets/gibson_semantic/./Willow.glb| This file does not exist.
[19:51:43:674805]:[Metadata] AbstractObjectAttributesManagerBase.h(184)::createObject : File (data/scene_datasets/gibson_semantic/./Willow.glb) exists but is not a recognized config filename extension, so new default Stage Template attributes created and registered.
[19:51:43:674815]:[Metadata] AttributesManagerBase.h(380)::createFromJsonOrDefaultInternal : <Stage Template>: Proposing JSON name : data/scene_datasets/gibson_semantic/./Wilseyville.stage_config.json from original name : data/scene_datasets/gibson_semantic/./Wilseyville.glb| This file does not exist.
[19:51:43:674859]:[Metadata] AbstractObjectAttributesManagerBase.h(184)::createObject : File (data/scene_datasets/gibson_semantic/./Wilseyville.glb) exists but is not a recognized config filename extension, so new default Stage Template attributes created and registered.
[19:51:43:674869]:[Metadata] AttributesManagerBase.h(380)::createFromJsonOrDefaultInternal : <Stage Template>: Proposing JSON name : data/scene_datasets/gibson_semantic/./Windhorst.stage_config.json from original name : data/scene_datasets/gibson_semantic/./Windhorst.glb| This file does not exist.
[19:51:43:674909]:[Metadata] AbstractObjectAttributesManagerBase.h(184)::createObject : File (data/scene_datasets/gibson_semantic/./Windhorst.glb) exists but is not a recognized config filename extension, so new default Stage Template attributes created and registered.
[19:51:43:674919]:[Metadata] AttributesManagerBase.h(380)::createFromJsonOrDefaultInternal : <Stage Template>: Proposing JSON name : data/scene_datasets/gibson_semantic/./Winfield.stage_config.json from original name : data/scene_datasets/gibson_semantic/./Winfield.glb| This file does not exist.
[19:51:43:674954]:[Metadata] AbstractObjectAttributesManagerBase.h(184)::createObject : File (data/scene_datasets/gibson_semantic/./Winfield.glb) exists but is not a recognized config filename extension, so new default Stage Template attributes created and registered.
[19:51:43:674963]:[Metadata] AttributesManagerBase.h(380)::createFromJsonOrDefaultInternal : <Stage Template>: Proposing JSON name : data/scene_datasets/gibson_semantic/./Winooski.stage_config.json from original name : data/scene_datasets/gibson_semantic/./Winooski.glb| This file does not exist.
[19:51:43:674998]:[Metadata] AbstractObjectAttributesManagerBase.h(184)::createObject : File (data/scene_datasets/gibson_semantic/./Winooski.glb) exists but is not a recognized config filename extension, so new default Stage Template attributes created and registered.
[19:51:43:675008]:[Metadata] AttributesManagerBase.h(380)::createFromJsonOrDefaultInternal : <Stage Template>: Proposing JSON name : data/scene_datasets/gibson_semantic/./Winthrop.stage_config.json from original name : data/scene_datasets/gibson_semantic/./Winthrop.glb| This file does not exist.
[19:51:43:675736]:[Metadata] AbstractObjectAttributesManagerBase.h(184)::createObject : File (data/scene_datasets/gibson_semantic/./Winthrop.glb) exists but is not a recognized config filename extension, so new default Stage Template attributes created and registered.
[19:51:43:675787]:[Metadata] AttributesManagerBase.h(380)::createFromJsonOrDefaultInternal : <Stage Template>: Proposing JSON name : data/scene_datasets/gibson_semantic/./Woodbine.stage_config.json from original name : data/scene_datasets/gibson_semantic/./Woodbine.glb| This file does not exist.
[19:51:43:675892]:[Metadata] AbstractObjectAttributesManagerBase.h(184)::createObject : File (data/scene_datasets/gibson_semantic/./Woodbine.glb) exists but is not a recognized config filename extension, so new default Stage Template attributes created and registered.
[19:51:43:675918]:[Metadata] AttributesManagerBase.h(380)::createFromJsonOrDefaultInternal : <Stage Template>: Proposing JSON name : data/scene_datasets/gibson_semantic/./Woonsocket.stage_config.json from original name : data/scene_datasets/gibson_semantic/./Woonsocket.glb| This file does not exist.
[19:51:43:675969]:[Metadata] AbstractObjectAttributesManagerBase.h(184)::createObject : File (data/scene_datasets/gibson_semantic/./Woonsocket.glb) exists but is not a recognized config filename extension, so new default Stage Template attributes created and registered.
[19:51:43:675979]:[Metadata] AttributesManagerBase.h(380)::createFromJsonOrDefaultInternal : <Stage Template>: Proposing JSON name : data/scene_datasets/gibson_semantic/./Wyatt.stage_config.json from original name : data/scene_datasets/gibson_semantic/./Wyatt.glb| This file does not exist.
[19:51:43:676021]:[Metadata] AbstractObjectAttributesManagerBase.h(184)::createObject : File (data/scene_datasets/gibson_semantic/./Wyatt.glb) exists but is not a recognized config filename extension, so new default Stage Template attributes created and registered.
[19:51:43:676030]:[Metadata] AttributesManagerBase.h(380)::createFromJsonOrDefaultInternal : <Stage Template>: Proposing JSON name : data/scene_datasets/gibson_semantic/./Wyldwood.stage_config.json from original name : data/scene_datasets/gibson_semantic/./Wyldwood.glb| This file does not exist.
[19:51:43:676071]:[Metadata] AbstractObjectAttributesManagerBase.h(184)::createObject : File (data/scene_datasets/gibson_semantic/./Wyldwood.glb) exists but is not a recognized config filename extension, so new default Stage Template attributes created and registered.
[19:51:43:676080]:[Metadata] AttributesManagerBase.h(380)::createFromJsonOrDefaultInternal : <Stage Template>: Proposing JSON name : data/scene_datasets/gibson_semantic/./Yadkinville.stage_config.json from original name : data/scene_datasets/gibson_semantic/./Yadkinville.glb| This file does not exist.
[19:51:43:676122]:[Metadata] AbstractObjectAttributesManagerBase.h(184)::createObject : File (data/scene_datasets/gibson_semantic/./Yadkinville.glb) exists but is not a recognized config filename extension, so new default Stage Template attributes created and registered.
[19:51:43:676132]:[Metadata] AttributesManagerBase.h(380)::createFromJsonOrDefaultInternal : <Stage Template>: Proposing JSON name : data/scene_datasets/gibson_semantic/./Yankeetown.stage_config.json from original name : data/scene_datasets/gibson_semantic/./Yankeetown.glb| This file does not exist.
[19:51:43:676175]:[Metadata] AbstractObjectAttributesManagerBase.h(184)::createObject : File (data/scene_datasets/gibson_semantic/./Yankeetown.glb) exists but is not a recognized config filename extension, so new default Stage Template attributes created and registered.
[19:51:43:676184]:[Metadata] AttributesManagerBase.h(380)::createFromJsonOrDefaultInternal : <Stage Template>: Proposing JSON name : data/scene_datasets/gibson_semantic/./Yscloskey.stage_config.json from original name : data/scene_datasets/gibson_semantic/./Yscloskey.glb| This file does not exist.
[19:51:43:676235]:[Metadata] AbstractObjectAttributesManagerBase.h(184)::createObject : File (data/scene_datasets/gibson_semantic/./Yscloskey.glb) exists but is not a recognized config filename extension, so new default Stage Template attributes created and registered.
[19:51:43:676242]:[Metadata] AttributesManagerBase.h(285)::loadAllFileBasedTemplates : <Stage Template> : Loaded file-based templates: 492
[19:51:43:676300]:[Metadata] AttributesManagerBase.h(360)::buildAttrSrcPathsFromJSONAndLoad : <Stage Template>:1paths specified in JSON doc forStage Templatetemplates.
[19:51:43:676310]:[Metadata] SceneDatasetAttributesManager.cpp(283)::readDatasetJSONCell : "scene_instances" cell in JSON config not appropriately configured. Skipping.
[19:51:43:676322]:[IO] JsonStlTypes.h(124)::readMember<std::map<std::__cxx11::basic_string<char>, std::__cxx11::basic_string<char> > > : Invalid JSON Object value specified in JSON config at semantic_scene_descriptor_instances ; Unable to populate std::map.
[19:51:43:676353]:[Metadata] SceneDatasetAttributesManager.cpp(37)::createObject : JSON Configuration File (data/scene_datasets/gibson_semantic/gibson.scene_dataset_config.json) based dataset attributes created  and registered.
[19:51:43:676360]:[Metadata] MetadataMediator.cpp(120)::createSceneDataset : Dataset data/scene_datasets/gibson_semantic/gibson.scene_dataset_config.json successfully created.
[19:51:43:676369]:[Metadata] MetadataMediator.cpp(217)::setActiveSceneDatasetName : Attempt to create new dataset data/scene_datasets/gibson_semantic/gibson.scene_dataset_config.json   succeeded. Currently active dataset : data/scene_datasets/gibson_semantic/gibson.scene_dataset_config.json
[19:51:43:676377]:[Metadata] MetadataMediator.cpp(175)::setCurrPhysicsAttributesHandle : Old physics manager attributes  changed to ./data/default.physics_config.json successfully.
[19:51:43:676386]:[Metadata] MetadataMediator.cpp(66)::setSimulatorConfiguration : Set new simulator config for scene/stage : data/scene_datasets/gibson_semantic/Wiconisco.glb and dataset : data/scene_datasets/gibson_semantic/gibson.scene_dataset_config.json which is currently active dataset.
Renderer: NVIDIA L40S/PCIe/SSE2 by NVIDIA Corporation
OpenGL version: 4.6.0 NVIDIA 580.159.04
Using optional features:
    GL_ARB_vertex_array_object
    GL_ARB_separate_shader_objects
    GL_ARB_robustness
    GL_ARB_texture_storage
    GL_ARB_texture_view
    GL_ARB_framebuffer_no_attachments
    GL_ARB_invalidate_subdata
    GL_ARB_texture_storage_multisample
    GL_ARB_multi_bind
    GL_ARB_direct_state_access
    GL_ARB_get_texture_sub_image
    GL_ARB_texture_filter_anisotropic
    GL_KHR_debug
    GL_KHR_parallel_shader_compile
    GL_NV_depth_buffer_float
Using driver workarounds:
    no-forward-compatible-core-context
    nv-egl-incorrect-gl11-function-pointers
    no-layout-qualifiers-on-old-glsl
    nv-zero-context-profile-mask
    nv-implementation-color-read-format-dsa-broken
    nv-cubemap-inconsistent-compressed-image-size
    nv-cubemap-broken-full-compressed-image-query
    nv-compressed-block-size-in-bits
[19:51:43:873804]:[Metadata] MetadataMediator.cpp(297)::getSceneInstanceAttributesByName : Dataset : data/scene_datasets/gibson_semantic/gibson.scene_dataset_config.json has no preloaded SceneInstanceAttributes or StageAttributes named : data/scene_datasets/gibson_semantic/Wiconisco.glb so loading/creating a new StageAttributes with this name, and then creating a SceneInstanceAttributes with the same name that references this stage.
[19:51:43:873837]:[Metadata] AttributesManagerBase.h(380)::createFromJsonOrDefaultInternal : <Stage Template>: Proposing JSON name : data/scene_datasets/gibson_semantic/Wiconisco.stage_config.json from original name : data/scene_datasets/gibson_semantic/Wiconisco.glb| This file does not exist.
[19:51:43:873902]:[Metadata] AbstractObjectAttributesManagerBase.h(184)::createObject : File (data/scene_datasets/gibson_semantic/Wiconisco.glb) exists but is not a recognized config filename extension, so new default Stage Template attributes created and registered.
[19:51:43:873969]:[Metadata] SceneDatasetAttributes.cpp(47)::addNewSceneInstanceToDataset : Dataset : 'gibson' : Stage Attributes 'data/scene_datasets/gibson_semantic/Wiconisco.glb' specified in Scene Attributes exists in dataset library.
[19:51:43:873978]:[Metadata] SceneDatasetAttributes.cpp(84)::addNewSceneInstanceToDataset : Dataset : 'gibson' : Lighting Layout Attributes 'no_lights' specified in Scene Attributes but does not exist in dataset, so creating.
[19:51:43:873990]:[Metadata] AttributesManagerBase.h(380)::createFromJsonOrDefaultInternal : <Lighting Layout>: Proposing JSON name : no_lights.lighting_config.json from original name : no_lights| This file does not exist.
[19:51:43:874005]:[Metadata] LightLayoutAttributesManager.cpp(38)::createObject : File (no_lights) not found, so new default light layout attributes created and registered.
[19:51:43:874015]:[Sim] Simulator.cpp(235)::createSceneInstance : Navmesh file location in scene instance : data/scene_datasets/gibson_semantic/Wiconisco.navmesh
[19:51:43:874032]:[Sim] Simulator.cpp(240)::createSceneInstance : Loading navmesh from data/scene_datasets/gibson_semantic/Wiconisco.navmesh
[19:51:43:874052]:[Nav] PathFinder.cpp(1035)::loadNavMesh : NavMeshSettings aren't present, guessing that they are the default
[19:51:43:874151]:[Sim] Simulator.cpp(242)::createSceneInstance : Navmesh Loaded.
[19:51:43:874178]:[Scene] SceneGraph.h(85)::createDrawableGroup : Created DrawableGroup: 
[19:51:43:874187]:[Assets] ResourceManager.cpp(308)::loadSemanticSceneDescriptor : SceneInstance : data/scene_datasets/gibson_semantic/Wiconisco.glb proposed Semantic Scene Descriptor filename : data/scene_datasets/gibson_semantic/Wiconisco.scn
[19:51:43:874385]:[Assets] ResourceManager.cpp(319)::loadSemanticSceneDescriptor : SSD with SceneInstanceAttributes-provided name  data/scene_datasets/gibson_semantic/Wiconisco.scn successfully found and loaded
[19:51:43:874405]:[Assets] ResourceManager.cpp(1666)::configureImporterManagerGLExtensions : Importing Basis files as BC7.
[19:51:43:874702]:[Sim] Simulator.cpp(309)::createSceneInstance : Using scene instance-specified Light key : - no_lights -
[19:51:43:874718]:[Metadata] MetadataMediator.cpp(66)::setSimulatorConfiguration : Set new simulator config for scene/stage : data/scene_datasets/gibson_semantic/Wiconisco.glb and dataset : data/scene_datasets/gibson_semantic/gibson.scene_dataset_config.json which is currently active dataset.
[19:51:43:874772]:[Sim] Simulator.cpp(419)::instanceStageForSceneAttributes : Start to load stage named : data/scene_datasets/gibson_semantic/Wiconisco.glb with render asset : data/scene_datasets/gibson_semantic/Wiconisco.glb and collision asset : data/scene_datasets/gibson_semantic/Wiconisco.glb
[19:51:43:874807]:[Assets] ResourceManager.cpp(702)::createStageAssetInfosFromAttributes : Frame :{"up":[0,0,1],"front":[0,1,0],"origin":[0,0,0]} for render mesh named : data/scene_datasets/gibson_semantic/Wiconisco.glb|{"up":[0,0,1],"front":[0,1,0],"origin":[0,0,0]} for semantic mesh named : data/scene_datasets/gibson_semantic/Wiconisco_semantic.ply with type specified as semantic|Semantic Txtrs : False
[19:51:43:874819]:[Assets] ResourceManager.cpp(442)::loadStage : Loading Semantic Stage mesh : data/scene_datasets/gibson_semantic/Wiconisco_semantic.ply
[19:51:43:874825]:[Scene] SceneGraph.h(85)::createDrawableGroup : Created DrawableGroup: 
[19:51:43:874834]:[Assets] ResourceManager.cpp(984)::loadStageInternal : Attempting to load stage data/scene_datasets/gibson_semantic/Wiconisco_semantic.ply 
[19:51:43:874844]:[Assets] ResourceManager.cpp(863)::loadRenderAsset : Loading Semantic Mesh asset named: data/scene_datasets/gibson_semantic/Wiconisco_semantic.ply
[19:51:43:874851]:[Assets] ResourceManager.cpp(1666)::configureImporterManagerGLExtensions : Importing Basis files as BC7.
[19:51:44:010383]:[Assets] ResourceManager.cpp(475)::loadStage : Semantic Stage mesh : data/scene_datasets/gibson_semantic/Wiconisco_semantic.ply loaded.
[19:51:44:010426]:[Assets] ResourceManager.cpp(518)::loadStage : Start load render asset data/scene_datasets/gibson_semantic/Wiconisco.glb .
[19:51:44:010434]:[Assets] ResourceManager.cpp(984)::loadStageInternal : Attempting to load stage data/scene_datasets/gibson_semantic/Wiconisco.glb 
[19:51:44:010456]:[Assets] ResourceManager.cpp(866)::loadRenderAsset : Loading general asset named: data/scene_datasets/gibson_semantic/Wiconisco.glb
[19:51:44:010465]:[Assets] ResourceManager.cpp(1666)::configureImporterManagerGLExtensions : Importing Basis files as BC7.
[19:51:46:605253]:[Assets] ResourceManager.cpp(2105)::loadMaterials : Building 2 materials for asset named 'Wiconisco.glb' : 
[19:51:46:605384]:[Assets] ResourceManager.cpp(2210)::loadMaterials : Idx 00:Flat.
[19:51:46:605408]:[Assets] ResourceManager.cpp(2210)::loadMaterials : Idx 01:Flat.
[19:51:46:638407]:[Sim] Simulator.cpp(446)::instanceStageForSceneAttributes : Successfully loaded stage named : data/scene_datasets/gibson_semantic/Wiconisco.glb
[19:51:46:638537]:[Sim] Simulator.cpp(203)::reconfigure : CreateSceneInstance success == true for active scene name : data/scene_datasets/gibson_semantic/Wiconisco.glb  with renderer.
[19:51:46:660364]:[Nav] PathFinder.cpp(571)::build : Building navmesh with 279 x 282 cells
[19:51:46:805451]:[Nav] PathFinder.cpp(845)::build : Created navmesh with 617 vertices 312 polygons
[19:51:46:805520]:[Sim] Simulator.cpp(908)::recomputeNavMesh : reconstruct navmesh successful
2026-07-21 19:51:46,809 Initializing task ObjectNav-v1
2026-07-21 19:51:47,878 agent number of parameters: 0
[traj] episode 125 — unknown
[traj] reset #1 -> episode 125
  0%|          | 0/400 [00:00<?, ?it/s]BLIP2ITMClient.cosine: (480, 640, 3), Seems like there is a potted plant ahead.
Step: 0 | Mode: initialize | Action: 2
BLIP2ITMClient.cosine: (480, 640, 3), Seems like there is a potted plant ahead.
Step: 1 | Mode: initialize | Action: 2
BLIP2ITMClient.cosine: (480, 640, 3), Seems like there is a potted plant ahead.
Step: 2 | Mode: initialize | Action: 2
BLIP2ITMClient.cosine: (480, 640, 3), Seems like there is a potted plant ahead.
Step: 3 | Mode: initialize | Action: 2
BLIP2ITMClient.cosine: (480, 640, 3), Seems like there is a potted plant ahead.
Step: 4 | Mode: initialize | Action: 2
BLIP2ITMClient.cosine: (480, 640, 3), Seems like there is a potted plant ahead.
Step: 5 | Mode: initialize | Action: 2
BLIP2ITMClient.cosine: (480, 640, 3), Seems like there is a potted plant ahead.
Step: 6 | Mode: initialize | Action: 2
BLIP2ITMClient.cosine: (480, 640, 3), Seems like there is a potted plant ahead.
Step: 7 | Mode: initialize | Action: 2
BLIP2ITMClient.cosine: (480, 640, 3), Seems like there is a potted plant ahead.
Step: 8 | Mode: initialize | Action: 2
BLIP2ITMClient.cosine: (480, 640, 3), Seems like there is a potted plant ahead.
Step: 9 | Mode: initialize | Action: 2
BLIP2ITMClient.cosine: (480, 640, 3), Seems like there is a potted plant ahead.
Step: 10 | Mode: initialize | Action: 2
BLIP2ITMClient.cosine: (480, 640, 3), Seems like there is a potted plant ahead.
Step: 11 | Mode: initialize | Action: 2
BLIP2ITMClient.cosine: (480, 640, 3), Seems like there is a potted plant ahead.
BLIP2ITMClient.cosine: (480, 640, 3), Seems like there is a potted plant ahead.
Best value: 10.84%
Step: 12 | Mode: explore | Action: 1
BLIP2ITMClient.cosine: (480, 640, 3), Seems like there is a potted plant ahead.
Sticking to last point.
Best value: 10.84%
Step: 13 | Mode: explore | Action: 2
BLIP2ITMClient.cosine: (480, 640, 3), Seems like there is a potted plant ahead.
Sticking to last point.
Best value: 10.84%
Step: 14 | Mode: explore | Action: 2
BLIP2ITMClient.cosine: (480, 640, 3), Seems like there is a potted plant ahead.
Sticking to last point.
Best value: 10.84%
Step: 15 | Mode: explore | Action: 2
BLIP2ITMClient.cosine: (480, 640, 3), Seems like there is a potted plant ahead.
Sticking to last point.
Best value: 10.84%
Step: 16 | Mode: explore | Action: 2
BLIP2ITMClient.cosine: (480, 640, 3), Seems like there is a potted plant ahead.
Sticking to last point.
Best value: 10.84%
Step: 17 | Mode: explore | Action: 2
BLIP2ITMClient.cosine: (480, 640, 3), Seems like there is a potted plant ahead.
BLIP2ITMClient.cosine: (480, 640, 3), Seems like there is a potted plant ahead.
Sticking to last point.
Best value: 10.84%
Step: 18 | Mode: explore | Action: 1
BLIP2ITMClient.cosine: (480, 640, 3), Seems like there is a potted plant ahead.
BLIP2ITMClient.cosine: (480, 640, 3), Seems like there is a potted plant ahead.
Sticking to last point.
Best value: 10.84%
Step: 19 | Mode: explore | Action: 1
BLIP2ITMClient.cosine: (480, 640, 3), Seems like there is a potted plant ahead.
BLIP2ITMClient.cosine: (480, 640, 3), Seems like there is a potted plant ahead.
Sticking to last point.
Best value: 12.01%
Step: 20 | Mode: explore | Action: 1
BLIP2ITMClient.cosine: (480, 640, 3), Seems like there is a potted plant ahead.
BLIP2ITMClient.cosine: (480, 640, 3), Seems like there is a potted plant ahead.
Sticking to last point.
Best value: 11.84%
Step: 21 | Mode: explore | Action: 1
BLIP2ITMClient.cosine: (480, 640, 3), Seems like there is a potted plant ahead.
BLIP2ITMClient.cosine: (480, 640, 3), Seems like there is a potted plant ahead.
Sticking to last point.
Best value: 11.20%
Step: 22 | Mode: explore | Action: 1
BLIP2ITMClient.cosine: (480, 640, 3), Seems like there is a potted plant ahead.
BLIP2ITMClient.cosine: (480, 640, 3), Seems like there is a potted plant ahead.
Sticking to last point.
Best value: 11.32%
Step: 23 | Mode: explore | Action: 2
BLIP2ITMClient.cosine: (480, 640, 3), Seems like there is a potted plant ahead.
BLIP2ITMClient.cosine: (480, 640, 3), Seems like there is a potted plant ahead.
Sticking to last point.
Best value: 11.32%
Step: 24 | Mode: explore | Action: 1
BLIP2ITMClient.cosine: (480, 640, 3), Seems like there is a potted plant ahead.
BLIP2ITMClient.cosine: (480, 640, 3), Seems like there is a potted plant ahead.
Best value: 9.89%
Step: 25 | Mode: explore | Action: 3
BLIP2ITMClient.cosine: (480, 640, 3), Seems like there is a potted plant ahead.
Sticking to last point.
Best value: 9.89%
Step: 26 | Mode: explore | Action: 1
BLIP2ITMClient.cosine: (480, 640, 3), Seems like there is a potted plant ahead.
BLIP2ITMClient.cosine: (480, 640, 3), Seems like there is a potted plant ahead.
Best value: 11.05%
Step: 27 | Mode: explore | Action: 1
BLIP2ITMClient.cosine: (480, 640, 3), Seems like there is a potted plant ahead.
BLIP2ITMClient.cosine: (480, 640, 3), Seems like there is a potted plant ahead.
Sticking to last point.
Best value: 10.49%
Step: 28 | Mode: explore | Action: 1
BLIP2ITMClient.cosine: (480, 640, 3), Seems like there is a potted plant ahead.
BLIP2ITMClient.cosine: (480, 640, 3), Seems like there is a potted plant ahead.
Sticking to last point.
Best value: 10.69%
Step: 29 | Mode: explore | Action: 1
BLIP2ITMClient.cosine: (480, 640, 3), Seems like there is a potted plant ahead.
BLIP2ITMClient.cosine: (480, 640, 3), Seems like there is a potted plant ahead.
Sticking to last point.
Best value: 9.97%
Step: 30 | Mode: explore | Action: 1
BLIP2ITMClient.cosine: (480, 640, 3), Seems like there is a potted plant ahead.
Best value: 11.05%
Step: 31 | Mode: explore | Action: 2
BLIP2ITMClient.cosine: (480, 640, 3), Seems like there is a potted plant ahead.
BLIP2ITMClient.cosine: (480, 640, 3), Seems like there is a potted plant ahead.
Sticking to last point.
Best value: 10.18%
Step: 32 | Mode: explore | Action: 1
BLIP2ITMClient.cosine: (480, 640, 3), Seems like there is a potted plant ahead.
Sticking to last point.
Best value: 10.18%
Step: 33 | Mode: explore | Action: 2
BLIP2ITMClient.cosine: (480, 640, 3), Seems like there is a potted plant ahead.
BLIP2ITMClient.cosine: (480, 640, 3), Seems like there is a potted plant ahead.
Sticking to last point.
Best value: 11.23%
Step: 34 | Mode: explore | Action: 1
BLIP2ITMClient.cosine: (480, 640, 3), Seems like there is a potted plant ahead.
Sticking to last point.
Best value: 11.23%
Step: 35 | Mode: explore | Action: 2
BLIP2ITMClient.cosine: (480, 640, 3), Seems like there is a potted plant ahead.
BLIP2ITMClient.cosine: (480, 640, 3), Seems like there is a potted plant ahead.
Sticking to last point.
Best value: 10.47%
Step: 36 | Mode: explore | Action: 2
BLIP2ITMClient.cosine: (480, 640, 3), Seems like there is a potted plant ahead.
BLIP2ITMClient.cosine: (480, 640, 3), Seems like there is a potted plant ahead.
Best value: 11.10%
Step: 37 | Mode: explore | Action: 1
BLIP2ITMClient.cosine: (480, 640, 3), Seems like there is a potted plant ahead.
BLIP2ITMClient.cosine: (480, 640, 3), Seems like there is a potted plant ahead.
Sticking to last point.
Best value: 10.35%
Step: 38 | Mode: explore | Action: 1
BLIP2ITMClient.cosine: (480, 640, 3), Seems like there is a potted plant ahead.
BLIP2ITMClient.cosine: (480, 640, 3), Seems like there is a potted plant ahead.
Best value: 11.10%
Step: 39 | Mode: explore | Action: 1
BLIP2ITMClient.cosine: (480, 640, 3), Seems like there is a potted plant ahead.
BLIP2ITMClient.cosine: (480, 640, 3), Seems like there is a potted plant ahead.
Sticking to last point.
Best value: 11.10%
Step: 40 | Mode: explore | Action: 1
BLIP2ITMClient.cosine: (480, 640, 3), Seems like there is a potted plant ahead.
BLIP2ITMClient.cosine: (480, 640, 3), Seems like there is a potted plant ahead.
Sticking to last point.
Best value: 11.10%
Step: 41 | Mode: explore | Action: 1
BLIP2ITMClient.cosine: (480, 640, 3), Seems like there is a potted plant ahead.
BLIP2ITMClient.cosine: (480, 640, 3), Seems like there is a potted plant ahead.
Sticking to last point.
Best value: 11.10%
Step: 42 | Mode: explore | Action: 1
BLIP2ITMClient.cosine: (480, 640, 3), Seems like there is a potted plant ahead.
BLIP2ITMClient.cosine: (480, 640, 3), Seems like there is a potted plant ahead.
Sticking to last point.
Best value: 11.10%
Step: 43 | Mode: explore | Action: 2
BLIP2ITMClient.cosine: (480, 640, 3), Seems like there is a potted plant ahead.
Sticking to last point.
Best value: 11.10%
Step: 44 | Mode: explore | Action: 1
BLIP2ITMClient.cosine: (480, 640, 3), Seems like there is a potted plant ahead.
BLIP2ITMClient.cosine: (480, 640, 3), Seems like there is a potted plant ahead.
Sticking to last point.
Best value: 11.10%
Step: 45 | Mode: explore | Action: 1
BLIP2ITMClient.cosine: (480, 640, 3), Seems like there is a potted plant ahead.
BLIP2ITMClient.cosine: (480, 640, 3), Seems like there is a potted plant ahead.
Sticking to last point.
Best value: 10.45%
Step: 46 | Mode: explore | Action: 3
BLIP2ITMClient.cosine: (480, 640, 3), Seems like there is a potted plant ahead.
BLIP2ITMClient.cosine: (480, 640, 3), Seems like there is a potted plant ahead.
Sticking to last point.
Best value: 10.45%
Step: 47 | Mode: explore | Action: 1
BLIP2ITMClient.cosine: (480, 640, 3), Seems like there is a potted plant ahead.
Sticking to last point.
Best value: 10.45%
Step: 48 | Mode: explore | Action: 1
BLIP2ITMClient.cosine: (480, 640, 3), Seems like there is a potted plant ahead.
BLIP2ITMClient.cosine: (480, 640, 3), Seems like there is a potted plant ahead.
Sticking to last point.
Best value: 9.97%
Step: 49 | Mode: explore | Action: 3
BLIP2ITMClient.cosine: (480, 640, 3), Seems like there is a potted plant ahead.
Sticking to last point.
Best value: 9.97%
Step: 50 | Mode: explore | Action: 3
BLIP2ITMClient.cosine: (480, 640, 3), Seems like there is a potted plant ahead.
Best value: 10.79%
Step: 51 | Mode: explore | Action: 2
BLIP2ITMClient.cosine: (480, 640, 3), Seems like there is a potted plant ahead.
Sticking to last point.
Best value: 10.79%
Step: 52 | Mode: explore | Action: 2
BLIP2ITMClient.cosine: (480, 640, 3), Seems like there is a potted plant ahead.
Sticking to last point.
Best value: 10.79%
Step: 53 | Mode: explore | Action: 2
BLIP2ITMClient.cosine: (480, 640, 3), Seems like there is a potted plant ahead.
Sticking to last point.
Best value: 10.79%
Step: 54 | Mode: explore | Action: 1
BLIP2ITMClient.cosine: (480, 640, 3), Seems like there is a potted plant ahead.
Sticking to last point.
Best value: 10.79%
Step: 55 | Mode: explore | Action: 1
BLIP2ITMClient.cosine: (480, 640, 3), Seems like there is a potted plant ahead.
Sticking to last point.
Best value: 10.79%
Step: 56 | Mode: explore | Action: 1
BLIP2ITMClient.cosine: (480, 640, 3), Seems like there is a potted plant ahead.
Sticking to last point.
Best value: 10.79%
Step: 57 | Mode: explore | Action: 2
BLIP2ITMClient.cosine: (480, 640, 3), Seems like there is a potted plant ahead.
Sticking to last point.
Best value: 10.79%
Step: 58 | Mode: explore | Action: 1
BLIP2ITMClient.cosine: (480, 640, 3), Seems like there is a potted plant ahead.
Sticking to last point.
Best value: 10.79%
Step: 59 | Mode: explore | Action: 2
BLIP2ITMClient.cosine: (480, 640, 3), Seems like there is a potted plant ahead.
Sticking to last point.
Best value: 10.79%
Step: 60 | Mode: explore | Action: 1
BLIP2ITMClient.cosine: (480, 640, 3), Seems like there is a potted plant ahead.
Sticking to last point.
Best value: 10.79%
Step: 61 | Mode: explore | Action: 2
BLIP2ITMClient.cosine: (480, 640, 3), Seems like there is a potted plant ahead.
Sticking to last point.
Best value: 10.79%
Step: 62 | Mode: explore | Action: 1
BLIP2ITMClient.cosine: (480, 640, 3), Seems like there is a potted plant ahead.
Sticking to last point.
Best value: 10.79%
Step: 63 | Mode: explore | Action: 3
BLIP2ITMClient.cosine: (480, 640, 3), Seems like there is a potted plant ahead.
Sticking to last point.
Best value: 10.79%
Step: 64 | Mode: explore | Action: 3
BLIP2ITMClient.cosine: (480, 640, 3), Seems like there is a potted plant ahead.
BLIP2ITMClient.cosine: (480, 640, 3), Seems like there is a potted plant ahead.
Best value: 10.69%
Step: 65 | Mode: explore | Action: 2
BLIP2ITMClient.cosine: (480, 640, 3), Seems like there is a potted plant ahead.
Sticking to last point.
Best value: 10.69%
Step: 66 | Mode: explore | Action: 2
BLIP2ITMClient.cosine: (480, 640, 3), Seems like there is a potted plant ahead.
Sticking to last point.
Best value: 10.69%
Step: 67 | Mode: explore | Action: 2
BLIP2ITMClient.cosine: (480, 640, 3), Seems like there is a potted plant ahead.
Sticking to last point.
Best value: 10.69%
Step: 68 | Mode: explore | Action: 2
BLIP2ITMClient.cosine: (480, 640, 3), Seems like there is a potted plant ahead.
Sticking to last point.
Best value: 10.69%
Step: 69 | Mode: explore | Action: 2
BLIP2ITMClient.cosine: (480, 640, 3), Seems like there is a potted plant ahead.
Sticking to last point.
Best value: 10.69%
Step: 70 | Mode: explore | Action: 1
BLIP2ITMClient.cosine: (480, 640, 3), Seems like there is a potted plant ahead.
Sticking to last point.
Best value: 10.69%
Step: 71 | Mode: explore | Action: 1
BLIP2ITMClient.cosine: (480, 640, 3), Seems like there is a potted plant ahead.
Sticking to last point.
Best value: 10.69%
Step: 72 | Mode: explore | Action: 1
BLIP2ITMClient.cosine: (480, 640, 3), Seems like there is a potted plant ahead.
Sticking to last point.
Best value: 10.69%
Step: 73 | Mode: explore | Action: 1
BLIP2ITMClient.cosine: (480, 640, 3), Seems like there is a potted plant ahead.
BLIP2ITMClient.cosine: (480, 640, 3), Seems like there is a potted plant ahead.
Sticking to last point.
Best value: 9.92%
Step: 74 | Mode: explore | Action: 1
BLIP2ITMClient.cosine: (480, 640, 3), Seems like there is a potted plant ahead.
BLIP2ITMClient.cosine: (480, 640, 3), Seems like there is a potted plant ahead.
Best value: 10.07%
Step: 75 | Mode: explore | Action: 3
BLIP2ITMClient.cosine: (480, 640, 3), Seems like there is a potted plant ahead.
BLIP2ITMClient.cosine: (480, 640, 3), Seems like there is a potted plant ahead.
Sticking to last point.
Best value: 10.07%
Step: 76 | Mode: explore | Action: 3
BLIP2ITMClient.cosine: (480, 640, 3), Seems like there is a potted plant ahead.
BLIP2ITMClient.cosine: (480, 640, 3), Seems like there is a potted plant ahead.
Sticking to last point.
Best value: 10.07%
Step: 77 | Mode: explore | Action: 3
BLIP2ITMClient.cosine: (480, 640, 3), Seems like there is a potted plant ahead.
Sticking to last point.
Best value: 10.07%
Step: 78 | Mode: explore | Action: 3
BLIP2ITMClient.cosine: (480, 640, 3), Seems like there is a potted plant ahead.
Sticking to last point.
Best value: 10.07%
Step: 79 | Mode: explore | Action: 3
BLIP2ITMClient.cosine: (480, 640, 3), Seems like there is a potted plant ahead.
Sticking to last point.
Best value: 10.07%
Step: 80 | Mode: explore | Action: 3
BLIP2ITMClient.cosine: (480, 640, 3), Seems like there is a potted plant ahead.
Sticking to last point.
Best value: 10.07%
Step: 81 | Mode: explore | Action: 1
BLIP2ITMClient.cosine: (480, 640, 3), Seems like there is a potted plant ahead.
Sticking to last point.
Best value: 10.07%
Step: 82 | Mode: explore | Action: 1
BLIP2ITMClient.cosine: (480, 640, 3), Seems like there is a potted plant ahead.
BLIP2ITMClient.cosine: (480, 640, 3), Seems like there is a potted plant ahead.
Sticking to last point.
Best value: 10.07%
Step: 83 | Mode: explore | Action: 1
BLIP2ITMClient.cosine: (480, 640, 3), Seems like there is a potted plant ahead.
Sticking to last point.
Best value: 10.07%
Step: 84 | Mode: explore | Action: 1
BLIP2ITMClient.cosine: (480, 640, 3), Seems like there is a potted plant ahead.
Sticking to last point.
Best value: 10.07%
Step: 85 | Mode: explore | Action: 1
BLIP2ITMClient.cosine: (480, 640, 3), Seems like there is a potted plant ahead.
Sticking to last point.
Best value: 10.07%
Step: 86 | Mode: explore | Action: 1
BLIP2ITMClient.cosine: (480, 640, 3), Seems like there is a potted plant ahead.
Sticking to last point.
Best value: 10.07%
Step: 87 | Mode: explore | Action: 1
BLIP2ITMClient.cosine: (480, 640, 3), Seems like there is a potted plant ahead.
Sticking to last point.
Best value: 10.07%
Step: 88 | Mode: explore | Action: 1
BLIP2ITMClient.cosine: (480, 640, 3), Seems like there is a potted plant ahead.
Sticking to last point.
Best value: 10.07%
Step: 89 | Mode: explore | Action: 1
BLIP2ITMClient.cosine: (480, 640, 3), Seems like there is a potted plant ahead.
Sticking to last point.
Best value: 10.07%
Step: 90 | Mode: explore | Action: 2
BLIP2ITMClient.cosine: (480, 640, 3), Seems like there is a potted plant ahead.
Sticking to last point.
Best value: 10.07%
Step: 91 | Mode: explore | Action: 1
BLIP2ITMClient.cosine: (480, 640, 3), Seems like there is a potted plant ahead.
Sticking to last point.
Best value: 10.07%
Step: 92 | Mode: explore | Action: 1
BLIP2ITMClient.cosine: (480, 640, 3), Seems like there is a potted plant ahead.
BLIP2ITMClient.cosine: (480, 640, 3), Seems like there is a potted plant ahead.
Sticking to last point.
Best value: 18.09%
Step: 93 | Mode: explore | Action: 1
BLIP2ITMClient.cosine: (480, 640, 3), Seems like there is a potted plant ahead.
BLIP2ITMClient.cosine: (480, 640, 3), Seems like there is a potted plant ahead.
Sticking to last point.
Best value: 18.09%
Step: 94 | Mode: explore | Action: 1
BLIP2ITMClient.cosine: (480, 640, 3), Seems like there is a potted plant ahead.
BLIP2ITMClient.cosine: (480, 640, 3), Seems like there is a potted plant ahead.
Sticking to last point.
Best value: 18.09%
Step: 95 | Mode: explore | Action: 3
BLIP2ITMClient.cosine: (480, 640, 3), Seems like there is a potted plant ahead.
BLIP2ITMClient.cosine: (480, 640, 3), Seems like there is a potted plant ahead.
Best value: 10.85%
Step: 96 | Mode: explore | Action: 1
BLIP2ITMClient.cosine: (480, 640, 3), Seems like there is a potted plant ahead.
BLIP2ITMClient.cosine: (480, 640, 3), Seems like there is a potted plant ahead.
Best value: 10.67%
Step: 97 | Mode: explore | Action: 2
BLIP2ITMClient.cosine: (480, 640, 3), Seems like there is a potted plant ahead.
Sticking to last point.
Best value: 10.67%
Step: 98 | Mode: explore | Action: 2
BLIP2ITMClient.cosine: (480, 640, 3), Seems like there is a potted plant ahead.
Sticking to last point.
Best value: 10.67%
Step: 99 | Mode: explore | Action: 2
BLIP2ITMClient.cosine: (480, 640, 3), Seems like there is a potted plant ahead.
Sticking to last point.
Best value: 10.67%
Step: 100 | Mode: explore | Action: 2
BLIP2ITMClient.cosine: (480, 640, 3), Seems like there is a potted plant ahead.
Sticking to last point.
Best value: 10.67%
Step: 101 | Mode: explore | Action: 2
BLIP2ITMClient.cosine: (480, 640, 3), Seems like there is a potted plant ahead.
Sticking to last point.
Best value: 10.67%
Step: 102 | Mode: explore | Action: 2
BLIP2ITMClient.cosine: (480, 640, 3), Seems like there is a potted plant ahead.
Step: 103 | Mode: navigate | Action: 2
BLIP2ITMClient.cosine: (480, 640, 3), Seems like there is a potted plant ahead.
Step: 104 | Mode: navigate | Action: 3
BLIP2ITMClient.cosine: (480, 640, 3), Seems like there is a potted plant ahead.
Step: 105 | Mode: navigate | Action: 1
BLIP2ITMClient.cosine: (480, 640, 3), Seems like there is a potted plant ahead.
Step: 106 | Mode: navigate | Action: 2
BLIP2ITMClient.cosine: (480, 640, 3), Seems like there is a potted plant ahead.
Step: 107 | Mode: navigate | Action: 1
BLIP2ITMClient.cosine: (480, 640, 3), Seems like there is a potted plant ahead.
Step: 108 | Mode: navigate | Action: 1
BLIP2ITMClient.cosine: (480, 640, 3), Seems like there is a potted plant ahead.
BLIP2ITMClient.cosine: (480, 640, 3), Seems like there is a potted plant ahead.
Sticking to last point.
Best value: 10.67%
Step: 109 | Mode: explore | Action: 1
BLIP2ITMClient.cosine: (480, 640, 3), Seems like there is a potted plant ahead.
Sticking to last point.
Best value: 10.67%
Step: 110 | Mode: explore | Action: 1
BLIP2ITMClient.cosine: (480, 640, 3), Seems like there is a potted plant ahead.
Sticking to last point.
Best value: 10.67%
Step: 111 | Mode: explore | Action: 3
BLIP2ITMClient.cosine: (480, 640, 3), Seems like there is a potted plant ahead.
Sticking to last point.
Best value: 10.67%
Step: 112 | Mode: explore | Action: 1
BLIP2ITMClient.cosine: (480, 640, 3), Seems like there is a potted plant ahead.
Sticking to last point.
Best value: 10.67%
Step: 113 | Mode: explore | Action: 1
BLIP2ITMClient.cosine: (480, 640, 3), Seems like there is a potted plant ahead.
Sticking to last point.
Best value: 10.67%
Step: 114 | Mode: explore | Action: 1
BLIP2ITMClient.cosine: (480, 640, 3), Seems like there is a potted plant ahead.
Sticking to last point.
Best value: 10.67%
Step: 115 | Mode: explore | Action: 1
BLIP2ITMClient.cosine: (480, 640, 3), Seems like there is a potted plant ahead.
Sticking to last point.
Best value: 10.67%
Step: 116 | Mode: explore | Action: 1
BLIP2ITMClient.cosine: (480, 640, 3), Seems like there is a potted plant ahead.
Sticking to last point.
Best value: 10.67%
Step: 117 | Mode: explore | Action: 1
BLIP2ITMClient.cosine: (480, 640, 3), Seems like there is a potted plant ahead.
Sticking to last point.
Best value: 10.67%
Step: 118 | Mode: explore | Action: 1
BLIP2ITMClient.cosine: (480, 640, 3), Seems like there is a potted plant ahead.
Sticking to last point.
Best value: 10.67%
Step: 119 | Mode: explore | Action: 1
BLIP2ITMClient.cosine: (480, 640, 3), Seems like there is a potted plant ahead.
Sticking to last point.
Best value: 10.67%
Step: 120 | Mode: explore | Action: 1
BLIP2ITMClient.cosine: (480, 640, 3), Seems like there is a potted plant ahead.
Sticking to last point.
Best value: 10.67%
Step: 121 | Mode: explore | Action: 3
BLIP2ITMClient.cosine: (480, 640, 3), Seems like there is a potted plant ahead.
Sticking to last point.
Best value: 10.67%
Step: 122 | Mode: explore | Action: 1
BLIP2ITMClient.cosine: (480, 640, 3), Seems like there is a potted plant ahead.
BLIP2ITMClient.cosine: (480, 640, 3), Seems like there is a potted plant ahead.
Sticking to last point.
Best value: 10.65%
Step: 123 | Mode: explore | Action: 1
BLIP2ITMClient.cosine: (480, 640, 3), Seems like there is a potted plant ahead.
BLIP2ITMClient.cosine: (480, 640, 3), Seems like there is a potted plant ahead.
Sticking to last point.
Best value: 10.65%
Step: 124 | Mode: explore | Action: 1
BLIP2ITMClient.cosine: (480, 640, 3), Seems like there is a potted plant ahead.
BLIP2ITMClient.cosine: (480, 640, 3), Seems like there is a potted plant ahead.
Sticking to last point.
Best value: 11.00%
Step: 125 | Mode: explore | Action: 1
BLIP2ITMClient.cosine: (480, 640, 3), Seems like there is a potted plant ahead.
BLIP2ITMClient.cosine: (480, 640, 3), Seems like there is a potted plant ahead.
Sticking to last point.
Best value: 11.31%
Step: 126 | Mode: explore | Action: 1
BLIP2ITMClient.cosine: (480, 640, 3), Seems like there is a potted plant ahead.
BLIP2ITMClient.cosine: (480, 640, 3), Seems like there is a potted plant ahead.
Sticking to last point.
Best value: 10.99%
Step: 127 | Mode: explore | Action: 1
BLIP2ITMClient.cosine: (480, 640, 3), Seems like there is a potted plant ahead.
BLIP2ITMClient.cosine: (480, 640, 3), Seems like there is a potted plant ahead.
Sticking to last point.
Best value: 10.97%
Step: 128 | Mode: explore | Action: 1
BLIP2ITMClient.cosine: (480, 640, 3), Seems like there is a potted plant ahead.
Sticking to last point.
Best value: 10.97%
Step: 129 | Mode: explore | Action: 1
BLIP2ITMClient.cosine: (480, 640, 3), Seems like there is a potted plant ahead.
Sticking to last point.
Best value: 10.97%
Step: 130 | Mode: explore | Action: 1
BLIP2ITMClient.cosine: (480, 640, 3), Seems like there is a potted plant ahead.
BLIP2ITMClient.cosine: (480, 640, 3), Seems like there is a potted plant ahead.
Sticking to last point.
Best value: 10.97%
Step: 131 | Mode: explore | Action: 3
BLIP2ITMClient.cosine: (480, 640, 3), Seems like there is a potted plant ahead.
BLIP2ITMClient.cosine: (480, 640, 3), Seems like there is a potted plant ahead.
Best value: 11.06%
Step: 132 | Mode: explore | Action: 3
BLIP2ITMClient.cosine: (480, 640, 3), Seems like there is a potted plant ahead.
BLIP2ITMClient.cosine: (480, 640, 3), Seems like there is a potted plant ahead.
Sticking to last point.
Best value: 11.06%
Step: 133 | Mode: explore | Action: 3
BLIP2ITMClient.cosine: (480, 640, 3), Seems like there is a potted plant ahead.
Sticking to last point.
Best value: 11.06%
Step: 134 | Mode: explore | Action: 3
BLIP2ITMClient.cosine: (480, 640, 3), Seems like there is a potted plant ahead.
Sticking to last point.
Best value: 11.06%
Step: 135 | Mode: explore | Action: 3
BLIP2ITMClient.cosine: (480, 640, 3), Seems like there is a potted plant ahead.
Sticking to last point.
Best value: 11.06%
Step: 136 | Mode: explore | Action: 3
BLIP2ITMClient.cosine: (480, 640, 3), Seems like there is a potted plant ahead.
Sticking to last point.
Best value: 11.06%
Step: 137 | Mode: explore | Action: 1
BLIP2ITMClient.cosine: (480, 640, 3), Seems like there is a potted plant ahead.
Sticking to last point.
Best value: 11.06%
Step: 138 | Mode: explore | Action: 1
BLIP2ITMClient.cosine: (480, 640, 3), Seems like there is a potted plant ahead.
Sticking to last point.
Best value: 11.06%
Step: 139 | Mode: explore | Action: 1
BLIP2ITMClient.cosine: (480, 640, 3), Seems like there is a potted plant ahead.
Sticking to last point.
Best value: 11.06%
Step: 140 | Mode: explore | Action: 1
BLIP2ITMClient.cosine: (480, 640, 3), Seems like there is a potted plant ahead.
Sticking to last point.
Best value: 11.06%
Step: 141 | Mode: explore | Action: 1
BLIP2ITMClient.cosine: (480, 640, 3), Seems like there is a potted plant ahead.
Sticking to last point.
Best value: 11.06%
Step: 142 | Mode: explore | Action: 1
BLIP2ITMClient.cosine: (480, 640, 3), Seems like there is a potted plant ahead.
Sticking to last point.
Best value: 11.06%
Step: 143 | Mode: explore | Action: 1
BLIP2ITMClient.cosine: (480, 640, 3), Seems like there is a potted plant ahead.
Sticking to last point.
Best value: 11.06%
Step: 144 | Mode: explore | Action: 1
BLIP2ITMClient.cosine: (480, 640, 3), Seems like there is a potted plant ahead.
Sticking to last point.
Best value: 11.06%
Step: 145 | Mode: explore | Action: 2
BLIP2ITMClient.cosine: (480, 640, 3), Seems like there is a potted plant ahead.
Sticking to last point.
Best value: 11.06%
Step: 146 | Mode: explore | Action: 1
BLIP2ITMClient.cosine: (480, 640, 3), Seems like there is a potted plant ahead.
Sticking to last point.
Best value: 11.06%
Step: 147 | Mode: explore | Action: 1
BLIP2ITMClient.cosine: (480, 640, 3), Seems like there is a potted plant ahead.
Sticking to last point.
Best value: 11.06%
Step: 148 | Mode: explore | Action: 1
BLIP2ITMClient.cosine: (480, 640, 3), Seems like there is a potted plant ahead.
Sticking to last point.
Best value: 11.06%
Step: 149 | Mode: explore | Action: 1
BLIP2ITMClient.cosine: (480, 640, 3), Seems like there is a potted plant ahead.
Sticking to last point.
Best value: 11.06%
Step: 150 | Mode: explore | Action: 1
BLIP2ITMClient.cosine: (480, 640, 3), Seems like there is a potted plant ahead.
Sticking to last point.
Best value: 11.06%
Step: 151 | Mode: explore | Action: 1
BLIP2ITMClient.cosine: (480, 640, 3), Seems like there is a potted plant ahead.
Sticking to last point.
Best value: 11.06%
Step: 152 | Mode: explore | Action: 1
BLIP2ITMClient.cosine: (480, 640, 3), Seems like there is a potted plant ahead.
Sticking to last point.
Best value: 11.06%
Step: 153 | Mode: explore | Action: 1
BLIP2ITMClient.cosine: (480, 640, 3), Seems like there is a potted plant ahead.
Sticking to last point.
Best value: 11.06%
Step: 154 | Mode: explore | Action: 1
BLIP2ITMClient.cosine: (480, 640, 3), Seems like there is a potted plant ahead.
Sticking to last point.
Best value: 11.06%
Step: 155 | Mode: explore | Action: 1
BLIP2ITMClient.cosine: (480, 640, 3), Seems like there is a potted plant ahead.
Sticking to last point.
Best value: 11.06%
Step: 156 | Mode: explore | Action: 2
BLIP2ITMClient.cosine: (480, 640, 3), Seems like there is a potted plant ahead.
Sticking to last point.
Best value: 11.06%
Step: 157 | Mode: explore | Action: 1
BLIP2ITMClient.cosine: (480, 640, 3), Seems like there is a potted plant ahead.
Sticking to last point.
Best value: 11.06%
Step: 158 | Mode: explore | Action: 3
BLIP2ITMClient.cosine: (480, 640, 3), Seems like there is a potted plant ahead.
Sticking to last point.
Best value: 11.06%
Step: 159 | Mode: explore | Action: 1
BLIP2ITMClient.cosine: (480, 640, 3), Seems like there is a potted plant ahead.
BLIP2ITMClient.cosine: (480, 640, 3), Seems like there is a potted plant ahead.
Sticking to last point.
Best value: 10.17%
Step: 160 | Mode: explore | Action: 1
BLIP2ITMClient.cosine: (480, 640, 3), Seems like there is a potted plant ahead.
BLIP2ITMClient.cosine: (480, 640, 3), Seems like there is a potted plant ahead.
Sticking to last point.
Best value: 9.78%
Step: 161 | Mode: explore | Action: 1
BLIP2ITMClient.cosine: (480, 640, 3), Seems like there is a potted plant ahead.
BLIP2ITMClient.cosine: (480, 640, 3), Seems like there is a potted plant ahead.
Sticking to last point.
Best value: 9.78%
Step: 162 | Mode: explore | Action: 3
BLIP2ITMClient.cosine: (480, 640, 3), Seems like there is a potted plant ahead.
BLIP2ITMClient.cosine: (480, 640, 3), Seems like there is a potted plant ahead.
Sticking to last point.
Best value: 9.69%
Step: 163 | Mode: explore | Action: 2
BLIP2ITMClient.cosine: (480, 640, 3), Seems like there is a potted plant ahead.
Sticking to last point.
Best value: 9.69%
Step: 164 | Mode: explore | Action: 3
BLIP2ITMClient.cosine: (480, 640, 3), Seems like there is a potted plant ahead.
Sticking to last point.
Best value: 9.69%
Step: 165 | Mode: explore | Action: 3
BLIP2ITMClient.cosine: (480, 640, 3), Seems like there is a potted plant ahead.
Best value: 10.90%
Step: 166 | Mode: explore | Action: 3
BLIP2ITMClient.cosine: (480, 640, 3), Seems like there is a potted plant ahead.
Sticking to last point.
Best value: 10.90%
Step: 167 | Mode: explore | Action: 3
BLIP2ITMClient.cosine: (480, 640, 3), Seems like there is a potted plant ahead.
Sticking to last point.
Best value: 10.90%
Step: 168 | Mode: explore | Action: 3
BLIP2ITMClient.cosine: (480, 640, 3), Seems like there is a potted plant ahead.
Sticking to last point.
Best value: 10.90%
Step: 169 | Mode: explore | Action: 3
BLIP2ITMClient.cosine: (480, 640, 3), Seems like there is a potted plant ahead.
Step: 170 | Mode: navigate | Action: 1
BLIP2ITMClient.cosine: (480, 640, 3), Seems like there is a potted plant ahead.
Step: 171 | Mode: navigate | Action: 1
BLIP2ITMClient.cosine: (480, 640, 3), Seems like there is a potted plant ahead.
Sticking to last point.
Best value: 10.90%
Step: 172 | Mode: explore | Action: 1
BLIP2ITMClient.cosine: (480, 640, 3), Seems like there is a potted plant ahead.
Sticking to last point.
Best value: 10.90%
Step: 173 | Mode: explore | Action: 1
BLIP2ITMClient.cosine: (480, 640, 3), Seems like there is a potted plant ahead.
Sticking to last point.
Best value: 10.90%
Step: 174 | Mode: explore | Action: 1
BLIP2ITMClient.cosine: (480, 640, 3), Seems like there is a potted plant ahead.
Sticking to last point.
Best value: 10.90%
Step: 175 | Mode: explore | Action: 1
BLIP2ITMClient.cosine: (480, 640, 3), Seems like there is a potted plant ahead.
Sticking to last point.
Best value: 10.90%
Step: 176 | Mode: explore | Action: 1
BLIP2ITMClient.cosine: (480, 640, 3), Seems like there is a potted plant ahead.
Sticking to last point.
Best value: 10.90%
Step: 177 | Mode: explore | Action: 1
BLIP2ITMClient.cosine: (480, 640, 3), Seems like there is a potted plant ahead.
Sticking to last point.
Best value: 10.90%
Step: 178 | Mode: explore | Action: 2
BLIP2ITMClient.cosine: (480, 640, 3), Seems like there is a potted plant ahead.
Sticking to last point.
Best value: 10.90%
Step: 179 | Mode: explore | Action: 1
BLIP2ITMClient.cosine: (480, 640, 3), Seems like there is a potted plant ahead.
Sticking to last point.
Best value: 10.90%
Step: 180 | Mode: explore | Action: 3
BLIP2ITMClient.cosine: (480, 640, 3), Seems like there is a potted plant ahead.
Sticking to last point.
Best value: 10.90%
Step: 181 | Mode: explore | Action: 1
BLIP2ITMClient.cosine: (480, 640, 3), Seems like there is a potted plant ahead.
Sticking to last point.
Best value: 10.90%
Step: 182 | Mode: explore | Action: 1
BLIP2ITMClient.cosine: (480, 640, 3), Seems like there is a potted plant ahead.
Sticking to last point.
Best value: 10.90%
Step: 183 | Mode: explore | Action: 1
BLIP2ITMClient.cosine: (480, 640, 3), Seems like there is a potted plant ahead.
Sticking to last point.
Best value: 10.90%
Step: 184 | Mode: explore | Action: 1
BLIP2ITMClient.cosine: (480, 640, 3), Seems like there is a potted plant ahead.
Sticking to last point.
Best value: 10.90%
Step: 185 | Mode: explore | Action: 1
BLIP2ITMClient.cosine: (480, 640, 3), Seems like there is a potted plant ahead.
Sticking to last point.
Best value: 10.90%
Step: 186 | Mode: explore | Action: 3
BLIP2ITMClient.cosine: (480, 640, 3), Seems like there is a potted plant ahead.
Sticking to last point.
Best value: 10.90%
Step: 187 | Mode: explore | Action: 1
BLIP2ITMClient.cosine: (480, 640, 3), Seems like there is a potted plant ahead.
Sticking to last point.
Best value: 10.90%
Step: 188 | Mode: explore | Action: 1
BLIP2ITMClient.cosine: (480, 640, 3), Seems like there is a potted plant ahead.
Sticking to last point.
Best value: 10.90%
Step: 189 | Mode: explore | Action: 1
BLIP2ITMClient.cosine: (480, 640, 3), Seems like there is a potted plant ahead.
Sticking to last point.
Best value: 10.90%
Step: 190 | Mode: explore | Action: 1
BLIP2ITMClient.cosine: (480, 640, 3), Seems like there is a potted plant ahead.
Sticking to last point.
Best value: 10.90%
Step: 191 | Mode: explore | Action: 1
BLIP2ITMClient.cosine: (480, 640, 3), Seems like there is a potted plant ahead.
Sticking to last point.
Best value: 10.90%
Step: 192 | Mode: explore | Action: 3
BLIP2ITMClient.cosine: (480, 640, 3), Seems like there is a potted plant ahead.
Sticking to last point.
Best value: 10.90%
Step: 193 | Mode: explore | Action: 1
BLIP2ITMClient.cosine: (480, 640, 3), Seems like there is a potted plant ahead.
Sticking to last point.
Best value: 10.90%
Step: 194 | Mode: explore | Action: 1
BLIP2ITMClient.cosine: (480, 640, 3), Seems like there is a potted plant ahead.
Sticking to last point.
Best value: 10.90%
Step: 195 | Mode: explore | Action: 1
BLIP2ITMClient.cosine: (480, 640, 3), Seems like there is a potted plant ahead.
Sticking to last point.
Best value: 10.90%
Step: 196 | Mode: explore | Action: 1
BLIP2ITMClient.cosine: (480, 640, 3), Seems like there is a potted plant ahead.
BLIP2ITMClient.cosine: (480, 640, 3), Seems like there is a potted plant ahead.
Sticking to last point.
Best value: 10.48%
Step: 197 | Mode: explore | Action: 1
BLIP2ITMClient.cosine: (480, 640, 3), Seems like there is a potted plant ahead.
Sticking to last point.
Best value: 10.48%
Step: 198 | Mode: explore | Action: 3
BLIP2ITMClient.cosine: (480, 640, 3), Seems like there is a potted plant ahead.
Sticking to last point.
Best value: 10.48%
Step: 199 | Mode: explore | Action: 1
BLIP2ITMClient.cosine: (480, 640, 3), Seems like there is a potted plant ahead.
BLIP2ITMClient.cosine: (480, 640, 3), Seems like there is a potted plant ahead.
Sticking to last point.
Best value: 10.34%
Step: 200 | Mode: explore | Action: 1
BLIP2ITMClient.cosine: (480, 640, 3), Seems like there is a potted plant ahead.
BLIP2ITMClient.cosine: (480, 640, 3), Seems like there is a potted plant ahead.
Best value: 10.30%
Step: 201 | Mode: explore | Action: 2
BLIP2ITMClient.cosine: (480, 640, 3), Seems like there is a potted plant ahead.
Sticking to last point.
Best value: 10.30%
Step: 202 | Mode: explore | Action: 1
BLIP2ITMClient.cosine: (480, 640, 3), Seems like there is a potted plant ahead.
BLIP2ITMClient.cosine: (480, 640, 3), Seems like there is a potted plant ahead.
Sticking to last point.
Best value: 10.30%
Step: 203 | Mode: explore | Action: 1
BLIP2ITMClient.cosine: (480, 640, 3), Seems like there is a potted plant ahead.
Sticking to last point.
Best value: 10.30%
Step: 204 | Mode: explore | Action: 2
BLIP2ITMClient.cosine: (480, 640, 3), Seems like there is a potted plant ahead.
Sticking to last point.
Best value: 10.30%
Step: 205 | Mode: explore | Action: 2
BLIP2ITMClient.cosine: (480, 640, 3), Seems like there is a potted plant ahead.
Sticking to last point.
Best value: 10.30%
Step: 206 | Mode: explore | Action: 1
BLIP2ITMClient.cosine: (480, 640, 3), Seems like there is a potted plant ahead.
Sticking to last point.
Best value: 10.30%
Step: 207 | Mode: explore | Action: 1
BLIP2ITMClient.cosine: (480, 640, 3), Seems like there is a potted plant ahead.
Sticking to last point.
Best value: 10.30%
Step: 208 | Mode: explore | Action: 1
BLIP2ITMClient.cosine: (480, 640, 3), Seems like there is a potted plant ahead.
Sticking to last point.
Best value: 10.30%
Step: 209 | Mode: explore | Action: 1
BLIP2ITMClient.cosine: (480, 640, 3), Seems like there is a potted plant ahead.
Sticking to last point.
Best value: 10.30%
Step: 210 | Mode: explore | Action: 1
BLIP2ITMClient.cosine: (480, 640, 3), Seems like there is a potted plant ahead.
BLIP2ITMClient.cosine: (480, 640, 3), Seems like there is a potted plant ahead.
Sticking to last point.
Best value: 10.66%
Step: 211 | Mode: explore | Action: 1
BLIP2ITMClient.cosine: (480, 640, 3), Seems like there is a potted plant ahead.
Sticking to last point.
Best value: 10.66%
Step: 212 | Mode: explore | Action: 3
BLIP2ITMClient.cosine: (480, 640, 3), Seems like there is a potted plant ahead.
Best value: 11.25%
Step: 213 | Mode: explore | Action: 3
BLIP2ITMClient.cosine: (480, 640, 3), Seems like there is a potted plant ahead.
Sticking to last point.
Best value: 11.25%
Step: 214 | Mode: explore | Action: 3
BLIP2ITMClient.cosine: (480, 640, 3), Seems like there is a potted plant ahead.
Sticking to last point.
Best value: 11.25%
Step: 215 | Mode: explore | Action: 3
BLIP2ITMClient.cosine: (480, 640, 3), Seems like there is a potted plant ahead.
BLIP2ITMClient.cosine: (480, 640, 3), Seems like there is a potted plant ahead.
Sticking to last point.
Best value: 11.25%
Step: 216 | Mode: explore | Action: 3
BLIP2ITMClient.cosine: (480, 640, 3), Seems like there is a potted plant ahead.
BLIP2ITMClient.cosine: (480, 640, 3), Seems like there is a potted plant ahead.
Sticking to last point.
Best value: 11.25%
Step: 217 | Mode: explore | Action: 3
BLIP2ITMClient.cosine: (480, 640, 3), Seems like there is a potted plant ahead.
Sticking to last point.
Best value: 11.25%
Step: 218 | Mode: explore | Action: 1
BLIP2ITMClient.cosine: (480, 640, 3), Seems like there is a potted plant ahead.
Sticking to last point.
Best value: 11.25%
Step: 219 | Mode: explore | Action: 1
BLIP2ITMClient.cosine: (480, 640, 3), Seems like there is a potted plant ahead.
BLIP2ITMClient.cosine: (480, 640, 3), Seems like there is a potted plant ahead.
Sticking to last point.
Best value: 11.25%
Step: 220 | Mode: explore | Action: 1
BLIP2ITMClient.cosine: (480, 640, 3), Seems like there is a potted plant ahead.
Sticking to last point.
Best value: 11.25%
Step: 221 | Mode: explore | Action: 2
BLIP2ITMClient.cosine: (480, 640, 3), Seems like there is a potted plant ahead.
BLIP2ITMClient.cosine: (480, 640, 3), Seems like there is a potted plant ahead.
Sticking to last point.
Best value: 11.37%
Step: 222 | Mode: explore | Action: 1
BLIP2ITMClient.cosine: (480, 640, 3), Seems like there is a potted plant ahead.
Sticking to last point.
Best value: 11.37%
Step: 223 | Mode: explore | Action: 1
BLIP2ITMClient.cosine: (480, 640, 3), Seems like there is a potted plant ahead.
BLIP2ITMClient.cosine: (480, 640, 3), Seems like there is a potted plant ahead.
Sticking to last point.
Best value: 10.69%
Step: 224 | Mode: explore | Action: 1
BLIP2ITMClient.cosine: (480, 640, 3), Seems like there is a potted plant ahead.
Sticking to last point.
Best value: 10.69%
Step: 225 | Mode: explore | Action: 1
BLIP2ITMClient.cosine: (480, 640, 3), Seems like there is a potted plant ahead.
Sticking to last point.
Best value: 10.69%
Step: 226 | Mode: explore | Action: 2
BLIP2ITMClient.cosine: (480, 640, 3), Seems like there is a potted plant ahead.
Sticking to last point.
Best value: 10.69%
Step: 227 | Mode: explore | Action: 1
BLIP2ITMClient.cosine: (480, 640, 3), Seems like there is a potted plant ahead.
BLIP2ITMClient.cosine: (480, 640, 3), Seems like there is a potted plant ahead.
Sticking to last point.
Best value: 10.69%
Step: 228 | Mode: explore | Action: 1
BLIP2ITMClient.cosine: (480, 640, 3), Seems like there is a potted plant ahead.
BLIP2ITMClient.cosine: (480, 640, 3), Seems like there is a potted plant ahead.
Sticking to last point.
Best value: 10.69%
Step: 229 | Mode: explore | Action: 1
BLIP2ITMClient.cosine: (480, 640, 3), Seems like there is a potted plant ahead.
Sticking to last point.
Best value: 10.69%
Step: 230 | Mode: explore | Action: 1
BLIP2ITMClient.cosine: (480, 640, 3), Seems like there is a potted plant ahead.
BLIP2ITMClient.cosine: (480, 640, 3), Seems like there is a potted plant ahead.
Sticking to last point.
Best value: 9.92%
Step: 231 | Mode: explore | Action: 1
BLIP2ITMClient.cosine: (480, 640, 3), Seems like there is a potted plant ahead.
BLIP2ITMClient.cosine: (480, 640, 3), Seems like there is a potted plant ahead.
Sticking to last point.
Best value: 10.49%
Step: 232 | Mode: explore | Action: 1
BLIP2ITMClient.cosine: (480, 640, 3), Seems like there is a potted plant ahead.
BLIP2ITMClient.cosine: (480, 640, 3), Seems like there is a potted plant ahead.
Sticking to last point.
Best value: 10.75%
Step: 233 | Mode: explore | Action: 2
BLIP2ITMClient.cosine: (480, 640, 3), Seems like there is a potted plant ahead.
Sticking to last point.
Best value: 10.75%
Step: 234 | Mode: explore | Action: 2
BLIP2ITMClient.cosine: (480, 640, 3), Seems like there is a potted plant ahead.
Sticking to last point.
Best value: 10.75%
Step: 235 | Mode: explore | Action: 3
BLIP2ITMClient.cosine: (480, 640, 3), Seems like there is a potted plant ahead.
Sticking to last point.
Best value: 10.75%
Step: 236 | Mode: explore | Action: 3
BLIP2ITMClient.cosine: (480, 640, 3), Seems like there is a potted plant ahead.
Sticking to last point.
Best value: 10.75%
Step: 237 | Mode: explore | Action: 3
BLIP2ITMClient.cosine: (480, 640, 3), Seems like there is a potted plant ahead.
BLIP2ITMClient.cosine: (480, 640, 3), Seems like there is a potted plant ahead.
Sticking to last point.
Best value: 10.75%
Step: 238 | Mode: explore | Action: 1
BLIP2ITMClient.cosine: (480, 640, 3), Seems like there is a potted plant ahead.
Sticking to last point.
Best value: 10.75%
Step: 239 | Mode: explore | Action: 2
BLIP2ITMClient.cosine: (480, 640, 3), Seems like there is a potted plant ahead.
BLIP2ITMClient.cosine: (480, 640, 3), Seems like there is a potted plant ahead.
Sticking to last point.
Best value: 10.83%
Step: 240 | Mode: explore | Action: 2
BLIP2ITMClient.cosine: (480, 640, 3), Seems like there is a potted plant ahead.
BLIP2ITMClient.cosine: (480, 640, 3), Seems like there is a potted plant ahead.
Best value: 11.44%
Step: 241 | Mode: explore | Action: 3
BLIP2ITMClient.cosine: (480, 640, 3), Seems like there is a potted plant ahead.
Sticking to last point.
Best value: 11.44%
Step: 242 | Mode: explore | Action: 3
BLIP2ITMClient.cosine: (480, 640, 3), Seems like there is a potted plant ahead.
Sticking to last point.
Best value: 11.44%
Step: 243 | Mode: explore | Action: 3
BLIP2ITMClient.cosine: (480, 640, 3), Seems like there is a potted plant ahead.
Sticking to last point.
Best value: 11.44%
Step: 244 | Mode: explore | Action: 1
BLIP2ITMClient.cosine: (480, 640, 3), Seems like there is a potted plant ahead.
Sticking to last point.
Best value: 11.44%
Step: 245 | Mode: explore | Action: 1
BLIP2ITMClient.cosine: (480, 640, 3), Seems like there is a potted plant ahead.
Sticking to last point.
Best value: 11.44%
Step: 246 | Mode: explore | Action: 1
BLIP2ITMClient.cosine: (480, 640, 3), Seems like there is a potted plant ahead.
Sticking to last point.
Best value: 11.44%
Step: 247 | Mode: explore | Action: 1
BLIP2ITMClient.cosine: (480, 640, 3), Seems like there is a potted plant ahead.
Sticking to last point.
Best value: 11.44%
Step: 248 | Mode: explore | Action: 1
BLIP2ITMClient.cosine: (480, 640, 3), Seems like there is a potted plant ahead.
BLIP2ITMClient.cosine: (480, 640, 3), Seems like there is a potted plant ahead.
Best value: 10.19%
Step: 249 | Mode: explore | Action: 2
BLIP2ITMClient.cosine: (480, 640, 3), Seems like there is a potted plant ahead.
Sticking to last point.
Best value: 10.19%
Step: 250 | Mode: explore | Action: 2
BLIP2ITMClient.cosine: (480, 640, 3), Seems like there is a potted plant ahead.
BLIP2ITMClient.cosine: (480, 640, 3), Seems like there is a potted plant ahead.
Best value: 10.68%
Step: 251 | Mode: explore | Action: 2
BLIP2ITMClient.cosine: (480, 640, 3), Seems like there is a potted plant ahead.
Sticking to last point.
Best value: 10.68%
Step: 252 | Mode: explore | Action: 1
BLIP2ITMClient.cosine: (480, 640, 3), Seems like there is a potted plant ahead.
Sticking to last point.
Best value: 10.68%
Step: 253 | Mode: explore | Action: 1
BLIP2ITMClient.cosine: (480, 640, 3), Seems like there is a potted plant ahead.
Sticking to last point.
Best value: 10.68%
Step: 254 | Mode: explore | Action: 1
BLIP2ITMClient.cosine: (480, 640, 3), Seems like there is a potted plant ahead.
Sticking to last point.
Best value: 10.68%
Step: 255 | Mode: explore | Action: 1
BLIP2ITMClient.cosine: (480, 640, 3), Seems like there is a potted plant ahead.
Sticking to last point.
Best value: 10.68%
Step: 256 | Mode: explore | Action: 1
BLIP2ITMClient.cosine: (480, 640, 3), Seems like there is a potted plant ahead.
Sticking to last point.
Best value: 10.68%
Step: 257 | Mode: explore | Action: 1
BLIP2ITMClient.cosine: (480, 640, 3), Seems like there is a potted plant ahead.
Sticking to last point.
Best value: 10.68%
Step: 258 | Mode: explore | Action: 1
BLIP2ITMClient.cosine: (480, 640, 3), Seems like there is a potted plant ahead.
BLIP2ITMClient.cosine: (480, 640, 3), Seems like there is a potted plant ahead.
Sticking to last point.
Best value: 10.66%
Step: 259 | Mode: explore | Action: 1
BLIP2ITMClient.cosine: (480, 640, 3), Seems like there is a potted plant ahead.
Sticking to last point.
Best value: 10.66%
Step: 260 | Mode: explore | Action: 1
BLIP2ITMClient.cosine: (480, 640, 3), Seems like there is a potted plant ahead.
Sticking to last point.
Best value: 10.66%
Step: 261 | Mode: explore | Action: 1
BLIP2ITMClient.cosine: (480, 640, 3), Seems like there is a potted plant ahead.
BLIP2ITMClient.cosine: (480, 640, 3), Seems like there is a potted plant ahead.
Sticking to last point.
Best value: 10.81%
Step: 262 | Mode: explore | Action: 1
BLIP2ITMClient.cosine: (480, 640, 3), Seems like there is a potted plant ahead.
Sticking to last point.
Best value: 10.81%
Step: 263 | Mode: explore | Action: 1
BLIP2ITMClient.cosine: (480, 640, 3), Seems like there is a potted plant ahead.
Sticking to last point.
Best value: 10.81%
Step: 264 | Mode: explore | Action: 2
BLIP2ITMClient.cosine: (480, 640, 3), Seems like there is a potted plant ahead.
Sticking to last point.
Best value: 10.81%
Step: 265 | Mode: explore | Action: 1
BLIP2ITMClient.cosine: (480, 640, 3), Seems like there is a potted plant ahead.
Sticking to last point.
Best value: 10.81%
Step: 266 | Mode: explore | Action: 2
BLIP2ITMClient.cosine: (480, 640, 3), Seems like there is a potted plant ahead.
Sticking to last point.
Best value: 10.81%
Step: 267 | Mode: explore | Action: 1
BLIP2ITMClient.cosine: (480, 640, 3), Seems like there is a potted plant ahead.
BLIP2ITMClient.cosine: (480, 640, 3), Seems like there is a potted plant ahead.
Sticking to last point.
Best value: 10.47%
Step: 268 | Mode: explore | Action: 3
BLIP2ITMClient.cosine: (480, 640, 3), Seems like there is a potted plant ahead.
BLIP2ITMClient.cosine: (480, 640, 3), Seems like there is a potted plant ahead.
Best value: 10.49%
Step: 269 | Mode: explore | Action: 3
BLIP2ITMClient.cosine: (480, 640, 3), Seems like there is a potted plant ahead.
BLIP2ITMClient.cosine: (480, 640, 3), Seems like there is a potted plant ahead.
Best value: 10.65%
Step: 270 | Mode: explore | Action: 1
BLIP2ITMClient.cosine: (480, 640, 3), Seems like there is a potted plant ahead.
BLIP2ITMClient.cosine: (480, 640, 3), Seems like there is a potted plant ahead.
Sticking to last point.
Best value: 10.65%
Step: 271 | Mode: explore | Action: 3
BLIP2ITMClient.cosine: (480, 640, 3), Seems like there is a potted plant ahead.
BLIP2ITMClient.cosine: (480, 640, 3), Seems like there is a potted plant ahead.
Best value: 14.09%
Step: 272 | Mode: explore | Action: 1
BLIP2ITMClient.cosine: (480, 640, 3), Seems like there is a potted plant ahead.
Sticking to last point.
Best value: 14.09%
Step: 273 | Mode: explore | Action: 3
BLIP2ITMClient.cosine: (480, 640, 3), Seems like there is a potted plant ahead.
BLIP2ITMClient.cosine: (480, 640, 3), Seems like there is a potted plant ahead.
Best value: 12.39%
Step: 274 | Mode: explore | Action: 1
BLIP2ITMClient.cosine: (480, 640, 3), Seems like there is a potted plant ahead.
BLIP2ITMClient.cosine: (480, 640, 3), Seems like there is a potted plant ahead.
Sticking to last point.
Best value: 12.24%
Step: 275 | Mode: explore | Action: 1
BLIP2ITMClient.cosine: (480, 640, 3), Seems like there is a potted plant ahead.
Sticking to last point.
Best value: 12.24%
Step: 276 | Mode: explore | Action: 3
BLIP2ITMClient.cosine: (480, 640, 3), Seems like there is a potted plant ahead.
BLIP2ITMClient.cosine: (480, 640, 3), Seems like there is a potted plant ahead.
Sticking to last point.
Best value: 11.32%
Step: 277 | Mode: explore | Action: 1
BLIP2ITMClient.cosine: (480, 640, 3), Seems like there is a potted plant ahead.
BLIP2ITMClient.cosine: (480, 640, 3), Seems like there is a potted plant ahead.
Sticking to last point.
Best value: 11.74%
Step: 278 | Mode: explore | Action: 1
BLIP2ITMClient.cosine: (480, 640, 3), Seems like there is a potted plant ahead.
BLIP2ITMClient.cosine: (480, 640, 3), Seems like there is a potted plant ahead.
Sticking to last point.
Best value: 11.53%
Step: 279 | Mode: explore | Action: 1
BLIP2ITMClient.cosine: (480, 640, 3), Seems like there is a potted plant ahead.
Sticking to last point.
Best value: 11.53%
Step: 280 | Mode: explore | Action: 3
BLIP2ITMClient.cosine: (480, 640, 3), Seems like there is a potted plant ahead.
BLIP2ITMClient.cosine: (480, 640, 3), Seems like there is a potted plant ahead.
Sticking to last point.
Best value: 10.64%
Step: 281 | Mode: explore | Action: 1
BLIP2ITMClient.cosine: (480, 640, 3), Seems like there is a potted plant ahead.
BLIP2ITMClient.cosine: (480, 640, 3), Seems like there is a potted plant ahead.
Sticking to last point.
Best value: 10.70%
Step: 282 | Mode: explore | Action: 3
BLIP2ITMClient.cosine: (480, 640, 3), Seems like there is a potted plant ahead.
Sticking to last point.
Best value: 10.70%
Step: 283 | Mode: explore | Action: 1
BLIP2ITMClient.cosine: (480, 640, 3), Seems like there is a potted plant ahead.
BLIP2ITMClient.cosine: (480, 640, 3), Seems like there is a potted plant ahead.
Best value: 14.81%
Step: 284 | Mode: explore | Action: 1
BLIP2ITMClient.cosine: (480, 640, 3), Seems like there is a potted plant ahead.
BLIP2ITMClient.cosine: (480, 640, 3), Seems like there is a potted plant ahead.
Sticking to last point.
Best value: 15.76%
Step: 285 | Mode: explore | Action: 3
BLIP2ITMClient.cosine: (480, 640, 3), Seems like there is a potted plant ahead.
Sticking to last point.
Best value: 15.76%
Step: 286 | Mode: explore | Action: 1
BLIP2ITMClient.cosine: (480, 640, 3), Seems like there is a potted plant ahead.
Sticking to last point.
Best value: 15.76%
Step: 287 | Mode: explore | Action: 3
BLIP2ITMClient.cosine: (480, 640, 3), Seems like there is a potted plant ahead.
Sticking to last point.
Best value: 15.76%
Step: 288 | Mode: explore | Action: 1
BLIP2ITMClient.cosine: (480, 640, 3), Seems like there is a potted plant ahead.
Sticking to last point.
Best value: 15.76%
Step: 289 | Mode: explore | Action: 3
BLIP2ITMClient.cosine: (480, 640, 3), Seems like there is a potted plant ahead.
Sticking to last point.
Best value: 15.76%
Step: 290 | Mode: explore | Action: 1
BLIP2ITMClient.cosine: (480, 640, 3), Seems like there is a potted plant ahead.
Sticking to last point.
Best value: 15.76%
Step: 291 | Mode: explore | Action: 2
BLIP2ITMClient.cosine: (480, 640, 3), Seems like there is a potted plant ahead.
Sticking to last point.
Best value: 15.76%
Step: 292 | Mode: explore | Action: 2
BLIP2ITMClient.cosine: (480, 640, 3), Seems like there is a potted plant ahead.
Sticking to last point.
Best value: 15.76%
Step: 293 | Mode: explore | Action: 2
BLIP2ITMClient.cosine: (480, 640, 3), Seems like there is a potted plant ahead.
Sticking to last point.
Best value: 15.76%
Step: 294 | Mode: explore | Action: 1
BLIP2ITMClient.cosine: (480, 640, 3), Seems like there is a potted plant ahead.
Sticking to last point.
Best value: 15.76%
Step: 295 | Mode: explore | Action: 2
BLIP2ITMClient.cosine: (480, 640, 3), Seems like there is a potted plant ahead.
Sticking to last point.
Best value: 15.76%
Step: 296 | Mode: explore | Action: 1
BLIP2ITMClient.cosine: (480, 640, 3), Seems like there is a potted plant ahead.
Sticking to last point.
Best value: 15.76%
Step: 297 | Mode: explore | Action: 3
BLIP2ITMClient.cosine: (480, 640, 3), Seems like there is a potted plant ahead.
Sticking to last point.
Best value: 15.76%
Step: 298 | Mode: explore | Action: 3
BLIP2ITMClient.cosine: (480, 640, 3), Seems like there is a potted plant ahead.
BLIP2ITMClient.cosine: (480, 640, 3), Seems like there is a potted plant ahead.
Sticking to last point.
Best value: 15.76%
Step: 299 | Mode: explore | Action: 1
BLIP2ITMClient.cosine: (480, 640, 3), Seems like there is a potted plant ahead.
Sticking to last point.
Best value: 15.76%
Step: 300 | Mode: explore | Action: 3
BLIP2ITMClient.cosine: (480, 640, 3), Seems like there is a potted plant ahead.
Sticking to last point.
Best value: 15.76%
Step: 301 | Mode: explore | Action: 1
BLIP2ITMClient.cosine: (480, 640, 3), Seems like there is a potted plant ahead.
Sticking to last point.
Best value: 15.76%
Step: 302 | Mode: explore | Action: 3
BLIP2ITMClient.cosine: (480, 640, 3), Seems like there is a potted plant ahead.
Sticking to last point.
Best value: 15.76%
Step: 303 | Mode: explore | Action: 1
BLIP2ITMClient.cosine: (480, 640, 3), Seems like there is a potted plant ahead.
Sticking to last point.
Best value: 15.76%
Step: 304 | Mode: explore | Action: 2
BLIP2ITMClient.cosine: (480, 640, 3), Seems like there is a potted plant ahead.
Sticking to last point.
Best value: 15.76%
Step: 305 | Mode: explore | Action: 2
BLIP2ITMClient.cosine: (480, 640, 3), Seems like there is a potted plant ahead.
Sticking to last point.
Best value: 15.76%
Step: 306 | Mode: explore | Action: 1
BLIP2ITMClient.cosine: (480, 640, 3), Seems like there is a potted plant ahead.
Sticking to last point.
Best value: 15.76%
Step: 307 | Mode: explore | Action: 3
BLIP2ITMClient.cosine: (480, 640, 3), Seems like there is a potted plant ahead.
Sticking to last point.
Best value: 15.76%
Step: 308 | Mode: explore | Action: 3
BLIP2ITMClient.cosine: (480, 640, 3), Seems like there is a potted plant ahead.
Sticking to last point.
Best value: 15.76%
Step: 309 | Mode: explore | Action: 1
BLIP2ITMClient.cosine: (480, 640, 3), Seems like there is a potted plant ahead.
Sticking to last point.
Best value: 15.76%
Step: 310 | Mode: explore | Action: 3
BLIP2ITMClient.cosine: (480, 640, 3), Seems like there is a potted plant ahead.
Sticking to last point.
Best value: 15.76%
Step: 311 | Mode: explore | Action: 1
BLIP2ITMClient.cosine: (480, 640, 3), Seems like there is a potted plant ahead.
Sticking to last point.
Best value: 15.76%
Step: 312 | Mode: explore | Action: 2
BLIP2ITMClient.cosine: (480, 640, 3), Seems like there is a potted plant ahead.
Sticking to last point.
Best value: 15.76%
Step: 313 | Mode: explore | Action: 2
BLIP2ITMClient.cosine: (480, 640, 3), Seems like there is a potted plant ahead.
Sticking to last point.
Best value: 15.76%
Step: 314 | Mode: explore | Action: 2
BLIP2ITMClient.cosine: (480, 640, 3), Seems like there is a potted plant ahead.
Sticking to last point.
Best value: 15.76%
Step: 315 | Mode: explore | Action: 1
BLIP2ITMClient.cosine: (480, 640, 3), Seems like there is a potted plant ahead.
Sticking to last point.
Best value: 15.76%
Step: 316 | Mode: explore | Action: 2
BLIP2ITMClient.cosine: (480, 640, 3), Seems like there is a potted plant ahead.
Sticking to last point.
Best value: 15.76%
Step: 317 | Mode: explore | Action: 1
BLIP2ITMClient.cosine: (480, 640, 3), Seems like there is a potted plant ahead.
Sticking to last point.
Best value: 15.76%
Step: 318 | Mode: explore | Action: 2
BLIP2ITMClient.cosine: (480, 640, 3), Seems like there is a potted plant ahead.
Sticking to last point.
Best value: 15.76%
Step: 319 | Mode: explore | Action: 1
BLIP2ITMClient.cosine: (480, 640, 3), Seems like there is a potted plant ahead.
Sticking to last point.
Best value: 15.76%
Step: 320 | Mode: explore | Action: 3
BLIP2ITMClient.cosine: (480, 640, 3), Seems like there is a potted plant ahead.
Sticking to last point.
Best value: 15.76%
Step: 321 | Mode: explore | Action: 3
BLIP2ITMClient.cosine: (480, 640, 3), Seems like there is a potted plant ahead.
Sticking to last point.
Best value: 15.76%
Step: 322 | Mode: explore | Action: 3
BLIP2ITMClient.cosine: (480, 640, 3), Seems like there is a potted plant ahead.
Sticking to last point.
Best value: 15.76%
Step: 323 | Mode: explore | Action: 1
BLIP2ITMClient.cosine: (480, 640, 3), Seems like there is a potted plant ahead.
Sticking to last point.
Best value: 15.76%
Step: 324 | Mode: explore | Action: 3
BLIP2ITMClient.cosine: (480, 640, 3), Seems like there is a potted plant ahead.
Sticking to last point.
Best value: 15.76%
Step: 325 | Mode: explore | Action: 1
BLIP2ITMClient.cosine: (480, 640, 3), Seems like there is a potted plant ahead.
Sticking to last point.
Best value: 15.76%
Step: 326 | Mode: explore | Action: 3
BLIP2ITMClient.cosine: (480, 640, 3), Seems like there is a potted plant ahead.
Sticking to last point.
Best value: 15.76%
Step: 327 | Mode: explore | Action: 1
BLIP2ITMClient.cosine: (480, 640, 3), Seems like there is a potted plant ahead.
Sticking to last point.
Best value: 15.76%
Step: 328 | Mode: explore | Action: 3
BLIP2ITMClient.cosine: (480, 640, 3), Seems like there is a potted plant ahead.
Sticking to last point.
Best value: 15.76%
Step: 329 | Mode: explore | Action: 3
BLIP2ITMClient.cosine: (480, 640, 3), Seems like there is a potted plant ahead.
Sticking to last point.
Best value: 15.76%
Step: 330 | Mode: explore | Action: 3
BLIP2ITMClient.cosine: (480, 640, 3), Seems like there is a potted plant ahead.
Sticking to last point.
Best value: 15.76%
Step: 331 | Mode: explore | Action: 1
BLIP2ITMClient.cosine: (480, 640, 3), Seems like there is a potted plant ahead.
Sticking to last point.
Best value: 15.76%
Step: 332 | Mode: explore | Action: 1
BLIP2ITMClient.cosine: (480, 640, 3), Seems like there is a potted plant ahead.
Sticking to last point.
Best value: 15.76%
Step: 333 | Mode: explore | Action: 2
BLIP2ITMClient.cosine: (480, 640, 3), Seems like there is a potted plant ahead.
Sticking to last point.
Best value: 15.76%
Step: 334 | Mode: explore | Action: 2
BLIP2ITMClient.cosine: (480, 640, 3), Seems like there is a potted plant ahead.
Sticking to last point.
Best value: 15.76%
Step: 335 | Mode: explore | Action: 1
BLIP2ITMClient.cosine: (480, 640, 3), Seems like there is a potted plant ahead.
Sticking to last point.
Best value: 15.76%
Step: 336 | Mode: explore | Action: 2
BLIP2ITMClient.cosine: (480, 640, 3), Seems like there is a potted plant ahead.
Sticking to last point.
Best value: 15.76%
Step: 337 | Mode: explore | Action: 1
BLIP2ITMClient.cosine: (480, 640, 3), Seems like there is a potted plant ahead.
Sticking to last point.
Best value: 15.76%
Step: 338 | Mode: explore | Action: 1
BLIP2ITMClient.cosine: (480, 640, 3), Seems like there is a potted plant ahead.
Sticking to last point.
Best value: 15.76%
Step: 339 | Mode: explore | Action: 1
BLIP2ITMClient.cosine: (480, 640, 3), Seems like there is a potted plant ahead.
Sticking to last point.
Best value: 15.76%
Step: 340 | Mode: explore | Action: 2
BLIP2ITMClient.cosine: (480, 640, 3), Seems like there is a potted plant ahead.
Sticking to last point.
Best value: 15.76%
Step: 341 | Mode: explore | Action: 1
BLIP2ITMClient.cosine: (480, 640, 3), Seems like there is a potted plant ahead.
Sticking to last point.
Best value: 15.76%
Step: 342 | Mode: explore | Action: 1
BLIP2ITMClient.cosine: (480, 640, 3), Seems like there is a potted plant ahead.
Sticking to last point.
Best value: 15.76%
Step: 343 | Mode: explore | Action: 2
BLIP2ITMClient.cosine: (480, 640, 3), Seems like there is a potted plant ahead.
Sticking to last point.
Best value: 15.76%
Step: 344 | Mode: explore | Action: 1
BLIP2ITMClient.cosine: (480, 640, 3), Seems like there is a potted plant ahead.
Sticking to last point.
Best value: 15.76%
Step: 345 | Mode: explore | Action: 1
BLIP2ITMClient.cosine: (480, 640, 3), Seems like there is a potted plant ahead.
Sticking to last point.
Best value: 15.76%
Step: 346 | Mode: explore | Action: 3
BLIP2ITMClient.cosine: (480, 640, 3), Seems like there is a potted plant ahead.
Sticking to last point.
Best value: 15.76%
Step: 347 | Mode: explore | Action: 1
BLIP2ITMClient.cosine: (480, 640, 3), Seems like there is a potted plant ahead.
Sticking to last point.
Best value: 15.76%
Step: 348 | Mode: explore | Action: 2
BLIP2ITMClient.cosine: (480, 640, 3), Seems like there is a potted plant ahead.
Sticking to last point.
Best value: 15.76%
Step: 349 | Mode: explore | Action: 2
BLIP2ITMClient.cosine: (480, 640, 3), Seems like there is a potted plant ahead.
Sticking to last point.
Best value: 15.76%
Step: 350 | Mode: explore | Action: 1
BLIP2ITMClient.cosine: (480, 640, 3), Seems like there is a potted plant ahead.
Sticking to last point.
Best value: 15.76%
Step: 351 | Mode: explore | Action: 1
BLIP2ITMClient.cosine: (480, 640, 3), Seems like there is a potted plant ahead.
Sticking to last point.
Best value: 15.76%
Step: 352 | Mode: explore | Action: 2
BLIP2ITMClient.cosine: (480, 640, 3), Seems like there is a potted plant ahead.
Sticking to last point.
Best value: 15.76%
Step: 353 | Mode: explore | Action: 1
BLIP2ITMClient.cosine: (480, 640, 3), Seems like there is a potted plant ahead.
Sticking to last point.
Best value: 15.76%
Step: 354 | Mode: explore | Action: 2
BLIP2ITMClient.cosine: (480, 640, 3), Seems like there is a potted plant ahead.
Sticking to last point.
Best value: 15.76%
Step: 355 | Mode: explore | Action: 1
BLIP2ITMClient.cosine: (480, 640, 3), Seems like there is a potted plant ahead.
Sticking to last point.
Best value: 15.76%
Step: 356 | Mode: explore | Action: 3
BLIP2ITMClient.cosine: (480, 640, 3), Seems like there is a potted plant ahead.
Sticking to last point.
Best value: 15.76%
Step: 357 | Mode: explore | Action: 3
BLIP2ITMClient.cosine: (480, 640, 3), Seems like there is a potted plant ahead.
Sticking to last point.
Best value: 15.76%
Step: 358 | Mode: explore | Action: 3
BLIP2ITMClient.cosine: (480, 640, 3), Seems like there is a potted plant ahead.
Sticking to last point.
Best value: 15.76%
Step: 359 | Mode: explore | Action: 1
BLIP2ITMClient.cosine: (480, 640, 3), Seems like there is a potted plant ahead.
Sticking to last point.
Best value: 15.76%
Step: 360 | Mode: explore | Action: 3
BLIP2ITMClient.cosine: (480, 640, 3), Seems like there is a potted plant ahead.
Sticking to last point.
Best value: 15.76%
Step: 361 | Mode: explore | Action: 1
BLIP2ITMClient.cosine: (480, 640, 3), Seems like there is a potted plant ahead.
Sticking to last point.
Best value: 15.76%
Step: 362 | Mode: explore | Action: 2
BLIP2ITMClient.cosine: (480, 640, 3), Seems like there is a potted plant ahead.
Sticking to last point.
Best value: 15.76%
Step: 363 | Mode: explore | Action: 2
BLIP2ITMClient.cosine: (480, 640, 3), Seems like there is a potted plant ahead.
Sticking to last point.
Best value: 15.76%
Step: 364 | Mode: explore | Action: 2
BLIP2ITMClient.cosine: (480, 640, 3), Seems like there is a potted plant ahead.
Sticking to last point.
Best value: 15.76%
Step: 365 | Mode: explore | Action: 1
BLIP2ITMClient.cosine: (480, 640, 3), Seems like there is a potted plant ahead.
Sticking to last point.
Best value: 15.76%
Step: 366 | Mode: explore | Action: 1
BLIP2ITMClient.cosine: (480, 640, 3), Seems like there is a potted plant ahead.
Sticking to last point.
Best value: 15.76%
Step: 367 | Mode: explore | Action: 2
BLIP2ITMClient.cosine: (480, 640, 3), Seems like there is a potted plant ahead.
Sticking to last point.
Best value: 15.76%
Step: 368 | Mode: explore | Action: 1
BLIP2ITMClient.cosine: (480, 640, 3), Seems like there is a potted plant ahead.
Sticking to last point.
Best value: 15.76%
Step: 369 | Mode: explore | Action: 3
BLIP2ITMClient.cosine: (480, 640, 3), Seems like there is a potted plant ahead.
Sticking to last point.
Best value: 15.76%
Step: 370 | Mode: explore | Action: 3
BLIP2ITMClient.cosine: (480, 640, 3), Seems like there is a potted plant ahead.
Sticking to last point.
Best value: 15.76%
Step: 371 | Mode: explore | Action: 1
BLIP2ITMClient.cosine: (480, 640, 3), Seems like there is a potted plant ahead.
Sticking to last point.
Best value: 15.76%
Step: 372 | Mode: explore | Action: 1
BLIP2ITMClient.cosine: (480, 640, 3), Seems like there is a potted plant ahead.
Sticking to last point.
Best value: 15.76%
Step: 373 | Mode: explore | Action: 1
BLIP2ITMClient.cosine: (480, 640, 3), Seems like there is a potted plant ahead.
Sticking to last point.
Best value: 15.76%
Step: 374 | Mode: explore | Action: 1
BLIP2ITMClient.cosine: (480, 640, 3), Seems like there is a potted plant ahead.
Sticking to last point.
Best value: 15.76%
Step: 375 | Mode: explore | Action: 1
BLIP2ITMClient.cosine: (480, 640, 3), Seems like there is a potted plant ahead.
Sticking to last point.
Best value: 15.76%
Step: 376 | Mode: explore | Action: 1
BLIP2ITMClient.cosine: (480, 640, 3), Seems like there is a potted plant ahead.
Sticking to last point.
Best value: 15.76%
Step: 377 | Mode: explore | Action: 1
BLIP2ITMClient.cosine: (480, 640, 3), Seems like there is a potted plant ahead.
Sticking to last point.
Best value: 15.76%
Step: 378 | Mode: explore | Action: 1
BLIP2ITMClient.cosine: (480, 640, 3), Seems like there is a potted plant ahead.
Sticking to last point.
Best value: 15.76%
Step: 379 | Mode: explore | Action: 1
BLIP2ITMClient.cosine: (480, 640, 3), Seems like there is a potted plant ahead.
Sticking to last point.
Best value: 15.76%
Step: 380 | Mode: explore | Action: 2
BLIP2ITMClient.cosine: (480, 640, 3), Seems like there is a potted plant ahead.
Sticking to last point.
Best value: 15.76%
Step: 381 | Mode: explore | Action: 1
BLIP2ITMClient.cosine: (480, 640, 3), Seems like there is a potted plant ahead.
Sticking to last point.
Best value: 15.76%
Step: 382 | Mode: explore | Action: 1
BLIP2ITMClient.cosine: (480, 640, 3), Seems like there is a potted plant ahead.
Sticking to last point.
Best value: 15.76%
Step: 383 | Mode: explore | Action: 1
BLIP2ITMClient.cosine: (480, 640, 3), Seems like there is a potted plant ahead.
Sticking to last point.
Best value: 15.76%
Step: 384 | Mode: explore | Action: 2
BLIP2ITMClient.cosine: (480, 640, 3), Seems like there is a potted plant ahead.
BLIP2ITMClient.cosine: (480, 640, 3), Seems like there is a potted plant ahead.
Best value: 12.39%
Step: 385 | Mode: explore | Action: 2
BLIP2ITMClient.cosine: (480, 640, 3), Seems like there is a potted plant ahead.
Sticking to last point.
Best value: 12.39%
Step: 386 | Mode: explore | Action: 1
BLIP2ITMClient.cosine: (480, 640, 3), Seems like there is a potted plant ahead.
BLIP2ITMClient.cosine: (480, 640, 3), Seems like there is a potted plant ahead.
Sticking to last point.
Best value: 12.39%
Step: 387 | Mode: explore | Action: 1
BLIP2ITMClient.cosine: (480, 640, 3), Seems like there is a potted plant ahead.
BLIP2ITMClient.cosine: (480, 640, 3), Seems like there is a potted plant ahead.
Sticking to last point.
Best value: 12.39%
Step: 388 | Mode: explore | Action: 1
BLIP2ITMClient.cosine: (480, 640, 3), Seems like there is a potted plant ahead.
BLIP2ITMClient.cosine: (480, 640, 3), Seems like there is a potted plant ahead.
Sticking to last point.
Best value: 12.39%
Step: 389 | Mode: explore | Action: 1
BLIP2ITMClient.cosine: (480, 640, 3), Seems like there is a potted plant ahead.
BLIP2ITMClient.cosine: (480, 640, 3), Seems like there is a potted plant ahead.
Sticking to last point.
Best value: 12.39%
Step: 390 | Mode: explore | Action: 2
BLIP2ITMClient.cosine: (480, 640, 3), Seems like there is a potted plant ahead.
Sticking to last point.
Best value: 12.39%
Step: 391 | Mode: explore | Action: 1
BLIP2ITMClient.cosine: (480, 640, 3), Seems like there is a potted plant ahead.
Sticking to last point.
Best value: 12.39%
Step: 392 | Mode: explore | Action: 2
BLIP2ITMClient.cosine: (480, 640, 3), Seems like there is a potted plant ahead.
Sticking to last point.
Best value: 12.39%
Step: 393 | Mode: explore | Action: 1
BLIP2ITMClient.cosine: (480, 640, 3), Seems like there is a potted plant ahead.
BLIP2ITMClient.cosine: (480, 640, 3), Seems like there is a potted plant ahead.
Sticking to last point.
Best value: 12.39%
Step: 394 | Mode: explore | Action: 2
BLIP2ITMClient.cosine: (480, 640, 3), Seems like there is a potted plant ahead.
Sticking to last point.
Best value: 12.39%
Step: 395 | Mode: explore | Action: 1
BLIP2ITMClient.cosine: (480, 640, 3), Seems like there is a potted plant ahead.
BLIP2ITMClient.cosine: (480, 640, 3), Seems like there is a potted plant ahead.
Sticking to last point.
Best value: 12.39%
Step: 396 | Mode: explore | Action: 1
BLIP2ITMClient.cosine: (480, 640, 3), Seems like there is a potted plant ahead.
BLIP2ITMClient.cosine: (480, 640, 3), Seems like there is a potted plant ahead.
Sticking to last point.
Best value: 12.39%
Step: 397 | Mode: explore | Action: 1
BLIP2ITMClient.cosine: (480, 640, 3), Seems like there is a potted plant ahead.
BLIP2ITMClient.cosine: (480, 640, 3), Seems like there is a potted plant ahead.
Sticking to last point.
Best value: 12.39%
Step: 398 | Mode: explore | Action: 1
BLIP2ITMClient.cosine: (480, 640, 3), Seems like there is a potted plant ahead.
BLIP2ITMClient.cosine: (480, 640, 3), Seems like there is a potted plant ahead.
Sticking to last point.
Best value: 12.39%
Step: 399 | Mode: explore | Action: 1
BLIP2ITMClient.cosine: (480, 640, 3), Seems like there is a potted plant ahead.
Sticking to last point.
Best value: 12.39%
Step: 400 | Mode: explore | Action: 1
BLIP2ITMClient.cosine: (480, 640, 3), Seems like there is a potted plant ahead.
Sticking to last point.
Best value: 12.39%
Step: 401 | Mode: explore | Action: 2
BLIP2ITMClient.cosine: (480, 640, 3), Seems like there is a potted plant ahead.
Sticking to last point.
Best value: 12.39%
Step: 402 | Mode: explore | Action: 1
BLIP2ITMClient.cosine: (480, 640, 3), Seems like there is a potted plant ahead.
Sticking to last point.
Best value: 12.39%
Step: 403 | Mode: explore | Action: 3
BLIP2ITMClient.cosine: (480, 640, 3), Seems like there is a potted plant ahead.
Sticking to last point.
Best value: 12.39%
Step: 404 | Mode: explore | Action: 1
BLIP2ITMClient.cosine: (480, 640, 3), Seems like there is a potted plant ahead.
Sticking to last point.
Best value: 12.39%
Step: 405 | Mode: explore | Action: 1
BLIP2ITMClient.cosine: (480, 640, 3), Seems like there is a potted plant ahead.
Sticking to last point.
Best value: 12.39%
Step: 406 | Mode: explore | Action: 1
BLIP2ITMClient.cosine: (480, 640, 3), Seems like there is a potted plant ahead.
Sticking to last point.
Best value: 12.39%
Step: 407 | Mode: explore | Action: 1
BLIP2ITMClient.cosine: (480, 640, 3), Seems like there is a potted plant ahead.
Sticking to last point.
Best value: 12.39%
Step: 408 | Mode: explore | Action: 1
BLIP2ITMClient.cosine: (480, 640, 3), Seems like there is a potted plant ahead.
Sticking to last point.
Best value: 12.39%
Step: 409 | Mode: explore | Action: 3
BLIP2ITMClient.cosine: (480, 640, 3), Seems like there is a potted plant ahead.
Sticking to last point.
Best value: 12.39%
Step: 410 | Mode: explore | Action: 1
BLIP2ITMClient.cosine: (480, 640, 3), Seems like there is a potted plant ahead.
Sticking to last point.
Best value: 12.39%
Step: 411 | Mode: explore | Action: 2
BLIP2ITMClient.cosine: (480, 640, 3), Seems like there is a potted plant ahead.
Sticking to last point.
Best value: 12.39%
Step: 412 | Mode: explore | Action: 1
BLIP2ITMClient.cosine: (480, 640, 3), Seems like there is a potted plant ahead.
Sticking to last point.
Best value: 12.39%
Step: 413 | Mode: explore | Action: 2
BLIP2ITMClient.cosine: (480, 640, 3), Seems like there is a potted plant ahead.
Sticking to last point.
Best value: 12.39%
Step: 414 | Mode: explore | Action: 1
BLIP2ITMClient.cosine: (480, 640, 3), Seems like there is a potted plant ahead.
Sticking to last point.
Best value: 12.39%
Step: 415 | Mode: explore | Action: 2
BLIP2ITMClient.cosine: (480, 640, 3), Seems like there is a potted plant ahead.
Sticking to last point.
Best value: 12.39%
Step: 416 | Mode: explore | Action: 1
BLIP2ITMClient.cosine: (480, 640, 3), Seems like there is a potted plant ahead.
Sticking to last point.
Best value: 12.39%
Step: 417 | Mode: explore | Action: 3
BLIP2ITMClient.cosine: (480, 640, 3), Seems like there is a potted plant ahead.
Sticking to last point.
Best value: 12.39%
Step: 418 | Mode: explore | Action: 3
BLIP2ITMClient.cosine: (480, 640, 3), Seems like there is a potted plant ahead.
Sticking to last point.
Best value: 12.39%
Step: 419 | Mode: explore | Action: 3
BLIP2ITMClient.cosine: (480, 640, 3), Seems like there is a potted plant ahead.
Sticking to last point.
Best value: 12.39%
Step: 420 | Mode: explore | Action: 1
BLIP2ITMClient.cosine: (480, 640, 3), Seems like there is a potted plant ahead.
Sticking to last point.
Best value: 12.39%
Step: 421 | Mode: explore | Action: 3
BLIP2ITMClient.cosine: (480, 640, 3), Seems like there is a potted plant ahead.
Sticking to last point.
Best value: 12.39%
Step: 422 | Mode: explore | Action: 1
BLIP2ITMClient.cosine: (480, 640, 3), Seems like there is a potted plant ahead.
Sticking to last point.
Best value: 12.39%
Step: 423 | Mode: explore | Action: 3
BLIP2ITMClient.cosine: (480, 640, 3), Seems like there is a potted plant ahead.
Sticking to last point.
Best value: 12.39%
Step: 424 | Mode: explore | Action: 1
BLIP2ITMClient.cosine: (480, 640, 3), Seems like there is a potted plant ahead.
Sticking to last point.
Best value: 12.39%
Step: 425 | Mode: explore | Action: 2
BLIP2ITMClient.cosine: (480, 640, 3), Seems like there is a potted plant ahead.
Sticking to last point.
Best value: 12.39%
Step: 426 | Mode: explore | Action: 2
BLIP2ITMClient.cosine: (480, 640, 3), Seems like there is a potted plant ahead.
Sticking to last point.
Best value: 12.39%
Step: 427 | Mode: explore | Action: 2
BLIP2ITMClient.cosine: (480, 640, 3), Seems like there is a potted plant ahead.
Sticking to last point.
Best value: 12.39%
Step: 428 | Mode: explore | Action: 1
BLIP2ITMClient.cosine: (480, 640, 3), Seems like there is a potted plant ahead.
Sticking to last point.
Best value: 12.39%
Step: 429 | Mode: explore | Action: 2
BLIP2ITMClient.cosine: (480, 640, 3), Seems like there is a potted plant ahead.
Sticking to last point.
Best value: 12.39%
Step: 430 | Mode: explore | Action: 1
BLIP2ITMClient.cosine: (480, 640, 3), Seems like there is a potted plant ahead.
Sticking to last point.
Best value: 12.39%
Step: 431 | Mode: explore | Action: 2
BLIP2ITMClient.cosine: (480, 640, 3), Seems like there is a potted plant ahead.
Sticking to last point.
Best value: 12.39%
Step: 432 | Mode: explore | Action: 1
BLIP2ITMClient.cosine: (480, 640, 3), Seems like there is a potted plant ahead.
Sticking to last point.
Best value: 12.39%
Step: 433 | Mode: explore | Action: 2
BLIP2ITMClient.cosine: (480, 640, 3), Seems like there is a potted plant ahead.
Sticking to last point.
Best value: 12.39%
Step: 434 | Mode: explore | Action: 1
BLIP2ITMClient.cosine: (480, 640, 3), Seems like there is a potted plant ahead.
Sticking to last point.
Best value: 12.39%
Step: 435 | Mode: explore | Action: 3
BLIP2ITMClient.cosine: (480, 640, 3), Seems like there is a potted plant ahead.
Sticking to last point.
Best value: 12.39%
Step: 436 | Mode: explore | Action: 3
BLIP2ITMClient.cosine: (480, 640, 3), Seems like there is a potted plant ahead.
Sticking to last point.
Best value: 12.39%
Step: 437 | Mode: explore | Action: 3
BLIP2ITMClient.cosine: (480, 640, 3), Seems like there is a potted plant ahead.
Sticking to last point.
Best value: 12.39%
Step: 438 | Mode: explore | Action: 1
BLIP2ITMClient.cosine: (480, 640, 3), Seems like there is a potted plant ahead.
Sticking to last point.
Best value: 12.39%
Step: 439 | Mode: explore | Action: 3
BLIP2ITMClient.cosine: (480, 640, 3), Seems like there is a potted plant ahead.
Sticking to last point.
Best value: 12.39%
Step: 440 | Mode: explore | Action: 1
BLIP2ITMClient.cosine: (480, 640, 3), Seems like there is a potted plant ahead.
Sticking to last point.
Best value: 12.39%
Step: 441 | Mode: explore | Action: 3
BLIP2ITMClient.cosine: (480, 640, 3), Seems like there is a potted plant ahead.
Sticking to last point.
Best value: 12.39%
Step: 442 | Mode: explore | Action: 1
BLIP2ITMClient.cosine: (480, 640, 3), Seems like there is a potted plant ahead.
Sticking to last point.
Best value: 12.39%
Step: 443 | Mode: explore | Action: 3
BLIP2ITMClient.cosine: (480, 640, 3), Seems like there is a potted plant ahead.
Sticking to last point.
Best value: 12.39%
Step: 444 | Mode: explore | Action: 1
BLIP2ITMClient.cosine: (480, 640, 3), Seems like there is a potted plant ahead.
Sticking to last point.
Best value: 12.39%
Step: 445 | Mode: explore | Action: 3
BLIP2ITMClient.cosine: (480, 640, 3), Seems like there is a potted plant ahead.
Sticking to last point.
Best value: 12.39%
Step: 446 | Mode: explore | Action: 1
BLIP2ITMClient.cosine: (480, 640, 3), Seems like there is a potted plant ahead.
Sticking to last point.
Best value: 12.39%
Step: 447 | Mode: explore | Action: 3
BLIP2ITMClient.cosine: (480, 640, 3), Seems like there is a potted plant ahead.
Sticking to last point.
Best value: 12.39%
Step: 448 | Mode: explore | Action: 3
BLIP2ITMClient.cosine: (480, 640, 3), Seems like there is a potted plant ahead.
Sticking to last point.
Best value: 12.39%
Step: 449 | Mode: explore | Action: 1
BLIP2ITMClient.cosine: (480, 640, 3), Seems like there is a potted plant ahead.
BLIP2ITMClient.cosine: (480, 640, 3), Seems like there is a potted plant ahead.
Sticking to last point.
Best value: 12.39%
Step: 450 | Mode: explore | Action: 1
BLIP2ITMClient.cosine: (480, 640, 3), Seems like there is a potted plant ahead.
BLIP2ITMClient.cosine: (480, 640, 3), Seems like there is a potted plant ahead.
Sticking to last point.
Best value: 12.39%
Step: 451 | Mode: explore | Action: 2
BLIP2ITMClient.cosine: (480, 640, 3), Seems like there is a potted plant ahead.
BLIP2ITMClient.cosine: (480, 640, 3), Seems like there is a potted plant ahead.
Sticking to last point.
Best value: 12.39%
Step: 452 | Mode: explore | Action: 1
BLIP2ITMClient.cosine: (480, 640, 3), Seems like there is a potted plant ahead.
BLIP2ITMClient.cosine: (480, 640, 3), Seems like there is a potted plant ahead.
Sticking to last point.
Best value: 12.39%
Step: 453 | Mode: explore | Action: 1
BLIP2ITMClient.cosine: (480, 640, 3), Seems like there is a potted plant ahead.
Sticking to last point.
Best value: 12.39%
Step: 454 | Mode: explore | Action: 2
BLIP2ITMClient.cosine: (480, 640, 3), Seems like there is a potted plant ahead.
BLIP2ITMClient.cosine: (480, 640, 3), Seems like there is a potted plant ahead.
Sticking to last point.
Best value: 12.39%
Step: 455 | Mode: explore | Action: 1
BLIP2ITMClient.cosine: (480, 640, 3), Seems like there is a potted plant ahead.
BLIP2ITMClient.cosine: (480, 640, 3), Seems like there is a potted plant ahead.
Sticking to last point.
Best value: 12.39%
Step: 456 | Mode: explore | Action: 1
BLIP2ITMClient.cosine: (480, 640, 3), Seems like there is a potted plant ahead.
BLIP2ITMClient.cosine: (480, 640, 3), Seems like there is a potted plant ahead.
Sticking to last point.
Best value: 12.39%
Step: 457 | Mode: explore | Action: 2
BLIP2ITMClient.cosine: (480, 640, 3), Seems like there is a potted plant ahead.
Sticking to last point.
Best value: 12.39%
Step: 458 | Mode: explore | Action: 2
BLIP2ITMClient.cosine: (480, 640, 3), Seems like there is a potted plant ahead.
Sticking to last point.
Best value: 12.39%
Step: 459 | Mode: explore | Action: 2
BLIP2ITMClient.cosine: (480, 640, 3), Seems like there is a potted plant ahead.
Sticking to last point.
Best value: 12.39%
Step: 460 | Mode: explore | Action: 2
BLIP2ITMClient.cosine: (480, 640, 3), Seems like there is a potted plant ahead.
Sticking to last point.
Best value: 12.39%
Step: 461 | Mode: explore | Action: 2
BLIP2ITMClient.cosine: (480, 640, 3), Seems like there is a potted plant ahead.
Sticking to last point.
Best value: 12.39%
Step: 462 | Mode: explore | Action: 2
BLIP2ITMClient.cosine: (480, 640, 3), Seems like there is a potted plant ahead.
Sticking to last point.
Best value: 12.39%
Step: 463 | Mode: explore | Action: 1
  0%|          | 1/400 [03:37<24:06:16, 217.49s/it]BLIP2ITMClient.cosine: (480, 640, 3), Seems like there is a potted plant ahead.
Sticking to last point.
Best value: 12.39%
Step: 464 | Mode: explore | Action: 1
BLIP2ITMClient.cosine: (480, 640, 3), Seems like there is a potted plant ahead.
Sticking to last point.
Best value: 12.39%
Step: 465 | Mode: explore | Action: 3
BLIP2ITMClient.cosine: (480, 640, 3), Seems like there is a potted plant ahead.
Sticking to last point.
Best value: 12.39%
Step: 466 | Mode: explore | Action: 1
BLIP2ITMClient.cosine: (480, 640, 3), Seems like there is a potted plant ahead.
Sticking to last point.
Best value: 12.39%
Step: 467 | Mode: explore | Action: 1
BLIP2ITMClient.cosine: (480, 640, 3), Seems like there is a potted plant ahead.
Sticking to last point.
Best value: 12.39%
Step: 468 | Mode: explore | Action: 3
BLIP2ITMClient.cosine: (480, 640, 3), Seems like there is a potted plant ahead.
Sticking to last point.
Best value: 12.39%
Step: 469 | Mode: explore | Action: 1
BLIP2ITMClient.cosine: (480, 640, 3), Seems like there is a potted plant ahead.
Sticking to last point.
Best value: 12.39%
Step: 470 | Mode: explore | Action: 1
BLIP2ITMClient.cosine: (480, 640, 3), Seems like there is a potted plant ahead.
Sticking to last point.
Best value: 12.39%
Step: 471 | Mode: explore | Action: 1
BLIP2ITMClient.cosine: (480, 640, 3), Seems like there is a potted plant ahead.
Sticking to last point.
Best value: 12.39%
Step: 472 | Mode: explore | Action: 3
BLIP2ITMClient.cosine: (480, 640, 3), Seems like there is a potted plant ahead.
Sticking to last point.
Best value: 12.39%
Step: 473 | Mode: explore | Action: 1
BLIP2ITMClient.cosine: (480, 640, 3), Seems like there is a potted plant ahead.
Sticking to last point.
Best value: 12.39%
Step: 474 | Mode: explore | Action: 3
BLIP2ITMClient.cosine: (480, 640, 3), Seems like there is a potted plant ahead.
Sticking to last point.
Best value: 12.39%
Step: 475 | Mode: explore | Action: 1
BLIP2ITMClient.cosine: (480, 640, 3), Seems like there is a potted plant ahead.
Sticking to last point.
Best value: 12.39%
Step: 476 | Mode: explore | Action: 2
BLIP2ITMClient.cosine: (480, 640, 3), Seems like there is a potted plant ahead.
Sticking to last point.
Best value: 12.39%
Step: 477 | Mode: explore | Action: 2
BLIP2ITMClient.cosine: (480, 640, 3), Seems like there is a potted plant ahead.
Sticking to last point.
Best value: 12.39%
Step: 478 | Mode: explore | Action: 2
BLIP2ITMClient.cosine: (480, 640, 3), Seems like there is a potted plant ahead.
Sticking to last point.
Best value: 12.39%
Step: 479 | Mode: explore | Action: 1
BLIP2ITMClient.cosine: (480, 640, 3), Seems like there is a potted plant ahead.
Sticking to last point.
Best value: 12.39%
Step: 480 | Mode: explore | Action: 2
BLIP2ITMClient.cosine: (480, 640, 3), Seems like there is a potted plant ahead.
Sticking to last point.
Best value: 12.39%
Step: 481 | Mode: explore | Action: 1
BLIP2ITMClient.cosine: (480, 640, 3), Seems like there is a potted plant ahead.
Sticking to last point.
Best value: 12.39%
Step: 482 | Mode: explore | Action: 3
BLIP2ITMClient.cosine: (480, 640, 3), Seems like there is a potted plant ahead.
Sticking to last point.
Best value: 12.39%
Step: 483 | Mode: explore | Action: 3
BLIP2ITMClient.cosine: (480, 640, 3), Seems like there is a potted plant ahead.
Sticking to last point.
Best value: 12.39%
Step: 484 | Mode: explore | Action: 1
BLIP2ITMClient.cosine: (480, 640, 3), Seems like there is a potted plant ahead.
Sticking to last point.
Best value: 12.39%
Step: 485 | Mode: explore | Action: 3
BLIP2ITMClient.cosine: (480, 640, 3), Seems like there is a potted plant ahead.
Sticking to last point.
Best value: 12.39%
Step: 486 | Mode: explore | Action: 1
BLIP2ITMClient.cosine: (480, 640, 3), Seems like there is a potted plant ahead.
Sticking to last point.
Best value: 12.39%
Step: 487 | Mode: explore | Action: 3
BLIP2ITMClient.cosine: (480, 640, 3), Seems like there is a potted plant ahead.
Sticking to last point.
Best value: 12.39%
Step: 488 | Mode: explore | Action: 1
BLIP2ITMClient.cosine: (480, 640, 3), Seems like there is a potted plant ahead.
Sticking to last point.
Best value: 12.39%
Step: 489 | Mode: explore | Action: 3
BLIP2ITMClient.cosine: (480, 640, 3), Seems like there is a potted plant ahead.
Sticking to last point.
Best value: 12.39%
Step: 490 | Mode: explore | Action: 1
BLIP2ITMClient.cosine: (480, 640, 3), Seems like there is a potted plant ahead.
Sticking to last point.
Best value: 12.39%
Step: 491 | Mode: explore | Action: 2
BLIP2ITMClient.cosine: (480, 640, 3), Seems like there is a potted plant ahead.
Sticking to last point.
Best value: 12.39%
Step: 492 | Mode: explore | Action: 2
BLIP2ITMClient.cosine: (480, 640, 3), Seems like there is a potted plant ahead.
Sticking to last point.
Best value: 12.39%
Step: 493 | Mode: explore | Action: 2
BLIP2ITMClient.cosine: (480, 640, 3), Seems like there is a potted plant ahead.
Sticking to last point.
Best value: 12.39%
Step: 494 | Mode: explore | Action: 1
BLIP2ITMClient.cosine: (480, 640, 3), Seems like there is a potted plant ahead.
Sticking to last point.
Best value: 12.39%
Step: 495 | Mode: explore | Action: 2
BLIP2ITMClient.cosine: (480, 640, 3), Seems like there is a potted plant ahead.
Sticking to last point.
Best value: 12.39%
Step: 496 | Mode: explore | Action: 1
BLIP2ITMClient.cosine: (480, 640, 3), Seems like there is a potted plant ahead.
Sticking to last point.
Best value: 12.39%
Step: 497 | Mode: explore | Action: 2
BLIP2ITMClient.cosine: (480, 640, 3), Seems like there is a potted plant ahead.
Sticking to last point.
Best value: 12.39%
Step: 498 | Mode: explore | Action: 1
BLIP2ITMClient.cosine: (480, 640, 3), Seems like there is a potted plant ahead.
Sticking to last point.
Best value: 12.39%
Step: 499 | Mode: explore | Action: 2
[traj] episode 86 — unknown
Episode 125 in scene Wiconisco failed due to 'never_saw_target_did_not_travel_stairs_likely_infeasible'.
[traj] captured failure_cause: never_saw_target_did_not_travel_stairs_likely_infeasible
[traj] value map: max=0.2195, nonzero=46591
[traj] saved episode Wiconisco_125 (500 steps, failed)
BLIP2ITMClient.cosine: (480, 640, 3), Seems like there is a couch ahead.
Step: 0 | Mode: initialize | Action: 2
BLIP2ITMClient.cosine: (480, 640, 3), Seems like there is a couch ahead.
Step: 1 | Mode: initialize | Action: 2
BLIP2ITMClient.cosine: (480, 640, 3), Seems like there is a couch ahead.
Step: 2 | Mode: initialize | Action: 2
BLIP2ITMClient.cosine: (480, 640, 3), Seems like there is a couch ahead.
Step: 3 | Mode: initialize | Action: 2
BLIP2ITMClient.cosine: (480, 640, 3), Seems like there is a couch ahead.
Step: 4 | Mode: initialize | Action: 2
BLIP2ITMClient.cosine: (480, 640, 3), Seems like there is a couch ahead.
Step: 5 | Mode: initialize | Action: 2
BLIP2ITMClient.cosine: (480, 640, 3), Seems like there is a couch ahead.
Step: 6 | Mode: initialize | Action: 2
BLIP2ITMClient.cosine: (480, 640, 3), Seems like there is a couch ahead.
Step: 7 | Mode: initialize | Action: 2
BLIP2ITMClient.cosine: (480, 640, 3), Seems like there is a couch ahead.
Step: 8 | Mode: initialize | Action: 2
BLIP2ITMClient.cosine: (480, 640, 3), Seems like there is a couch ahead.
Step: 9 | Mode: initialize | Action: 2
BLIP2ITMClient.cosine: (480, 640, 3), Seems like there is a couch ahead.
Step: 10 | Mode: initialize | Action: 2
BLIP2ITMClient.cosine: (480, 640, 3), Seems like there is a couch ahead.
Step: 11 | Mode: initialize | Action: 2
BLIP2ITMClient.cosine: (480, 640, 3), Seems like there is a couch ahead.
BLIP2ITMClient.cosine: (480, 640, 3), Seems like there is a couch ahead.
Best value: 26.07%
Step: 12 | Mode: explore | Action: 2
BLIP2ITMClient.cosine: (480, 640, 3), Seems like there is a couch ahead.
Sticking to last point.
Best value: 26.07%
Step: 13 | Mode: explore | Action: 2
BLIP2ITMClient.cosine: (480, 640, 3), Seems like there is a couch ahead.
Sticking to last point.
Best value: 26.07%
Step: 14 | Mode: explore | Action: 2
BLIP2ITMClient.cosine: (480, 640, 3), Seems like there is a couch ahead.
Sticking to last point.
Best value: 26.07%
Step: 15 | Mode: explore | Action: 2
BLIP2ITMClient.cosine: (480, 640, 3), Seems like there is a couch ahead.
Sticking to last point.
Best value: 26.07%
Step: 16 | Mode: explore | Action: 1
BLIP2ITMClient.cosine: (480, 640, 3), Seems like there is a couch ahead.
BLIP2ITMClient.cosine: (480, 640, 3), Seems like there is a couch ahead.
Best value: 18.17%
Step: 17 | Mode: explore | Action: 2
BLIP2ITMClient.cosine: (480, 640, 3), Seems like there is a couch ahead.
BLIP2ITMClient.cosine: (480, 640, 3), Seems like there is a couch ahead.
Best value: 18.17%
Step: 18 | Mode: explore | Action: 3
BLIP2ITMClient.cosine: (480, 640, 3), Seems like there is a couch ahead.
Sticking to last point.
Best value: 18.17%
Step: 19 | Mode: explore | Action: 1
BLIP2ITMClient.cosine: (480, 640, 3), Seems like there is a couch ahead.
BLIP2ITMClient.cosine: (480, 640, 3), Seems like there is a couch ahead.
Best value: 17.06%
Step: 20 | Mode: explore | Action: 2
BLIP2ITMClient.cosine: (480, 640, 3), Seems like there is a couch ahead.
BLIP2ITMClient.cosine: (480, 640, 3), Seems like there is a couch ahead.
Sticking to last point.
Best value: 17.63%
Step: 21 | Mode: explore | Action: 1
BLIP2ITMClient.cosine: (480, 640, 3), Seems like there is a couch ahead.
BLIP2ITMClient.cosine: (480, 640, 3), Seems like there is a couch ahead.
Best value: 17.06%
Step: 22 | Mode: explore | Action: 1
BLIP2ITMClient.cosine: (480, 640, 3), Seems like there is a couch ahead.
BLIP2ITMClient.cosine: (480, 640, 3), Seems like there is a couch ahead.
Best value: 11.91%
Step: 23 | Mode: explore | Action: 1
BLIP2ITMClient.cosine: (480, 640, 3), Seems like there is a couch ahead.
BLIP2ITMClient.cosine: (480, 640, 3), Seems like there is a couch ahead.
Sticking to last point.
Best value: 12.46%
Step: 24 | Mode: explore | Action: 1
BLIP2ITMClient.cosine: (480, 640, 3), Seems like there is a couch ahead.
BLIP2ITMClient.cosine: (480, 640, 3), Seems like there is a couch ahead.
Sticking to last point.
Best value: 12.26%
Step: 25 | Mode: explore | Action: 1
BLIP2ITMClient.cosine: (480, 640, 3), Seems like there is a couch ahead.
BLIP2ITMClient.cosine: (480, 640, 3), Seems like there is a couch ahead.
Sticking to last point.
Best value: 12.26%
Step: 26 | Mode: explore | Action: 1
BLIP2ITMClient.cosine: (480, 640, 3), Seems like there is a couch ahead.
BLIP2ITMClient.cosine: (480, 640, 3), Seems like there is a couch ahead.
Sticking to last point.
Best value: 12.26%
Step: 27 | Mode: explore | Action: 1
BLIP2ITMClient.cosine: (480, 640, 3), Seems like there is a couch ahead.
BLIP2ITMClient.cosine: (480, 640, 3), Seems like there is a couch ahead.
Best value: 11.06%
Step: 28 | Mode: explore | Action: 1
BLIP2ITMClient.cosine: (480, 640, 3), Seems like there is a couch ahead.
BLIP2ITMClient.cosine: (480, 640, 3), Seems like there is a couch ahead.
Sticking to last point.
Best value: 11.17%
Step: 29 | Mode: explore | Action: 1
BLIP2ITMClient.cosine: (480, 640, 3), Seems like there is a couch ahead.
BLIP2ITMClient.cosine: (480, 640, 3), Seems like there is a couch ahead.
Sticking to last point.
Best value: 11.42%
Step: 30 | Mode: explore | Action: 1
BLIP2ITMClient.cosine: (480, 640, 3), Seems like there is a couch ahead.
BLIP2ITMClient.cosine: (480, 640, 3), Seems like there is a couch ahead.
Best value: 11.17%
Step: 31 | Mode: explore | Action: 2
BLIP2ITMClient.cosine: (480, 640, 3), Seems like there is a couch ahead.
BLIP2ITMClient.cosine: (480, 640, 3), Seems like there is a couch ahead.
Best value: 11.44%
Step: 32 | Mode: explore | Action: 2
BLIP2ITMClient.cosine: (480, 640, 3), Seems like there is a couch ahead.
BLIP2ITMClient.cosine: (480, 640, 3), Seems like there is a couch ahead.
Best value: 11.44%
Step: 33 | Mode: explore | Action: 1
BLIP2ITMClient.cosine: (480, 640, 3), Seems like there is a couch ahead.
Sticking to last point.
Best value: 11.44%
Step: 34 | Mode: explore | Action: 1
BLIP2ITMClient.cosine: (480, 640, 3), Seems like there is a couch ahead.
Sticking to last point.
Best value: 11.44%
Step: 35 | Mode: explore | Action: 1
BLIP2ITMClient.cosine: (480, 640, 3), Seems like there is a couch ahead.
Sticking to last point.
Best value: 11.44%
Step: 36 | Mode: explore | Action: 1
BLIP2ITMClient.cosine: (480, 640, 3), Seems like there is a couch ahead.
Sticking to last point.
Best value: 11.44%
Step: 37 | Mode: explore | Action: 1
BLIP2ITMClient.cosine: (480, 640, 3), Seems like there is a couch ahead.
Sticking to last point.
Best value: 11.44%
Step: 38 | Mode: explore | Action: 1
BLIP2ITMClient.cosine: (480, 640, 3), Seems like there is a couch ahead.
Sticking to last point.
Best value: 11.44%
Step: 39 | Mode: explore | Action: 1
BLIP2ITMClient.cosine: (480, 640, 3), Seems like there is a couch ahead.
Sticking to last point.
Best value: 11.44%
Step: 40 | Mode: explore | Action: 1
BLIP2ITMClient.cosine: (480, 640, 3), Seems like there is a couch ahead.
Sticking to last point.
Best value: 11.44%
Step: 41 | Mode: explore | Action: 3
BLIP2ITMClient.cosine: (480, 640, 3), Seems like there is a couch ahead.
Sticking to last point.
Best value: 11.44%
Step: 42 | Mode: explore | Action: 1
BLIP2ITMClient.cosine: (480, 640, 3), Seems like there is a couch ahead.
Sticking to last point.
Best value: 11.44%
Step: 43 | Mode: explore | Action: 1
BLIP2ITMClient.cosine: (480, 640, 3), Seems like there is a couch ahead.
Sticking to last point.
Best value: 11.44%
Step: 44 | Mode: explore | Action: 2
BLIP2ITMClient.cosine: (480, 640, 3), Seems like there is a couch ahead.
BLIP2ITMClient.cosine: (480, 640, 3), Seems like there is a couch ahead.
Sticking to last point.
Best value: 13.35%
Step: 45 | Mode: explore | Action: 1
BLIP2ITMClient.cosine: (480, 640, 3), Seems like there is a couch ahead.
BLIP2ITMClient.cosine: (480, 640, 3), Seems like there is a couch ahead.
Sticking to last point.
Best value: 13.02%
Step: 46 | Mode: explore | Action: 1
BLIP2ITMClient.cosine: (480, 640, 3), Seems like there is a couch ahead.
BLIP2ITMClient.cosine: (480, 640, 3), Seems like there is a couch ahead.
Sticking to last point.
Best value: 12.50%
Step: 47 | Mode: explore | Action: 1
BLIP2ITMClient.cosine: (480, 640, 3), Seems like there is a couch ahead.
BLIP2ITMClient.cosine: (480, 640, 3), Seems like there is a couch ahead.
Sticking to last point.
Best value: 12.30%
Step: 48 | Mode: explore | Action: 1
BLIP2ITMClient.cosine: (480, 640, 3), Seems like there is a couch ahead.
BLIP2ITMClient.cosine: (480, 640, 3), Seems like there is a couch ahead.
Sticking to last point.
Best value: 13.07%
Step: 49 | Mode: explore | Action: 2
BLIP2ITMClient.cosine: (480, 640, 3), Seems like there is a couch ahead.
BLIP2ITMClient.cosine: (480, 640, 3), Seems like there is a couch ahead.
Best value: 17.26%
Step: 50 | Mode: explore | Action: 2
BLIP2ITMClient.cosine: (480, 640, 3), Seems like there is a couch ahead.
BLIP2ITMClient.cosine: (480, 640, 3), Seems like there is a couch ahead.
Best value: 15.71%
Step: 51 | Mode: explore | Action: 1
BLIP2ITMClient.cosine: (480, 640, 3), Seems like there is a couch ahead.
BLIP2ITMClient.cosine: (480, 640, 3), Seems like there is a couch ahead.
Sticking to last point.
Best value: 18.87%
Step: 52 | Mode: explore | Action: 1
BLIP2ITMClient.cosine: (480, 640, 3), Seems like there is a couch ahead.
BLIP2ITMClient.cosine: (480, 640, 3), Seems like there is a couch ahead.
Sticking to last point.
Best value: 22.38%
Step: 53 | Mode: explore | Action: 2
BLIP2ITMClient.cosine: (480, 640, 3), Seems like there is a couch ahead.
Best value: 10.32%
Step: 54 | Mode: explore | Action: 2
BLIP2ITMClient.cosine: (480, 640, 3), Seems like there is a couch ahead.
BLIP2ITMClient.cosine: (480, 640, 3), Seems like there is a couch ahead.
Sticking to last point.
Best value: 12.84%
Step: 55 | Mode: explore | Action: 2
BLIP2ITMClient.cosine: (480, 640, 3), Seems like there is a couch ahead.
Best value: 9.74%
Step: 56 | Mode: explore | Action: 2
BLIP2ITMClient.cosine: (480, 640, 3), Seems like there is a couch ahead.
BLIP2ITMClient.cosine: (480, 640, 3), Seems like there is a couch ahead.
Sticking to last point.
Best value: 9.84%
Step: 57 | Mode: explore | Action: 2
BLIP2ITMClient.cosine: (480, 640, 3), Seems like there is a couch ahead.
Sticking to last point.
  0%|          | 2/400 [04:26<13:06:18, 118.54s/it]Best value: 9.84%
Step: 58 | Mode: explore | Action: 2
BLIP2ITMClient.cosine: (480, 640, 3), Seems like there is a couch ahead.
Sticking to last point.
Best value: 9.84%
Step: 59 | Mode: explore | Action: 1
BLIP2ITMClient.cosine: (480, 640, 3), Seems like there is a couch ahead.
Sticking to last point.
Best value: 9.84%
Step: 60 | Mode: explore | Action: 1
BLIP2ITMClient.cosine: (480, 640, 3), Seems like there is a couch ahead.
BLIP2ITMClient.cosine: (480, 640, 3), Seems like there is a couch ahead.
Sticking to last point.
Best value: 12.26%
Step: 61 | Mode: explore | Action: 3
BLIP2ITMClient.cosine: (480, 640, 3), Seems like there is a couch ahead.
Sticking to last point.
Best value: 12.26%
Step: 62 | Mode: explore | Action: 1
BLIP2ITMClient.cosine: (480, 640, 3), Seems like there is a couch ahead.
BLIP2ITMClient.cosine: (480, 640, 3), Seems like there is a couch ahead.
Sticking to last point.
Best value: 17.61%
Step: 63 | Mode: explore | Action: 1
BLIP2ITMClient.cosine: (480, 640, 3), Seems like there is a couch ahead.
Sticking to last point.
Best value: 17.61%
Step: 64 | Mode: explore | Action: 3
BLIP2ITMClient.cosine: (480, 640, 3), Seems like there is a couch ahead.
Sticking to last point.
Best value: 17.61%
Step: 65 | Mode: explore | Action: 1
BLIP2ITMClient.cosine: (480, 640, 3), Seems like there is a couch ahead.
BLIP2ITMClient.cosine: (480, 640, 3), Seems like there is a couch ahead.
Sticking to last point.
Best value: 16.79%
Step: 66 | Mode: explore | Action: 1
BLIP2ITMClient.cosine: (480, 640, 3), Seems like there is a couch ahead.
BLIP2ITMClient.cosine: (480, 640, 3), Seems like there is a couch ahead.
Best value: 17.74%
Step: 67 | Mode: explore | Action: 2
BLIP2ITMClient.cosine: (480, 640, 3), Seems like there is a couch ahead.
BLIP2ITMClient.cosine: (480, 640, 3), Seems like there is a couch ahead.
Best value: 17.74%
Step: 68 | Mode: explore | Action: 1
BLIP2ITMClient.cosine: (480, 640, 3), Seems like there is a couch ahead.
BLIP2ITMClient.cosine: (480, 640, 3), Seems like there is a couch ahead.
Sticking to last point.
Best value: 17.74%
Step: 69 | Mode: explore | Action: 1
BLIP2ITMClient.cosine: (480, 640, 3), Seems like there is a couch ahead.
BLIP2ITMClient.cosine: (480, 640, 3), Seems like there is a couch ahead.
Sticking to last point.
Best value: 17.74%
Step: 70 | Mode: explore | Action: 1
BLIP2ITMClient.cosine: (480, 640, 3), Seems like there is a couch ahead.
BLIP2ITMClient.cosine: (480, 640, 3), Seems like there is a couch ahead.
Sticking to last point.
Best value: 17.74%
Step: 71 | Mode: explore | Action: 1
BLIP2ITMClient.cosine: (480, 640, 3), Seems like there is a couch ahead.
BLIP2ITMClient.cosine: (480, 640, 3), Seems like there is a couch ahead.
Sticking to last point.
Best value: 17.74%
Step: 72 | Mode: explore | Action: 1
BLIP2ITMClient.cosine: (480, 640, 3), Seems like there is a couch ahead.
BLIP2ITMClient.cosine: (480, 640, 3), Seems like there is a couch ahead.
Sticking to last point.
Best value: 17.74%
Step: 73 | Mode: explore | Action: 1
BLIP2ITMClient.cosine: (480, 640, 3), Seems like there is a couch ahead.
BLIP2ITMClient.cosine: (480, 640, 3), Seems like there is a couch ahead.
Sticking to last point.
Best value: 17.74%
Step: 74 | Mode: explore | Action: 1
BLIP2ITMClient.cosine: (480, 640, 3), Seems like there is a couch ahead.
BLIP2ITMClient.cosine: (480, 640, 3), Seems like there is a couch ahead.
Sticking to last point.
Best value: 17.74%
Step: 75 | Mode: explore | Action: 1
BLIP2ITMClient.cosine: (480, 640, 3), Seems like there is a couch ahead.
BLIP2ITMClient.cosine: (480, 640, 3), Seems like there is a couch ahead.
Sticking to last point.
Best value: 17.74%
Step: 76 | Mode: explore | Action: 1
BLIP2ITMClient.cosine: (480, 640, 3), Seems like there is a couch ahead.
Sticking to last point.
Best value: 17.74%
Step: 77 | Mode: explore | Action: 2
BLIP2ITMClient.cosine: (480, 640, 3), Seems like there is a couch ahead.
Step: 78 | Mode: navigate | Action: 2
BLIP2ITMClient.cosine: (480, 640, 3), Seems like there is a couch ahead.
Step: 79 | Mode: navigate | Action: 1
BLIP2ITMClient.cosine: (480, 640, 3), Seems like there is a couch ahead.
Step: 80 | Mode: navigate | Action: 1
BLIP2ITMClient.cosine: (480, 640, 3), Seems like there is a couch ahead.
Step: 81 | Mode: navigate | Action: 1
BLIP2ITMClient.cosine: (480, 640, 3), Seems like there is a couch ahead.
Step: 82 | Mode: navigate | Action: 1
BLIP2ITMClient.cosine: (480, 640, 3), Seems like there is a couch ahead.
Step: 83 | Mode: navigate | Action: 1
BLIP2ITMClient.cosine: (480, 640, 3), Seems like there is a couch ahead.
Step: 84 | Mode: navigate | Action: 1
BLIP2ITMClient.cosine: (480, 640, 3), Seems like there is a couch ahead.
Step: 85 | Mode: navigate | Action: 1
BLIP2ITMClient.cosine: (480, 640, 3), Seems like there is a couch ahead.
Step: 86 | Mode: navigate | Action: 1
BLIP2ITMClient.cosine: (480, 640, 3), Seems like there is a couch ahead.
Step: 87 | Mode: navigate | Action: 1
BLIP2ITMClient.cosine: (480, 640, 3), Seems like there is a couch ahead.
Step: 88 | Mode: navigate | Action: 1
BLIP2ITMClient.cosine: (480, 640, 3), Seems like there is a couch ahead.
Step: 89 | Mode: navigate | Action: 1
BLIP2ITMClient.cosine: (480, 640, 3), Seems like there is a couch ahead.
Step: 90 | Mode: navigate | Action: 2
BLIP2ITMClient.cosine: (480, 640, 3), Seems like there is a couch ahead.
Step: 91 | Mode: navigate | Action: 1
BLIP2ITMClient.cosine: (480, 640, 3), Seems like there is a couch ahead.
Step: 92 | Mode: navigate | Action: 1
BLIP2ITMClient.cosine: (480, 640, 3), Seems like there is a couch ahead.
Step: 93 | Mode: navigate | Action: 1
BLIP2ITMClient.cosine: (480, 640, 3), Seems like there is a couch ahead.
Step: 94 | Mode: navigate | Action: 1
BLIP2ITMClient.cosine: (480, 640, 3), Seems like there is a couch ahead.
Step: 95 | Mode: navigate | Action: 1
BLIP2ITMClient.cosine: (480, 640, 3), Seems like there is a couch ahead.
Step: 96 | Mode: navigate | Action: 1
BLIP2ITMClient.cosine: (480, 640, 3), Seems like there is a couch ahead.
Step: 97 | Mode: navigate | Action: 1
BLIP2ITMClient.cosine: (480, 640, 3), Seems like there is a couch ahead.
Step: 98 | Mode: navigate | Action: 1
BLIP2ITMClient.cosine: (480, 640, 3), Seems like there is a couch ahead.
Step: 99 | Mode: navigate | Action: 1
BLIP2ITMClient.cosine: (480, 640, 3), Seems like there is a couch ahead.
Step: 100 | Mode: navigate | Action: 1
BLIP2ITMClient.cosine: (480, 640, 3), Seems like there is a couch ahead.
Step: 101 | Mode: navigate | Action: 1
BLIP2ITMClient.cosine: (480, 640, 3), Seems like there is a couch ahead.
Step: 102 | Mode: navigate | Action: 3
BLIP2ITMClient.cosine: (480, 640, 3), Seems like there is a couch ahead.
Step: 103 | Mode: navigate | Action: 1
BLIP2ITMClient.cosine: (480, 640, 3), Seems like there is a couch ahead.
Step: 104 | Mode: navigate | Action: 0
[traj] episode 132 — unknown
Episode 86 in scene Wiconisco failed due to 'false_positive'.
[traj] captured failure_cause: false_positive
[traj] value map: max=0.2997, nonzero=37104
[traj] saved episode Wiconisco_86 (105 steps, failed)
BLIP2ITMClient.cosine: (480, 640, 3), Seems like there is a couch ahead.
Step: 0 | Mode: initialize | Action: 2
BLIP2ITMClient.cosine: (480, 640, 3), Seems like there is a couch ahead.
Step: 1 | Mode: initialize | Action: 2
BLIP2ITMClient.cosine: (480, 640, 3), Seems like there is a couch ahead.
Step: 2 | Mode: initialize | Action: 2
BLIP2ITMClient.cosine: (480, 640, 3), Seems like there is a couch ahead.
Step: 3 | Mode: initialize | Action: 2
BLIP2ITMClient.cosine: (480, 640, 3), Seems like there is a couch ahead.
Step: 4 | Mode: initialize | Action: 2
BLIP2ITMClient.cosine: (480, 640, 3), Seems like there is a couch ahead.
Step: 5 | Mode: initialize | Action: 2
BLIP2ITMClient.cosine: (480, 640, 3), Seems like there is a couch ahead.
Step: 6 | Mode: initialize | Action: 2
BLIP2ITMClient.cosine: (480, 640, 3), Seems like there is a couch ahead.
Step: 7 | Mode: initialize | Action: 2
BLIP2ITMClient.cosine: (480, 640, 3), Seems like there is a couch ahead.
Step: 8 | Mode: initialize | Action: 2
BLIP2ITMClient.cosine: (480, 640, 3), Seems like there is a couch ahead.
Step: 9 | Mode: initialize | Action: 2
BLIP2ITMClient.cosine: (480, 640, 3), Seems like there is a couch ahead.
Step: 10 | Mode: initialize | Action: 2
BLIP2ITMClient.cosine: (480, 640, 3), Seems like there is a couch ahead.
Step: 11 | Mode: initialize | Action: 2
BLIP2ITMClient.cosine: (480, 640, 3), Seems like there is a couch ahead.
BLIP2ITMClient.cosine: (480, 640, 3), Seems like there is a couch ahead.
Best value: 21.23%
Step: 12 | Mode: explore | Action: 3
BLIP2ITMClient.cosine: (480, 640, 3), Seems like there is a couch ahead.
Sticking to last point.
Best value: 21.23%
Step: 13 | Mode: explore | Action: 3
BLIP2ITMClient.cosine: (480, 640, 3), Seems like there is a couch ahead.
Sticking to last point.
Best value: 21.23%
Step: 14 | Mode: explore | Action: 3
BLIP2ITMClient.cosine: (480, 640, 3), Seems like there is a couch ahead.
Sticking to last point.
Best value: 21.23%
Step: 15 | Mode: explore | Action: 3
BLIP2ITMClient.cosine: (480, 640, 3), Seems like there is a couch ahead.
Sticking to last point.
Best value: 21.23%
Step: 16 | Mode: explore | Action: 1
BLIP2ITMClient.cosine: (480, 640, 3), Seems like there is a couch ahead.
BLIP2ITMClient.cosine: (480, 640, 3), Seems like there is a couch ahead.
Best value: 14.09%
Step: 17 | Mode: explore | Action: 1
BLIP2ITMClient.cosine: (480, 640, 3), Seems like there is a couch ahead.
BLIP2ITMClient.cosine: (480, 640, 3), Seems like there is a couch ahead.
Sticking to last point.
Best value: 14.81%
Step: 18 | Mode: explore | Action: 1
BLIP2ITMClient.cosine: (480, 640, 3), Seems like there is a couch ahead.
BLIP2ITMClient.cosine: (480, 640, 3), Seems like there is a couch ahead.
Best value: 16.24%
Step: 19 | Mode: explore | Action: 1
BLIP2ITMClient.cosine: (480, 640, 3), Seems like there is a couch ahead.
BLIP2ITMClient.cosine: (480, 640, 3), Seems like there is a couch ahead.
Best value: 16.24%
Step: 20 | Mode: explore | Action: 2
BLIP2ITMClient.cosine: (480, 640, 3), Seems like there is a couch ahead.
Sticking to last point.
Best value: 16.24%
Step: 21 | Mode: explore | Action: 1
BLIP2ITMClient.cosine: (480, 640, 3), Seems like there is a couch ahead.
Sticking to last point.
Best value: 16.24%
Step: 22 | Mode: explore | Action: 3
BLIP2ITMClient.cosine: (480, 640, 3), Seems like there is a couch ahead.
Sticking to last point.
Best value: 16.24%
Step: 23 | Mode: explore | Action: 1
BLIP2ITMClient.cosine: (480, 640, 3), Seems like there is a couch ahead.
Sticking to last point.
Best value: 16.24%
Step: 24 | Mode: explore | Action: 1
BLIP2ITMClient.cosine: (480, 640, 3), Seems like there is a couch ahead.
BLIP2ITMClient.cosine: (480, 640, 3), Seems like there is a couch ahead.
Sticking to last point.
Best value: 16.24%
Step: 25 | Mode: explore | Action: 1
BLIP2ITMClient.cosine: (480, 640, 3), Seems like there is a couch ahead.
BLIP2ITMClient.cosine: (480, 640, 3), Seems like there is a couch ahead.
Sticking to last point.
Best value: 16.24%
Step: 26 | Mode: explore | Action: 1
BLIP2ITMClient.cosine: (480, 640, 3), Seems like there is a couch ahead.
BLIP2ITMClient.cosine: (480, 640, 3), Seems like there is a couch ahead.
Sticking to last point.
Best value: 16.24%
Step: 27 | Mode: explore | Action: 1
BLIP2ITMClient.cosine: (480, 640, 3), Seems like there is a couch ahead.
Sticking to last point.
Best value: 16.24%
Step: 28 | Mode: explore | Action: 1
BLIP2ITMClient.cosine: (480, 640, 3), Seems like there is a couch ahead.
Sticking to last point.
Best value: 16.24%
Step: 29 | Mode: explore | Action: 3
BLIP2ITMClient.cosine: (480, 640, 3), Seems like there is a couch ahead.
Sticking to last point.
Best value: 16.24%
Step: 30 | Mode: explore | Action: 1
BLIP2ITMClient.cosine: (480, 640, 3), Seems like there is a couch ahead.
Sticking to last point.
Best value: 16.24%
Step: 31 | Mode: explore | Action: 1
BLIP2ITMClient.cosine: (480, 640, 3), Seems like there is a couch ahead.
Sticking to last point.
Best value: 16.24%
Step: 32 | Mode: explore | Action: 1
BLIP2ITMClient.cosine: (480, 640, 3), Seems like there is a couch ahead.
Sticking to last point.
Best value: 16.24%
Step: 33 | Mode: explore | Action: 1
BLIP2ITMClient.cosine: (480, 640, 3), Seems like there is a couch ahead.
Sticking to last point.
Best value: 16.24%
Step: 34 | Mode: explore | Action: 1
BLIP2ITMClient.cosine: (480, 640, 3), Seems like there is a couch ahead.
Sticking to last point.
Best value: 16.24%
Step: 35 | Mode: explore | Action: 1
BLIP2ITMClient.cosine: (480, 640, 3), Seems like there is a couch ahead.
BLIP2ITMClient.cosine: (480, 640, 3), Seems like there is a couch ahead.
Best value: 15.04%
Step: 36 | Mode: explore | Action: 3
BLIP2ITMClient.cosine: (480, 640, 3), Seems like there is a couch ahead.
Sticking to last point.
Best value: 15.04%
Step: 37 | Mode: explore | Action: 3
BLIP2ITMClient.cosine: (480, 640, 3), Seems like there is a couch ahead.
BLIP2ITMClient.cosine: (480, 640, 3), Seems like there is a couch ahead.
Best value: 15.84%
Step: 38 | Mode: explore | Action: 3
BLIP2ITMClient.cosine: (480, 640, 3), Seems like there is a couch ahead.
BLIP2ITMClient.cosine: (480, 640, 3), Seems like there is a couch ahead.
Best value: 18.29%
Step: 39 | Mode: explore | Action: 1
BLIP2ITMClient.cosine: (480, 640, 3), Seems like there is a couch ahead.
BLIP2ITMClient.cosine: (480, 640, 3), Seems like there is a couch ahead.
Best value: 18.89%
Step: 40 | Mode: explore | Action: 1
BLIP2ITMClient.cosine: (480, 640, 3), Seems like there is a couch ahead.
BLIP2ITMClient.cosine: (480, 640, 3), Seems like there is a couch ahead.
Best value: 17.37%
Step: 41 | Mode: explore | Action: 3
BLIP2ITMClient.cosine: (480, 640, 3), Seems like there is a couch ahead.
Sticking to last point.
Best value: 17.37%
Step: 42 | Mode: explore | Action: 1
BLIP2ITMClient.cosine: (480, 640, 3), Seems like there is a couch ahead.
BLIP2ITMClient.cosine: (480, 640, 3), Seems like there is a couch ahead.
Sticking to last point.
Best value: 16.58%
Step: 43 | Mode: explore | Action: 1
BLIP2ITMClient.cosine: (480, 640, 3), Seems like there is a couch ahead.
BLIP2ITMClient.cosine: (480, 640, 3), Seems like there is a couch ahead.
Sticking to last point.
Best value: 16.62%
Step: 44 | Mode: explore | Action: 1
BLIP2ITMClient.cosine: (480, 640, 3), Seems like there is a couch ahead.
Step: 45 | Mode: navigate | Action: 1
BLIP2ITMClient.cosine: (480, 640, 3), Seems like there is a couch ahead.
Step: 46 | Mode: navigate | Action: 1
BLIP2ITMClient.cosine: (480, 640, 3), Seems like there is a couch ahead.
Step: 47 | Mode: navigate | Action: 1
BLIP2ITMClient.cosine: (480, 640, 3), Seems like there is a couch ahead.
Step: 48 | Mode: navigate | Action: 2
BLIP2ITMClient.cosine: (480, 640, 3), Seems like there is a couch ahead.
Step: 49 | Mode: navigate | Action: 1
BLIP2ITMClient.cosine: (480, 640, 3), Seems like there is a couch ahead.
Step: 50 | Mode: navigate | Action: 1
BLIP2ITMClient.cosine: (480, 640, 3), Seems like there is a couch ahead.
Step: 51 | Mode: navigate | Action: 1
BLIP2ITMClient.cosine: (480, 640, 3), Seems like there is a couch ahead.
Step: 52 | Mode: navigate | Action: 1
BLIP2ITMClient.cosine: (480, 640, 3), Seems like there is a couch ahead.
Step: 53 | Mode: navigate | Action: 1
BLIP2ITMClient.cosine: (480, 640, 3), Seems like there is a couch ahead.
Step: 54 | Mode: navigate | Action: 1
BLIP2ITMClient.cosine: (480, 640, 3), Seems like there is a couch ahead.
Step: 55 | Mode: navigate | Action: 1
BLIP2ITMClient.cosine: (480, 640, 3), Seems like there is a couch ahead.
Step: 56 | Mode: navigate | Action: 1
BLIP2ITMClient.cosine: (480, 640, 3), Seems like there is a couch ahead.
Step: 57 | Mode: navigate | Action: 1
BLIP2ITMClient.cosine: (480, 640, 3), Seems like there is a couch ahead.
Step: 58 | Mode: navigate | Action: 1
BLIP2ITMClient.cosine: (480, 640, 3), Seems like there is a couch ahead.
Step: 59 | Mode: navigate | Action: 1
BLIP2ITMClient.cosine: (480, 640, 3), Seems like there is a couch ahead.
Step: 60 | Mode: navigate | Action: 1
BLIP2ITMClient.cosine: (480, 640, 3), Seems like there is a couch ahead.
Step: 61 | Mode: navigate | Action: 1
BLIP2ITMClient.cosine: (480, 640, 3), Seems like there is a couch ahead.
Step: 62 | Mode: navigate | Action: 1
  1%|          | 3/400 [05:06<9:05:52, 82.50s/it]  BLIP2ITMClient.cosine: (480, 640, 3), Seems like there is a couch ahead.
Step: 63 | Mode: navigate | Action: 1
BLIP2ITMClient.cosine: (480, 640, 3), Seems like there is a couch ahead.
Step: 64 | Mode: navigate | Action: 1
BLIP2ITMClient.cosine: (480, 640, 3), Seems like there is a couch ahead.
Step: 65 | Mode: navigate | Action: 2
BLIP2ITMClient.cosine: (480, 640, 3), Seems like there is a couch ahead.
Step: 66 | Mode: navigate | Action: 1
BLIP2ITMClient.cosine: (480, 640, 3), Seems like there is a couch ahead.
Step: 67 | Mode: navigate | Action: 3
BLIP2ITMClient.cosine: (480, 640, 3), Seems like there is a couch ahead.
Step: 68 | Mode: navigate | Action: 1
BLIP2ITMClient.cosine: (480, 640, 3), Seems like there is a couch ahead.
Step: 69 | Mode: navigate | Action: 2
BLIP2ITMClient.cosine: (480, 640, 3), Seems like there is a couch ahead.
Step: 70 | Mode: navigate | Action: 1
BLIP2ITMClient.cosine: (480, 640, 3), Seems like there is a couch ahead.
Step: 71 | Mode: navigate | Action: 1
BLIP2ITMClient.cosine: (480, 640, 3), Seems like there is a couch ahead.
Step: 72 | Mode: navigate | Action: 3
BLIP2ITMClient.cosine: (480, 640, 3), Seems like there is a couch ahead.
Step: 73 | Mode: navigate | Action: 3
BLIP2ITMClient.cosine: (480, 640, 3), Seems like there is a couch ahead.
Step: 74 | Mode: navigate | Action: 2
BLIP2ITMClient.cosine: (480, 640, 3), Seems like there is a couch ahead.
Step: 75 | Mode: navigate | Action: 2
BLIP2ITMClient.cosine: (480, 640, 3), Seems like there is a couch ahead.
Step: 76 | Mode: navigate | Action: 1
BLIP2ITMClient.cosine: (480, 640, 3), Seems like there is a couch ahead.
Step: 77 | Mode: navigate | Action: 1
BLIP2ITMClient.cosine: (480, 640, 3), Seems like there is a couch ahead.
Step: 78 | Mode: navigate | Action: 1
BLIP2ITMClient.cosine: (480, 640, 3), Seems like there is a couch ahead.
Step: 79 | Mode: navigate | Action: 3
BLIP2ITMClient.cosine: (480, 640, 3), Seems like there is a couch ahead.
Step: 80 | Mode: navigate | Action: 1
BLIP2ITMClient.cosine: (480, 640, 3), Seems like there is a couch ahead.
Step: 81 | Mode: navigate | Action: 1
BLIP2ITMClient.cosine: (480, 640, 3), Seems like there is a couch ahead.
Step: 82 | Mode: navigate | Action: 1
BLIP2ITMClient.cosine: (480, 640, 3), Seems like there is a couch ahead.
Step: 83 | Mode: navigate | Action: 1
BLIP2ITMClient.cosine: (480, 640, 3), Seems like there is a couch ahead.
Step: 84 | Mode: navigate | Action: 1
BLIP2ITMClient.cosine: (480, 640, 3), Seems like there is a couch ahead.
Step: 85 | Mode: navigate | Action: 0
[traj] episode 46 — unknown
[traj] captured failure_cause: did_not_fail
[traj] value map: max=0.3217, nonzero=30937
[traj] saved episode Wiconisco_132 (86 steps, success)
BLIP2ITMClient.cosine: (480, 640, 3), Seems like there is a potted plant ahead.
Step: 0 | Mode: initialize | Action: 2
BLIP2ITMClient.cosine: (480, 640, 3), Seems like there is a potted plant ahead.
Step: 1 | Mode: initialize | Action: 2
BLIP2ITMClient.cosine: (480, 640, 3), Seems like there is a potted plant ahead.
Step: 2 | Mode: initialize | Action: 2
BLIP2ITMClient.cosine: (480, 640, 3), Seems like there is a potted plant ahead.
Step: 3 | Mode: initialize | Action: 2
BLIP2ITMClient.cosine: (480, 640, 3), Seems like there is a potted plant ahead.
Step: 4 | Mode: initialize | Action: 2
BLIP2ITMClient.cosine: (480, 640, 3), Seems like there is a potted plant ahead.
Step: 5 | Mode: initialize | Action: 2
BLIP2ITMClient.cosine: (480, 640, 3), Seems like there is a potted plant ahead.
Step: 6 | Mode: initialize | Action: 2
BLIP2ITMClient.cosine: (480, 640, 3), Seems like there is a potted plant ahead.
Step: 7 | Mode: initialize | Action: 2
BLIP2ITMClient.cosine: (480, 640, 3), Seems like there is a potted plant ahead.
Step: 8 | Mode: initialize | Action: 2
BLIP2ITMClient.cosine: (480, 640, 3), Seems like there is a potted plant ahead.
Step: 9 | Mode: initialize | Action: 2
BLIP2ITMClient.cosine: (480, 640, 3), Seems like there is a potted plant ahead.
Step: 10 | Mode: initialize | Action: 2
BLIP2ITMClient.cosine: (480, 640, 3), Seems like there is a potted plant ahead.
Step: 11 | Mode: initialize | Action: 2
BLIP2ITMClient.cosine: (480, 640, 3), Seems like there is a potted plant ahead.
BLIP2ITMClient.cosine: (480, 640, 3), Seems like there is a potted plant ahead.
Best value: 10.07%
Step: 12 | Mode: explore | Action: 1
BLIP2ITMClient.cosine: (480, 640, 3), Seems like there is a potted plant ahead.
BLIP2ITMClient.cosine: (480, 640, 3), Seems like there is a potted plant ahead.
Sticking to last point.
Best value: 10.07%
Step: 13 | Mode: explore | Action: 2
BLIP2ITMClient.cosine: (480, 640, 3), Seems like there is a potted plant ahead.
BLIP2ITMClient.cosine: (480, 640, 3), Seems like there is a potted plant ahead.
Sticking to last point.
Best value: 10.07%
Step: 14 | Mode: explore | Action: 2
BLIP2ITMClient.cosine: (480, 640, 3), Seems like there is a potted plant ahead.
Sticking to last point.
Best value: 10.07%
Step: 15 | Mode: explore | Action: 1
BLIP2ITMClient.cosine: (480, 640, 3), Seems like there is a potted plant ahead.
Sticking to last point.
Best value: 10.07%
Step: 16 | Mode: explore | Action: 1
BLIP2ITMClient.cosine: (480, 640, 3), Seems like there is a potted plant ahead.
Sticking to last point.
Best value: 10.07%
Step: 17 | Mode: explore | Action: 2
BLIP2ITMClient.cosine: (480, 640, 3), Seems like there is a potted plant ahead.
Sticking to last point.
Best value: 10.07%
Step: 18 | Mode: explore | Action: 1
BLIP2ITMClient.cosine: (480, 640, 3), Seems like there is a potted plant ahead.
Sticking to last point.
Best value: 10.07%
Step: 19 | Mode: explore | Action: 2
BLIP2ITMClient.cosine: (480, 640, 3), Seems like there is a potted plant ahead.
Sticking to last point.
Best value: 10.07%
Step: 20 | Mode: explore | Action: 1
BLIP2ITMClient.cosine: (480, 640, 3), Seems like there is a potted plant ahead.
Sticking to last point.
Best value: 10.07%
Step: 21 | Mode: explore | Action: 1
BLIP2ITMClient.cosine: (480, 640, 3), Seems like there is a potted plant ahead.
Best value: 11.39%
Step: 22 | Mode: explore | Action: 3
BLIP2ITMClient.cosine: (480, 640, 3), Seems like there is a potted plant ahead.
Sticking to last point.
Best value: 11.39%
Step: 23 | Mode: explore | Action: 3
BLIP2ITMClient.cosine: (480, 640, 3), Seems like there is a potted plant ahead.
Sticking to last point.
Best value: 11.39%
Step: 24 | Mode: explore | Action: 3
BLIP2ITMClient.cosine: (480, 640, 3), Seems like there is a potted plant ahead.
BLIP2ITMClient.cosine: (480, 640, 3), Seems like there is a potted plant ahead.
Sticking to last point.
Best value: 11.39%
Step: 25 | Mode: explore | Action: 3
BLIP2ITMClient.cosine: (480, 640, 3), Seems like there is a potted plant ahead.
BLIP2ITMClient.cosine: (480, 640, 3), Seems like there is a potted plant ahead.
Sticking to last point.
Best value: 11.39%
Step: 26 | Mode: explore | Action: 3
BLIP2ITMClient.cosine: (480, 640, 3), Seems like there is a potted plant ahead.
Sticking to last point.
Best value: 11.39%
Step: 27 | Mode: explore | Action: 1
BLIP2ITMClient.cosine: (480, 640, 3), Seems like there is a potted plant ahead.
Sticking to last point.
Best value: 11.39%
Step: 28 | Mode: explore | Action: 2
BLIP2ITMClient.cosine: (480, 640, 3), Seems like there is a potted plant ahead.
Sticking to last point.
Best value: 11.39%
Step: 29 | Mode: explore | Action: 1
BLIP2ITMClient.cosine: (480, 640, 3), Seems like there is a potted plant ahead.
Sticking to last point.
Best value: 11.39%
Step: 30 | Mode: explore | Action: 1
BLIP2ITMClient.cosine: (480, 640, 3), Seems like there is a potted plant ahead.
Sticking to last point.
Best value: 11.39%
Step: 31 | Mode: explore | Action: 1
BLIP2ITMClient.cosine: (480, 640, 3), Seems like there is a potted plant ahead.
Sticking to last point.
Best value: 11.39%
Step: 32 | Mode: explore | Action: 1
BLIP2ITMClient.cosine: (480, 640, 3), Seems like there is a potted plant ahead.
Sticking to last point.
Best value: 11.39%
Step: 33 | Mode: explore | Action: 1
BLIP2ITMClient.cosine: (480, 640, 3), Seems like there is a potted plant ahead.
BLIP2ITMClient.cosine: (480, 640, 3), Seems like there is a potted plant ahead.
Sticking to last point.
Best value: 11.39%
Step: 34 | Mode: explore | Action: 1
BLIP2ITMClient.cosine: (480, 640, 3), Seems like there is a potted plant ahead.
BLIP2ITMClient.cosine: (480, 640, 3), Seems like there is a potted plant ahead.
Sticking to last point.
Best value: 11.39%
Step: 35 | Mode: explore | Action: 1
BLIP2ITMClient.cosine: (480, 640, 3), Seems like there is a potted plant ahead.
BLIP2ITMClient.cosine: (480, 640, 3), Seems like there is a potted plant ahead.
Sticking to last point.
Best value: 11.39%
Step: 36 | Mode: explore | Action: 1
BLIP2ITMClient.cosine: (480, 640, 3), Seems like there is a potted plant ahead.
BLIP2ITMClient.cosine: (480, 640, 3), Seems like there is a potted plant ahead.
Sticking to last point.
Best value: 11.39%
Step: 37 | Mode: explore | Action: 1
BLIP2ITMClient.cosine: (480, 640, 3), Seems like there is a potted plant ahead.
BLIP2ITMClient.cosine: (480, 640, 3), Seems like there is a potted plant ahead.
Sticking to last point.
Best value: 11.39%
Step: 38 | Mode: explore | Action: 1
BLIP2ITMClient.cosine: (480, 640, 3), Seems like there is a potted plant ahead.
BLIP2ITMClient.cosine: (480, 640, 3), Seems like there is a potted plant ahead.
Sticking to last point.
Best value: 10.64%
Step: 39 | Mode: explore | Action: 1
BLIP2ITMClient.cosine: (480, 640, 3), Seems like there is a potted plant ahead.
BLIP2ITMClient.cosine: (480, 640, 3), Seems like there is a potted plant ahead.
Sticking to last point.
Best value: 12.34%
Step: 40 | Mode: explore | Action: 1
BLIP2ITMClient.cosine: (480, 640, 3), Seems like there is a potted plant ahead.
BLIP2ITMClient.cosine: (480, 640, 3), Seems like there is a potted plant ahead.
Best value: 11.20%
Step: 41 | Mode: explore | Action: 3
BLIP2ITMClient.cosine: (480, 640, 3), Seems like there is a potted plant ahead.
BLIP2ITMClient.cosine: (480, 640, 3), Seems like there is a potted plant ahead.
Sticking to last point.
Best value: 11.20%
Step: 42 | Mode: explore | Action: 1
BLIP2ITMClient.cosine: (480, 640, 3), Seems like there is a potted plant ahead.
Sticking to last point.
Best value: 11.20%
Step: 43 | Mode: explore | Action: 1
BLIP2ITMClient.cosine: (480, 640, 3), Seems like there is a potted plant ahead.
Sticking to last point.
Best value: 11.20%
Step: 44 | Mode: explore | Action: 3
BLIP2ITMClient.cosine: (480, 640, 3), Seems like there is a potted plant ahead.
BLIP2ITMClient.cosine: (480, 640, 3), Seems like there is a potted plant ahead.
Sticking to last point.
Best value: 11.20%
Step: 45 | Mode: explore | Action: 1
BLIP2ITMClient.cosine: (480, 640, 3), Seems like there is a potted plant ahead.
BLIP2ITMClient.cosine: (480, 640, 3), Seems like there is a potted plant ahead.
Best value: 10.84%
Step: 46 | Mode: explore | Action: 2
BLIP2ITMClient.cosine: (480, 640, 3), Seems like there is a potted plant ahead.
BLIP2ITMClient.cosine: (480, 640, 3), Seems like there is a potted plant ahead.
Sticking to last point.
Best value: 10.08%
Step: 47 | Mode: explore | Action: 1
BLIP2ITMClient.cosine: (480, 640, 3), Seems like there is a potted plant ahead.
BLIP2ITMClient.cosine: (480, 640, 3), Seems like there is a potted plant ahead.
Sticking to last point.
Best value: 10.19%
Step: 48 | Mode: explore | Action: 1
BLIP2ITMClient.cosine: (480, 640, 3), Seems like there is a potted plant ahead.
BLIP2ITMClient.cosine: (480, 640, 3), Seems like there is a potted plant ahead.
Sticking to last point.
Best value: 10.76%
Step: 49 | Mode: explore | Action: 1
BLIP2ITMClient.cosine: (480, 640, 3), Seems like there is a potted plant ahead.
BLIP2ITMClient.cosine: (480, 640, 3), Seems like there is a potted plant ahead.
Sticking to last point.
Best value: 10.32%
Step: 50 | Mode: explore | Action: 1
BLIP2ITMClient.cosine: (480, 640, 3), Seems like there is a potted plant ahead.
BLIP2ITMClient.cosine: (480, 640, 3), Seems like there is a potted plant ahead.
Sticking to last point.
Best value: 10.32%
Step: 51 | Mode: explore | Action: 2
BLIP2ITMClient.cosine: (480, 640, 3), Seems like there is a potted plant ahead.
BLIP2ITMClient.cosine: (480, 640, 3), Seems like there is a potted plant ahead.
Sticking to last point.
Best value: 11.24%
Step: 52 | Mode: explore | Action: 2
BLIP2ITMClient.cosine: (480, 640, 3), Seems like there is a potted plant ahead.
Sticking to last point.
Best value: 11.24%
Step: 53 | Mode: explore | Action: 3
BLIP2ITMClient.cosine: (480, 640, 3), Seems like there is a potted plant ahead.
Sticking to last point.
Best value: 11.24%
Step: 54 | Mode: explore | Action: 1
BLIP2ITMClient.cosine: (480, 640, 3), Seems like there is a potted plant ahead.
BLIP2ITMClient.cosine: (480, 640, 3), Seems like there is a potted plant ahead.
Sticking to last point.
Best value: 15.32%
Step: 55 | Mode: explore | Action: 1
BLIP2ITMClient.cosine: (480, 640, 3), Seems like there is a potted plant ahead.
Sticking to last point.
Best value: 15.32%
Step: 56 | Mode: explore | Action: 2
BLIP2ITMClient.cosine: (480, 640, 3), Seems like there is a potted plant ahead.
BLIP2ITMClient.cosine: (480, 640, 3), Seems like there is a potted plant ahead.
Best value: 10.60%
Step: 57 | Mode: explore | Action: 2
BLIP2ITMClient.cosine: (480, 640, 3), Seems like there is a potted plant ahead.
Sticking to last point.
Best value: 10.60%
Step: 58 | Mode: explore | Action: 2
BLIP2ITMClient.cosine: (480, 640, 3), Seems like there is a potted plant ahead.
Sticking to last point.
Best value: 10.60%
Step: 59 | Mode: explore | Action: 2
BLIP2ITMClient.cosine: (480, 640, 3), Seems like there is a potted plant ahead.
Sticking to last point.
Best value: 10.60%
Step: 60 | Mode: explore | Action: 2
BLIP2ITMClient.cosine: (480, 640, 3), Seems like there is a potted plant ahead.
Best value: 10.57%
Step: 61 | Mode: explore | Action: 2
BLIP2ITMClient.cosine: (480, 640, 3), Seems like there is a potted plant ahead.
Sticking to last point.
Best value: 10.57%
Step: 62 | Mode: explore | Action: 2
BLIP2ITMClient.cosine: (480, 640, 3), Seems like there is a potted plant ahead.
BLIP2ITMClient.cosine: (480, 640, 3), Seems like there is a potted plant ahead.
Sticking to last point.
Best value: 15.43%
Step: 63 | Mode: explore | Action: 2
BLIP2ITMClient.cosine: (480, 640, 3), Seems like there is a potted plant ahead.
Best value: 10.43%
Step: 64 | Mode: explore | Action: 3
BLIP2ITMClient.cosine: (480, 640, 3), Seems like there is a potted plant ahead.
Sticking to last point.
Best value: 10.43%
Step: 65 | Mode: explore | Action: 3
BLIP2ITMClient.cosine: (480, 640, 3), Seems like there is a potted plant ahead.
Sticking to last point.
Best value: 10.43%
Step: 66 | Mode: explore | Action: 1
BLIP2ITMClient.cosine: (480, 640, 3), Seems like there is a potted plant ahead.
Sticking to last point.
Best value: 10.43%
Step: 67 | Mode: explore | Action: 1
BLIP2ITMClient.cosine: (480, 640, 3), Seems like there is a potted plant ahead.
Sticking to last point.
Best value: 10.43%
Step: 68 | Mode: explore | Action: 3
BLIP2ITMClient.cosine: (480, 640, 3), Seems like there is a potted plant ahead.
Sticking to last point.
Best value: 10.43%
Step: 69 | Mode: explore | Action: 1
BLIP2ITMClient.cosine: (480, 640, 3), Seems like there is a potted plant ahead.
Sticking to last point.
Best value: 10.43%
Step: 70 | Mode: explore | Action: 1
BLIP2ITMClient.cosine: (480, 640, 3), Seems like there is a potted plant ahead.
BLIP2ITMClient.cosine: (480, 640, 3), Seems like there is a potted plant ahead.
Sticking to last point.
Best value: 9.92%
Step: 71 | Mode: explore | Action: 1
BLIP2ITMClient.cosine: (480, 640, 3), Seems like there is a potted plant ahead.
Sticking to last point.
Best value: 9.92%
Step: 72 | Mode: explore | Action: 1
BLIP2ITMClient.cosine: (480, 640, 3), Seems like there is a potted plant ahead.
Sticking to last point.
Best value: 9.92%
Step: 73 | Mode: explore | Action: 3
BLIP2ITMClient.cosine: (480, 640, 3), Seems like there is a potted plant ahead.
BLIP2ITMClient.cosine: (480, 640, 3), Seems like there is a potted plant ahead.
Sticking to last point.
Best value: 9.87%
Step: 74 | Mode: explore | Action: 1
BLIP2ITMClient.cosine: (480, 640, 3), Seems like there is a potted plant ahead.
Sticking to last point.
Best value: 9.87%
Step: 75 | Mode: explore | Action: 3
BLIP2ITMClient.cosine: (480, 640, 3), Seems like there is a potted plant ahead.
BLIP2ITMClient.cosine: (480, 640, 3), Seems like there is a potted plant ahead.
Best value: 10.07%
Step: 76 | Mode: explore | Action: 1
BLIP2ITMClient.cosine: (480, 640, 3), Seems like there is a potted plant ahead.
Sticking to last point.
Best value: 10.07%
Step: 77 | Mode: explore | Action: 2
BLIP2ITMClient.cosine: (480, 640, 3), Seems like there is a potted plant ahead.
Sticking to last point.
Best value: 10.07%
Step: 78 | Mode: explore | Action: 2
BLIP2ITMClient.cosine: (480, 640, 3), Seems like there is a potted plant ahead.
Sticking to last point.
Best value: 10.07%
Step: 79 | Mode: explore | Action: 1
BLIP2ITMClient.cosine: (480, 640, 3), Seems like there is a potted plant ahead.
Sticking to last point.
Best value: 10.07%
Step: 80 | Mode: explore | Action: 2
BLIP2ITMClient.cosine: (480, 640, 3), Seems like there is a potted plant ahead.
Sticking to last point.
Best value: 10.07%
Step: 81 | Mode: explore | Action: 1
BLIP2ITMClient.cosine: (480, 640, 3), Seems like there is a potted plant ahead.
Sticking to last point.
Best value: 10.07%
Step: 82 | Mode: explore | Action: 1
BLIP2ITMClient.cosine: (480, 640, 3), Seems like there is a potted plant ahead.
Sticking to last point.
Best value: 10.07%
Step: 83 | Mode: explore | Action: 1
BLIP2ITMClient.cosine: (480, 640, 3), Seems like there is a potted plant ahead.
Sticking to last point.
Best value: 10.07%
Step: 84 | Mode: explore | Action: 1
BLIP2ITMClient.cosine: (480, 640, 3), Seems like there is a potted plant ahead.
Sticking to last point.
Best value: 10.07%
Step: 85 | Mode: explore | Action: 1
BLIP2ITMClient.cosine: (480, 640, 3), Seems like there is a potted plant ahead.
Sticking to last point.
Best value: 10.07%
Step: 86 | Mode: explore | Action: 1
BLIP2ITMClient.cosine: (480, 640, 3), Seems like there is a potted plant ahead.
Sticking to last point.
Best value: 10.07%
Step: 87 | Mode: explore | Action: 2
BLIP2ITMClient.cosine: (480, 640, 3), Seems like there is a potted plant ahead.
Sticking to last point.
Best value: 10.07%
Step: 88 | Mode: explore | Action: 1
BLIP2ITMClient.cosine: (480, 640, 3), Seems like there is a potted plant ahead.
Sticking to last point.
Best value: 10.07%
Step: 89 | Mode: explore | Action: 1
BLIP2ITMClient.cosine: (480, 640, 3), Seems like there is a potted plant ahead.
Sticking to last point.
Best value: 10.07%
Step: 90 | Mode: explore | Action: 1
BLIP2ITMClient.cosine: (480, 640, 3), Seems like there is a potted plant ahead.
Sticking to last point.
Best value: 10.07%
Step: 91 | Mode: explore | Action: 1
BLIP2ITMClient.cosine: (480, 640, 3), Seems like there is a potted plant ahead.
Sticking to last point.
Best value: 10.07%
Step: 92 | Mode: explore | Action: 1
BLIP2ITMClient.cosine: (480, 640, 3), Seems like there is a potted plant ahead.
Sticking to last point.
Best value: 10.07%
Step: 93 | Mode: explore | Action: 1
BLIP2ITMClient.cosine: (480, 640, 3), Seems like there is a potted plant ahead.
Sticking to last point.
Best value: 10.07%
Step: 94 | Mode: explore | Action: 2
BLIP2ITMClient.cosine: (480, 640, 3), Seems like there is a potted plant ahead.
Sticking to last point.
Best value: 10.07%
Step: 95 | Mode: explore | Action: 1
BLIP2ITMClient.cosine: (480, 640, 3), Seems like there is a potted plant ahead.
Sticking to last point.
Best value: 10.07%
Step: 96 | Mode: explore | Action: 2
BLIP2ITMClient.cosine: (480, 640, 3), Seems like there is a potted plant ahead.
Sticking to last point.
Best value: 10.07%
Step: 97 | Mode: explore | Action: 1
BLIP2ITMClient.cosine: (480, 640, 3), Seems like there is a potted plant ahead.
Sticking to last point.
Best value: 10.07%
Step: 98 | Mode: explore | Action: 1
BLIP2ITMClient.cosine: (480, 640, 3), Seems like there is a potted plant ahead.
Sticking to last point.
Best value: 10.07%
Step: 99 | Mode: explore | Action: 1
BLIP2ITMClient.cosine: (480, 640, 3), Seems like there is a potted plant ahead.
Sticking to last point.
Best value: 10.07%
Step: 100 | Mode: explore | Action: 2
BLIP2ITMClient.cosine: (480, 640, 3), Seems like there is a potted plant ahead.
Sticking to last point.
Best value: 10.07%
Step: 101 | Mode: explore | Action: 1
BLIP2ITMClient.cosine: (480, 640, 3), Seems like there is a potted plant ahead.
Sticking to last point.
Best value: 10.07%
Step: 102 | Mode: explore | Action: 1
BLIP2ITMClient.cosine: (480, 640, 3), Seems like there is a potted plant ahead.
BLIP2ITMClient.cosine: (480, 640, 3), Seems like there is a potted plant ahead.
Sticking to last point.
Best value: 11.38%
Step: 103 | Mode: explore | Action: 2
BLIP2ITMClient.cosine: (480, 640, 3), Seems like there is a potted plant ahead.
Best value: 10.07%
Step: 104 | Mode: explore | Action: 3
BLIP2ITMClient.cosine: (480, 640, 3), Seems like there is a potted plant ahead.
Sticking to last point.
Best value: 10.07%
Step: 105 | Mode: explore | Action: 3
BLIP2ITMClient.cosine: (480, 640, 3), Seems like there is a potted plant ahead.
Sticking to last point.
Best value: 10.07%
Step: 106 | Mode: explore | Action: 1
BLIP2ITMClient.cosine: (480, 640, 3), Seems like there is a potted plant ahead.
Sticking to last point.
Best value: 10.07%
Step: 107 | Mode: explore | Action: 1
BLIP2ITMClient.cosine: (480, 640, 3), Seems like there is a potted plant ahead.
Sticking to last point.
Best value: 10.07%
Step: 108 | Mode: explore | Action: 1
BLIP2ITMClient.cosine: (480, 640, 3), Seems like there is a potted plant ahead.
Sticking to last point.
Best value: 10.07%
Step: 109 | Mode: explore | Action: 3
BLIP2ITMClient.cosine: (480, 640, 3), Seems like there is a potted plant ahead.
Sticking to last point.
Best value: 10.07%
Step: 110 | Mode: explore | Action: 1
BLIP2ITMClient.cosine: (480, 640, 3), Seems like there is a potted plant ahead.
Sticking to last point.
Best value: 10.07%
Step: 111 | Mode: explore | Action: 2
BLIP2ITMClient.cosine: (480, 640, 3), Seems like there is a potted plant ahead.
Sticking to last point.
Best value: 10.07%
Step: 112 | Mode: explore | Action: 1
BLIP2ITMClient.cosine: (480, 640, 3), Seems like there is a potted plant ahead.
BLIP2ITMClient.cosine: (480, 640, 3), Seems like there is a potted plant ahead.
Sticking to last point.
Best value: 10.87%
Step: 113 | Mode: explore | Action: 1
BLIP2ITMClient.cosine: (480, 640, 3), Seems like there is a potted plant ahead.
BLIP2ITMClient.cosine: (480, 640, 3), Seems like there is a potted plant ahead.
Sticking to last point.
Best value: 10.18%
Step: 114 | Mode: explore | Action: 2
BLIP2ITMClient.cosine: (480, 640, 3), Seems like there is a potted plant ahead.
BLIP2ITMClient.cosine: (480, 640, 3), Seems like there is a potted plant ahead.
Best value: 10.87%
Step: 115 | Mode: explore | Action: 1
BLIP2ITMClient.cosine: (480, 640, 3), Seems like there is a potted plant ahead.
BLIP2ITMClient.cosine: (480, 640, 3), Seems like there is a potted plant ahead.
Sticking to last point.
Best value: 10.87%
Step: 116 | Mode: explore | Action: 1
BLIP2ITMClient.cosine: (480, 640, 3), Seems like there is a potted plant ahead.
BLIP2ITMClient.cosine: (480, 640, 3), Seems like there is a potted plant ahead.
Sticking to last point.
Best value: 10.87%
Step: 117 | Mode: explore | Action: 1
BLIP2ITMClient.cosine: (480, 640, 3), Seems like there is a potted plant ahead.
BLIP2ITMClient.cosine: (480, 640, 3), Seems like there is a potted plant ahead.
Sticking to last point.
Best value: 10.87%
Step: 118 | Mode: explore | Action: 1
BLIP2ITMClient.cosine: (480, 640, 3), Seems like there is a potted plant ahead.
BLIP2ITMClient.cosine: (480, 640, 3), Seems like there is a potted plant ahead.
Sticking to last point.
Best value: 10.85%
Step: 119 | Mode: explore | Action: 3
BLIP2ITMClient.cosine: (480, 640, 3), Seems like there is a potted plant ahead.
Step: 120 | Mode: navigate | Action: 3
BLIP2ITMClient.cosine: (480, 640, 3), Seems like there is a potted plant ahead.
Step: 121 | Mode: navigate | Action: 2
BLIP2ITMClient.cosine: (480, 640, 3), Seems like there is a potted plant ahead.
Step: 122 | Mode: navigate | Action: 2
BLIP2ITMClient.cosine: (480, 640, 3), Seems like there is a potted plant ahead.
  1%|          | 4/400 [05:59<7:47:22, 70.82s/it]Step: 123 | Mode: navigate | Action: 1
BLIP2ITMClient.cosine: (480, 640, 3), Seems like there is a potted plant ahead.
Step: 124 | Mode: navigate | Action: 0
[traj] episode 50 — unknown
Episode 46 in scene Wiconisco failed due to 'false_positive'.
[traj] captured failure_cause: false_positive
[traj] value map: max=0.1543, nonzero=38354
[traj] saved episode Wiconisco_46 (125 steps, failed)
BLIP2ITMClient.cosine: (480, 640, 3), Seems like there is a tv ahead.
Step: 0 | Mode: initialize | Action: 2
BLIP2ITMClient.cosine: (480, 640, 3), Seems like there is a tv ahead.
Step: 1 | Mode: initialize | Action: 2
BLIP2ITMClient.cosine: (480, 640, 3), Seems like there is a tv ahead.
Step: 2 | Mode: initialize | Action: 2
BLIP2ITMClient.cosine: (480, 640, 3), Seems like there is a tv ahead.
Step: 3 | Mode: initialize | Action: 2
BLIP2ITMClient.cosine: (480, 640, 3), Seems like there is a tv ahead.
Step: 4 | Mode: initialize | Action: 2
BLIP2ITMClient.cosine: (480, 640, 3), Seems like there is a tv ahead.
Step: 5 | Mode: initialize | Action: 2
BLIP2ITMClient.cosine: (480, 640, 3), Seems like there is a tv ahead.
Step: 6 | Mode: initialize | Action: 2
BLIP2ITMClient.cosine: (480, 640, 3), Seems like there is a tv ahead.
Step: 7 | Mode: initialize | Action: 2
BLIP2ITMClient.cosine: (480, 640, 3), Seems like there is a tv ahead.
Step: 8 | Mode: initialize | Action: 2
BLIP2ITMClient.cosine: (480, 640, 3), Seems like there is a tv ahead.
Step: 9 | Mode: initialize | Action: 2
BLIP2ITMClient.cosine: (480, 640, 3), Seems like there is a tv ahead.
Step: 10 | Mode: initialize | Action: 2
BLIP2ITMClient.cosine: (480, 640, 3), Seems like there is a tv ahead.
Step: 11 | Mode: initialize | Action: 2
BLIP2ITMClient.cosine: (480, 640, 3), Seems like there is a tv ahead.
BLIP2ITMClient.cosine: (480, 640, 3), Seems like there is a tv ahead.
Best value: 19.29%
Step: 12 | Mode: explore | Action: 3
BLIP2ITMClient.cosine: (480, 640, 3), Seems like there is a tv ahead.
Sticking to last point.
Best value: 19.29%
Step: 13 | Mode: explore | Action: 1
BLIP2ITMClient.cosine: (480, 640, 3), Seems like there is a tv ahead.
BLIP2ITMClient.cosine: (480, 640, 3), Seems like there is a tv ahead.
Sticking to last point.
Best value: 19.29%
Step: 14 | Mode: explore | Action: 3
BLIP2ITMClient.cosine: (480, 640, 3), Seems like there is a tv ahead.
Sticking to last point.
Best value: 19.29%
Step: 15 | Mode: explore | Action: 1
BLIP2ITMClient.cosine: (480, 640, 3), Seems like there is a tv ahead.
Sticking to last point.
Best value: 19.29%
Step: 16 | Mode: explore | Action: 3
BLIP2ITMClient.cosine: (480, 640, 3), Seems like there is a tv ahead.
Sticking to last point.
Best value: 19.29%
Step: 17 | Mode: explore | Action: 1
BLIP2ITMClient.cosine: (480, 640, 3), Seems like there is a tv ahead.
Sticking to last point.
Best value: 19.29%
Step: 18 | Mode: explore | Action: 1
BLIP2ITMClient.cosine: (480, 640, 3), Seems like there is a tv ahead.
BLIP2ITMClient.cosine: (480, 640, 3), Seems like there is a tv ahead.
Sticking to last point.
Best value: 19.29%
Step: 19 | Mode: explore | Action: 3
BLIP2ITMClient.cosine: (480, 640, 3), Seems like there is a tv ahead.
BLIP2ITMClient.cosine: (480, 640, 3), Seems like there is a tv ahead.
Best value: 19.29%
Step: 20 | Mode: explore | Action: 2
BLIP2ITMClient.cosine: (480, 640, 3), Seems like there is a tv ahead.
Sticking to last point.
Best value: 19.29%
Step: 21 | Mode: explore | Action: 1
BLIP2ITMClient.cosine: (480, 640, 3), Seems like there is a tv ahead.
BLIP2ITMClient.cosine: (480, 640, 3), Seems like there is a tv ahead.
Sticking to last point.
Best value: 19.29%
Step: 22 | Mode: explore | Action: 2
BLIP2ITMClient.cosine: (480, 640, 3), Seems like there is a tv ahead.
Sticking to last point.
Best value: 19.29%
Step: 23 | Mode: explore | Action: 1
BLIP2ITMClient.cosine: (480, 640, 3), Seems like there is a tv ahead.
BLIP2ITMClient.cosine: (480, 640, 3), Seems like there is a tv ahead.
Best value: 16.51%
Step: 24 | Mode: explore | Action: 1
BLIP2ITMClient.cosine: (480, 640, 3), Seems like there is a tv ahead.
Sticking to last point.
Best value: 16.51%
Step: 25 | Mode: explore | Action: 1
BLIP2ITMClient.cosine: (480, 640, 3), Seems like there is a tv ahead.
Sticking to last point.
Best value: 16.51%
Step: 26 | Mode: explore | Action: 1
BLIP2ITMClient.cosine: (480, 640, 3), Seems like there is a tv ahead.
BLIP2ITMClient.cosine: (480, 640, 3), Seems like there is a tv ahead.
Sticking to last point.
Best value: 16.51%
Step: 27 | Mode: explore | Action: 2
BLIP2ITMClient.cosine: (480, 640, 3), Seems like there is a tv ahead.
Sticking to last point.
Best value: 16.51%
Step: 28 | Mode: explore | Action: 1
BLIP2ITMClient.cosine: (480, 640, 3), Seems like there is a tv ahead.
BLIP2ITMClient.cosine: (480, 640, 3), Seems like there is a tv ahead.
Sticking to last point.
Best value: 16.51%
Step: 29 | Mode: explore | Action: 2
BLIP2ITMClient.cosine: (480, 640, 3), Seems like there is a tv ahead.
Sticking to last point.
Best value: 16.51%
Step: 30 | Mode: explore | Action: 2
BLIP2ITMClient.cosine: (480, 640, 3), Seems like there is a tv ahead.
Sticking to last point.
Best value: 16.51%
Step: 31 | Mode: explore | Action: 2
BLIP2ITMClient.cosine: (480, 640, 3), Seems like there is a tv ahead.
BLIP2ITMClient.cosine: (480, 640, 3), Seems like there is a tv ahead.
Best value: 16.51%
Step: 32 | Mode: explore | Action: 2
BLIP2ITMClient.cosine: (480, 640, 3), Seems like there is a tv ahead.
Sticking to last point.
Best value: 16.51%
Step: 33 | Mode: explore | Action: 1
BLIP2ITMClient.cosine: (480, 640, 3), Seems like there is a tv ahead.
BLIP2ITMClient.cosine: (480, 640, 3), Seems like there is a tv ahead.
Sticking to last point.
Best value: 16.51%
Step: 34 | Mode: explore | Action: 1
BLIP2ITMClient.cosine: (480, 640, 3), Seems like there is a tv ahead.
BLIP2ITMClient.cosine: (480, 640, 3), Seems like there is a tv ahead.
Sticking to last point.
Best value: 16.51%
Step: 35 | Mode: explore | Action: 3
BLIP2ITMClient.cosine: (480, 640, 3), Seems like there is a tv ahead.
BLIP2ITMClient.cosine: (480, 640, 3), Seems like there is a tv ahead.
Sticking to last point.
Best value: 16.51%
Step: 36 | Mode: explore | Action: 1
BLIP2ITMClient.cosine: (480, 640, 3), Seems like there is a tv ahead.
BLIP2ITMClient.cosine: (480, 640, 3), Seems like there is a tv ahead.
Sticking to last point.
Best value: 16.51%
Step: 37 | Mode: explore | Action: 1
BLIP2ITMClient.cosine: (480, 640, 3), Seems like there is a tv ahead.
BLIP2ITMClient.cosine: (480, 640, 3), Seems like there is a tv ahead.
Sticking to last point.
Best value: 16.51%
Step: 38 | Mode: explore | Action: 3
BLIP2ITMClient.cosine: (480, 640, 3), Seems like there is a tv ahead.
Sticking to last point.
Best value: 16.51%
Step: 39 | Mode: explore | Action: 1
BLIP2ITMClient.cosine: (480, 640, 3), Seems like there is a tv ahead.
BLIP2ITMClient.cosine: (480, 640, 3), Seems like there is a tv ahead.
Sticking to last point.
Best value: 16.51%
Step: 40 | Mode: explore | Action: 1
BLIP2ITMClient.cosine: (480, 640, 3), Seems like there is a tv ahead.
BLIP2ITMClient.cosine: (480, 640, 3), Seems like there is a tv ahead.
Sticking to last point.
Best value: 16.51%
Step: 41 | Mode: explore | Action: 1
BLIP2ITMClient.cosine: (480, 640, 3), Seems like there is a tv ahead.
BLIP2ITMClient.cosine: (480, 640, 3), Seems like there is a tv ahead.
Sticking to last point.
Best value: 16.51%
Step: 42 | Mode: explore | Action: 1
BLIP2ITMClient.cosine: (480, 640, 3), Seems like there is a tv ahead.
BLIP2ITMClient.cosine: (480, 640, 3), Seems like there is a tv ahead.
Sticking to last point.
Best value: 16.51%
Step: 43 | Mode: explore | Action: 1
BLIP2ITMClient.cosine: (480, 640, 3), Seems like there is a tv ahead.
BLIP2ITMClient.cosine: (480, 640, 3), Seems like there is a tv ahead.
Sticking to last point.
Best value: 16.51%
Step: 44 | Mode: explore | Action: 1
BLIP2ITMClient.cosine: (480, 640, 3), Seems like there is a tv ahead.
BLIP2ITMClient.cosine: (480, 640, 3), Seems like there is a tv ahead.
Sticking to last point.
Best value: 16.51%
Step: 45 | Mode: explore | Action: 1
BLIP2ITMClient.cosine: (480, 640, 3), Seems like there is a tv ahead.
BLIP2ITMClient.cosine: (480, 640, 3), Seems like there is a tv ahead.
Best value: 16.19%
Step: 46 | Mode: explore | Action: 1
BLIP2ITMClient.cosine: (480, 640, 3), Seems like there is a tv ahead.
Sticking to last point.
Best value: 16.19%
Step: 47 | Mode: explore | Action: 3
BLIP2ITMClient.cosine: (480, 640, 3), Seems like there is a tv ahead.
BLIP2ITMClient.cosine: (480, 640, 3), Seems like there is a tv ahead.
Sticking to last point.
Best value: 16.19%
Step: 48 | Mode: explore | Action: 3
BLIP2ITMClient.cosine: (480, 640, 3), Seems like there is a tv ahead.
Sticking to last point.
Best value: 16.19%
Step: 49 | Mode: explore | Action: 3
BLIP2ITMClient.cosine: (480, 640, 3), Seems like there is a tv ahead.
Sticking to last point.
Best value: 16.19%
Step: 50 | Mode: explore | Action: 3
BLIP2ITMClient.cosine: (480, 640, 3), Seems like there is a tv ahead.
Sticking to last point.
Best value: 16.19%
Step: 51 | Mode: explore | Action: 3
BLIP2ITMClient.cosine: (480, 640, 3), Seems like there is a tv ahead.
Sticking to last point.
Best value: 16.19%
Step: 52 | Mode: explore | Action: 3
BLIP2ITMClient.cosine: (480, 640, 3), Seems like there is a tv ahead.
BLIP2ITMClient.cosine: (480, 640, 3), Seems like there is a tv ahead.
Sticking to last point.
Best value: 16.19%
Step: 53 | Mode: explore | Action: 1
BLIP2ITMClient.cosine: (480, 640, 3), Seems like there is a tv ahead.
BLIP2ITMClient.cosine: (480, 640, 3), Seems like there is a tv ahead.
Sticking to last point.
Best value: 16.19%
Step: 54 | Mode: explore | Action: 1
BLIP2ITMClient.cosine: (480, 640, 3), Seems like there is a tv ahead.
Sticking to last point.
Best value: 16.19%
Step: 55 | Mode: explore | Action: 1
BLIP2ITMClient.cosine: (480, 640, 3), Seems like there is a tv ahead.
Sticking to last point.
Best value: 16.19%
Step: 56 | Mode: explore | Action: 1
BLIP2ITMClient.cosine: (480, 640, 3), Seems like there is a tv ahead.
Sticking to last point.
Best value: 16.19%
Step: 57 | Mode: explore | Action: 1
BLIP2ITMClient.cosine: (480, 640, 3), Seems like there is a tv ahead.
Sticking to last point.
Best value: 16.19%
Step: 58 | Mode: explore | Action: 1
BLIP2ITMClient.cosine: (480, 640, 3), Seems like there is a tv ahead.
Sticking to last point.
Best value: 16.19%
Step: 59 | Mode: explore | Action: 1
BLIP2ITMClient.cosine: (480, 640, 3), Seems like there is a tv ahead.
Sticking to last point.
Best value: 16.19%
Step: 60 | Mode: explore | Action: 1
BLIP2ITMClient.cosine: (480, 640, 3), Seems like there is a tv ahead.
Sticking to last point.
Best value: 16.19%
Step: 61 | Mode: explore | Action: 2
BLIP2ITMClient.cosine: (480, 640, 3), Seems like there is a tv ahead.
Sticking to last point.
Best value: 16.19%
Step: 62 | Mode: explore | Action: 1
BLIP2ITMClient.cosine: (480, 640, 3), Seems like there is a tv ahead.
Sticking to last point.
Best value: 16.19%
Step: 63 | Mode: explore | Action: 2
BLIP2ITMClient.cosine: (480, 640, 3), Seems like there is a tv ahead.
Sticking to last point.
Best value: 16.19%
Step: 64 | Mode: explore | Action: 1
BLIP2ITMClient.cosine: (480, 640, 3), Seems like there is a tv ahead.
Sticking to last point.
Best value: 16.19%
Step: 65 | Mode: explore | Action: 1
BLIP2ITMClient.cosine: (480, 640, 3), Seems like there is a tv ahead.
Sticking to last point.
Best value: 16.19%
Step: 66 | Mode: explore | Action: 1
BLIP2ITMClient.cosine: (480, 640, 3), Seems like there is a tv ahead.
Sticking to last point.
Best value: 16.19%
Step: 67 | Mode: explore | Action: 1
BLIP2ITMClient.cosine: (480, 640, 3), Seems like there is a tv ahead.
Sticking to last point.
Best value: 16.19%
Step: 68 | Mode: explore | Action: 1
BLIP2ITMClient.cosine: (480, 640, 3), Seems like there is a tv ahead.
Sticking to last point.
Best value: 16.19%
Step: 69 | Mode: explore | Action: 1
BLIP2ITMClient.cosine: (480, 640, 3), Seems like there is a tv ahead.
BLIP2ITMClient.cosine: (480, 640, 3), Seems like there is a tv ahead.
Best value: 14.83%
Step: 70 | Mode: explore | Action: 2
BLIP2ITMClient.cosine: (480, 640, 3), Seems like there is a tv ahead.
Sticking to last point.
Best value: 14.83%
Step: 71 | Mode: explore | Action: 2
BLIP2ITMClient.cosine: (480, 640, 3), Seems like there is a tv ahead.
Sticking to last point.
Best value: 14.83%
Step: 72 | Mode: explore | Action: 2
BLIP2ITMClient.cosine: (480, 640, 3), Seems like there is a tv ahead.
Best value: 13.28%
Step: 73 | Mode: explore | Action: 2
BLIP2ITMClient.cosine: (480, 640, 3), Seems like there is a tv ahead.
Sticking to last point.
Best value: 13.28%
Step: 74 | Mode: explore | Action: 1
BLIP2ITMClient.cosine: (480, 640, 3), Seems like there is a tv ahead.
Sticking to last point.
Best value: 13.28%
Step: 75 | Mode: explore | Action: 3
BLIP2ITMClient.cosine: (480, 640, 3), Seems like there is a tv ahead.
Sticking to last point.
Best value: 13.28%
Step: 76 | Mode: explore | Action: 3
BLIP2ITMClient.cosine: (480, 640, 3), Seems like there is a tv ahead.
Sticking to last point.
Best value: 13.28%
Step: 77 | Mode: explore | Action: 3
BLIP2ITMClient.cosine: (480, 640, 3), Seems like there is a tv ahead.
Sticking to last point.
Best value: 13.28%
Step: 78 | Mode: explore | Action: 1
BLIP2ITMClient.cosine: (480, 640, 3), Seems like there is a tv ahead.
Sticking to last point.
Best value: 13.28%
Step: 79 | Mode: explore | Action: 3
BLIP2ITMClient.cosine: (480, 640, 3), Seems like there is a tv ahead.
Sticking to last point.
Best value: 13.28%
Step: 80 | Mode: explore | Action: 1
BLIP2ITMClient.cosine: (480, 640, 3), Seems like there is a tv ahead.
Sticking to last point.
Best value: 13.28%
Step: 81 | Mode: explore | Action: 1
BLIP2ITMClient.cosine: (480, 640, 3), Seems like there is a tv ahead.
BLIP2ITMClient.cosine: (480, 640, 3), Seems like there is a tv ahead.
Sticking to last point.
Best value: 12.90%
Step: 82 | Mode: explore | Action: 2
BLIP2ITMClient.cosine: (480, 640, 3), Seems like there is a tv ahead.
BLIP2ITMClient.cosine: (480, 640, 3), Seems like there is a tv ahead.
Sticking to last point.
Best value: 12.31%
Step: 83 | Mode: explore | Action: 1
BLIP2ITMClient.cosine: (480, 640, 3), Seems like there is a tv ahead.
BLIP2ITMClient.cosine: (480, 640, 3), Seems like there is a tv ahead.
Best value: 12.53%
Step: 84 | Mode: explore | Action: 2
BLIP2ITMClient.cosine: (480, 640, 3), Seems like there is a tv ahead.
Sticking to last point.
Best value: 12.53%
Step: 85 | Mode: explore | Action: 3
BLIP2ITMClient.cosine: (480, 640, 3), Seems like there is a tv ahead.
Sticking to last point.
Best value: 12.53%
Step: 86 | Mode: explore | Action: 1
BLIP2ITMClient.cosine: (480, 640, 3), Seems like there is a tv ahead.
BLIP2ITMClient.cosine: (480, 640, 3), Seems like there is a tv ahead.
Sticking to last point.
Best value: 12.53%
Step: 87 | Mode: explore | Action: 1
BLIP2ITMClient.cosine: (480, 640, 3), Seems like there is a tv ahead.
BLIP2ITMClient.cosine: (480, 640, 3), Seems like there is a tv ahead.
Sticking to last point.
Best value: 12.53%
Step: 88 | Mode: explore | Action: 1
BLIP2ITMClient.cosine: (480, 640, 3), Seems like there is a tv ahead.
Sticking to last point.
Best value: 12.53%
Step: 89 | Mode: explore | Action: 2
BLIP2ITMClient.cosine: (480, 640, 3), Seems like there is a tv ahead.
BLIP2ITMClient.cosine: (480, 640, 3), Seems like there is a tv ahead.
Sticking to last point.
Best value: 12.53%
Step: 90 | Mode: explore | Action: 1
BLIP2ITMClient.cosine: (480, 640, 3), Seems like there is a tv ahead.
BLIP2ITMClient.cosine: (480, 640, 3), Seems like there is a tv ahead.
Best value: 11.31%
Step: 91 | Mode: explore | Action: 2
BLIP2ITMClient.cosine: (480, 640, 3), Seems like there is a tv ahead.
Sticking to last point.
Best value: 11.31%
Step: 92 | Mode: explore | Action: 2
BLIP2ITMClient.cosine: (480, 640, 3), Seems like there is a tv ahead.
Sticking to last point.
Best value: 11.31%
Step: 93 | Mode: explore | Action: 2
BLIP2ITMClient.cosine: (480, 640, 3), Seems like there is a tv ahead.
Sticking to last point.
Best value: 11.31%
Step: 94 | Mode: explore | Action: 3
BLIP2ITMClient.cosine: (480, 640, 3), Seems like there is a tv ahead.
Sticking to last point.
Best value: 11.31%
Step: 95 | Mode: explore | Action: 3
BLIP2ITMClient.cosine: (480, 640, 3), Seems like there is a tv ahead.
Sticking to last point.
Best value: 11.31%
Step: 96 | Mode: explore | Action: 1
BLIP2ITMClient.cosine: (480, 640, 3), Seems like there is a tv ahead.
Step: 97 | Mode: navigate | Action: 1
BLIP2ITMClient.cosine: (480, 640, 3), Seems like there is a tv ahead.
Step: 98 | Mode: navigate | Action: 1
BLIP2ITMClient.cosine: (480, 640, 3), Seems like there is a tv ahead.
Step: 99 | Mode: navigate | Action: 1
BLIP2ITMClient.cosine: (480, 640, 3), Seems like there is a tv ahead.
Step: 100 | Mode: navigate | Action: 3
BLIP2ITMClient.cosine: (480, 640, 3), Seems like there is a tv ahead.
Step: 101 | Mode: navigate | Action: 1
BLIP2ITMClient.cosine: (480, 640, 3), Seems like there is a tv ahead.
Step: 102 | Mode: navigate | Action: 1
BLIP2ITMClient.cosine: (480, 640, 3), Seems like there is a tv ahead.
Step: 103 | Mode: navigate | Action: 1
BLIP2ITMClient.cosine: (480, 640, 3), Seems like there is a tv ahead.
Step: 104 | Mode: navigate | Action: 1
BLIP2ITMClient.cosine: (480, 640, 3), Seems like there is a tv ahead.
Step: 105 | Mode: navigate | Action: 1
BLIP2ITMClient.cosine: (480, 640, 3), Seems like there is a tv ahead.
Step: 106 | Mode: navigate | Action: 1
BLIP2ITMClient.cosine: (480, 640, 3), Seems like there is a tv ahead.
Step: 107 | Mode: navigate | Action: 1
BLIP2ITMClient.cosine: (480, 640, 3), Seems like there is a tv ahead.
Step: 108 | Mode: navigate | Action: 1
BLIP2ITMClient.cosine: (480, 640, 3), Seems like there is a tv ahead.
Step: 109 | Mode: navigate | Action: 1
BLIP2ITMClient.cosine: (480, 640, 3), Seems like there is a tv ahead.
Step: 110 | Mode: navigate | Action: 1
BLIP2ITMClient.cosine: (480, 640, 3), Seems like there is a tv ahead.
Step: 111 | Mode: navigate | Action: 1
BLIP2ITMClient.cosine: (480, 640, 3), Seems like there is a tv ahead.
Step: 112 | Mode: navigate | Action: 2
BLIP2ITMClient.cosine: (480, 640, 3), Seems like there is a tv ahead.
Step: 113 | Mode: navigate | Action: 2
BLIP2ITMClient.cosine: (480, 640, 3), Seems like there is a tv ahead.
Step: 114 | Mode: navigate | Action: 2
BLIP2ITMClient.cosine: (480, 640, 3), Seems like there is a tv ahead.
Step: 115 | Mode: navigate | Action: 2
BLIP2ITMClient.cosine: (480, 640, 3), Seems like there is a tv ahead.
Step: 116 | Mode: navigate | Action: 2
BLIP2ITMClient.cosine: (480, 640, 3), Seems like there is a tv ahead.
Step: 117 | Mode: navigate | Action: 2
BLIP2ITMClient.cosine: (480, 640, 3), Seems like there is a tv ahead.
Step: 118 | Mode: navigate | Action: 1
BLIP2ITMClient.cosine: (480, 640, 3), Seems like there is a tv ahead.
Step: 119 | Mode: navigate | Action: 1
BLIP2ITMClient.cosine: (480, 640, 3), Seems like there is a tv ahead.
Step: 120 | Mode: navigate | Action: 1
BLIP2ITMClient.cosine: (480, 640, 3), Seems like there is a tv ahead.
Step: 121 | Mode: navigate | Action: 1
BLIP2ITMClient.cosine: (480, 640, 3), Seems like there is a tv ahead.
Step: 122 | Mode: navigate | Action: 1
BLIP2ITMClient.cosine: (480, 640, 3), Seems like there is a tv ahead.
Step: 123 | Mode: navigate | Action: 1
BLIP2ITMClient.cosine: (480, 640, 3), Seems like there is a tv ahead.
Step: 124 | Mode: navigate | Action: 1
BLIP2ITMClient.cosine: (480, 640, 3), Seems like there is a tv ahead.
Step: 125 | Mode: navigate | Action: 1
BLIP2ITMClient.cosine: (480, 640, 3), Seems like there is a tv ahead.
Step: 126 | Mode: navigate | Action: 1
BLIP2ITMClient.cosine: (480, 640, 3), Seems like there is a tv ahead.
Step: 127 | Mode: navigate | Action: 1
BLIP2ITMClient.cosine: (480, 640, 3), Seems like there is a tv ahead.
Step: 128 | Mode: navigate | Action: 1
BLIP2ITMClient.cosine: (480, 640, 3), Seems like there is a tv ahead.
Step: 129 | Mode: navigate | Action: 2
BLIP2ITMClient.cosine: (480, 640, 3), Seems like there is a tv ahead.
Step: 130 | Mode: navigate | Action: 1
BLIP2ITMClient.cosine: (480, 640, 3), Seems like there is a tv ahead.
Step: 131 | Mode: navigate | Action: 1
BLIP2ITMClient.cosine: (480, 640, 3), Seems like there is a tv ahead.
Step: 132 | Mode: navigate | Action: 1
BLIP2ITMClient.cosine: (480, 640, 3), Seems like there is a tv ahead.
Step: 133 | Mode: navigate | Action: 3
BLIP2ITMClient.cosine: (480, 640, 3), Seems like there is a tv ahead.
Step: 134 | Mode: navigate | Action: 1
BLIP2ITMClient.cosine: (480, 640, 3), Seems like there is a tv ahead.
Step: 135 | Mode: navigate | Action: 1
BLIP2ITMClient.cosine: (480, 640, 3), Seems like there is a tv ahead.
Step: 136 | Mode: navigate | Action: 1
BLIP2ITMClient.cosine: (480, 640, 3), Seems like there is a tv ahead.
Step: 137 | Mode: navigate | Action: 3
BLIP2ITMClient.cosine: (480, 640, 3), Seems like there is a tv ahead.
Step: 138 | Mode: navigate | Action: 1
BLIP2ITMClient.cosine: (480, 640, 3), Seems like there is a tv ahead.
Step: 139 | Mode: navigate | Action: 1
BLIP2ITMClient.cosine: (480, 640, 3), Seems like there is a tv ahead.
Step: 140 | Mode: navigate | Action: 3
BLIP2ITMClient.cosine: (480, 640, 3), Seems like there is a tv ahead.
Step: 141 | Mode: navigate | Action: 1
BLIP2ITMClient.cosine: (480, 640, 3), Seems like there is a tv ahead.
Step: 142 | Mode: navigate | Action: 1
BLIP2ITMClient.cosine: (480, 640, 3), Seems like there is a tv ahead.
Step: 143 | Mode: navigate | Action: 3
BLIP2ITMClient.cosine: (480, 640, 3), Seems like there is a tv ahead.
Step: 144 | Mode: navigate | Action: 1
BLIP2ITMClient.cosine: (480, 640, 3), Seems like there is a tv ahead.
Step: 145 | Mode: navigate | Action: 1
BLIP2ITMClient.cosine: (480, 640, 3), Seems like there is a tv ahead.
Step: 146 | Mode: navigate | Action: 1
BLIP2ITMClient.cosine: (480, 640, 3), Seems like there is a tv ahead.
Step: 147 | Mode: navigate | Action: 3
BLIP2ITMClient.cosine: (480, 640, 3), Seems like there is a tv ahead.
Step: 148 | Mode: navigate | Action: 2
BLIP2ITMClient.cosine: (480, 640, 3), Seems like there is a tv ahead.
Step: 149 | Mode: navigate | Action: 2
BLIP2ITMClient.cosine: (480, 640, 3), Seems like there is a tv ahead.
Step: 150 | Mode: navigate | Action: 2
BLIP2ITMClient.cosine: (480, 640, 3), Seems like there is a tv ahead.
Step: 151 | Mode: navigate | Action: 2
BLIP2ITMClient.cosine: (480, 640, 3), Seems like there is a tv ahead.
Step: 152 | Mode: navigate | Action: 1
BLIP2ITMClient.cosine: (480, 640, 3), Seems like there is a tv ahead.
Step: 153 | Mode: navigate | Action: 1
BLIP2ITMClient.cosine: (480, 640, 3), Seems like there is a tv ahead.
Step: 154 | Mode: navigate | Action: 2
BLIP2ITMClient.cosine: (480, 640, 3), Seems like there is a tv ahead.
Step: 155 | Mode: navigate | Action: 1
BLIP2ITMClient.cosine: (480, 640, 3), Seems like there is a tv ahead.
Step: 156 | Mode: navigate | Action: 2
BLIP2ITMClient.cosine: (480, 640, 3), Seems like there is a tv ahead.
Step: 157 | Mode: navigate | Action: 1
BLIP2ITMClient.cosine: (480, 640, 3), Seems like there is a tv ahead.
Step: 158 | Mode: navigate | Action: 3
BLIP2ITMClient.cosine: (480, 640, 3), Seems like there is a tv ahead.
Step: 159 | Mode: navigate | Action: 3
BLIP2ITMClient.cosine: (480, 640, 3), Seems like there is a tv ahead.
Step: 160 | Mode: navigate | Action: 3
BLIP2ITMClient.cosine: (480, 640, 3), Seems like there is a tv ahead.
Step: 161 | Mode: navigate | Action: 1
BLIP2ITMClient.cosine: (480, 640, 3), Seems like there is a tv ahead.
Step: 162 | Mode: navigate | Action: 1
BLIP2ITMClient.cosine: (480, 640, 3), Seems like there is a tv ahead.
Step: 163 | Mode: navigate | Action: 1
BLIP2ITMClient.cosine: (480, 640, 3), Seems like there is a tv ahead.
Step: 164 | Mode: navigate | Action: 1
BLIP2ITMClient.cosine: (480, 640, 3), Seems like there is a tv ahead.
Step: 165 | Mode: navigate | Action: 1
BLIP2ITMClient.cosine: (480, 640, 3), Seems like there is a tv ahead.
Step: 166 | Mode: navigate | Action: 3
BLIP2ITMClient.cosine: (480, 640, 3), Seems like there is a tv ahead.
Step: 167 | Mode: navigate | Action: 1
BLIP2ITMClient.cosine: (480, 640, 3), Seems like there is a tv ahead.
Step: 168 | Mode: navigate | Action: 1
BLIP2ITMClient.cosine: (480, 640, 3), Seems like there is a tv ahead.
Step: 169 | Mode: navigate | Action: 2
BLIP2ITMClient.cosine: (480, 640, 3), Seems like there is a tv ahead.
Step: 170 | Mode: navigate | Action: 1
BLIP2ITMClient.cosine: (480, 640, 3), Seems like there is a tv ahead.
Step: 171 | Mode: navigate | Action: 1
BLIP2ITMClient.cosine: (480, 640, 3), Seems like there is a tv ahead.
Step: 172 | Mode: navigate | Action: 1
BLIP2ITMClient.cosine: (480, 640, 3), Seems like there is a tv ahead.
Step: 173 | Mode: navigate | Action: 1
BLIP2ITMClient.cosine: (480, 640, 3), Seems like there is a tv ahead.
Step: 174 | Mode: navigate | Action: 1
BLIP2ITMClient.cosine: (480, 640, 3), Seems like there is a tv ahead.
Step: 175 | Mode: navigate | Action: 1
BLIP2ITMClient.cosine: (480, 640, 3), Seems like there is a tv ahead.
Step: 176 | Mode: navigate | Action: 2
BLIP2ITMClient.cosine: (480, 640, 3), Seems like there is a tv ahead.
Step: 177 | Mode: navigate | Action: 2
BLIP2ITMClient.cosine: (480, 640, 3), Seems like there is a tv ahead.
Step: 178 | Mode: navigate | Action: 2
BLIP2ITMClient.cosine: (480, 640, 3), Seems like there is a tv ahead.
Step: 179 | Mode: navigate | Action: 2
BLIP2ITMClient.cosine: (480, 640, 3), Seems like there is a tv ahead.
Step: 180 | Mode: navigate | Action: 2
BLIP2ITMClient.cosine: (480, 640, 3), Seems like there is a tv ahead.
Step: 181 | Mode: navigate | Action: 2
BLIP2ITMClient.cosine: (480, 640, 3), Seems like there is a tv ahead.
Step: 182 | Mode: navigate | Action: 1
BLIP2ITMClient.cosine: (480, 640, 3), Seems like there is a tv ahead.
Step: 183 | Mode: navigate | Action: 1
BLIP2ITMClient.cosine: (480, 640, 3), Seems like there is a tv ahead.
Step: 184 | Mode: navigate | Action: 1
BLIP2ITMClient.cosine: (480, 640, 3), Seems like there is a tv ahead.
Step: 185 | Mode: navigate | Action: 2
BLIP2ITMClient.cosine: (480, 640, 3), Seems like there is a tv ahead.
Step: 186 | Mode: navigate | Action: 1
BLIP2ITMClient.cosine: (480, 640, 3), Seems like there is a tv ahead.
Step: 187 | Mode: navigate | Action: 1
BLIP2ITMClient.cosine: (480, 640, 3), Seems like there is a tv ahead.
Step: 188 | Mode: navigate | Action: 2
BLIP2ITMClient.cosine: (480, 640, 3), Seems like there is a tv ahead.
Step: 189 | Mode: navigate | Action: 1
BLIP2ITMClient.cosine: (480, 640, 3), Seems like there is a tv ahead.
Step: 190 | Mode: navigate | Action: 1
BLIP2ITMClient.cosine: (480, 640, 3), Seems like there is a tv ahead.
Step: 191 | Mode: navigate | Action: 1
BLIP2ITMClient.cosine: (480, 640, 3), Seems like there is a tv ahead.
Step: 192 | Mode: navigate | Action: 1
BLIP2ITMClient.cosine: (480, 640, 3), Seems like there is a tv ahead.
Step: 193 | Mode: navigate | Action: 1
BLIP2ITMClient.cosine: (480, 640, 3), Seems like there is a tv ahead.
Step: 194 | Mode: navigate | Action: 1
BLIP2ITMClient.cosine: (480, 640, 3), Seems like there is a tv ahead.
Step: 195 | Mode: navigate | Action: 1
BLIP2ITMClient.cosine: (480, 640, 3), Seems like there is a tv ahead.
Step: 196 | Mode: navigate | Action: 1
BLIP2ITMClient.cosine: (480, 640, 3), Seems like there is a tv ahead.
Step: 197 | Mode: navigate | Action: 1
BLIP2ITMClient.cosine: (480, 640, 3), Seems like there is a tv ahead.
Step: 198 | Mode: navigate | Action: 2
BLIP2ITMClient.cosine: (480, 640, 3), Seems like there is a tv ahead.
Step: 199 | Mode: navigate | Action: 1
BLIP2ITMClient.cosine: (480, 640, 3), Seems like there is a tv ahead.
Step: 200 | Mode: navigate | Action: 3
BLIP2ITMClient.cosine: (480, 640, 3), Seems like there is a tv ahead.
Step: 201 | Mode: navigate | Action: 1
BLIP2ITMClient.cosine: (480, 640, 3), Seems like there is a tv ahead.
Step: 202 | Mode: navigate | Action: 1
BLIP2ITMClient.cosine: (480, 640, 3), Seems like there is a tv ahead.
Step: 203 | Mode: navigate | Action: 1
BLIP2ITMClient.cosine: (480, 640, 3), Seems like there is a tv ahead.
Step: 204 | Mode: navigate | Action: 1
BLIP2ITMClient.cosine: (480, 640, 3), Seems like there is a tv ahead.
Step: 205 | Mode: navigate | Action: 3
BLIP2ITMClient.cosine: (480, 640, 3), Seems like there is a tv ahead.
Step: 206 | Mode: navigate | Action: 1
BLIP2ITMClient.cosine: (480, 640, 3), Seems like there is a tv ahead.
Step: 207 | Mode: navigate | Action: 1
BLIP2ITMClient.cosine: (480, 640, 3), Seems like there is a tv ahead.
Step: 208 | Mode: navigate | Action: 1
BLIP2ITMClient.cosine: (480, 640, 3), Seems like there is a tv ahead.
Step: 209 | Mode: navigate | Action: 1
BLIP2ITMClient.cosine: (480, 640, 3), Seems like there is a tv ahead.
Step: 210 | Mode: navigate | Action: 1
BLIP2ITMClient.cosine: (480, 640, 3), Seems like there is a tv ahead.
Step: 211 | Mode: navigate | Action: 1
BLIP2ITMClient.cosine: (480, 640, 3), Seems like there is a tv ahead.
Step: 212 | Mode: navigate | Action: 1
BLIP2ITMClient.cosine: (480, 640, 3), Seems like there is a tv ahead.
Step: 213 | Mode: navigate | Action: 1
BLIP2ITMClient.cosine: (480, 640, 3), Seems like there is a tv ahead.
Step: 214 | Mode: navigate | Action: 1
BLIP2ITMClient.cosine: (480, 640, 3), Seems like there is a tv ahead.
Step: 215 | Mode: navigate | Action: 3
BLIP2ITMClient.cosine: (480, 640, 3), Seems like there is a tv ahead.
Step: 216 | Mode: navigate | Action: 1
BLIP2ITMClient.cosine: (480, 640, 3), Seems like there is a tv ahead.
BLIP2ITMClient.cosine: (480, 640, 3), Seems like there is a tv ahead.
Sticking to last point.
Best value: 11.31%
Step: 217 | Mode: explore | Action: 3
BLIP2ITMClient.cosine: (480, 640, 3), Seems like there is a tv ahead.
Sticking to last point.
Best value: 11.31%
Step: 218 | Mode: explore | Action: 3
BLIP2ITMClient.cosine: (480, 640, 3), Seems like there is a tv ahead.
Sticking to last point.
Best value: 11.31%
Step: 219 | Mode: explore | Action: 3
BLIP2ITMClient.cosine: (480, 640, 3), Seems like there is a tv ahead.
Sticking to last point.
Best value: 11.31%
Step: 220 | Mode: explore | Action: 3
BLIP2ITMClient.cosine: (480, 640, 3), Seems like there is a tv ahead.
Sticking to last point.
Best value: 11.31%
Step: 221 | Mode: explore | Action: 3
BLIP2ITMClient.cosine: (480, 640, 3), Seems like there is a tv ahead.
Sticking to last point.
Best value: 11.31%
Step: 222 | Mode: explore | Action: 1
BLIP2ITMClient.cosine: (480, 640, 3), Seems like there is a tv ahead.
Sticking to last point.
Best value: 11.31%
Step: 223 | Mode: explore | Action: 3
BLIP2ITMClient.cosine: (480, 640, 3), Seems like there is a tv ahead.
BLIP2ITMClient.cosine: (480, 640, 3), Seems like there is a tv ahead.
Sticking to last point.
Best value: 11.31%
Step: 224 | Mode: explore | Action: 1
BLIP2ITMClient.cosine: (480, 640, 3), Seems like there is a tv ahead.
Sticking to last point.
Best value: 11.31%
Step: 225 | Mode: explore | Action: 2
BLIP2ITMClient.cosine: (480, 640, 3), Seems like there is a tv ahead.
Sticking to last point.
Best value: 11.31%
Step: 226 | Mode: explore | Action: 1
BLIP2ITMClient.cosine: (480, 640, 3), Seems like there is a tv ahead.
Sticking to last point.
Best value: 11.31%
Step: 227 | Mode: explore | Action: 1
BLIP2ITMClient.cosine: (480, 640, 3), Seems like there is a tv ahead.
Sticking to last point.
Best value: 11.31%
Step: 228 | Mode: explore | Action: 1
BLIP2ITMClient.cosine: (480, 640, 3), Seems like there is a tv ahead.
BLIP2ITMClient.cosine: (480, 640, 3), Seems like there is a tv ahead.
Sticking to last point.
Best value: 11.31%
Step: 229 | Mode: explore | Action: 1
BLIP2ITMClient.cosine: (480, 640, 3), Seems like there is a tv ahead.
Sticking to last point.
Best value: 11.31%
Step: 230 | Mode: explore | Action: 1
BLIP2ITMClient.cosine: (480, 640, 3), Seems like there is a tv ahead.
Sticking to last point.
Best value: 11.31%
Step: 231 | Mode: explore | Action: 3
BLIP2ITMClient.cosine: (480, 640, 3), Seems like there is a tv ahead.
BLIP2ITMClient.cosine: (480, 640, 3), Seems like there is a tv ahead.
Sticking to last point.
Best value: 11.31%
Step: 232 | Mode: explore | Action: 1
BLIP2ITMClient.cosine: (480, 640, 3), Seems like there is a tv ahead.
BLIP2ITMClient.cosine: (480, 640, 3), Seems like there is a tv ahead.
Sticking to last point.
Best value: 11.31%
Step: 233 | Mode: explore | Action: 2
BLIP2ITMClient.cosine: (480, 640, 3), Seems like there is a tv ahead.
Sticking to last point.
Best value: 11.31%
Step: 234 | Mode: explore | Action: 1
BLIP2ITMClient.cosine: (480, 640, 3), Seems like there is a tv ahead.
Sticking to last point.
Best value: 11.31%
Step: 235 | Mode: explore | Action: 1
BLIP2ITMClient.cosine: (480, 640, 3), Seems like there is a tv ahead.
Sticking to last point.
Best value: 11.31%
Step: 236 | Mode: explore | Action: 3
BLIP2ITMClient.cosine: (480, 640, 3), Seems like there is a tv ahead.
Sticking to last point.
Best value: 11.31%
Step: 237 | Mode: explore | Action: 2
BLIP2ITMClient.cosine: (480, 640, 3), Seems like there is a tv ahead.
Sticking to last point.
Best value: 11.31%
Step: 238 | Mode: explore | Action: 1
BLIP2ITMClient.cosine: (480, 640, 3), Seems like there is a tv ahead.
Sticking to last point.
Best value: 11.31%
Step: 239 | Mode: explore | Action: 1
BLIP2ITMClient.cosine: (480, 640, 3), Seems like there is a tv ahead.
Sticking to last point.
Best value: 11.31%
Step: 240 | Mode: explore | Action: 1
BLIP2ITMClient.cosine: (480, 640, 3), Seems like there is a tv ahead.
Sticking to last point.
Best value: 11.31%
Step: 241 | Mode: explore | Action: 3
BLIP2ITMClient.cosine: (480, 640, 3), Seems like there is a tv ahead.
BLIP2ITMClient.cosine: (480, 640, 3), Seems like there is a tv ahead.
Sticking to last point.
Best value: 10.83%
Step: 242 | Mode: explore | Action: 3
BLIP2ITMClient.cosine: (480, 640, 3), Seems like there is a tv ahead.
Sticking to last point.
Best value: 10.83%
Step: 243 | Mode: explore | Action: 1
BLIP2ITMClient.cosine: (480, 640, 3), Seems like there is a tv ahead.
Sticking to last point.
Best value: 10.83%
Step: 244 | Mode: explore | Action: 3
BLIP2ITMClient.cosine: (480, 640, 3), Seems like there is a tv ahead.
Sticking to last point.
Best value: 10.83%
Step: 245 | Mode: explore | Action: 1
BLIP2ITMClient.cosine: (480, 640, 3), Seems like there is a tv ahead.
BLIP2ITMClient.cosine: (480, 640, 3), Seems like there is a tv ahead.
Sticking to last point.
Best value: 10.11%
Step: 246 | Mode: explore | Action: 2
BLIP2ITMClient.cosine: (480, 640, 3), Seems like there is a tv ahead.
Sticking to last point.
Best value: 10.11%
Step: 247 | Mode: explore | Action: 2
BLIP2ITMClient.cosine: (480, 640, 3), Seems like there is a tv ahead.
Sticking to last point.
Best value: 10.11%
Step: 248 | Mode: explore | Action: 2
BLIP2ITMClient.cosine: (480, 640, 3), Seems like there is a tv ahead.
Sticking to last point.
Best value: 10.11%
Step: 249 | Mode: explore | Action: 3
BLIP2ITMClient.cosine: (480, 640, 3), Seems like there is a tv ahead.
Sticking to last point.
Best value: 10.11%
Step: 250 | Mode: explore | Action: 3
BLIP2ITMClient.cosine: (480, 640, 3), Seems like there is a tv ahead.
Sticking to last point.
Best value: 10.11%
Step: 251 | Mode: explore | Action: 1
BLIP2ITMClient.cosine: (480, 640, 3), Seems like there is a tv ahead.
Sticking to last point.
Best value: 10.11%
Step: 252 | Mode: explore | Action: 3
BLIP2ITMClient.cosine: (480, 640, 3), Seems like there is a tv ahead.
Sticking to last point.
Best value: 10.11%
Step: 253 | Mode: explore | Action: 1
BLIP2ITMClient.cosine: (480, 640, 3), Seems like there is a tv ahead.
BLIP2ITMClient.cosine: (480, 640, 3), Seems like there is a tv ahead.
Sticking to last point.
Best value: 10.47%
Step: 254 | Mode: explore | Action: 2
BLIP2ITMClient.cosine: (480, 640, 3), Seems like there is a tv ahead.
Sticking to last point.
Best value: 10.47%
Step: 255 | Mode: explore | Action: 2
BLIP2ITMClient.cosine: (480, 640, 3), Seems like there is a tv ahead.
Sticking to last point.
Best value: 10.47%
Step: 256 | Mode: explore | Action: 2
BLIP2ITMClient.cosine: (480, 640, 3), Seems like there is a tv ahead.
Sticking to last point.
Best value: 10.47%
Step: 257 | Mode: explore | Action: 3
BLIP2ITMClient.cosine: (480, 640, 3), Seems like there is a tv ahead.
Sticking to last point.
Best value: 10.47%
Step: 258 | Mode: explore | Action: 3
BLIP2ITMClient.cosine: (480, 640, 3), Seems like there is a tv ahead.
Sticking to last point.
Best value: 10.47%
Step: 259 | Mode: explore | Action: 3
BLIP2ITMClient.cosine: (480, 640, 3), Seems like there is a tv ahead.
Sticking to last point.
Best value: 10.47%
Step: 260 | Mode: explore | Action: 1
BLIP2ITMClient.cosine: (480, 640, 3), Seems like there is a tv ahead.
Sticking to last point.
Best value: 10.47%
Step: 261 | Mode: explore | Action: 1
BLIP2ITMClient.cosine: (480, 640, 3), Seems like there is a tv ahead.
Sticking to last point.
Best value: 10.47%
Step: 262 | Mode: explore | Action: 2
BLIP2ITMClient.cosine: (480, 640, 3), Seems like there is a tv ahead.
BLIP2ITMClient.cosine: (480, 640, 3), Seems like there is a tv ahead.
Sticking to last point.
Best value: 9.65%
Step: 263 | Mode: explore | Action: 2
BLIP2ITMClient.cosine: (480, 640, 3), Seems like there is a tv ahead.
Sticking to last point.
Best value: 9.65%
Step: 264 | Mode: explore | Action: 2
BLIP2ITMClient.cosine: (480, 640, 3), Seems like there is a tv ahead.
Sticking to last point.
Best value: 9.65%
Step: 265 | Mode: explore | Action: 2
BLIP2ITMClient.cosine: (480, 640, 3), Seems like there is a tv ahead.
Sticking to last point.
Best value: 9.65%
Step: 266 | Mode: explore | Action: 2
BLIP2ITMClient.cosine: (480, 640, 3), Seems like there is a tv ahead.
Sticking to last point.
Best value: 9.65%
Step: 267 | Mode: explore | Action: 2
BLIP2ITMClient.cosine: (480, 640, 3), Seems like there is a tv ahead.
Sticking to last point.
Best value: 9.65%
Step: 268 | Mode: explore | Action: 1
BLIP2ITMClient.cosine: (480, 640, 3), Seems like there is a tv ahead.
Sticking to last point.
Best value: 9.65%
Step: 269 | Mode: explore | Action: 1
BLIP2ITMClient.cosine: (480, 640, 3), Seems like there is a tv ahead.
Sticking to last point.
Best value: 9.65%
Step: 270 | Mode: explore | Action: 1
BLIP2ITMClient.cosine: (480, 640, 3), Seems like there is a tv ahead.
Sticking to last point.
Best value: 9.65%
Step: 271 | Mode: explore | Action: 3
BLIP2ITMClient.cosine: (480, 640, 3), Seems like there is a tv ahead.
Sticking to last point.
Best value: 9.65%
Step: 272 | Mode: explore | Action: 1
BLIP2ITMClient.cosine: (480, 640, 3), Seems like there is a tv ahead.
Sticking to last point.
Best value: 9.65%
Step: 273 | Mode: explore | Action: 3
BLIP2ITMClient.cosine: (480, 640, 3), Seems like there is a tv ahead.
Sticking to last point.
Best value: 9.65%
Step: 274 | Mode: explore | Action: 1
BLIP2ITMClient.cosine: (480, 640, 3), Seems like there is a tv ahead.
Sticking to last point.
Best value: 9.65%
Step: 275 | Mode: explore | Action: 1
BLIP2ITMClient.cosine: (480, 640, 3), Seems like there is a tv ahead.
Sticking to last point.
Best value: 9.65%
Step: 276 | Mode: explore | Action: 2
BLIP2ITMClient.cosine: (480, 640, 3), Seems like there is a tv ahead.
Sticking to last point.
Best value: 9.65%
Step: 277 | Mode: explore | Action: 1
BLIP2ITMClient.cosine: (480, 640, 3), Seems like there is a tv ahead.
Sticking to last point.
Best value: 9.65%
Step: 278 | Mode: explore | Action: 2
BLIP2ITMClient.cosine: (480, 640, 3), Seems like there is a tv ahead.
Sticking to last point.
Best value: 9.65%
Step: 279 | Mode: explore | Action: 1
BLIP2ITMClient.cosine: (480, 640, 3), Seems like there is a tv ahead.
Sticking to last point.
Best value: 9.65%
Step: 280 | Mode: explore | Action: 3
BLIP2ITMClient.cosine: (480, 640, 3), Seems like there is a tv ahead.
Sticking to last point.
Best value: 9.65%
Step: 281 | Mode: explore | Action: 3
BLIP2ITMClient.cosine: (480, 640, 3), Seems like there is a tv ahead.
Sticking to last point.
Best value: 9.65%
Step: 282 | Mode: explore | Action: 3
BLIP2ITMClient.cosine: (480, 640, 3), Seems like there is a tv ahead.
Sticking to last point.
Best value: 9.65%
Step: 283 | Mode: explore | Action: 3
BLIP2ITMClient.cosine: (480, 640, 3), Seems like there is a tv ahead.
Sticking to last point.
Best value: 9.65%
Step: 284 | Mode: explore | Action: 3
BLIP2ITMClient.cosine: (480, 640, 3), Seems like there is a tv ahead.
Sticking to last point.
Best value: 9.65%
Step: 285 | Mode: explore | Action: 2
BLIP2ITMClient.cosine: (480, 640, 3), Seems like there is a tv ahead.
Sticking to last point.
Best value: 9.65%
Step: 286 | Mode: explore | Action: 2
BLIP2ITMClient.cosine: (480, 640, 3), Seems like there is a tv ahead.
Sticking to last point.
Best value: 9.65%
Step: 287 | Mode: explore | Action: 2
BLIP2ITMClient.cosine: (480, 640, 3), Seems like there is a tv ahead.
Sticking to last point.
Best value: 9.65%
Step: 288 | Mode: explore | Action: 1
BLIP2ITMClient.cosine: (480, 640, 3), Seems like there is a tv ahead.
Sticking to last point.
Best value: 9.65%
Step: 289 | Mode: explore | Action: 2
BLIP2ITMClient.cosine: (480, 640, 3), Seems like there is a tv ahead.
Sticking to last point.
Best value: 9.65%
Step: 290 | Mode: explore | Action: 1
BLIP2ITMClient.cosine: (480, 640, 3), Seems like there is a tv ahead.
Sticking to last point.
Best value: 9.65%
Step: 291 | Mode: explore | Action: 3
BLIP2ITMClient.cosine: (480, 640, 3), Seems like there is a tv ahead.
Sticking to last point.
Best value: 9.65%
Step: 292 | Mode: explore | Action: 3
BLIP2ITMClient.cosine: (480, 640, 3), Seems like there is a tv ahead.
Sticking to last point.
Best value: 9.65%
Step: 293 | Mode: explore | Action: 1
BLIP2ITMClient.cosine: (480, 640, 3), Seems like there is a tv ahead.
Sticking to last point.
Best value: 9.65%
Step: 294 | Mode: explore | Action: 1
BLIP2ITMClient.cosine: (480, 640, 3), Seems like there is a tv ahead.
Sticking to last point.
Best value: 9.65%
Step: 295 | Mode: explore | Action: 3
BLIP2ITMClient.cosine: (480, 640, 3), Seems like there is a tv ahead.
Sticking to last point.
Best value: 9.65%
Step: 296 | Mode: explore | Action: 3
BLIP2ITMClient.cosine: (480, 640, 3), Seems like there is a tv ahead.
Sticking to last point.
Best value: 9.65%
Step: 297 | Mode: explore | Action: 3
BLIP2ITMClient.cosine: (480, 640, 3), Seems like there is a tv ahead.
Sticking to last point.
Best value: 9.65%
Step: 298 | Mode: explore | Action: 2
BLIP2ITMClient.cosine: (480, 640, 3), Seems like there is a tv ahead.
Sticking to last point.
Best value: 9.65%
Step: 299 | Mode: explore | Action: 2
BLIP2ITMClient.cosine: (480, 640, 3), Seems like there is a tv ahead.
Sticking to last point.
Best value: 9.65%
Step: 300 | Mode: explore | Action: 2
BLIP2ITMClient.cosine: (480, 640, 3), Seems like there is a tv ahead.
Sticking to last point.
Best value: 9.65%
Step: 301 | Mode: explore | Action: 1
BLIP2ITMClient.cosine: (480, 640, 3), Seems like there is a tv ahead.
Sticking to last point.
Best value: 9.65%
Step: 302 | Mode: explore | Action: 2
BLIP2ITMClient.cosine: (480, 640, 3), Seems like there is a tv ahead.
Sticking to last point.
Best value: 9.65%
Step: 303 | Mode: explore | Action: 1
BLIP2ITMClient.cosine: (480, 640, 3), Seems like there is a tv ahead.
Sticking to last point.
Best value: 9.65%
Step: 304 | Mode: explore | Action: 2
BLIP2ITMClient.cosine: (480, 640, 3), Seems like there is a tv ahead.
Sticking to last point.
Best value: 9.65%
Step: 305 | Mode: explore | Action: 1
BLIP2ITMClient.cosine: (480, 640, 3), Seems like there is a tv ahead.
Sticking to last point.
Best value: 9.65%
Step: 306 | Mode: explore | Action: 3
BLIP2ITMClient.cosine: (480, 640, 3), Seems like there is a tv ahead.
Sticking to last point.
Best value: 9.65%
Step: 307 | Mode: explore | Action: 3
BLIP2ITMClient.cosine: (480, 640, 3), Seems like there is a tv ahead.
Sticking to last point.
Best value: 9.65%
Step: 308 | Mode: explore | Action: 1
BLIP2ITMClient.cosine: (480, 640, 3), Seems like there is a tv ahead.
Sticking to last point.
Best value: 9.65%
Step: 309 | Mode: explore | Action: 3
BLIP2ITMClient.cosine: (480, 640, 3), Seems like there is a tv ahead.
Sticking to last point.
Best value: 9.65%
Step: 310 | Mode: explore | Action: 3
BLIP2ITMClient.cosine: (480, 640, 3), Seems like there is a tv ahead.
Sticking to last point.
Best value: 9.65%
Step: 311 | Mode: explore | Action: 3
BLIP2ITMClient.cosine: (480, 640, 3), Seems like there is a tv ahead.
Sticking to last point.
Best value: 9.65%
Step: 312 | Mode: explore | Action: 2
BLIP2ITMClient.cosine: (480, 640, 3), Seems like there is a tv ahead.
Sticking to last point.
Best value: 9.65%
Step: 313 | Mode: explore | Action: 2
BLIP2ITMClient.cosine: (480, 640, 3), Seems like there is a tv ahead.
Sticking to last point.
Best value: 9.65%
Step: 314 | Mode: explore | Action: 2
BLIP2ITMClient.cosine: (480, 640, 3), Seems like there is a tv ahead.
Sticking to last point.
Best value: 9.65%
Step: 315 | Mode: explore | Action: 3
BLIP2ITMClient.cosine: (480, 640, 3), Seems like there is a tv ahead.
Sticking to last point.
Best value: 9.65%
Step: 316 | Mode: explore | Action: 3
BLIP2ITMClient.cosine: (480, 640, 3), Seems like there is a tv ahead.
Sticking to last point.
Best value: 9.65%
Step: 317 | Mode: explore | Action: 3
BLIP2ITMClient.cosine: (480, 640, 3), Seems like there is a tv ahead.
Sticking to last point.
Best value: 9.65%
Step: 318 | Mode: explore | Action: 3
BLIP2ITMClient.cosine: (480, 640, 3), Seems like there is a tv ahead.
Sticking to last point.
Best value: 9.65%
Step: 319 | Mode: explore | Action: 3
BLIP2ITMClient.cosine: (480, 640, 3), Seems like there is a tv ahead.
Sticking to last point.
Best value: 9.65%
Step: 320 | Mode: explore | Action: 1
BLIP2ITMClient.cosine: (480, 640, 3), Seems like there is a tv ahead.
Sticking to last point.
Best value: 9.65%
Step: 321 | Mode: explore | Action: 1
BLIP2ITMClient.cosine: (480, 640, 3), Seems like there is a tv ahead.
Sticking to last point.
Best value: 9.65%
Step: 322 | Mode: explore | Action: 1
BLIP2ITMClient.cosine: (480, 640, 3), Seems like there is a tv ahead.
Sticking to last point.
Best value: 9.65%
Step: 323 | Mode: explore | Action: 2
BLIP2ITMClient.cosine: (480, 640, 3), Seems like there is a tv ahead.
Sticking to last point.
Best value: 9.65%
Step: 324 | Mode: explore | Action: 1
BLIP2ITMClient.cosine: (480, 640, 3), Seems like there is a tv ahead.
Sticking to last point.
Best value: 9.65%
Step: 325 | Mode: explore | Action: 1
BLIP2ITMClient.cosine: (480, 640, 3), Seems like there is a tv ahead.
Sticking to last point.
Best value: 9.65%
Step: 326 | Mode: explore | Action: 1
BLIP2ITMClient.cosine: (480, 640, 3), Seems like there is a tv ahead.
Sticking to last point.
Best value: 9.65%
Step: 327 | Mode: explore | Action: 2
BLIP2ITMClient.cosine: (480, 640, 3), Seems like there is a tv ahead.
Sticking to last point.
Best value: 9.65%
Step: 328 | Mode: explore | Action: 1
BLIP2ITMClient.cosine: (480, 640, 3), Seems like there is a tv ahead.
Sticking to last point.
Best value: 9.65%
Step: 329 | Mode: explore | Action: 3
BLIP2ITMClient.cosine: (480, 640, 3), Seems like there is a tv ahead.
Sticking to last point.
Best value: 9.65%
Step: 330 | Mode: explore | Action: 1
BLIP2ITMClient.cosine: (480, 640, 3), Seems like there is a tv ahead.
Sticking to last point.
Best value: 9.65%
Step: 331 | Mode: explore | Action: 2
BLIP2ITMClient.cosine: (480, 640, 3), Seems like there is a tv ahead.
Sticking to last point.
Best value: 9.65%
Step: 332 | Mode: explore | Action: 1
BLIP2ITMClient.cosine: (480, 640, 3), Seems like there is a tv ahead.
Sticking to last point.
Best value: 9.65%
Step: 333 | Mode: explore | Action: 1
BLIP2ITMClient.cosine: (480, 640, 3), Seems like there is a tv ahead.
Sticking to last point.
Best value: 9.65%
Step: 334 | Mode: explore | Action: 1
BLIP2ITMClient.cosine: (480, 640, 3), Seems like there is a tv ahead.
Sticking to last point.
Best value: 9.65%
Step: 335 | Mode: explore | Action: 2
BLIP2ITMClient.cosine: (480, 640, 3), Seems like there is a tv ahead.
BLIP2ITMClient.cosine: (480, 640, 3), Seems like there is a tv ahead.
Sticking to last point.
Best value: 12.25%
Step: 336 | Mode: explore | Action: 2
BLIP2ITMClient.cosine: (480, 640, 3), Seems like there is a tv ahead.
Sticking to last point.
Best value: 12.25%
Step: 337 | Mode: explore | Action: 3
BLIP2ITMClient.cosine: (480, 640, 3), Seems like there is a tv ahead.
Sticking to last point.
Best value: 12.25%
Step: 338 | Mode: explore | Action: 1
BLIP2ITMClient.cosine: (480, 640, 3), Seems like there is a tv ahead.
BLIP2ITMClient.cosine: (480, 640, 3), Seems like there is a tv ahead.
Best value: 12.87%
Step: 339 | Mode: explore | Action: 3
BLIP2ITMClient.cosine: (480, 640, 3), Seems like there is a tv ahead.
Sticking to last point.
Best value: 12.87%
Step: 340 | Mode: explore | Action: 3
BLIP2ITMClient.cosine: (480, 640, 3), Seems like there is a tv ahead.
Sticking to last point.
Best value: 12.87%
Step: 341 | Mode: explore | Action: 3
BLIP2ITMClient.cosine: (480, 640, 3), Seems like there is a tv ahead.
Sticking to last point.
Best value: 12.87%
Step: 342 | Mode: explore | Action: 3
BLIP2ITMClient.cosine: (480, 640, 3), Seems like there is a tv ahead.
Sticking to last point.
Best value: 12.87%
Step: 343 | Mode: explore | Action: 3
BLIP2ITMClient.cosine: (480, 640, 3), Seems like there is a tv ahead.
Sticking to last point.
Best value: 12.87%
Step: 344 | Mode: explore | Action: 3
BLIP2ITMClient.cosine: (480, 640, 3), Seems like there is a tv ahead.
Sticking to last point.
Best value: 12.87%
Step: 345 | Mode: explore | Action: 1
BLIP2ITMClient.cosine: (480, 640, 3), Seems like there is a tv ahead.
Sticking to last point.
Best value: 12.87%
Step: 346 | Mode: explore | Action: 3
BLIP2ITMClient.cosine: (480, 640, 3), Seems like there is a tv ahead.
Sticking to last point.
Best value: 12.87%
Step: 347 | Mode: explore | Action: 1
BLIP2ITMClient.cosine: (480, 640, 3), Seems like there is a tv ahead.
Sticking to last point.
Best value: 12.87%
Step: 348 | Mode: explore | Action: 2
BLIP2ITMClient.cosine: (480, 640, 3), Seems like there is a tv ahead.
Sticking to last point.
Best value: 12.87%
Step: 349 | Mode: explore | Action: 1
BLIP2ITMClient.cosine: (480, 640, 3), Seems like there is a tv ahead.
Sticking to last point.
Best value: 12.87%
Step: 350 | Mode: explore | Action: 1
BLIP2ITMClient.cosine: (480, 640, 3), Seems like there is a tv ahead.
Sticking to last point.
Best value: 12.87%
Step: 351 | Mode: explore | Action: 1
BLIP2ITMClient.cosine: (480, 640, 3), Seems like there is a tv ahead.
Sticking to last point.
Best value: 12.87%
Step: 352 | Mode: explore | Action: 2
BLIP2ITMClient.cosine: (480, 640, 3), Seems like there is a tv ahead.
Sticking to last point.
Best value: 12.87%
Step: 353 | Mode: explore | Action: 1
BLIP2ITMClient.cosine: (480, 640, 3), Seems like there is a tv ahead.
Sticking to last point.
Best value: 12.87%
Step: 354 | Mode: explore | Action: 1
BLIP2ITMClient.cosine: (480, 640, 3), Seems like there is a tv ahead.
Sticking to last point.
Best value: 12.87%
Step: 355 | Mode: explore | Action: 3
BLIP2ITMClient.cosine: (480, 640, 3), Seems like there is a tv ahead.
Sticking to last point.
Best value: 12.87%
Step: 356 | Mode: explore | Action: 1
BLIP2ITMClient.cosine: (480, 640, 3), Seems like there is a tv ahead.
Sticking to last point.
Best value: 12.87%
Step: 357 | Mode: explore | Action: 2
BLIP2ITMClient.cosine: (480, 640, 3), Seems like there is a tv ahead.
Sticking to last point.
Best value: 12.87%
Step: 358 | Mode: explore | Action: 2
BLIP2ITMClient.cosine: (480, 640, 3), Seems like there is a tv ahead.
Sticking to last point.
Best value: 12.87%
Step: 359 | Mode: explore | Action: 1
BLIP2ITMClient.cosine: (480, 640, 3), Seems like there is a tv ahead.
Sticking to last point.
Best value: 12.87%
Step: 360 | Mode: explore | Action: 2
BLIP2ITMClient.cosine: (480, 640, 3), Seems like there is a tv ahead.
Sticking to last point.
Best value: 12.87%
Step: 361 | Mode: explore | Action: 1
BLIP2ITMClient.cosine: (480, 640, 3), Seems like there is a tv ahead.
Sticking to last point.
Best value: 12.87%
Step: 362 | Mode: explore | Action: 2
BLIP2ITMClient.cosine: (480, 640, 3), Seems like there is a tv ahead.
BLIP2ITMClient.cosine: (480, 640, 3), Seems like there is a tv ahead.
Best value: 11.55%
Step: 363 | Mode: explore | Action: 1
BLIP2ITMClient.cosine: (480, 640, 3), Seems like there is a tv ahead.
Sticking to last point.
Best value: 11.55%
Step: 364 | Mode: explore | Action: 2
BLIP2ITMClient.cosine: (480, 640, 3), Seems like there is a tv ahead.
Sticking to last point.
Best value: 11.55%
Step: 365 | Mode: explore | Action: 1
BLIP2ITMClient.cosine: (480, 640, 3), Seems like there is a tv ahead.
Sticking to last point.
Best value: 11.55%
Step: 366 | Mode: explore | Action: 1
BLIP2ITMClient.cosine: (480, 640, 3), Seems like there is a tv ahead.
Sticking to last point.
Best value: 11.55%
Step: 367 | Mode: explore | Action: 1
BLIP2ITMClient.cosine: (480, 640, 3), Seems like there is a tv ahead.
BLIP2ITMClient.cosine: (480, 640, 3), Seems like there is a tv ahead.
Sticking to last point.
Best value: 18.24%
Step: 368 | Mode: explore | Action: 1
BLIP2ITMClient.cosine: (480, 640, 3), Seems like there is a tv ahead.
BLIP2ITMClient.cosine: (480, 640, 3), Seems like there is a tv ahead.
Best value: 16.45%
Step: 369 | Mode: explore | Action: 2
BLIP2ITMClient.cosine: (480, 640, 3), Seems like there is a tv ahead.
Sticking to last point.
Best value: 16.45%
Step: 370 | Mode: explore | Action: 1
BLIP2ITMClient.cosine: (480, 640, 3), Seems like there is a tv ahead.
Sticking to last point.
Best value: 16.45%
Step: 371 | Mode: explore | Action: 3
BLIP2ITMClient.cosine: (480, 640, 3), Seems like there is a tv ahead.
Sticking to last point.
Best value: 16.45%
Step: 372 | Mode: explore | Action: 1
BLIP2ITMClient.cosine: (480, 640, 3), Seems like there is a tv ahead.
BLIP2ITMClient.cosine: (480, 640, 3), Seems like there is a tv ahead.
Sticking to last point.
Best value: 16.53%
Step: 373 | Mode: explore | Action: 1
BLIP2ITMClient.cosine: (480, 640, 3), Seems like there is a tv ahead.
BLIP2ITMClient.cosine: (480, 640, 3), Seems like there is a tv ahead.
Sticking to last point.
Best value: 18.28%
Step: 374 | Mode: explore | Action: 1
BLIP2ITMClient.cosine: (480, 640, 3), Seems like there is a tv ahead.
Sticking to last point.
Best value: 18.28%
Step: 375 | Mode: explore | Action: 1
BLIP2ITMClient.cosine: (480, 640, 3), Seems like there is a tv ahead.
Sticking to last point.
Best value: 18.28%
Step: 376 | Mode: explore | Action: 1
BLIP2ITMClient.cosine: (480, 640, 3), Seems like there is a tv ahead.
Sticking to last point.
Best value: 18.28%
Step: 377 | Mode: explore | Action: 1
BLIP2ITMClient.cosine: (480, 640, 3), Seems like there is a tv ahead.
Sticking to last point.
Best value: 18.28%
Step: 378 | Mode: explore | Action: 2
BLIP2ITMClient.cosine: (480, 640, 3), Seems like there is a tv ahead.
Sticking to last point.
Best value: 18.28%
Step: 379 | Mode: explore | Action: 1
BLIP2ITMClient.cosine: (480, 640, 3), Seems like there is a tv ahead.
Sticking to last point.
Best value: 18.28%
Step: 380 | Mode: explore | Action: 2
BLIP2ITMClient.cosine: (480, 640, 3), Seems like there is a tv ahead.
Sticking to last point.
Best value: 18.28%
Step: 381 | Mode: explore | Action: 1
BLIP2ITMClient.cosine: (480, 640, 3), Seems like there is a tv ahead.
Sticking to last point.
Best value: 18.28%
Step: 382 | Mode: explore | Action: 3
BLIP2ITMClient.cosine: (480, 640, 3), Seems like there is a tv ahead.
BLIP2ITMClient.cosine: (480, 640, 3), Seems like there is a tv ahead.
Sticking to last point.
Best value: 18.28%
Step: 383 | Mode: explore | Action: 3
BLIP2ITMClient.cosine: (480, 640, 3), Seems like there is a tv ahead.
BLIP2ITMClient.cosine: (480, 640, 3), Seems like there is a tv ahead.
Best value: 17.37%
Step: 384 | Mode: explore | Action: 1
BLIP2ITMClient.cosine: (480, 640, 3), Seems like there is a tv ahead.
BLIP2ITMClient.cosine: (480, 640, 3), Seems like there is a tv ahead.
Sticking to last point.
Best value: 17.37%
Step: 385 | Mode: explore | Action: 3
BLIP2ITMClient.cosine: (480, 640, 3), Seems like there is a tv ahead.
BLIP2ITMClient.cosine: (480, 640, 3), Seems like there is a tv ahead.
Best value: 18.94%
Step: 386 | Mode: explore | Action: 1
BLIP2ITMClient.cosine: (480, 640, 3), Seems like there is a tv ahead.
Sticking to last point.
Best value: 18.94%
Step: 387 | Mode: explore | Action: 1
BLIP2ITMClient.cosine: (480, 640, 3), Seems like there is a tv ahead.
Sticking to last point.
Best value: 18.94%
Step: 388 | Mode: explore | Action: 3
BLIP2ITMClient.cosine: (480, 640, 3), Seems like there is a tv ahead.
BLIP2ITMClient.cosine: (480, 640, 3), Seems like there is a tv ahead.
Best value: 15.64%
Step: 389 | Mode: explore | Action: 1
BLIP2ITMClient.cosine: (480, 640, 3), Seems like there is a tv ahead.
BLIP2ITMClient.cosine: (480, 640, 3), Seems like there is a tv ahead.
Sticking to last point.
Best value: 15.64%
Step: 390 | Mode: explore | Action: 3
BLIP2ITMClient.cosine: (480, 640, 3), Seems like there is a tv ahead.
BLIP2ITMClient.cosine: (480, 640, 3), Seems like there is a tv ahead.
Sticking to last point.
Best value: 14.74%
Step: 391 | Mode: explore | Action: 1
BLIP2ITMClient.cosine: (480, 640, 3), Seems like there is a tv ahead.
Sticking to last point.
Best value: 14.74%
Step: 392 | Mode: explore | Action: 1
BLIP2ITMClient.cosine: (480, 640, 3), Seems like there is a tv ahead.
Sticking to last point.
Best value: 14.74%
Step: 393 | Mode: explore | Action: 1
BLIP2ITMClient.cosine: (480, 640, 3), Seems like there is a tv ahead.
BLIP2ITMClient.cosine: (480, 640, 3), Seems like there is a tv ahead.
Sticking to last point.
Best value: 15.02%
Step: 394 | Mode: explore | Action: 3
BLIP2ITMClient.cosine: (480, 640, 3), Seems like there is a tv ahead.
BLIP2ITMClient.cosine: (480, 640, 3), Seems like there is a tv ahead.
Sticking to last point.
Best value: 14.24%
Step: 395 | Mode: explore | Action: 1
BLIP2ITMClient.cosine: (480, 640, 3), Seems like there is a tv ahead.
BLIP2ITMClient.cosine: (480, 640, 3), Seems like there is a tv ahead.
Best value: 15.08%
Step: 396 | Mode: explore | Action: 3
BLIP2ITMClient.cosine: (480, 640, 3), Seems like there is a tv ahead.
Sticking to last point.
Best value: 15.08%
Step: 397 | Mode: explore | Action: 2
BLIP2ITMClient.cosine: (480, 640, 3), Seems like there is a tv ahead.
Sticking to last point.
Best value: 15.08%
Step: 398 | Mode: explore | Action: 1
BLIP2ITMClient.cosine: (480, 640, 3), Seems like there is a tv ahead.
Sticking to last point.
Best value: 15.08%
Step: 399 | Mode: explore | Action: 3
BLIP2ITMClient.cosine: (480, 640, 3), Seems like there is a tv ahead.
BLIP2ITMClient.cosine: (480, 640, 3), Seems like there is a tv ahead.
Sticking to last point.
Best value: 15.08%
Step: 400 | Mode: explore | Action: 1
BLIP2ITMClient.cosine: (480, 640, 3), Seems like there is a tv ahead.
Sticking to last point.
Best value: 15.08%
Step: 401 | Mode: explore | Action: 3
BLIP2ITMClient.cosine: (480, 640, 3), Seems like there is a tv ahead.
Sticking to last point.
Best value: 15.08%
Step: 402 | Mode: explore | Action: 1
BLIP2ITMClient.cosine: (480, 640, 3), Seems like there is a tv ahead.
Sticking to last point.
Best value: 15.08%
Step: 403 | Mode: explore | Action: 1
BLIP2ITMClient.cosine: (480, 640, 3), Seems like there is a tv ahead.
Sticking to last point.
Best value: 15.08%
Step: 404 | Mode: explore | Action: 2
BLIP2ITMClient.cosine: (480, 640, 3), Seems like there is a tv ahead.
Sticking to last point.
Best value: 15.08%
Step: 405 | Mode: explore | Action: 1
BLIP2ITMClient.cosine: (480, 640, 3), Seems like there is a tv ahead.
Sticking to last point.
Best value: 15.08%
Step: 406 | Mode: explore | Action: 2
BLIP2ITMClient.cosine: (480, 640, 3), Seems like there is a tv ahead.
Sticking to last point.
Best value: 15.08%
Step: 407 | Mode: explore | Action: 1
BLIP2ITMClient.cosine: (480, 640, 3), Seems like there is a tv ahead.
Sticking to last point.
Best value: 15.08%
Step: 408 | Mode: explore | Action: 3
BLIP2ITMClient.cosine: (480, 640, 3), Seems like there is a tv ahead.
Sticking to last point.
Best value: 15.08%
Step: 409 | Mode: explore | Action: 3
BLIP2ITMClient.cosine: (480, 640, 3), Seems like there is a tv ahead.
Sticking to last point.
Best value: 15.08%
Step: 410 | Mode: explore | Action: 3
BLIP2ITMClient.cosine: (480, 640, 3), Seems like there is a tv ahead.
Sticking to last point.
Best value: 15.08%
Step: 411 | Mode: explore | Action: 1
BLIP2ITMClient.cosine: (480, 640, 3), Seems like there is a tv ahead.
Sticking to last point.
Best value: 15.08%
Step: 412 | Mode: explore | Action: 3
BLIP2ITMClient.cosine: (480, 640, 3), Seems like there is a tv ahead.
Sticking to last point.
Best value: 15.08%
Step: 413 | Mode: explore | Action: 1
BLIP2ITMClient.cosine: (480, 640, 3), Seems like there is a tv ahead.
Sticking to last point.
Best value: 15.08%
Step: 414 | Mode: explore | Action: 3
BLIP2ITMClient.cosine: (480, 640, 3), Seems like there is a tv ahead.
Sticking to last point.
Best value: 15.08%
Step: 415 | Mode: explore | Action: 1
BLIP2ITMClient.cosine: (480, 640, 3), Seems like there is a tv ahead.
Sticking to last point.
Best value: 15.08%
Step: 416 | Mode: explore | Action: 2
BLIP2ITMClient.cosine: (480, 640, 3), Seems like there is a tv ahead.
Sticking to last point.
Best value: 15.08%
Step: 417 | Mode: explore | Action: 2
BLIP2ITMClient.cosine: (480, 640, 3), Seems like there is a tv ahead.
Sticking to last point.
Best value: 15.08%
Step: 418 | Mode: explore | Action: 2
BLIP2ITMClient.cosine: (480, 640, 3), Seems like there is a tv ahead.
Sticking to last point.
Best value: 15.08%
Step: 419 | Mode: explore | Action: 2
BLIP2ITMClient.cosine: (480, 640, 3), Seems like there is a tv ahead.
Sticking to last point.
Best value: 15.08%
Step: 420 | Mode: explore | Action: 1
BLIP2ITMClient.cosine: (480, 640, 3), Seems like there is a tv ahead.
Sticking to last point.
Best value: 15.08%
Step: 421 | Mode: explore | Action: 2
BLIP2ITMClient.cosine: (480, 640, 3), Seems like there is a tv ahead.
Sticking to last point.
Best value: 15.08%
Step: 422 | Mode: explore | Action: 1
BLIP2ITMClient.cosine: (480, 640, 3), Seems like there is a tv ahead.
Sticking to last point.
Best value: 15.08%
Step: 423 | Mode: explore | Action: 2
BLIP2ITMClient.cosine: (480, 640, 3), Seems like there is a tv ahead.
Sticking to last point.
Best value: 15.08%
Step: 424 | Mode: explore | Action: 1
BLIP2ITMClient.cosine: (480, 640, 3), Seems like there is a tv ahead.
Sticking to last point.
Best value: 15.08%
Step: 425 | Mode: explore | Action: 2
BLIP2ITMClient.cosine: (480, 640, 3), Seems like there is a tv ahead.
BLIP2ITMClient.cosine: (480, 640, 3), Seems like there is a tv ahead.
Sticking to last point.
Best value: 17.55%
Step: 426 | Mode: explore | Action: 1
BLIP2ITMClient.cosine: (480, 640, 3), Seems like there is a tv ahead.
Sticking to last point.
Best value: 17.55%
Step: 427 | Mode: explore | Action: 2
BLIP2ITMClient.cosine: (480, 640, 3), Seems like there is a tv ahead.
Sticking to last point.
Best value: 17.55%
Step: 428 | Mode: explore | Action: 1
BLIP2ITMClient.cosine: (480, 640, 3), Seems like there is a tv ahead.
Sticking to last point.
Best value: 17.55%
Step: 429 | Mode: explore | Action: 2
BLIP2ITMClient.cosine: (480, 640, 3), Seems like there is a tv ahead.
Sticking to last point.
Best value: 17.55%
Step: 430 | Mode: explore | Action: 1
BLIP2ITMClient.cosine: (480, 640, 3), Seems like there is a tv ahead.
Sticking to last point.
Best value: 17.55%
Step: 431 | Mode: explore | Action: 3
BLIP2ITMClient.cosine: (480, 640, 3), Seems like there is a tv ahead.
Sticking to last point.
Best value: 17.55%
Step: 432 | Mode: explore | Action: 1
BLIP2ITMClient.cosine: (480, 640, 3), Seems like there is a tv ahead.
Sticking to last point.
Best value: 17.55%
Step: 433 | Mode: explore | Action: 1
BLIP2ITMClient.cosine: (480, 640, 3), Seems like there is a tv ahead.
Sticking to last point.
Best value: 17.55%
Step: 434 | Mode: explore | Action: 3
BLIP2ITMClient.cosine: (480, 640, 3), Seems like there is a tv ahead.
Sticking to last point.
Best value: 17.55%
Step: 435 | Mode: explore | Action: 1
BLIP2ITMClient.cosine: (480, 640, 3), Seems like there is a tv ahead.
Sticking to last point.
Best value: 17.55%
Step: 436 | Mode: explore | Action: 1
BLIP2ITMClient.cosine: (480, 640, 3), Seems like there is a tv ahead.
BLIP2ITMClient.cosine: (480, 640, 3), Seems like there is a tv ahead.
Best value: 13.40%
Step: 437 | Mode: explore | Action: 3
BLIP2ITMClient.cosine: (480, 640, 3), Seems like there is a tv ahead.
Sticking to last point.
Best value: 13.40%
Step: 438 | Mode: explore | Action: 3
BLIP2ITMClient.cosine: (480, 640, 3), Seems like there is a tv ahead.
Sticking to last point.
Best value: 13.40%
Step: 439 | Mode: explore | Action: 3
BLIP2ITMClient.cosine: (480, 640, 3), Seems like there is a tv ahead.
Sticking to last point.
Best value: 13.40%
Step: 440 | Mode: explore | Action: 3
BLIP2ITMClient.cosine: (480, 640, 3), Seems like there is a tv ahead.
Sticking to last point.
Best value: 13.40%
Step: 441 | Mode: explore | Action: 3
BLIP2ITMClient.cosine: (480, 640, 3), Seems like there is a tv ahead.
Sticking to last point.
Best value: 13.40%
Step: 442 | Mode: explore | Action: 1
BLIP2ITMClient.cosine: (480, 640, 3), Seems like there is a tv ahead.
Sticking to last point.
Best value: 13.40%
Step: 443 | Mode: explore | Action: 3
BLIP2ITMClient.cosine: (480, 640, 3), Seems like there is a tv ahead.
Sticking to last point.
Best value: 13.40%
Step: 444 | Mode: explore | Action: 1
BLIP2ITMClient.cosine: (480, 640, 3), Seems like there is a tv ahead.
Sticking to last point.
Best value: 13.40%
Step: 445 | Mode: explore | Action: 1
BLIP2ITMClient.cosine: (480, 640, 3), Seems like there is a tv ahead.
Sticking to last point.
Best value: 13.40%
Step: 446 | Mode: explore | Action: 2
BLIP2ITMClient.cosine: (480, 640, 3), Seems like there is a tv ahead.
Sticking to last point.
Best value: 13.40%
Step: 447 | Mode: explore | Action: 1
BLIP2ITMClient.cosine: (480, 640, 3), Seems like there is a tv ahead.
Sticking to last point.
Best value: 13.40%
Step: 448 | Mode: explore | Action: 2
BLIP2ITMClient.cosine: (480, 640, 3), Seems like there is a tv ahead.
Sticking to last point.
Best value: 13.40%
Step: 449 | Mode: explore | Action: 1
BLIP2ITMClient.cosine: (480, 640, 3), Seems like there is a tv ahead.
Sticking to last point.
Best value: 13.40%
Step: 450 | Mode: explore | Action: 1
BLIP2ITMClient.cosine: (480, 640, 3), Seems like there is a tv ahead.
Sticking to last point.
Best value: 13.40%
Step: 451 | Mode: explore | Action: 3
BLIP2ITMClient.cosine: (480, 640, 3), Seems like there is a tv ahead.
Sticking to last point.
Best value: 13.40%
Step: 452 | Mode: explore | Action: 1
BLIP2ITMClient.cosine: (480, 640, 3), Seems like there is a tv ahead.
Sticking to last point.
Best value: 13.40%
Step: 453 | Mode: explore | Action: 3
BLIP2ITMClient.cosine: (480, 640, 3), Seems like there is a tv ahead.
Sticking to last point.
Best value: 13.40%
Step: 454 | Mode: explore | Action: 1
BLIP2ITMClient.cosine: (480, 640, 3), Seems like there is a tv ahead.
Sticking to last point.
Best value: 13.40%
Step: 455 | Mode: explore | Action: 3
BLIP2ITMClient.cosine: (480, 640, 3), Seems like there is a tv ahead.
Sticking to last point.
Best value: 13.40%
Step: 456 | Mode: explore | Action: 1
BLIP2ITMClient.cosine: (480, 640, 3), Seems like there is a tv ahead.
Sticking to last point.
Best value: 13.40%
Step: 457 | Mode: explore | Action: 2
BLIP2ITMClient.cosine: (480, 640, 3), Seems like there is a tv ahead.
Sticking to last point.
Best value: 13.40%
Step: 458 | Mode: explore | Action: 2
BLIP2ITMClient.cosine: (480, 640, 3), Seems like there is a tv ahead.
Sticking to last point.
Best value: 13.40%
Step: 459 | Mode: explore | Action: 2
BLIP2ITMClient.cosine: (480, 640, 3), Seems like there is a tv ahead.
Sticking to last point.
Best value: 13.40%
Step: 460 | Mode: explore | Action: 1
BLIP2ITMClient.cosine: (480, 640, 3), Seems like there is a tv ahead.
Sticking to last point.
Best value: 13.40%
Step: 461 | Mode: explore | Action: 2
BLIP2ITMClient.cosine: (480, 640, 3), Seems like there is a tv ahead.
Sticking to last point.
Best value: 13.40%
Step: 462 | Mode: explore | Action: 1
BLIP2ITMClient.cosine: (480, 640, 3), Seems like there is a tv ahead.
Sticking to last point.
Best value: 13.40%
Step: 463 | Mode: explore | Action: 2
BLIP2ITMClient.cosine: (480, 640, 3), Seems like there is a tv ahead.
Sticking to last point.
Best value: 13.40%
Step: 464 | Mode: explore | Action: 1
BLIP2ITMClient.cosine: (480, 640, 3), Seems like there is a tv ahead.
Sticking to last point.
Best value: 13.40%
Step: 465 | Mode: explore | Action: 3
BLIP2ITMClient.cosine: (480, 640, 3), Seems like there is a tv ahead.
Sticking to last point.
Best value: 13.40%
Step: 466 | Mode: explore | Action: 3
BLIP2ITMClient.cosine: (480, 640, 3), Seems like there is a tv ahead.
Sticking to last point.
Best value: 13.40%
Step: 467 | Mode: explore | Action: 3
BLIP2ITMClient.cosine: (480, 640, 3), Seems like there is a tv ahead.
Sticking to last point.
Best value: 13.40%
Step: 468 | Mode: explore | Action: 1
BLIP2ITMClient.cosine: (480, 640, 3), Seems like there is a tv ahead.
Sticking to last point.
Best value: 13.40%
Step: 469 | Mode: explore | Action: 3
BLIP2ITMClient.cosine: (480, 640, 3), Seems like there is a tv ahead.
Sticking to last point.
Best value: 13.40%
Step: 470 | Mode: explore | Action: 1
BLIP2ITMClient.cosine: (480, 640, 3), Seems like there is a tv ahead.
Sticking to last point.
Best value: 13.40%
Step: 471 | Mode: explore | Action: 3
BLIP2ITMClient.cosine: (480, 640, 3), Seems like there is a tv ahead.
Sticking to last point.
Best value: 13.40%
Step: 472 | Mode: explore | Action: 1
BLIP2ITMClient.cosine: (480, 640, 3), Seems like there is a tv ahead.
Sticking to last point.
Best value: 13.40%
Step: 473 | Mode: explore | Action: 2
BLIP2ITMClient.cosine: (480, 640, 3), Seems like there is a tv ahead.
Sticking to last point.
Best value: 13.40%
Step: 474 | Mode: explore | Action: 2
BLIP2ITMClient.cosine: (480, 640, 3), Seems like there is a tv ahead.
Sticking to last point.
Best value: 13.40%
Step: 475 | Mode: explore | Action: 2
BLIP2ITMClient.cosine: (480, 640, 3), Seems like there is a tv ahead.
Sticking to last point.
Best value: 13.40%
Step: 476 | Mode: explore | Action: 1
BLIP2ITMClient.cosine: (480, 640, 3), Seems like there is a tv ahead.
Sticking to last point.
Best value: 13.40%
Step: 477 | Mode: explore | Action: 2
BLIP2ITMClient.cosine: (480, 640, 3), Seems like there is a tv ahead.
Sticking to last point.
Best value: 13.40%
Step: 478 | Mode: explore | Action: 1
BLIP2ITMClient.cosine: (480, 640, 3), Seems like there is a tv ahead.
Sticking to last point.
Best value: 13.40%
Step: 479 | Mode: explore | Action: 2
BLIP2ITMClient.cosine: (480, 640, 3), Seems like there is a tv ahead.
Sticking to last point.
Best value: 13.40%
Step: 480 | Mode: explore | Action: 1
BLIP2ITMClient.cosine: (480, 640, 3), Seems like there is a tv ahead.
Sticking to last point.
Best value: 13.40%
Step: 481 | Mode: explore | Action: 2
BLIP2ITMClient.cosine: (480, 640, 3), Seems like there is a tv ahead.
Sticking to last point.
Best value: 13.40%
Step: 482 | Mode: explore | Action: 1
BLIP2ITMClient.cosine: (480, 640, 3), Seems like there is a tv ahead.
Sticking to last point.
Best value: 13.40%
Step: 483 | Mode: explore | Action: 3
BLIP2ITMClient.cosine: (480, 640, 3), Seems like there is a tv ahead.
Sticking to last point.
Best value: 13.40%
Step: 484 | Mode: explore | Action: 3
BLIP2ITMClient.cosine: (480, 640, 3), Seems like there is a tv ahead.
Sticking to last point.
Best value: 13.40%
Step: 485 | Mode: explore | Action: 3
BLIP2ITMClient.cosine: (480, 640, 3), Seems like there is a tv ahead.
Sticking to last point.
Best value: 13.40%
Step: 486 | Mode: explore | Action: 1
BLIP2ITMClient.cosine: (480, 640, 3), Seems like there is a tv ahead.
Sticking to last point.
Best value: 13.40%
Step: 487 | Mode: explore | Action: 3
BLIP2ITMClient.cosine: (480, 640, 3), Seems like there is a tv ahead.
Sticking to last point.
Best value: 13.40%
Step: 488 | Mode: explore | Action: 1
BLIP2ITMClient.cosine: (480, 640, 3), Seems like there is a tv ahead.
Sticking to last point.
Best value: 13.40%
Step: 489 | Mode: explore | Action: 3
BLIP2ITMClient.cosine: (480, 640, 3), Seems like there is a tv ahead.
Sticking to last point.
Best value: 13.40%
Step: 490 | Mode: explore | Action: 1
BLIP2ITMClient.cosine: (480, 640, 3), Seems like there is a tv ahead.
Sticking to last point.
Best value: 13.40%
Step: 491 | Mode: explore | Action: 3
BLIP2ITMClient.cosine: (480, 640, 3), Seems like there is a tv ahead.
Sticking to last point.
Best value: 13.40%
Step: 492 | Mode: explore | Action: 1
BLIP2ITMClient.cosine: (480, 640, 3), Seems like there is a tv ahead.
Sticking to last point.
Best value: 13.40%
Step: 493 | Mode: explore | Action: 3
BLIP2ITMClient.cosine: (480, 640, 3), Seems like there is a tv ahead.
Sticking to last point.
Best value: 13.40%
Step: 494 | Mode: explore | Action: 3
BLIP2ITMClient.cosine: (480, 640, 3), Seems like there is a tv ahead.
Sticking to last point.
Best value: 13.40%
Step: 495 | Mode: explore | Action: 3
BLIP2ITMClient.cosine: (480, 640, 3), Seems like there is a tv ahead.
Sticking to last point.
Best value: 13.40%
Step: 496 | Mode: explore | Action: 1
  1%|▏         | 5/400 [09:24<13:06:09, 119.42s/it]BLIP2ITMClient.cosine: (480, 640, 3), Seems like there is a tv ahead.
Sticking to last point.
Best value: 13.40%
Step: 497 | Mode: explore | Action: 1
BLIP2ITMClient.cosine: (480, 640, 3), Seems like there is a tv ahead.
Sticking to last point.
Best value: 13.40%
Step: 498 | Mode: explore | Action: 2
BLIP2ITMClient.cosine: (480, 640, 3), Seems like there is a tv ahead.
Sticking to last point.
Best value: 13.40%
Step: 499 | Mode: explore | Action: 2
[traj] episode 164 — unknown
Episode 50 in scene Wiconisco failed due to 'never_saw_target_did_not_travel_stairs_likely_infeasible'.
[traj] captured failure_cause: never_saw_target_did_not_travel_stairs_likely_infeasible
[traj] value map: max=0.2274, nonzero=49996
[traj] saved episode Wiconisco_50 (500 steps, failed)
BLIP2ITMClient.cosine: (480, 640, 3), Seems like there is a chair ahead.
Step: 0 | Mode: initialize | Action: 2
BLIP2ITMClient.cosine: (480, 640, 3), Seems like there is a chair ahead.
Step: 1 | Mode: initialize | Action: 2
BLIP2ITMClient.cosine: (480, 640, 3), Seems like there is a chair ahead.
Step: 2 | Mode: initialize | Action: 2
BLIP2ITMClient.cosine: (480, 640, 3), Seems like there is a chair ahead.
Step: 3 | Mode: initialize | Action: 2
BLIP2ITMClient.cosine: (480, 640, 3), Seems like there is a chair ahead.
Step: 4 | Mode: initialize | Action: 2
BLIP2ITMClient.cosine: (480, 640, 3), Seems like there is a chair ahead.
Step: 5 | Mode: initialize | Action: 2
BLIP2ITMClient.cosine: (480, 640, 3), Seems like there is a chair ahead.
Step: 6 | Mode: initialize | Action: 2
BLIP2ITMClient.cosine: (480, 640, 3), Seems like there is a chair ahead.
Step: 7 | Mode: initialize | Action: 2
BLIP2ITMClient.cosine: (480, 640, 3), Seems like there is a chair ahead.
Step: 8 | Mode: initialize | Action: 2
BLIP2ITMClient.cosine: (480, 640, 3), Seems like there is a chair ahead.
Step: 9 | Mode: initialize | Action: 2
BLIP2ITMClient.cosine: (480, 640, 3), Seems like there is a chair ahead.
Step: 10 | Mode: initialize | Action: 2
BLIP2ITMClient.cosine: (480, 640, 3), Seems like there is a chair ahead.
Step: 11 | Mode: initialize | Action: 2
BLIP2ITMClient.cosine: (480, 640, 3), Seems like there is a chair ahead.
BLIP2ITMClient.cosine: (480, 640, 3), Seems like there is a chair ahead.
Best value: 13.26%
Step: 12 | Mode: explore | Action: 1
BLIP2ITMClient.cosine: (480, 640, 3), Seems like there is a chair ahead.
BLIP2ITMClient.cosine: (480, 640, 3), Seems like there is a chair ahead.
Sticking to last point.
Best value: 13.26%
Step: 13 | Mode: explore | Action: 3
BLIP2ITMClient.cosine: (480, 640, 3), Seems like there is a chair ahead.
BLIP2ITMClient.cosine: (480, 640, 3), Seems like there is a chair ahead.
Sticking to last point.
Best value: 13.26%
Step: 14 | Mode: explore | Action: 1
BLIP2ITMClient.cosine: (480, 640, 3), Seems like there is a chair ahead.
BLIP2ITMClient.cosine: (480, 640, 3), Seems like there is a chair ahead.
Sticking to last point.
Best value: 13.26%
Step: 15 | Mode: explore | Action: 1
BLIP2ITMClient.cosine: (480, 640, 3), Seems like there is a chair ahead.
BLIP2ITMClient.cosine: (480, 640, 3), Seems like there is a chair ahead.
Sticking to last point.
Best value: 13.26%
Step: 16 | Mode: explore | Action: 1
BLIP2ITMClient.cosine: (480, 640, 3), Seems like there is a chair ahead.
BLIP2ITMClient.cosine: (480, 640, 3), Seems like there is a chair ahead.
Sticking to last point.
Best value: 13.26%
Step: 17 | Mode: explore | Action: 3
BLIP2ITMClient.cosine: (480, 640, 3), Seems like there is a chair ahead.
BLIP2ITMClient.cosine: (480, 640, 3), Seems like there is a chair ahead.
Sticking to last point.
Best value: 13.26%
Step: 18 | Mode: explore | Action: 1
BLIP2ITMClient.cosine: (480, 640, 3), Seems like there is a chair ahead.
BLIP2ITMClient.cosine: (480, 640, 3), Seems like there is a chair ahead.
Sticking to last point.
Best value: 13.26%
Step: 19 | Mode: explore | Action: 1
BLIP2ITMClient.cosine: (480, 640, 3), Seems like there is a chair ahead.
BLIP2ITMClient.cosine: (480, 640, 3), Seems like there is a chair ahead.
Sticking to last point.
Best value: 13.26%
Step: 20 | Mode: explore | Action: 1
BLIP2ITMClient.cosine: (480, 640, 3), Seems like there is a chair ahead.
BLIP2ITMClient.cosine: (480, 640, 3), Seems like there is a chair ahead.
Sticking to last point.
Best value: 13.26%
Step: 21 | Mode: explore | Action: 1
BLIP2ITMClient.cosine: (480, 640, 3), Seems like there is a chair ahead.
BLIP2ITMClient.cosine: (480, 640, 3), Seems like there is a chair ahead.
Sticking to last point.
Best value: 13.26%
Step: 22 | Mode: explore | Action: 1
BLIP2ITMClient.cosine: (480, 640, 3), Seems like there is a chair ahead.
Sticking to last point.
Best value: 13.26%
Step: 23 | Mode: explore | Action: 3
BLIP2ITMClient.cosine: (480, 640, 3), Seems like there is a chair ahead.
BLIP2ITMClient.cosine: (480, 640, 3), Seems like there is a chair ahead.
Sticking to last point.
Best value: 13.26%
Step: 24 | Mode: explore | Action: 1
BLIP2ITMClient.cosine: (480, 640, 3), Seems like there is a chair ahead.
BLIP2ITMClient.cosine: (480, 640, 3), Seems like there is a chair ahead.
Sticking to last point.
Best value: 13.26%
Step: 25 | Mode: explore | Action: 3
BLIP2ITMClient.cosine: (480, 640, 3), Seems like there is a chair ahead.
Sticking to last point.
Best value: 13.26%
Step: 26 | Mode: explore | Action: 1
BLIP2ITMClient.cosine: (480, 640, 3), Seems like there is a chair ahead.
BLIP2ITMClient.cosine: (480, 640, 3), Seems like there is a chair ahead.
Sticking to last point.
Best value: 13.26%
Step: 27 | Mode: explore | Action: 1
BLIP2ITMClient.cosine: (480, 640, 3), Seems like there is a chair ahead.
BLIP2ITMClient.cosine: (480, 640, 3), Seems like there is a chair ahead.
Sticking to last point.
Best value: 13.26%
Step: 28 | Mode: explore | Action: 1
BLIP2ITMClient.cosine: (480, 640, 3), Seems like there is a chair ahead.
BLIP2ITMClient.cosine: (480, 640, 3), Seems like there is a chair ahead.
Sticking to last point.
Best value: 13.26%
Step: 29 | Mode: explore | Action: 3
BLIP2ITMClient.cosine: (480, 640, 3), Seems like there is a chair ahead.
BLIP2ITMClient.cosine: (480, 640, 3), Seems like there is a chair ahead.
Best value: 24.96%
Step: 30 | Mode: explore | Action: 1
BLIP2ITMClient.cosine: (480, 640, 3), Seems like there is a chair ahead.
Step: 31 | Mode: navigate | Action: 1
BLIP2ITMClient.cosine: (480, 640, 3), Seems like there is a chair ahead.
Step: 32 | Mode: navigate | Action: 3
BLIP2ITMClient.cosine: (480, 640, 3), Seems like there is a chair ahead.
Step: 33 | Mode: navigate | Action: 1
BLIP2ITMClient.cosine: (480, 640, 3), Seems like there is a chair ahead.
Step: 34 | Mode: navigate | Action: 1
BLIP2ITMClient.cosine: (480, 640, 3), Seems like there is a chair ahead.
Step: 35 | Mode: navigate | Action: 1
BLIP2ITMClient.cosine: (480, 640, 3), Seems like there is a chair ahead.
Step: 36 | Mode: navigate | Action: 1
BLIP2ITMClient.cosine: (480, 640, 3), Seems like there is a chair ahead.
Step: 37 | Mode: navigate | Action: 1
BLIP2ITMClient.cosine: (480, 640, 3), Seems like there is a chair ahead.
Step: 38 | Mode: navigate | Action: 1
BLIP2ITMClient.cosine: (480, 640, 3), Seems like there is a chair ahead.
Step: 39 | Mode: navigate | Action: 3
BLIP2ITMClient.cosine: (480, 640, 3), Seems like there is a chair ahead.
Step: 40 | Mode: navigate | Action: 1
BLIP2ITMClient.cosine: (480, 640, 3), Seems like there is a chair ahead.
Step: 41 | Mode: navigate | Action: 2
BLIP2ITMClient.cosine: (480, 640, 3), Seems like there is a chair ahead.
Step: 42 | Mode: navigate | Action: 2
BLIP2ITMClient.cosine: (480, 640, 3), Seems like there is a chair ahead.
Step: 43 | Mode: navigate | Action: 1
BLIP2ITMClient.cosine: (480, 640, 3), Seems like there is a chair ahead.
Step: 44 | Mode: navigate | Action: 1
BLIP2ITMClient.cosine: (480, 640, 3), Seems like there is a chair ahead.
Step: 45 | Mode: navigate | Action: 3
BLIP2ITMClient.cosine: (480, 640, 3), Seems like there is a chair ahead.
Step: 46 | Mode: navigate | Action: 1
BLIP2ITMClient.cosine: (480, 640, 3), Seems like there is a chair ahead.
Step: 47 | Mode: navigate | Action: 3
BLIP2ITMClient.cosine: (480, 640, 3), Seems like there is a chair ahead.
  2%|▏         | 6/400 [09:47<9:28:58, 86.64s/it]    2%|▏         | 7/400 [09:48<6:23:03, 58.48s/it]  2%|▏         | 8/400 [09:48<4:21:41, 40.05s/it]  2%|▏         | 9/400 [10:01<3:25:48, 31.58s/it]Step: 48 | Mode: navigate | Action: 1
BLIP2ITMClient.cosine: (480, 640, 3), Seems like there is a chair ahead.
Step: 49 | Mode: navigate | Action: 1
BLIP2ITMClient.cosine: (480, 640, 3), Seems like there is a chair ahead.
Step: 50 | Mode: navigate | Action: 0
[traj] episode 78 — unknown
[traj] captured failure_cause: did_not_fail
[traj] value map: max=0.3598, nonzero=29001
[traj] saved episode Wiconisco_164 (51 steps, success)
BLIP2ITMClient.cosine: (480, 640, 3), Seems like there is a chair ahead.
Step: 0 | Mode: initialize | Action: 2
[traj] episode 45 — unknown
Episode 78 in scene Wiconisco failed due to 'never_saw_target_did_not_travel_stairs_likely_infeasible'.
[traj] captured failure_cause: never_saw_target_did_not_travel_stairs_likely_infeasible
[traj] value map: max=0.1164, nonzero=1274
[traj] saved episode Wiconisco_78 (1 steps, failed)
BLIP2ITMClient.cosine: (480, 640, 3), Seems like there is a chair ahead.
Step: 0 | Mode: initialize | Action: 2
[traj] episode 156 — unknown
Episode 45 in scene Wiconisco failed due to 'never_saw_target_did_not_travel_stairs_likely_infeasible'.
[traj] captured failure_cause: never_saw_target_did_not_travel_stairs_likely_infeasible
[traj] value map: max=0.1079, nonzero=822
[traj] saved episode Wiconisco_45 (1 steps, failed)
BLIP2ITMClient.cosine: (480, 640, 3), Seems like there is a potted plant ahead.
Step: 0 | Mode: initialize | Action: 2
BLIP2ITMClient.cosine: (480, 640, 3), Seems like there is a potted plant ahead.
Step: 1 | Mode: initialize | Action: 2
BLIP2ITMClient.cosine: (480, 640, 3), Seems like there is a potted plant ahead.
Step: 2 | Mode: initialize | Action: 2
BLIP2ITMClient.cosine: (480, 640, 3), Seems like there is a potted plant ahead.
Step: 3 | Mode: initialize | Action: 2
BLIP2ITMClient.cosine: (480, 640, 3), Seems like there is a potted plant ahead.
Step: 4 | Mode: initialize | Action: 2
BLIP2ITMClient.cosine: (480, 640, 3), Seems like there is a potted plant ahead.
Step: 5 | Mode: initialize | Action: 2
BLIP2ITMClient.cosine: (480, 640, 3), Seems like there is a potted plant ahead.
Step: 6 | Mode: initialize | Action: 2
BLIP2ITMClient.cosine: (480, 640, 3), Seems like there is a potted plant ahead.
Step: 7 | Mode: initialize | Action: 2
BLIP2ITMClient.cosine: (480, 640, 3), Seems like there is a potted plant ahead.
Step: 8 | Mode: initialize | Action: 2
BLIP2ITMClient.cosine: (480, 640, 3), Seems like there is a potted plant ahead.
Step: 9 | Mode: initialize | Action: 2
BLIP2ITMClient.cosine: (480, 640, 3), Seems like there is a potted plant ahead.
Step: 10 | Mode: initialize | Action: 2
BLIP2ITMClient.cosine: (480, 640, 3), Seems like there is a potted plant ahead.
Step: 11 | Mode: initialize | Action: 2
BLIP2ITMClient.cosine: (480, 640, 3), Seems like there is a potted plant ahead.
Step: 12 | Mode: navigate | Action: 2
BLIP2ITMClient.cosine: (480, 640, 3), Seems like there is a potted plant ahead.
Step: 13 | Mode: navigate | Action: 2
BLIP2ITMClient.cosine: (480, 640, 3), Seems like there is a potted plant ahead.
Step: 14 | Mode: navigate | Action: 2
BLIP2ITMClient.cosine: (480, 640, 3), Seems like there is a potted plant ahead.
Step: 15 | Mode: navigate | Action: 1
BLIP2ITMClient.cosine: (480, 640, 3), Seems like there is a potted plant ahead.
Step: 16 | Mode: navigate | Action: 1
BLIP2ITMClient.cosine: (480, 640, 3), Seems like there is a potted plant ahead.
Step: 17 | Mode: navigate | Action: 1
BLIP2ITMClient.cosine: (480, 640, 3), Seems like there is a potted plant ahead.
Step: 18 | Mode: navigate | Action: 1
BLIP2ITMClient.cosine: (480, 640, 3), Seems like there is a potted plant ahead.
Step: 19 | Mode: navigate | Action: 1
BLIP2ITMClient.cosine: (480, 640, 3), Seems like there is a potted plant ahead.
Step: 20 | Mode: navigate | Action: 3
BLIP2ITMClient.cosine: (480, 640, 3), Seems like there is a potted plant ahead.
Step: 21 | Mode: navigate | Action: 1
BLIP2ITMClient.cosine: (480, 640, 3), Seems like there is a potted plant ahead.
Step: 22 | Mode: navigate | Action: 1
BLIP2ITMClient.cosine: (480, 640, 3), Seems like there is a potted plant ahead.
Step: 23 | Mode: navigate | Action: 1
BLIP2ITMClient.cosine: (480, 640, 3), Seems like there is a potted plant ahead.
Step: 24 | Mode: navigate | Action: 1
BLIP2ITMClient.cosine: (480, 640, 3), Seems like there is a potted plant ahead.
Step: 25 | Mode: navigate | Action: 1
BLIP2ITMClient.cosine: (480, 640, 3), Seems like there is a potted plant ahead.
Step: 26 | Mode: navigate | Action: 0
[traj] episode 119 — unknown
Episode 156 in scene Wiconisco failed due to 'false_positive'.
[traj] captured failure_cause: false_positive
[traj] value map: max=0.3683, nonzero=22966
[traj] saved episode Wiconisco_156 (27 steps, failed)
BLIP2ITMClient.cosine: (480, 640, 3), Seems like there is a chair ahead.
Step: 0 | Mode: initialize | Action: 2
BLIP2ITMClient.cosine: (480, 640, 3), Seems like there is a chair ahead.
Step: 1 | Mode: initialize | Action: 2
BLIP2ITMClient.cosine: (480, 640, 3), Seems like there is a chair ahead.
Step: 2 | Mode: initialize | Action: 2
BLIP2ITMClient.cosine: (480, 640, 3), Seems like there is a chair ahead.
Step: 3 | Mode: initialize | Action: 2
BLIP2ITMClient.cosine: (480, 640, 3), Seems like there is a chair ahead.
Step: 4 | Mode: initialize | Action: 2
BLIP2ITMClient.cosine: (480, 640, 3), Seems like there is a chair ahead.
Step: 5 | Mode: initialize | Action: 2
BLIP2ITMClient.cosine: (480, 640, 3), Seems like there is a chair ahead.
Step: 6 | Mode: initialize | Action: 2
BLIP2ITMClient.cosine: (480, 640, 3), Seems like there is a chair ahead.
Step: 7 | Mode: initialize | Action: 2
BLIP2ITMClient.cosine: (480, 640, 3), Seems like there is a chair ahead.
Step: 8 | Mode: initialize | Action: 2
BLIP2ITMClient.cosine: (480, 640, 3), Seems like there is a chair ahead.
Step: 9 | Mode: initialize | Action: 2
BLIP2ITMClient.cosine: (480, 640, 3), Seems like there is a chair ahead.
Step: 10 | Mode: initialize | Action: 2
BLIP2ITMClient.cosine: (480, 640, 3), Seems like there is a chair ahead.
Step: 11 | Mode: initialize | Action: 2
BLIP2ITMClient.cosine: (480, 640, 3), Seems like there is a chair ahead.
Step: 12 | Mode: navigate | Action: 1
BLIP2ITMClient.cosine: (480, 640, 3), Seems like there is a chair ahead.
Step: 13 | Mode: navigate | Action: 2
BLIP2ITMClient.cosine: (480, 640, 3), Seems like there is a chair ahead.
Step: 14 | Mode: navigate | Action: 2
BLIP2ITMClient.cosine: (480, 640, 3), Seems like there is a chair ahead.
Step: 15 | Mode: navigate | Action: 2
BLIP2ITMClient.cosine: (480, 640, 3), Seems like there is a chair ahead.
Step: 16 | Mode: navigate | Action: 2
BLIP2ITMClient.cosine: (480, 640, 3), Seems like there is a chair ahead.
Step: 17 | Mode: navigate | Action: 2
BLIP2ITMClient.cosine: (480, 640, 3), Seems like there is a chair ahead.
Step: 18 | Mode: navigate | Action: 1
BLIP2ITMClient.cosine: (480, 640, 3), Seems like there is a chair ahead.
Step: 19 | Mode: navigate | Action: 1
BLIP2ITMClient.cosine: (480, 640, 3), Seems like there is a chair ahead.
Step: 20 | Mode: navigate | Action: 3
BLIP2ITMClient.cosine: (480, 640, 3), Seems like there is a chair ahead.
Step: 21 | Mode: navigate | Action: 1
BLIP2ITMClient.cosine: (480, 640, 3), Seems like there is a chair ahead.
Step: 22 | Mode: navigate | Action: 3
BLIP2ITMClient.cosine: (480, 640, 3), Seems like there is a chair ahead.
Step: 23 | Mode: navigate | Action: 1
BLIP2ITMClient.cosine: (480, 640, 3), Seems like there is a chair ahead.
Step: 24 | Mode: navigate | Action: 3
BLIP2ITMClient.cosine: (480, 640, 3), Seems like there is a chair ahead.
Step: 25 | Mode: navigate | Action: 1
BLIP2ITMClient.cosine: (480, 640, 3), Seems like there is a chair ahead.
Step: 26 | Mode: navigate | Action: 3
BLIP2ITMClient.cosine: (480, 640, 3), Seems like there is a chair ahead.
Step: 27 | Mode: navigate | Action: 1
BLIP2ITMClient.cosine: (480, 640, 3), Seems like there is a chair ahead.
Step: 28 | Mode: navigate | Action: 1
BLIP2ITMClient.cosine: (480, 640, 3), Seems like there is a chair ahead.
Step: 29 | Mode: navigate | Action: 3
BLIP2ITMClient.cosine: (480, 640, 3), Seems like there is a chair ahead.
Step: 30 | Mode: navigate | Action: 1
  2%|▎         | 10/400 [10:24<3:06:16, 28.66s/it]BLIP2ITMClient.cosine: (480, 640, 3), Seems like there is a chair ahead.
Step: 31 | Mode: navigate | Action: 2
BLIP2ITMClient.cosine: (480, 640, 3), Seems like there is a chair ahead.
Step: 32 | Mode: navigate | Action: 1
BLIP2ITMClient.cosine: (480, 640, 3), Seems like there is a chair ahead.
Step: 33 | Mode: navigate | Action: 2
BLIP2ITMClient.cosine: (480, 640, 3), Seems like there is a chair ahead.
Step: 34 | Mode: navigate | Action: 2
BLIP2ITMClient.cosine: (480, 640, 3), Seems like there is a chair ahead.
Step: 35 | Mode: navigate | Action: 1
BLIP2ITMClient.cosine: (480, 640, 3), Seems like there is a chair ahead.
Step: 36 | Mode: navigate | Action: 2
BLIP2ITMClient.cosine: (480, 640, 3), Seems like there is a chair ahead.
Step: 37 | Mode: navigate | Action: 1
BLIP2ITMClient.cosine: (480, 640, 3), Seems like there is a chair ahead.
Step: 38 | Mode: navigate | Action: 2
BLIP2ITMClient.cosine: (480, 640, 3), Seems like there is a chair ahead.
Step: 39 | Mode: navigate | Action: 2
BLIP2ITMClient.cosine: (480, 640, 3), Seems like there is a chair ahead.
Step: 40 | Mode: navigate | Action: 1
BLIP2ITMClient.cosine: (480, 640, 3), Seems like there is a chair ahead.
Step: 41 | Mode: navigate | Action: 1
BLIP2ITMClient.cosine: (480, 640, 3), Seems like there is a chair ahead.
Step: 42 | Mode: navigate | Action: 1
BLIP2ITMClient.cosine: (480, 640, 3), Seems like there is a chair ahead.
Step: 43 | Mode: navigate | Action: 1
BLIP2ITMClient.cosine: (480, 640, 3), Seems like there is a chair ahead.
Step: 44 | Mode: navigate | Action: 1
BLIP2ITMClient.cosine: (480, 640, 3), Seems like there is a chair ahead.
Step: 45 | Mode: navigate | Action: 1
BLIP2ITMClient.cosine: (480, 640, 3), Seems like there is a chair ahead.
Step: 46 | Mode: navigate | Action: 3
BLIP2ITMClient.cosine: (480, 640, 3), Seems like there is a chair ahead.
Step: 47 | Mode: navigate | Action: 1
BLIP2ITMClient.cosine: (480, 640, 3), Seems like there is a chair ahead.
Step: 48 | Mode: navigate | Action: 3
BLIP2ITMClient.cosine: (480, 640, 3), Seems like there is a chair ahead.
Step: 49 | Mode: navigate | Action: 1
BLIP2ITMClient.cosine: (480, 640, 3), Seems like there is a chair ahead.
Step: 50 | Mode: navigate | Action: 0
[traj] episode 153 — unknown
Episode 119 in scene Wiconisco failed due to 'false_positive'.
[traj] captured failure_cause: false_positive
[traj] value map: max=0.3331, nonzero=17590
[traj] saved episode Wiconisco_119 (51 steps, failed)
BLIP2ITMClient.cosine: (480, 640, 3), Seems like there is a toilet ahead.
Step: 0 | Mode: initialize | Action: 2
BLIP2ITMClient.cosine: (480, 640, 3), Seems like there is a toilet ahead.
Step: 1 | Mode: initialize | Action: 2
BLIP2ITMClient.cosine: (480, 640, 3), Seems like there is a toilet ahead.
Step: 2 | Mode: initialize | Action: 2
BLIP2ITMClient.cosine: (480, 640, 3), Seems like there is a toilet ahead.
Step: 3 | Mode: initialize | Action: 2
BLIP2ITMClient.cosine: (480, 640, 3), Seems like there is a toilet ahead.
Step: 4 | Mode: initialize | Action: 2
BLIP2ITMClient.cosine: (480, 640, 3), Seems like there is a toilet ahead.
Step: 5 | Mode: initialize | Action: 2
BLIP2ITMClient.cosine: (480, 640, 3), Seems like there is a toilet ahead.
Step: 6 | Mode: initialize | Action: 2
BLIP2ITMClient.cosine: (480, 640, 3), Seems like there is a toilet ahead.
Step: 7 | Mode: initialize | Action: 2
BLIP2ITMClient.cosine: (480, 640, 3), Seems like there is a toilet ahead.
Step: 8 | Mode: initialize | Action: 2
BLIP2ITMClient.cosine: (480, 640, 3), Seems like there is a toilet ahead.
Step: 9 | Mode: initialize | Action: 2
BLIP2ITMClient.cosine: (480, 640, 3), Seems like there is a toilet ahead.
Step: 10 | Mode: initialize | Action: 2
BLIP2ITMClient.cosine: (480, 640, 3), Seems like there is a toilet ahead.
Step: 11 | Mode: initialize | Action: 2
BLIP2ITMClient.cosine: (480, 640, 3), Seems like there is a toilet ahead.
BLIP2ITMClient.cosine: (480, 640, 3), Seems like there is a toilet ahead.
Best value: 24.35%
Step: 12 | Mode: explore | Action: 3
BLIP2ITMClient.cosine: (480, 640, 3), Seems like there is a toilet ahead.
Sticking to last point.
Best value: 24.35%
Step: 13 | Mode: explore | Action: 3
BLIP2ITMClient.cosine: (480, 640, 3), Seems like there is a toilet ahead.
Sticking to last point.
Best value: 24.35%
Step: 14 | Mode: explore | Action: 3
BLIP2ITMClient.cosine: (480, 640, 3), Seems like there is a toilet ahead.
Sticking to last point.
Best value: 24.35%
Step: 15 | Mode: explore | Action: 3
BLIP2ITMClient.cosine: (480, 640, 3), Seems like there is a toilet ahead.
Sticking to last point.
Best value: 24.35%
Step: 16 | Mode: explore | Action: 3
BLIP2ITMClient.cosine: (480, 640, 3), Seems like there is a toilet ahead.
Sticking to last point.
Best value: 24.35%
Step: 17 | Mode: explore | Action: 2
BLIP2ITMClient.cosine: (480, 640, 3), Seems like there is a toilet ahead.
Sticking to last point.
Best value: 24.35%
Step: 18 | Mode: explore | Action: 2
BLIP2ITMClient.cosine: (480, 640, 3), Seems like there is a toilet ahead.
Sticking to last point.
Best value: 24.35%
Step: 19 | Mode: explore | Action: 1
BLIP2ITMClient.cosine: (480, 640, 3), Seems like there is a toilet ahead.
BLIP2ITMClient.cosine: (480, 640, 3), Seems like there is a toilet ahead.
Sticking to last point.
Best value: 24.35%
Step: 20 | Mode: explore | Action: 1
BLIP2ITMClient.cosine: (480, 640, 3), Seems like there is a toilet ahead.
BLIP2ITMClient.cosine: (480, 640, 3), Seems like there is a toilet ahead.
Sticking to last point.
Best value: 24.35%
Step: 21 | Mode: explore | Action: 1
BLIP2ITMClient.cosine: (480, 640, 3), Seems like there is a toilet ahead.
BLIP2ITMClient.cosine: (480, 640, 3), Seems like there is a toilet ahead.
Sticking to last point.
Best value: 24.35%
Step: 22 | Mode: explore | Action: 1
BLIP2ITMClient.cosine: (480, 640, 3), Seems like there is a toilet ahead.
BLIP2ITMClient.cosine: (480, 640, 3), Seems like there is a toilet ahead.
Sticking to last point.
Best value: 24.35%
Step: 23 | Mode: explore | Action: 3
BLIP2ITMClient.cosine: (480, 640, 3), Seems like there is a toilet ahead.
BLIP2ITMClient.cosine: (480, 640, 3), Seems like there is a toilet ahead.
Sticking to last point.
Best value: 24.35%
Step: 24 | Mode: explore | Action: 1
BLIP2ITMClient.cosine: (480, 640, 3), Seems like there is a toilet ahead.
BLIP2ITMClient.cosine: (480, 640, 3), Seems like there is a toilet ahead.
Sticking to last point.
Best value: 24.35%
Step: 25 | Mode: explore | Action: 3
BLIP2ITMClient.cosine: (480, 640, 3), Seems like there is a toilet ahead.
BLIP2ITMClient.cosine: (480, 640, 3), Seems like there is a toilet ahead.
Best value: 24.35%
Step: 26 | Mode: explore | Action: 1
BLIP2ITMClient.cosine: (480, 640, 3), Seems like there is a toilet ahead.
BLIP2ITMClient.cosine: (480, 640, 3), Seems like there is a toilet ahead.
Sticking to last point.
Best value: 24.35%
Step: 27 | Mode: explore | Action: 3
BLIP2ITMClient.cosine: (480, 640, 3), Seems like there is a toilet ahead.
BLIP2ITMClient.cosine: (480, 640, 3), Seems like there is a toilet ahead.
Best value: 24.35%
Step: 28 | Mode: explore | Action: 3
BLIP2ITMClient.cosine: (480, 640, 3), Seems like there is a toilet ahead.
Sticking to last point.
Best value: 24.35%
Step: 29 | Mode: explore | Action: 3
BLIP2ITMClient.cosine: (480, 640, 3), Seems like there is a toilet ahead.
Sticking to last point.
Best value: 24.35%
Step: 30 | Mode: explore | Action: 3
BLIP2ITMClient.cosine: (480, 640, 3), Seems like there is a toilet ahead.
Sticking to last point.
Best value: 24.35%
Step: 31 | Mode: explore | Action: 3
BLIP2ITMClient.cosine: (480, 640, 3), Seems like there is a toilet ahead.
BLIP2ITMClient.cosine: (480, 640, 3), Seems like there is a toilet ahead.
Best value: 15.10%
Step: 32 | Mode: explore | Action: 2
BLIP2ITMClient.cosine: (480, 640, 3), Seems like there is a toilet ahead.
Sticking to last point.
Best value: 15.10%
Step: 33 | Mode: explore | Action: 2
BLIP2ITMClient.cosine: (480, 640, 3), Seems like there is a toilet ahead.
Sticking to last point.
Best value: 15.10%
Step: 34 | Mode: explore | Action: 2
BLIP2ITMClient.cosine: (480, 640, 3), Seems like there is a toilet ahead.
Sticking to last point.
Best value: 15.10%
Step: 35 | Mode: explore | Action: 2
BLIP2ITMClient.cosine: (480, 640, 3), Seems like there is a toilet ahead.
Sticking to last point.
Best value: 15.10%
Step: 36 | Mode: explore | Action: 1
BLIP2ITMClient.cosine: (480, 640, 3), Seems like there is a toilet ahead.
BLIP2ITMClient.cosine: (480, 640, 3), Seems like there is a toilet ahead.
Sticking to last point.
Best value: 15.10%
Step: 37 | Mode: explore | Action: 1
BLIP2ITMClient.cosine: (480, 640, 3), Seems like there is a toilet ahead.
BLIP2ITMClient.cosine: (480, 640, 3), Seems like there is a toilet ahead.
Best value: 14.30%
Step: 38 | Mode: explore | Action: 3
BLIP2ITMClient.cosine: (480, 640, 3), Seems like there is a toilet ahead.
BLIP2ITMClient.cosine: (480, 640, 3), Seems like there is a toilet ahead.
Sticking to last point.
Best value: 14.30%
Step: 39 | Mode: explore | Action: 3
BLIP2ITMClient.cosine: (480, 640, 3), Seems like there is a toilet ahead.
Sticking to last point.
Best value: 14.30%
Step: 40 | Mode: explore | Action: 3
BLIP2ITMClient.cosine: (480, 640, 3), Seems like there is a toilet ahead.
Sticking to last point.
Best value: 14.30%
Step: 41 | Mode: explore | Action: 3
BLIP2ITMClient.cosine: (480, 640, 3), Seems like there is a toilet ahead.
Sticking to last point.
Best value: 14.30%
Step: 42 | Mode: explore | Action: 3
BLIP2ITMClient.cosine: (480, 640, 3), Seems like there is a toilet ahead.
BLIP2ITMClient.cosine: (480, 640, 3), Seems like there is a toilet ahead.
Sticking to last point.
Best value: 17.75%
Step: 43 | Mode: explore | Action: 3
BLIP2ITMClient.cosine: (480, 640, 3), Seems like there is a toilet ahead.
BLIP2ITMClient.cosine: (480, 640, 3), Seems like there is a toilet ahead.
Sticking to last point.
Best value: 17.75%
Step: 44 | Mode: explore | Action: 1
BLIP2ITMClient.cosine: (480, 640, 3), Seems like there is a toilet ahead.
BLIP2ITMClient.cosine: (480, 640, 3), Seems like there is a toilet ahead.
Best value: 15.43%
Step: 45 | Mode: explore | Action: 1
BLIP2ITMClient.cosine: (480, 640, 3), Seems like there is a toilet ahead.
BLIP2ITMClient.cosine: (480, 640, 3), Seems like there is a toilet ahead.
Sticking to last point.
Best value: 15.43%
Step: 46 | Mode: explore | Action: 1
BLIP2ITMClient.cosine: (480, 640, 3), Seems like there is a toilet ahead.
BLIP2ITMClient.cosine: (480, 640, 3), Seems like there is a toilet ahead.
Best value: 17.33%
Step: 47 | Mode: explore | Action: 1
BLIP2ITMClient.cosine: (480, 640, 3), Seems like there is a toilet ahead.
BLIP2ITMClient.cosine: (480, 640, 3), Seems like there is a toilet ahead.
Sticking to last point.
Best value: 17.33%
Step: 48 | Mode: explore | Action: 3
BLIP2ITMClient.cosine: (480, 640, 3), Seems like there is a toilet ahead.
BLIP2ITMClient.cosine: (480, 640, 3), Seems like there is a toilet ahead.
Sticking to last point.
Best value: 17.33%
Step: 49 | Mode: explore | Action: 1
BLIP2ITMClient.cosine: (480, 640, 3), Seems like there is a toilet ahead.
BLIP2ITMClient.cosine: (480, 640, 3), Seems like there is a toilet ahead.
Sticking to last point.
Best value: 17.33%
Step: 50 | Mode: explore | Action: 1
BLIP2ITMClient.cosine: (480, 640, 3), Seems like there is a toilet ahead.
BLIP2ITMClient.cosine: (480, 640, 3), Seems like there is a toilet ahead.
Best value: 17.52%
Step: 51 | Mode: explore | Action: 1
BLIP2ITMClient.cosine: (480, 640, 3), Seems like there is a toilet ahead.
BLIP2ITMClient.cosine: (480, 640, 3), Seems like there is a toilet ahead.
Sticking to last point.
Best value: 17.52%
Step: 52 | Mode: explore | Action: 1
BLIP2ITMClient.cosine: (480, 640, 3), Seems like there is a toilet ahead.
BLIP2ITMClient.cosine: (480, 640, 3), Seems like there is a toilet ahead.
Sticking to last point.
Best value: 17.52%
Step: 53 | Mode: explore | Action: 1
BLIP2ITMClient.cosine: (480, 640, 3), Seems like there is a toilet ahead.
BLIP2ITMClient.cosine: (480, 640, 3), Seems like there is a toilet ahead.
Sticking to last point.
Best value: 17.52%
Step: 54 | Mode: explore | Action: 2
BLIP2ITMClient.cosine: (480, 640, 3), Seems like there is a toilet ahead.
BLIP2ITMClient.cosine: (480, 640, 3), Seems like there is a toilet ahead.
Sticking to last point.
Best value: 17.52%
Step: 55 | Mode: explore | Action: 1
BLIP2ITMClient.cosine: (480, 640, 3), Seems like there is a toilet ahead.
BLIP2ITMClient.cosine: (480, 640, 3), Seems like there is a toilet ahead.
Sticking to last point.
Best value: 17.52%
Step: 56 | Mode: explore | Action: 1
BLIP2ITMClient.cosine: (480, 640, 3), Seems like there is a toilet ahead.
BLIP2ITMClient.cosine: (480, 640, 3), Seems like there is a toilet ahead.
Sticking to last point.
Best value: 17.52%
Step: 57 | Mode: explore | Action: 1
BLIP2ITMClient.cosine: (480, 640, 3), Seems like there is a toilet ahead.
BLIP2ITMClient.cosine: (480, 640, 3), Seems like there is a toilet ahead.
Sticking to last point.
Best value: 17.52%
Step: 58 | Mode: explore | Action: 1
BLIP2ITMClient.cosine: (480, 640, 3), Seems like there is a toilet ahead.
BLIP2ITMClient.cosine: (480, 640, 3), Seems like there is a toilet ahead.
Sticking to last point.
Best value: 17.52%
Step: 59 | Mode: explore | Action: 2
BLIP2ITMClient.cosine: (480, 640, 3), Seems like there is a toilet ahead.
BLIP2ITMClient.cosine: (480, 640, 3), Seems like there is a toilet ahead.
Sticking to last point.
Best value: 17.52%
Step: 60 | Mode: explore | Action: 1
BLIP2ITMClient.cosine: (480, 640, 3), Seems like there is a toilet ahead.
Sticking to last point.
Best value: 17.52%
Step: 61 | Mode: explore | Action: 1
BLIP2ITMClient.cosine: (480, 640, 3), Seems like there is a toilet ahead.
BLIP2ITMClient.cosine: (480, 640, 3), Seems like there is a toilet ahead.
Sticking to last point.
Best value: 17.52%
Step: 62 | Mode: explore | Action: 1
BLIP2ITMClient.cosine: (480, 640, 3), Seems like there is a toilet ahead.
BLIP2ITMClient.cosine: (480, 640, 3), Seems like there is a toilet ahead.
Sticking to last point.
Best value: 17.52%
Step: 63 | Mode: explore | Action: 2
BLIP2ITMClient.cosine: (480, 640, 3), Seems like there is a toilet ahead.
BLIP2ITMClient.cosine: (480, 640, 3), Seems like there is a toilet ahead.
Best value: 16.06%
Step: 64 | Mode: explore | Action: 1
BLIP2ITMClient.cosine: (480, 640, 3), Seems like there is a toilet ahead.
BLIP2ITMClient.cosine: (480, 640, 3), Seems like there is a toilet ahead.
Best value: 14.59%
Step: 65 | Mode: explore | Action: 1
BLIP2ITMClient.cosine: (480, 640, 3), Seems like there is a toilet ahead.
BLIP2ITMClient.cosine: (480, 640, 3), Seems like there is a toilet ahead.
Sticking to last point.
Best value: 14.59%
Step: 66 | Mode: explore | Action: 1
BLIP2ITMClient.cosine: (480, 640, 3), Seems like there is a toilet ahead.
BLIP2ITMClient.cosine: (480, 640, 3), Seems like there is a toilet ahead.
Sticking to last point.
Best value: 14.59%
Step: 67 | Mode: explore | Action: 1
BLIP2ITMClient.cosine: (480, 640, 3), Seems like there is a toilet ahead.
BLIP2ITMClient.cosine: (480, 640, 3), Seems like there is a toilet ahead.
Sticking to last point.
Best value: 14.59%
Step: 68 | Mode: explore | Action: 3
BLIP2ITMClient.cosine: (480, 640, 3), Seems like there is a toilet ahead.
Sticking to last point.
Best value: 14.59%
Step: 69 | Mode: explore | Action: 1
BLIP2ITMClient.cosine: (480, 640, 3), Seems like there is a toilet ahead.
BLIP2ITMClient.cosine: (480, 640, 3), Seems like there is a toilet ahead.
Sticking to last point.
Best value: 14.59%
Step: 70 | Mode: explore | Action: 1
BLIP2ITMClient.cosine: (480, 640, 3), Seems like there is a toilet ahead.
BLIP2ITMClient.cosine: (480, 640, 3), Seems like there is a toilet ahead.
Sticking to last point.
Best value: 14.59%
Step: 71 | Mode: explore | Action: 3
BLIP2ITMClient.cosine: (480, 640, 3), Seems like there is a toilet ahead.
BLIP2ITMClient.cosine: (480, 640, 3), Seems like there is a toilet ahead.
Sticking to last point.
Best value: 13.73%
Step: 72 | Mode: explore | Action: 1
BLIP2ITMClient.cosine: (480, 640, 3), Seems like there is a toilet ahead.
Sticking to last point.
Best value: 13.73%
Step: 73 | Mode: explore | Action: 3
BLIP2ITMClient.cosine: (480, 640, 3), Seems like there is a toilet ahead.
BLIP2ITMClient.cosine: (480, 640, 3), Seems like there is a toilet ahead.
Best value: 17.57%
Step: 74 | Mode: explore | Action: 2
BLIP2ITMClient.cosine: (480, 640, 3), Seems like there is a toilet ahead.
Sticking to last point.
Best value: 17.57%
Step: 75 | Mode: explore | Action: 1
BLIP2ITMClient.cosine: (480, 640, 3), Seems like there is a toilet ahead.
Sticking to last point.
Best value: 17.57%
Step: 76 | Mode: explore | Action: 2
BLIP2ITMClient.cosine: (480, 640, 3), Seems like there is a toilet ahead.
BLIP2ITMClient.cosine: (480, 640, 3), Seems like there is a toilet ahead.
Sticking to last point.
Best value: 17.57%
Step: 77 | Mode: explore | Action: 1
BLIP2ITMClient.cosine: (480, 640, 3), Seems like there is a toilet ahead.
BLIP2ITMClient.cosine: (480, 640, 3), Seems like there is a toilet ahead.
Sticking to last point.
Best value: 17.57%
Step: 78 | Mode: explore | Action: 2
BLIP2ITMClient.cosine: (480, 640, 3), Seems like there is a toilet ahead.
BLIP2ITMClient.cosine: (480, 640, 3), Seems like there is a toilet ahead.
Sticking to last point.
Best value: 17.57%
Step: 79 | Mode: explore | Action: 1
BLIP2ITMClient.cosine: (480, 640, 3), Seems like there is a toilet ahead.
BLIP2ITMClient.cosine: (480, 640, 3), Seems like there is a toilet ahead.
Sticking to last point.
Best value: 17.57%
Step: 80 | Mode: explore | Action: 1
BLIP2ITMClient.cosine: (480, 640, 3), Seems like there is a toilet ahead.
BLIP2ITMClient.cosine: (480, 640, 3), Seems like there is a toilet ahead.
Sticking to last point.
Best value: 17.57%
Step: 81 | Mode: explore | Action: 1
BLIP2ITMClient.cosine: (480, 640, 3), Seems like there is a toilet ahead.
BLIP2ITMClient.cosine: (480, 640, 3), Seems like there is a toilet ahead.
Sticking to last point.
Best value: 17.57%
Step: 82 | Mode: explore | Action: 1
BLIP2ITMClient.cosine: (480, 640, 3), Seems like there is a toilet ahead.
BLIP2ITMClient.cosine: (480, 640, 3), Seems like there is a toilet ahead.
Sticking to last point.
Best value: 17.57%
Step: 83 | Mode: explore | Action: 1
BLIP2ITMClient.cosine: (480, 640, 3), Seems like there is a toilet ahead.
BLIP2ITMClient.cosine: (480, 640, 3), Seems like there is a toilet ahead.
Sticking to last point.
Best value: 17.57%
Step: 84 | Mode: explore | Action: 1
BLIP2ITMClient.cosine: (480, 640, 3), Seems like there is a toilet ahead.
Sticking to last point.
Best value: 17.57%
Step: 85 | Mode: explore | Action: 2
BLIP2ITMClient.cosine: (480, 640, 3), Seems like there is a toilet ahead.
Sticking to last point.
Best value: 17.57%
Step: 86 | Mode: explore | Action: 1
BLIP2ITMClient.cosine: (480, 640, 3), Seems like there is a toilet ahead.
Sticking to last point.
Best value: 17.57%
Step: 87 | Mode: explore | Action: 3
BLIP2ITMClient.cosine: (480, 640, 3), Seems like there is a toilet ahead.
Sticking to last point.
Best value: 17.57%
Step: 88 | Mode: explore | Action: 1
BLIP2ITMClient.cosine: (480, 640, 3), Seems like there is a toilet ahead.
BLIP2ITMClient.cosine: (480, 640, 3), Seems like there is a toilet ahead.
Best value: 20.63%
Step: 89 | Mode: explore | Action: 3
BLIP2ITMClient.cosine: (480, 640, 3), Seems like there is a toilet ahead.
Sticking to last point.
Best value: 20.63%
Step: 90 | Mode: explore | Action: 3
BLIP2ITMClient.cosine: (480, 640, 3), Seems like there is a toilet ahead.
Sticking to last point.
Best value: 20.63%
Step: 91 | Mode: explore | Action: 3
BLIP2ITMClient.cosine: (480, 640, 3), Seems like there is a toilet ahead.
Sticking to last point.
Best value: 20.63%
Step: 92 | Mode: explore | Action: 3
BLIP2ITMClient.cosine: (480, 640, 3), Seems like there is a toilet ahead.
BLIP2ITMClient.cosine: (480, 640, 3), Seems like there is a toilet ahead.
Best value: 17.73%
Step: 93 | Mode: explore | Action: 3
BLIP2ITMClient.cosine: (480, 640, 3), Seems like there is a toilet ahead.
BLIP2ITMClient.cosine: (480, 640, 3), Seems like there is a toilet ahead.
Sticking to last point.
Best value: 17.73%
Step: 94 | Mode: explore | Action: 1
BLIP2ITMClient.cosine: (480, 640, 3), Seems like there is a toilet ahead.
BLIP2ITMClient.cosine: (480, 640, 3), Seems like there is a toilet ahead.
Best value: 17.33%
Step: 95 | Mode: explore | Action: 1
BLIP2ITMClient.cosine: (480, 640, 3), Seems like there is a toilet ahead.
Sticking to last point.
Best value: 17.33%
Step: 96 | Mode: explore | Action: 1
BLIP2ITMClient.cosine: (480, 640, 3), Seems like there is a toilet ahead.
Sticking to last point.
Best value: 17.33%
Step: 97 | Mode: explore | Action: 2
BLIP2ITMClient.cosine: (480, 640, 3), Seems like there is a toilet ahead.
Sticking to last point.
Best value: 17.33%
Step: 98 | Mode: explore | Action: 1
BLIP2ITMClient.cosine: (480, 640, 3), Seems like there is a toilet ahead.
Sticking to last point.
Best value: 17.33%
Step: 99 | Mode: explore | Action: 3
BLIP2ITMClient.cosine: (480, 640, 3), Seems like there is a toilet ahead.
Sticking to last point.
Best value: 17.33%
Step: 100 | Mode: explore | Action: 3
BLIP2ITMClient.cosine: (480, 640, 3), Seems like there is a toilet ahead.
BLIP2ITMClient.cosine: (480, 640, 3), Seems like there is a toilet ahead.
Sticking to last point.
Best value: 17.33%
Step: 101 | Mode: explore | Action: 1
BLIP2ITMClient.cosine: (480, 640, 3), Seems like there is a toilet ahead.
BLIP2ITMClient.cosine: (480, 640, 3), Seems like there is a toilet ahead.
Sticking to last point.
Best value: 17.33%
Step: 102 | Mode: explore | Action: 3
BLIP2ITMClient.cosine: (480, 640, 3), Seems like there is a toilet ahead.
Sticking to last point.
Best value: 17.33%
Step: 103 | Mode: explore | Action: 1
BLIP2ITMClient.cosine: (480, 640, 3), Seems like there is a toilet ahead.
Sticking to last point.
Best value: 17.33%
Step: 104 | Mode: explore | Action: 2
BLIP2ITMClient.cosine: (480, 640, 3), Seems like there is a toilet ahead.
BLIP2ITMClient.cosine: (480, 640, 3), Seems like there is a toilet ahead.
Sticking to last point.
Best value: 17.33%
Step: 105 | Mode: explore | Action: 1
BLIP2ITMClient.cosine: (480, 640, 3), Seems like there is a toilet ahead.
BLIP2ITMClient.cosine: (480, 640, 3), Seems like there is a toilet ahead.
Sticking to last point.
Best value: 17.33%
Step: 106 | Mode: explore | Action: 1
BLIP2ITMClient.cosine: (480, 640, 3), Seems like there is a toilet ahead.
BLIP2ITMClient.cosine: (480, 640, 3), Seems like there is a toilet ahead.
Sticking to last point.
Best value: 17.33%
Step: 107 | Mode: explore | Action: 2
BLIP2ITMClient.cosine: (480, 640, 3), Seems like there is a toilet ahead.
Sticking to last point.
Best value: 17.33%
Step: 108 | Mode: explore | Action: 1
BLIP2ITMClient.cosine: (480, 640, 3), Seems like there is a toilet ahead.
BLIP2ITMClient.cosine: (480, 640, 3), Seems like there is a toilet ahead.
Sticking to last point.
Best value: 17.33%
Step: 109 | Mode: explore | Action: 1
BLIP2ITMClient.cosine: (480, 640, 3), Seems like there is a toilet ahead.
Sticking to last point.
Best value: 17.33%
Step: 110 | Mode: explore | Action: 3
BLIP2ITMClient.cosine: (480, 640, 3), Seems like there is a toilet ahead.
Sticking to last point.
Best value: 17.33%
Step: 111 | Mode: explore | Action: 1
BLIP2ITMClient.cosine: (480, 640, 3), Seems like there is a toilet ahead.
Sticking to last point.
Best value: 17.33%
Step: 112 | Mode: explore | Action: 2
BLIP2ITMClient.cosine: (480, 640, 3), Seems like there is a toilet ahead.
Sticking to last point.
Best value: 17.33%
Step: 113 | Mode: explore | Action: 1
BLIP2ITMClient.cosine: (480, 640, 3), Seems like there is a toilet ahead.
BLIP2ITMClient.cosine: (480, 640, 3), Seems like there is a toilet ahead.
Best value: 14.28%
Step: 114 | Mode: explore | Action: 1
BLIP2ITMClient.cosine: (480, 640, 3), Seems like there is a toilet ahead.
BLIP2ITMClient.cosine: (480, 640, 3), Seems like there is a toilet ahead.
Best value: 14.27%
Step: 115 | Mode: explore | Action: 3
BLIP2ITMClient.cosine: (480, 640, 3), Seems like there is a toilet ahead.
Sticking to last point.
Best value: 14.27%
Step: 116 | Mode: explore | Action: 3
BLIP2ITMClient.cosine: (480, 640, 3), Seems like there is a toilet ahead.
Sticking to last point.
Best value: 14.27%
Step: 117 | Mode: explore | Action: 1
BLIP2ITMClient.cosine: (480, 640, 3), Seems like there is a toilet ahead.
Sticking to last point.
Best value: 14.27%
Step: 118 | Mode: explore | Action: 1
BLIP2ITMClient.cosine: (480, 640, 3), Seems like there is a toilet ahead.
Sticking to last point.
Best value: 14.27%
Step: 119 | Mode: explore | Action: 1
BLIP2ITMClient.cosine: (480, 640, 3), Seems like there is a toilet ahead.
Sticking to last point.
Best value: 14.27%
Step: 120 | Mode: explore | Action: 1
BLIP2ITMClient.cosine: (480, 640, 3), Seems like there is a toilet ahead.
Sticking to last point.
Best value: 14.27%
Step: 121 | Mode: explore | Action: 1
BLIP2ITMClient.cosine: (480, 640, 3), Seems like there is a toilet ahead.
Sticking to last point.
Best value: 14.27%
Step: 122 | Mode: explore | Action: 1
BLIP2ITMClient.cosine: (480, 640, 3), Seems like there is a toilet ahead.
Sticking to last point.
Best value: 14.27%
Step: 123 | Mode: explore | Action: 1
BLIP2ITMClient.cosine: (480, 640, 3), Seems like there is a toilet ahead.
Sticking to last point.
Best value: 14.27%
Step: 124 | Mode: explore | Action: 1
BLIP2ITMClient.cosine: (480, 640, 3), Seems like there is a toilet ahead.
Sticking to last point.
Best value: 14.27%
Step: 125 | Mode: explore | Action: 1
BLIP2ITMClient.cosine: (480, 640, 3), Seems like there is a toilet ahead.
Sticking to last point.
Best value: 14.27%
Step: 126 | Mode: explore | Action: 1
BLIP2ITMClient.cosine: (480, 640, 3), Seems like there is a toilet ahead.
Sticking to last point.
Best value: 14.27%
Step: 127 | Mode: explore | Action: 3
BLIP2ITMClient.cosine: (480, 640, 3), Seems like there is a toilet ahead.
Sticking to last point.
Best value: 14.27%
Step: 128 | Mode: explore | Action: 1
BLIP2ITMClient.cosine: (480, 640, 3), Seems like there is a toilet ahead.
Sticking to last point.
Best value: 14.27%
Step: 129 | Mode: explore | Action: 1
BLIP2ITMClient.cosine: (480, 640, 3), Seems like there is a toilet ahead.
Sticking to last point.
Best value: 14.27%
Step: 130 | Mode: explore | Action: 1
BLIP2ITMClient.cosine: (480, 640, 3), Seems like there is a toilet ahead.
Sticking to last point.
Best value: 14.27%
Step: 131 | Mode: explore | Action: 1
BLIP2ITMClient.cosine: (480, 640, 3), Seems like there is a toilet ahead.
Sticking to last point.
Best value: 14.27%
Step: 132 | Mode: explore | Action: 1
BLIP2ITMClient.cosine: (480, 640, 3), Seems like there is a toilet ahead.
Sticking to last point.
Best value: 14.27%
Step: 133 | Mode: explore | Action: 1
BLIP2ITMClient.cosine: (480, 640, 3), Seems like there is a toilet ahead.
Sticking to last point.
Best value: 14.27%
Step: 134 | Mode: explore | Action: 1
BLIP2ITMClient.cosine: (480, 640, 3), Seems like there is a toilet ahead.
Sticking to last point.
Best value: 14.27%
Step: 135 | Mode: explore | Action: 1
BLIP2ITMClient.cosine: (480, 640, 3), Seems like there is a toilet ahead.
Sticking to last point.
Best value: 14.27%
Step: 136 | Mode: explore | Action: 1
BLIP2ITMClient.cosine: (480, 640, 3), Seems like there is a toilet ahead.
Sticking to last point.
Best value: 14.27%
Step: 137 | Mode: explore | Action: 3
BLIP2ITMClient.cosine: (480, 640, 3), Seems like there is a toilet ahead.
Sticking to last point.
Best value: 14.27%
Step: 138 | Mode: explore | Action: 1
BLIP2ITMClient.cosine: (480, 640, 3), Seems like there is a toilet ahead.
Sticking to last point.
Best value: 14.27%
Step: 139 | Mode: explore | Action: 1
BLIP2ITMClient.cosine: (480, 640, 3), Seems like there is a toilet ahead.
Sticking to last point.
Best value: 14.27%
Step: 140 | Mode: explore | Action: 1
BLIP2ITMClient.cosine: (480, 640, 3), Seems like there is a toilet ahead.
Sticking to last point.
Best value: 14.27%
Step: 141 | Mode: explore | Action: 1
BLIP2ITMClient.cosine: (480, 640, 3), Seems like there is a toilet ahead.
Sticking to last point.
Best value: 14.27%
Step: 142 | Mode: explore | Action: 1
BLIP2ITMClient.cosine: (480, 640, 3), Seems like there is a toilet ahead.
Sticking to last point.
Best value: 14.27%
Step: 143 | Mode: explore | Action: 1
BLIP2ITMClient.cosine: (480, 640, 3), Seems like there is a toilet ahead.
BLIP2ITMClient.cosine: (480, 640, 3), Seems like there is a toilet ahead.
Sticking to last point.
Best value: 15.17%
Step: 144 | Mode: explore | Action: 1
BLIP2ITMClient.cosine: (480, 640, 3), Seems like there is a toilet ahead.
BLIP2ITMClient.cosine: (480, 640, 3), Seems like there is a toilet ahead.
Best value: 14.27%
Step: 145 | Mode: explore | Action: 1
BLIP2ITMClient.cosine: (480, 640, 3), Seems like there is a toilet ahead.
BLIP2ITMClient.cosine: (480, 640, 3), Seems like there is a toilet ahead.
Sticking to last point.
Best value: 14.27%
Step: 146 | Mode: explore | Action: 1
BLIP2ITMClient.cosine: (480, 640, 3), Seems like there is a toilet ahead.
BLIP2ITMClient.cosine: (480, 640, 3), Seems like there is a toilet ahead.
Sticking to last point.
Best value: 14.27%
Step: 147 | Mode: explore | Action: 1
BLIP2ITMClient.cosine: (480, 640, 3), Seems like there is a toilet ahead.
BLIP2ITMClient.cosine: (480, 640, 3), Seems like there is a toilet ahead.
Sticking to last point.
Best value: 14.27%
Step: 148 | Mode: explore | Action: 3
BLIP2ITMClient.cosine: (480, 640, 3), Seems like there is a toilet ahead.
BLIP2ITMClient.cosine: (480, 640, 3), Seems like there is a toilet ahead.
Sticking to last point.
Best value: 14.27%
Step: 149 | Mode: explore | Action: 1
BLIP2ITMClient.cosine: (480, 640, 3), Seems like there is a toilet ahead.
BLIP2ITMClient.cosine: (480, 640, 3), Seems like there is a toilet ahead.
Sticking to last point.
Best value: 14.27%
Step: 150 | Mode: explore | Action: 1
BLIP2ITMClient.cosine: (480, 640, 3), Seems like there is a toilet ahead.
BLIP2ITMClient.cosine: (480, 640, 3), Seems like there is a toilet ahead.
Sticking to last point.
Best value: 18.95%
Step: 151 | Mode: explore | Action: 1
BLIP2ITMClient.cosine: (480, 640, 3), Seems like there is a toilet ahead.
BLIP2ITMClient.cosine: (480, 640, 3), Seems like there is a toilet ahead.
Sticking to last point.
Best value: 18.95%
Step: 152 | Mode: explore | Action: 1
BLIP2ITMClient.cosine: (480, 640, 3), Seems like there is a toilet ahead.
BLIP2ITMClient.cosine: (480, 640, 3), Seems like there is a toilet ahead.
Sticking to last point.
Best value: 29.50%
Step: 153 | Mode: explore | Action: 1
BLIP2ITMClient.cosine: (480, 640, 3), Seems like there is a toilet ahead.
BLIP2ITMClient.cosine: (480, 640, 3), Seems like there is a toilet ahead.
Best value: 21.56%
Step: 154 | Mode: explore | Action: 1
BLIP2ITMClient.cosine: (480, 640, 3), Seems like there is a toilet ahead.
BLIP2ITMClient.cosine: (480, 640, 3), Seems like there is a toilet ahead.
Best value: 20.70%
Step: 155 | Mode: explore | Action: 1
BLIP2ITMClient.cosine: (480, 640, 3), Seems like there is a toilet ahead.
BLIP2ITMClient.cosine: (480, 640, 3), Seems like there is a toilet ahead.
Sticking to last point.
Best value: 20.70%
Step: 156 | Mode: explore | Action: 2
BLIP2ITMClient.cosine: (480, 640, 3), Seems like there is a toilet ahead.
BLIP2ITMClient.cosine: (480, 640, 3), Seems like there is a toilet ahead.
Sticking to last point.
Best value: 20.70%
Step: 157 | Mode: explore | Action: 1
BLIP2ITMClient.cosine: (480, 640, 3), Seems like there is a toilet ahead.
BLIP2ITMClient.cosine: (480, 640, 3), Seems like there is a toilet ahead.
Sticking to last point.
Best value: 20.70%
Step: 158 | Mode: explore | Action: 1
BLIP2ITMClient.cosine: (480, 640, 3), Seems like there is a toilet ahead.
BLIP2ITMClient.cosine: (480, 640, 3), Seems like there is a toilet ahead.
Sticking to last point.
Best value: 20.70%
Step: 159 | Mode: explore | Action: 1
BLIP2ITMClient.cosine: (480, 640, 3), Seems like there is a toilet ahead.
BLIP2ITMClient.cosine: (480, 640, 3), Seems like there is a toilet ahead.
Sticking to last point.
Best value: 20.70%
Step: 160 | Mode: explore | Action: 1
BLIP2ITMClient.cosine: (480, 640, 3), Seems like there is a toilet ahead.
BLIP2ITMClient.cosine: (480, 640, 3), Seems like there is a toilet ahead.
Sticking to last point.
Best value: 20.70%
Step: 161 | Mode: explore | Action: 2
BLIP2ITMClient.cosine: (480, 640, 3), Seems like there is a toilet ahead.
BLIP2ITMClient.cosine: (480, 640, 3), Seems like there is a toilet ahead.
Sticking to last point.
Best value: 20.70%
Step: 162 | Mode: explore | Action: 1
BLIP2ITMClient.cosine: (480, 640, 3), Seems like there is a toilet ahead.
BLIP2ITMClient.cosine: (480, 640, 3), Seems like there is a toilet ahead.
Sticking to last point.
Best value: 20.70%
Step: 163 | Mode: explore | Action: 1
BLIP2ITMClient.cosine: (480, 640, 3), Seems like there is a toilet ahead.
BLIP2ITMClient.cosine: (480, 640, 3), Seems like there is a toilet ahead.
Sticking to last point.
Best value: 20.70%
Step: 164 | Mode: explore | Action: 2
BLIP2ITMClient.cosine: (480, 640, 3), Seems like there is a toilet ahead.
Sticking to last point.
Best value: 20.70%
Step: 165 | Mode: explore | Action: 1
BLIP2ITMClient.cosine: (480, 640, 3), Seems like there is a toilet ahead.
Sticking to last point.
Best value: 20.70%
Step: 166 | Mode: explore | Action: 2
BLIP2ITMClient.cosine: (480, 640, 3), Seems like there is a toilet ahead.
Sticking to last point.
Best value: 20.70%
Step: 167 | Mode: explore | Action: 2
BLIP2ITMClient.cosine: (480, 640, 3), Seems like there is a toilet ahead.
Sticking to last point.
Best value: 20.70%
Step: 168 | Mode: explore | Action: 2
BLIP2ITMClient.cosine: (480, 640, 3), Seems like there is a toilet ahead.
Sticking to last point.
Best value: 20.70%
Step: 169 | Mode: explore | Action: 2
BLIP2ITMClient.cosine: (480, 640, 3), Seems like there is a toilet ahead.
Sticking to last point.
Best value: 20.70%
Step: 170 | Mode: explore | Action: 2
BLIP2ITMClient.cosine: (480, 640, 3), Seems like there is a toilet ahead.
BLIP2ITMClient.cosine: (480, 640, 3), Seems like there is a toilet ahead.
Sticking to last point.
Best value: 20.70%
Step: 171 | Mode: explore | Action: 2
BLIP2ITMClient.cosine: (480, 640, 3), Seems like there is a toilet ahead.
BLIP2ITMClient.cosine: (480, 640, 3), Seems like there is a toilet ahead.
Sticking to last point.
Best value: 20.70%
Step: 172 | Mode: explore | Action: 1
BLIP2ITMClient.cosine: (480, 640, 3), Seems like there is a toilet ahead.
Sticking to last point.
Best value: 20.70%
Step: 173 | Mode: explore | Action: 3
BLIP2ITMClient.cosine: (480, 640, 3), Seems like there is a toilet ahead.
Sticking to last point.
Best value: 20.70%
Step: 174 | Mode: explore | Action: 1
BLIP2ITMClient.cosine: (480, 640, 3), Seems like there is a toilet ahead.
Sticking to last point.
Best value: 20.70%
Step: 175 | Mode: explore | Action: 3
BLIP2ITMClient.cosine: (480, 640, 3), Seems like there is a toilet ahead.
BLIP2ITMClient.cosine: (480, 640, 3), Seems like there is a toilet ahead.
Sticking to last point.
Best value: 20.70%
Step: 176 | Mode: explore | Action: 1
BLIP2ITMClient.cosine: (480, 640, 3), Seems like there is a toilet ahead.
Sticking to last point.
Best value: 20.70%
Step: 177 | Mode: explore | Action: 3
BLIP2ITMClient.cosine: (480, 640, 3), Seems like there is a toilet ahead.
Sticking to last point.
Best value: 20.70%
Step: 178 | Mode: explore | Action: 1
BLIP2ITMClient.cosine: (480, 640, 3), Seems like there is a toilet ahead.
BLIP2ITMClient.cosine: (480, 640, 3), Seems like there is a toilet ahead.
Sticking to last point.
Best value: 20.70%
Step: 179 | Mode: explore | Action: 1
BLIP2ITMClient.cosine: (480, 640, 3), Seems like there is a toilet ahead.
BLIP2ITMClient.cosine: (480, 640, 3), Seems like there is a toilet ahead.
Sticking to last point.
Best value: 20.70%
Step: 180 | Mode: explore | Action: 1
BLIP2ITMClient.cosine: (480, 640, 3), Seems like there is a toilet ahead.
BLIP2ITMClient.cosine: (480, 640, 3), Seems like there is a toilet ahead.
Sticking to last point.
Best value: 20.70%
Step: 181 | Mode: explore | Action: 1
BLIP2ITMClient.cosine: (480, 640, 3), Seems like there is a toilet ahead.
BLIP2ITMClient.cosine: (480, 640, 3), Seems like there is a toilet ahead.
Sticking to last point.
Best value: 20.70%
Step: 182 | Mode: explore | Action: 3
BLIP2ITMClient.cosine: (480, 640, 3), Seems like there is a toilet ahead.
Sticking to last point.
Best value: 20.70%
Step: 183 | Mode: explore | Action: 1
BLIP2ITMClient.cosine: (480, 640, 3), Seems like there is a toilet ahead.
Sticking to last point.
Best value: 20.70%
Step: 184 | Mode: explore | Action: 1
BLIP2ITMClient.cosine: (480, 640, 3), Seems like there is a toilet ahead.
Sticking to last point.
Best value: 20.70%
Step: 185 | Mode: explore | Action: 3
BLIP2ITMClient.cosine: (480, 640, 3), Seems like there is a toilet ahead.
BLIP2ITMClient.cosine: (480, 640, 3), Seems like there is a toilet ahead.
Best value: 15.45%
Step: 186 | Mode: explore | Action: 1
BLIP2ITMClient.cosine: (480, 640, 3), Seems like there is a toilet ahead.
Sticking to last point.
Best value: 15.45%
Step: 187 | Mode: explore | Action: 3
BLIP2ITMClient.cosine: (480, 640, 3), Seems like there is a toilet ahead.
BLIP2ITMClient.cosine: (480, 640, 3), Seems like there is a toilet ahead.
Sticking to last point.
Best value: 15.45%
Step: 188 | Mode: explore | Action: 3
BLIP2ITMClient.cosine: (480, 640, 3), Seems like there is a toilet ahead.
Sticking to last point.
Best value: 15.45%
Step: 189 | Mode: explore | Action: 3
BLIP2ITMClient.cosine: (480, 640, 3), Seems like there is a toilet ahead.
Sticking to last point.
Best value: 15.45%
Step: 190 | Mode: explore | Action: 3
BLIP2ITMClient.cosine: (480, 640, 3), Seems like there is a toilet ahead.
Sticking to last point.
Best value: 15.45%
Step: 191 | Mode: explore | Action: 3
BLIP2ITMClient.cosine: (480, 640, 3), Seems like there is a toilet ahead.
Sticking to last point.
Best value: 15.45%
Step: 192 | Mode: explore | Action: 3
BLIP2ITMClient.cosine: (480, 640, 3), Seems like there is a toilet ahead.
Sticking to last point.
Best value: 15.45%
Step: 193 | Mode: explore | Action: 1
BLIP2ITMClient.cosine: (480, 640, 3), Seems like there is a toilet ahead.
Sticking to last point.
Best value: 15.45%
Step: 194 | Mode: explore | Action: 1
BLIP2ITMClient.cosine: (480, 640, 3), Seems like there is a toilet ahead.
Sticking to last point.
Best value: 15.45%
Step: 195 | Mode: explore | Action: 1
BLIP2ITMClient.cosine: (480, 640, 3), Seems like there is a toilet ahead.
Sticking to last point.
Best value: 15.45%
Step: 196 | Mode: explore | Action: 2
BLIP2ITMClient.cosine: (480, 640, 3), Seems like there is a toilet ahead.
Sticking to last point.
Best value: 15.45%
Step: 197 | Mode: explore | Action: 1
BLIP2ITMClient.cosine: (480, 640, 3), Seems like there is a toilet ahead.
Sticking to last point.
Best value: 15.45%
Step: 198 | Mode: explore | Action: 1
BLIP2ITMClient.cosine: (480, 640, 3), Seems like there is a toilet ahead.
Sticking to last point.
Best value: 15.45%
Step: 199 | Mode: explore | Action: 1
BLIP2ITMClient.cosine: (480, 640, 3), Seems like there is a toilet ahead.
Sticking to last point.
Best value: 15.45%
Step: 200 | Mode: explore | Action: 2
BLIP2ITMClient.cosine: (480, 640, 3), Seems like there is a toilet ahead.
Sticking to last point.
Best value: 15.45%
Step: 201 | Mode: explore | Action: 1
BLIP2ITMClient.cosine: (480, 640, 3), Seems like there is a toilet ahead.
Sticking to last point.
Best value: 15.45%
Step: 202 | Mode: explore | Action: 1
BLIP2ITMClient.cosine: (480, 640, 3), Seems like there is a toilet ahead.
Sticking to last point.
Best value: 15.45%
Step: 203 | Mode: explore | Action: 2
BLIP2ITMClient.cosine: (480, 640, 3), Seems like there is a toilet ahead.
BLIP2ITMClient.cosine: (480, 640, 3), Seems like there is a toilet ahead.
Sticking to last point.
Best value: 18.01%
Step: 204 | Mode: explore | Action: 1
BLIP2ITMClient.cosine: (480, 640, 3), Seems like there is a toilet ahead.
Sticking to last point.
Best value: 18.01%
Step: 205 | Mode: explore | Action: 1
BLIP2ITMClient.cosine: (480, 640, 3), Seems like there is a toilet ahead.
Sticking to last point.
Best value: 18.01%
Step: 206 | Mode: explore | Action: 2
BLIP2ITMClient.cosine: (480, 640, 3), Seems like there is a toilet ahead.
Sticking to last point.
Best value: 18.01%
Step: 207 | Mode: explore | Action: 1
BLIP2ITMClient.cosine: (480, 640, 3), Seems like there is a toilet ahead.
Sticking to last point.
Best value: 18.01%
Step: 208 | Mode: explore | Action: 1
BLIP2ITMClient.cosine: (480, 640, 3), Seems like there is a toilet ahead.
Sticking to last point.
Best value: 18.01%
Step: 209 | Mode: explore | Action: 3
BLIP2ITMClient.cosine: (480, 640, 3), Seems like there is a toilet ahead.
Sticking to last point.
Best value: 18.01%
Step: 210 | Mode: explore | Action: 1
BLIP2ITMClient.cosine: (480, 640, 3), Seems like there is a toilet ahead.
Sticking to last point.
Best value: 18.01%
Step: 211 | Mode: explore | Action: 3
BLIP2ITMClient.cosine: (480, 640, 3), Seems like there is a toilet ahead.
Sticking to last point.
Best value: 18.01%
Step: 212 | Mode: explore | Action: 1
BLIP2ITMClient.cosine: (480, 640, 3), Seems like there is a toilet ahead.
Sticking to last point.
Best value: 18.01%
Step: 213 | Mode: explore | Action: 3
BLIP2ITMClient.cosine: (480, 640, 3), Seems like there is a toilet ahead.
BLIP2ITMClient.cosine: (480, 640, 3), Seems like there is a toilet ahead.
Sticking to last point.
Best value: 18.01%
Step: 214 | Mode: explore | Action: 1
BLIP2ITMClient.cosine: (480, 640, 3), Seems like there is a toilet ahead.
Sticking to last point.
Best value: 18.01%
Step: 215 | Mode: explore | Action: 3
BLIP2ITMClient.cosine: (480, 640, 3), Seems like there is a toilet ahead.
Sticking to last point.
Best value: 18.01%
Step: 216 | Mode: explore | Action: 1
BLIP2ITMClient.cosine: (480, 640, 3), Seems like there is a toilet ahead.
Sticking to last point.
Best value: 18.01%
Step: 217 | Mode: explore | Action: 2
BLIP2ITMClient.cosine: (480, 640, 3), Seems like there is a toilet ahead.
Sticking to last point.
Best value: 18.01%
Step: 218 | Mode: explore | Action: 2
BLIP2ITMClient.cosine: (480, 640, 3), Seems like there is a toilet ahead.
Sticking to last point.
Best value: 18.01%
Step: 219 | Mode: explore | Action: 1
BLIP2ITMClient.cosine: (480, 640, 3), Seems like there is a toilet ahead.
Sticking to last point.
Best value: 18.01%
Step: 220 | Mode: explore | Action: 2
BLIP2ITMClient.cosine: (480, 640, 3), Seems like there is a toilet ahead.
Sticking to last point.
Best value: 18.01%
Step: 221 | Mode: explore | Action: 1
BLIP2ITMClient.cosine: (480, 640, 3), Seems like there is a toilet ahead.
Sticking to last point.
Best value: 18.01%
Step: 222 | Mode: explore | Action: 2
BLIP2ITMClient.cosine: (480, 640, 3), Seems like there is a toilet ahead.
Sticking to last point.
Best value: 18.01%
Step: 223 | Mode: explore | Action: 2
BLIP2ITMClient.cosine: (480, 640, 3), Seems like there is a toilet ahead.
Sticking to last point.
Best value: 18.01%
Step: 224 | Mode: explore | Action: 1
BLIP2ITMClient.cosine: (480, 640, 3), Seems like there is a toilet ahead.
Sticking to last point.
Best value: 18.01%
Step: 225 | Mode: explore | Action: 1
BLIP2ITMClient.cosine: (480, 640, 3), Seems like there is a toilet ahead.
Sticking to last point.
Best value: 18.01%
Step: 226 | Mode: explore | Action: 1
BLIP2ITMClient.cosine: (480, 640, 3), Seems like there is a toilet ahead.
Sticking to last point.
Best value: 18.01%
Step: 227 | Mode: explore | Action: 1
BLIP2ITMClient.cosine: (480, 640, 3), Seems like there is a toilet ahead.
Sticking to last point.
Best value: 18.01%
Step: 228 | Mode: explore | Action: 3
BLIP2ITMClient.cosine: (480, 640, 3), Seems like there is a toilet ahead.
Sticking to last point.
Best value: 18.01%
Step: 229 | Mode: explore | Action: 1
BLIP2ITMClient.cosine: (480, 640, 3), Seems like there is a toilet ahead.
BLIP2ITMClient.cosine: (480, 640, 3), Seems like there is a toilet ahead.
Best value: 16.04%
Step: 230 | Mode: explore | Action: 1
BLIP2ITMClient.cosine: (480, 640, 3), Seems like there is a toilet ahead.
Sticking to last point.
Best value: 16.04%
Step: 231 | Mode: explore | Action: 3
BLIP2ITMClient.cosine: (480, 640, 3), Seems like there is a toilet ahead.
BLIP2ITMClient.cosine: (480, 640, 3), Seems like there is a toilet ahead.
Sticking to last point.
Best value: 17.11%
Step: 232 | Mode: explore | Action: 3
BLIP2ITMClient.cosine: (480, 640, 3), Seems like there is a toilet ahead.
Best value: 15.20%
Step: 233 | Mode: explore | Action: 3
BLIP2ITMClient.cosine: (480, 640, 3), Seems like there is a toilet ahead.
Sticking to last point.
Best value: 15.20%
Step: 234 | Mode: explore | Action: 3
BLIP2ITMClient.cosine: (480, 640, 3), Seems like there is a toilet ahead.
Sticking to last point.
Best value: 15.20%
Step: 235 | Mode: explore | Action: 3
BLIP2ITMClient.cosine: (480, 640, 3), Seems like there is a toilet ahead.
Sticking to last point.
Best value: 15.20%
Step: 236 | Mode: explore | Action: 3
BLIP2ITMClient.cosine: (480, 640, 3), Seems like there is a toilet ahead.
Sticking to last point.
Best value: 15.20%
Step: 237 | Mode: explore | Action: 1
BLIP2ITMClient.cosine: (480, 640, 3), Seems like there is a toilet ahead.
Sticking to last point.
Best value: 15.20%
Step: 238 | Mode: explore | Action: 3
BLIP2ITMClient.cosine: (480, 640, 3), Seems like there is a toilet ahead.
Sticking to last point.
Best value: 15.20%
Step: 239 | Mode: explore | Action: 1
BLIP2ITMClient.cosine: (480, 640, 3), Seems like there is a toilet ahead.
Sticking to last point.
Best value: 15.20%
Step: 240 | Mode: explore | Action: 2
BLIP2ITMClient.cosine: (480, 640, 3), Seems like there is a toilet ahead.
Sticking to last point.
Best value: 15.20%
Step: 241 | Mode: explore | Action: 1
BLIP2ITMClient.cosine: (480, 640, 3), Seems like there is a toilet ahead.
Sticking to last point.
Best value: 15.20%
Step: 242 | Mode: explore | Action: 2
BLIP2ITMClient.cosine: (480, 640, 3), Seems like there is a toilet ahead.
Sticking to last point.
Best value: 15.20%
Step: 243 | Mode: explore | Action: 1
BLIP2ITMClient.cosine: (480, 640, 3), Seems like there is a toilet ahead.
Sticking to last point.
Best value: 15.20%
Step: 244 | Mode: explore | Action: 1
BLIP2ITMClient.cosine: (480, 640, 3), Seems like there is a toilet ahead.
Sticking to last point.
Best value: 15.20%
Step: 245 | Mode: explore | Action: 1
BLIP2ITMClient.cosine: (480, 640, 3), Seems like there is a toilet ahead.
Sticking to last point.
Best value: 15.20%
Step: 246 | Mode: explore | Action: 1
BLIP2ITMClient.cosine: (480, 640, 3), Seems like there is a toilet ahead.
Sticking to last point.
Best value: 15.20%
Step: 247 | Mode: explore | Action: 3
BLIP2ITMClient.cosine: (480, 640, 3), Seems like there is a toilet ahead.
Sticking to last point.
Best value: 15.20%
Step: 248 | Mode: explore | Action: 1
BLIP2ITMClient.cosine: (480, 640, 3), Seems like there is a toilet ahead.
Sticking to last point.
Best value: 15.20%
Step: 249 | Mode: explore | Action: 3
BLIP2ITMClient.cosine: (480, 640, 3), Seems like there is a toilet ahead.
Sticking to last point.
Best value: 15.20%
Step: 250 | Mode: explore | Action: 1
BLIP2ITMClient.cosine: (480, 640, 3), Seems like there is a toilet ahead.
Sticking to last point.
Best value: 15.20%
Step: 251 | Mode: explore | Action: 3
BLIP2ITMClient.cosine: (480, 640, 3), Seems like there is a toilet ahead.
Sticking to last point.
Best value: 15.20%
Step: 252 | Mode: explore | Action: 1
BLIP2ITMClient.cosine: (480, 640, 3), Seems like there is a toilet ahead.
Sticking to last point.
Best value: 15.20%
Step: 253 | Mode: explore | Action: 3
BLIP2ITMClient.cosine: (480, 640, 3), Seems like there is a toilet ahead.
Sticking to last point.
Best value: 15.20%
Step: 254 | Mode: explore | Action: 1
BLIP2ITMClient.cosine: (480, 640, 3), Seems like there is a toilet ahead.
Sticking to last point.
Best value: 15.20%
Step: 255 | Mode: explore | Action: 2
BLIP2ITMClient.cosine: (480, 640, 3), Seems like there is a toilet ahead.
Sticking to last point.
Best value: 15.20%
Step: 256 | Mode: explore | Action: 2
BLIP2ITMClient.cosine: (480, 640, 3), Seems like there is a toilet ahead.
Sticking to last point.
Best value: 15.20%
Step: 257 | Mode: explore | Action: 2
BLIP2ITMClient.cosine: (480, 640, 3), Seems like there is a toilet ahead.
Sticking to last point.
Best value: 15.20%
Step: 258 | Mode: explore | Action: 2
BLIP2ITMClient.cosine: (480, 640, 3), Seems like there is a toilet ahead.
Sticking to last point.
Best value: 15.20%
Step: 259 | Mode: explore | Action: 1
BLIP2ITMClient.cosine: (480, 640, 3), Seems like there is a toilet ahead.
Sticking to last point.
Best value: 15.20%
Step: 260 | Mode: explore | Action: 2
BLIP2ITMClient.cosine: (480, 640, 3), Seems like there is a toilet ahead.
Sticking to last point.
  3%|▎         | 11/400 [12:25<6:09:08, 56.94s/it]Best value: 15.20%
Step: 261 | Mode: explore | Action: 1
BLIP2ITMClient.cosine: (480, 640, 3), Seems like there is a toilet ahead.
Sticking to last point.
Best value: 15.20%
Step: 262 | Mode: explore | Action: 2
BLIP2ITMClient.cosine: (480, 640, 3), Seems like there is a toilet ahead.
Sticking to last point.
Best value: 15.20%
Step: 263 | Mode: explore | Action: 1
BLIP2ITMClient.cosine: (480, 640, 3), Seems like there is a toilet ahead.
Sticking to last point.
Best value: 15.20%
Step: 264 | Mode: explore | Action: 3
BLIP2ITMClient.cosine: (480, 640, 3), Seems like there is a toilet ahead.
Sticking to last point.
Best value: 15.20%
Step: 265 | Mode: explore | Action: 1
BLIP2ITMClient.cosine: (480, 640, 3), Seems like there is a toilet ahead.
Sticking to last point.
Best value: 15.20%
Step: 266 | Mode: explore | Action: 3
BLIP2ITMClient.cosine: (480, 640, 3), Seems like there is a toilet ahead.
Sticking to last point.
Best value: 15.20%
Step: 267 | Mode: explore | Action: 1
BLIP2ITMClient.cosine: (480, 640, 3), Seems like there is a toilet ahead.
Sticking to last point.
Best value: 15.20%
Step: 268 | Mode: explore | Action: 1
BLIP2ITMClient.cosine: (480, 640, 3), Seems like there is a toilet ahead.
Sticking to last point.
Best value: 15.20%
Step: 269 | Mode: explore | Action: 1
BLIP2ITMClient.cosine: (480, 640, 3), Seems like there is a toilet ahead.
Sticking to last point.
Best value: 15.20%
Step: 270 | Mode: explore | Action: 1
BLIP2ITMClient.cosine: (480, 640, 3), Seems like there is a toilet ahead.
Sticking to last point.
Best value: 15.20%
Step: 271 | Mode: explore | Action: 1
BLIP2ITMClient.cosine: (480, 640, 3), Seems like there is a toilet ahead.
Sticking to last point.
Best value: 15.20%
Step: 272 | Mode: explore | Action: 1
BLIP2ITMClient.cosine: (480, 640, 3), Seems like there is a toilet ahead.
Sticking to last point.
Best value: 15.20%
Step: 273 | Mode: explore | Action: 1
BLIP2ITMClient.cosine: (480, 640, 3), Seems like there is a toilet ahead.
Sticking to last point.
Best value: 15.20%
Step: 274 | Mode: explore | Action: 1
BLIP2ITMClient.cosine: (480, 640, 3), Seems like there is a toilet ahead.
BLIP2ITMClient.cosine: (480, 640, 3), Seems like there is a toilet ahead.
Sticking to last point.
Best value: 14.22%
Step: 275 | Mode: explore | Action: 1
BLIP2ITMClient.cosine: (480, 640, 3), Seems like there is a toilet ahead.
Sticking to last point.
Best value: 14.22%
Step: 276 | Mode: explore | Action: 2
BLIP2ITMClient.cosine: (480, 640, 3), Seems like there is a toilet ahead.
BLIP2ITMClient.cosine: (480, 640, 3), Seems like there is a toilet ahead.
Sticking to last point.
Best value: 17.75%
Step: 277 | Mode: explore | Action: 2
BLIP2ITMClient.cosine: (480, 640, 3), Seems like there is a toilet ahead.
BLIP2ITMClient.cosine: (480, 640, 3), Seems like there is a toilet ahead.
Sticking to last point.
Best value: 35.94%
Step: 278 | Mode: explore | Action: 1
BLIP2ITMClient.cosine: (480, 640, 3), Seems like there is a toilet ahead.
BLIP2ITMClient.cosine: (480, 640, 3), Seems like there is a toilet ahead.
Best value: 34.86%
Step: 279 | Mode: explore | Action: 1
BLIP2ITMClient.cosine: (480, 640, 3), Seems like there is a toilet ahead.
Sticking to last point.
Best value: 34.86%
Step: 280 | Mode: explore | Action: 2
BLIP2ITMClient.cosine: (480, 640, 3), Seems like there is a toilet ahead.
Step: 281 | Mode: navigate | Action: 2
BLIP2ITMClient.cosine: (480, 640, 3), Seems like there is a toilet ahead.
Step: 282 | Mode: navigate | Action: 1
BLIP2ITMClient.cosine: (480, 640, 3), Seems like there is a toilet ahead.
Step: 283 | Mode: navigate | Action: 3
BLIP2ITMClient.cosine: (480, 640, 3), Seems like there is a toilet ahead.
Step: 284 | Mode: navigate | Action: 1
BLIP2ITMClient.cosine: (480, 640, 3), Seems like there is a toilet ahead.
Step: 285 | Mode: navigate | Action: 0
[traj] episode 136 — unknown
[traj] captured failure_cause: did_not_fail
[traj] value map: max=0.3542, nonzero=50077
[traj] saved episode Wiconisco_153 (286 steps, success)
BLIP2ITMClient.cosine: (480, 640, 3), Seems like there is a potted plant ahead.
Step: 0 | Mode: initialize | Action: 2
BLIP2ITMClient.cosine: (480, 640, 3), Seems like there is a potted plant ahead.
Step: 1 | Mode: initialize | Action: 2
BLIP2ITMClient.cosine: (480, 640, 3), Seems like there is a potted plant ahead.
Step: 2 | Mode: initialize | Action: 2
BLIP2ITMClient.cosine: (480, 640, 3), Seems like there is a potted plant ahead.
Step: 3 | Mode: initialize | Action: 2
BLIP2ITMClient.cosine: (480, 640, 3), Seems like there is a potted plant ahead.
Step: 4 | Mode: initialize | Action: 2
BLIP2ITMClient.cosine: (480, 640, 3), Seems like there is a potted plant ahead.
Step: 5 | Mode: initialize | Action: 2
BLIP2ITMClient.cosine: (480, 640, 3), Seems like there is a potted plant ahead.
Step: 6 | Mode: initialize | Action: 2
BLIP2ITMClient.cosine: (480, 640, 3), Seems like there is a potted plant ahead.
Step: 7 | Mode: initialize | Action: 2
BLIP2ITMClient.cosine: (480, 640, 3), Seems like there is a potted plant ahead.
Step: 8 | Mode: initialize | Action: 2
BLIP2ITMClient.cosine: (480, 640, 3), Seems like there is a potted plant ahead.
Step: 9 | Mode: initialize | Action: 2
BLIP2ITMClient.cosine: (480, 640, 3), Seems like there is a potted plant ahead.
Step: 10 | Mode: initialize | Action: 2
BLIP2ITMClient.cosine: (480, 640, 3), Seems like there is a potted plant ahead.
Step: 11 | Mode: initialize | Action: 2
BLIP2ITMClient.cosine: (480, 640, 3), Seems like there is a potted plant ahead.
BLIP2ITMClient.cosine: (480, 640, 3), Seems like there is a potted plant ahead.
Best value: 11.16%
Step: 12 | Mode: explore | Action: 2
BLIP2ITMClient.cosine: (480, 640, 3), Seems like there is a potted plant ahead.
Sticking to last point.
Best value: 11.16%
Step: 13 | Mode: explore | Action: 2
BLIP2ITMClient.cosine: (480, 640, 3), Seems like there is a potted plant ahead.
Sticking to last point.
Best value: 11.16%
Step: 14 | Mode: explore | Action: 2
BLIP2ITMClient.cosine: (480, 640, 3), Seems like there is a potted plant ahead.
Sticking to last point.
Best value: 11.16%
Step: 15 | Mode: explore | Action: 2
BLIP2ITMClient.cosine: (480, 640, 3), Seems like there is a potted plant ahead.
Sticking to last point.
Best value: 11.16%
Step: 16 | Mode: explore | Action: 2
BLIP2ITMClient.cosine: (480, 640, 3), Seems like there is a potted plant ahead.
Sticking to last point.
Best value: 11.16%
Step: 17 | Mode: explore | Action: 1
BLIP2ITMClient.cosine: (480, 640, 3), Seems like there is a potted plant ahead.
BLIP2ITMClient.cosine: (480, 640, 3), Seems like there is a potted plant ahead.
Sticking to last point.
Best value: 11.16%
Step: 18 | Mode: explore | Action: 2
BLIP2ITMClient.cosine: (480, 640, 3), Seems like there is a potted plant ahead.
Sticking to last point.
Best value: 11.16%
Step: 19 | Mode: explore | Action: 1
BLIP2ITMClient.cosine: (480, 640, 3), Seems like there is a potted plant ahead.
Sticking to last point.
Best value: 11.16%
Step: 20 | Mode: explore | Action: 1
BLIP2ITMClient.cosine: (480, 640, 3), Seems like there is a potted plant ahead.
Sticking to last point.
Best value: 11.16%
Step: 21 | Mode: explore | Action: 1
BLIP2ITMClient.cosine: (480, 640, 3), Seems like there is a potted plant ahead.
Sticking to last point.
Best value: 11.16%
Step: 22 | Mode: explore | Action: 1
BLIP2ITMClient.cosine: (480, 640, 3), Seems like there is a potted plant ahead.
BLIP2ITMClient.cosine: (480, 640, 3), Seems like there is a potted plant ahead.
Sticking to last point.
Best value: 11.14%
Step: 23 | Mode: explore | Action: 1
BLIP2ITMClient.cosine: (480, 640, 3), Seems like there is a potted plant ahead.
BLIP2ITMClient.cosine: (480, 640, 3), Seems like there is a potted plant ahead.
Sticking to last point.
Best value: 15.14%
Step: 24 | Mode: explore | Action: 1
BLIP2ITMClient.cosine: (480, 640, 3), Seems like there is a potted plant ahead.
Step: 25 | Mode: navigate | Action: 2
BLIP2ITMClient.cosine: (480, 640, 3), Seems like there is a potted plant ahead.
Step: 26 | Mode: navigate | Action: 1
BLIP2ITMClient.cosine: (480, 640, 3), Seems like there is a potted plant ahead.
Step: 27 | Mode: navigate | Action: 1
  3%|▎         | 12/400 [12:39<4:43:47, 43.89s/it]BLIP2ITMClient.cosine: (480, 640, 3), Seems like there is a potted plant ahead.
Step: 28 | Mode: navigate | Action: 1
BLIP2ITMClient.cosine: (480, 640, 3), Seems like there is a potted plant ahead.
Step: 29 | Mode: navigate | Action: 3
BLIP2ITMClient.cosine: (480, 640, 3), Seems like there is a potted plant ahead.
Step: 30 | Mode: navigate | Action: 1
BLIP2ITMClient.cosine: (480, 640, 3), Seems like there is a potted plant ahead.
Step: 31 | Mode: navigate | Action: 1
BLIP2ITMClient.cosine: (480, 640, 3), Seems like there is a potted plant ahead.
Step: 32 | Mode: navigate | Action: 1
BLIP2ITMClient.cosine: (480, 640, 3), Seems like there is a potted plant ahead.
Step: 33 | Mode: navigate | Action: 1
BLIP2ITMClient.cosine: (480, 640, 3), Seems like there is a potted plant ahead.
Step: 34 | Mode: navigate | Action: 0
[traj] episode 196 — unknown
Episode 136 in scene Wiconisco failed due to 'false_positive'.
[traj] captured failure_cause: false_positive
[traj] value map: max=0.2192, nonzero=18472
[traj] saved episode Wiconisco_136 (35 steps, failed)
BLIP2ITMClient.cosine: (480, 640, 3), Seems like there is a potted plant ahead.
Step: 0 | Mode: initialize | Action: 2
BLIP2ITMClient.cosine: (480, 640, 3), Seems like there is a potted plant ahead.
Step: 1 | Mode: initialize | Action: 2
BLIP2ITMClient.cosine: (480, 640, 3), Seems like there is a potted plant ahead.
Step: 2 | Mode: initialize | Action: 2
BLIP2ITMClient.cosine: (480, 640, 3), Seems like there is a potted plant ahead.
Step: 3 | Mode: initialize | Action: 2
BLIP2ITMClient.cosine: (480, 640, 3), Seems like there is a potted plant ahead.
Step: 4 | Mode: initialize | Action: 2
BLIP2ITMClient.cosine: (480, 640, 3), Seems like there is a potted plant ahead.
Step: 5 | Mode: initialize | Action: 2
BLIP2ITMClient.cosine: (480, 640, 3), Seems like there is a potted plant ahead.
Step: 6 | Mode: initialize | Action: 2
BLIP2ITMClient.cosine: (480, 640, 3), Seems like there is a potted plant ahead.
Step: 7 | Mode: initialize | Action: 2
BLIP2ITMClient.cosine: (480, 640, 3), Seems like there is a potted plant ahead.
Step: 8 | Mode: initialize | Action: 2
BLIP2ITMClient.cosine: (480, 640, 3), Seems like there is a potted plant ahead.
Step: 9 | Mode: initialize | Action: 2
BLIP2ITMClient.cosine: (480, 640, 3), Seems like there is a potted plant ahead.
Step: 10 | Mode: initialize | Action: 2
BLIP2ITMClient.cosine: (480, 640, 3), Seems like there is a potted plant ahead.
Step: 11 | Mode: initialize | Action: 2
BLIP2ITMClient.cosine: (480, 640, 3), Seems like there is a potted plant ahead.
BLIP2ITMClient.cosine: (480, 640, 3), Seems like there is a potted plant ahead.
Best value: 10.47%
Step: 12 | Mode: explore | Action: 3
BLIP2ITMClient.cosine: (480, 640, 3), Seems like there is a potted plant ahead.
Sticking to last point.
Best value: 10.47%
Step: 13 | Mode: explore | Action: 2
BLIP2ITMClient.cosine: (480, 640, 3), Seems like there is a potted plant ahead.
Sticking to last point.
Best value: 10.47%
Step: 14 | Mode: explore | Action: 2
BLIP2ITMClient.cosine: (480, 640, 3), Seems like there is a potted plant ahead.
Sticking to last point.
Best value: 10.47%
Step: 15 | Mode: explore | Action: 3
BLIP2ITMClient.cosine: (480, 640, 3), Seems like there is a potted plant ahead.
Sticking to last point.
Best value: 10.47%
Step: 16 | Mode: explore | Action: 3
BLIP2ITMClient.cosine: (480, 640, 3), Seems like there is a potted plant ahead.
Sticking to last point.
Best value: 10.47%
Step: 17 | Mode: explore | Action: 2
BLIP2ITMClient.cosine: (480, 640, 3), Seems like there is a potted plant ahead.
Sticking to last point.
Best value: 10.47%
Step: 18 | Mode: explore | Action: 1
BLIP2ITMClient.cosine: (480, 640, 3), Seems like there is a potted plant ahead.
Sticking to last point.
Best value: 10.47%
Step: 19 | Mode: explore | Action: 1
BLIP2ITMClient.cosine: (480, 640, 3), Seems like there is a potted plant ahead.
Sticking to last point.
Best value: 10.47%
Step: 20 | Mode: explore | Action: 3
BLIP2ITMClient.cosine: (480, 640, 3), Seems like there is a potted plant ahead.
Sticking to last point.
Best value: 10.47%
Step: 21 | Mode: explore | Action: 1
BLIP2ITMClient.cosine: (480, 640, 3), Seems like there is a potted plant ahead.
Sticking to last point.
Best value: 10.47%
Step: 22 | Mode: explore | Action: 3
BLIP2ITMClient.cosine: (480, 640, 3), Seems like there is a potted plant ahead.
Sticking to last point.
Best value: 10.47%
Step: 23 | Mode: explore | Action: 1
BLIP2ITMClient.cosine: (480, 640, 3), Seems like there is a potted plant ahead.
Sticking to last point.
Best value: 10.47%
Step: 24 | Mode: explore | Action: 3
BLIP2ITMClient.cosine: (480, 640, 3), Seems like there is a potted plant ahead.
Sticking to last point.
Best value: 10.47%
Step: 25 | Mode: explore | Action: 1
BLIP2ITMClient.cosine: (480, 640, 3), Seems like there is a potted plant ahead.
Sticking to last point.
Best value: 10.47%
Step: 26 | Mode: explore | Action: 3
BLIP2ITMClient.cosine: (480, 640, 3), Seems like there is a potted plant ahead.
Sticking to last point.
Best value: 10.47%
Step: 27 | Mode: explore | Action: 1
BLIP2ITMClient.cosine: (480, 640, 3), Seems like there is a potted plant ahead.
Sticking to last point.
Best value: 10.47%
Step: 28 | Mode: explore | Action: 2
BLIP2ITMClient.cosine: (480, 640, 3), Seems like there is a potted plant ahead.
Sticking to last point.
Best value: 10.47%
Step: 29 | Mode: explore | Action: 2
BLIP2ITMClient.cosine: (480, 640, 3), Seems like there is a potted plant ahead.
Sticking to last point.
Best value: 10.47%
Step: 30 | Mode: explore | Action: 1
BLIP2ITMClient.cosine: (480, 640, 3), Seems like there is a potted plant ahead.
Sticking to last point.
Best value: 10.47%
Step: 31 | Mode: explore | Action: 2
BLIP2ITMClient.cosine: (480, 640, 3), Seems like there is a potted plant ahead.
BLIP2ITMClient.cosine: (480, 640, 3), Seems like there is a potted plant ahead.
Best value: 9.40%
Step: 32 | Mode: explore | Action: 2
BLIP2ITMClient.cosine: (480, 640, 3), Seems like there is a potted plant ahead.
BLIP2ITMClient.cosine: (480, 640, 3), Seems like there is a potted plant ahead.
Best value: 9.57%
Step: 33 | Mode: explore | Action: 1
BLIP2ITMClient.cosine: (480, 640, 3), Seems like there is a potted plant ahead.
BLIP2ITMClient.cosine: (480, 640, 3), Seems like there is a potted plant ahead.
Sticking to last point.
Best value: 11.04%
Step: 34 | Mode: explore | Action: 2
BLIP2ITMClient.cosine: (480, 640, 3), Seems like there is a potted plant ahead.
Best value: 9.40%
Step: 35 | Mode: explore | Action: 3
BLIP2ITMClient.cosine: (480, 640, 3), Seems like there is a potted plant ahead.
Sticking to last point.
Best value: 9.40%
Step: 36 | Mode: explore | Action: 3
BLIP2ITMClient.cosine: (480, 640, 3), Seems like there is a potted plant ahead.
Sticking to last point.
Best value: 9.40%
Step: 37 | Mode: explore | Action: 2
BLIP2ITMClient.cosine: (480, 640, 3), Seems like there is a potted plant ahead.
Sticking to last point.
Best value: 9.40%
Step: 38 | Mode: explore | Action: 2
BLIP2ITMClient.cosine: (480, 640, 3), Seems like there is a potted plant ahead.
Sticking to last point.
Best value: 9.40%
Step: 39 | Mode: explore | Action: 1
BLIP2ITMClient.cosine: (480, 640, 3), Seems like there is a potted plant ahead.
BLIP2ITMClient.cosine: (480, 640, 3), Seems like there is a potted plant ahead.
Sticking to last point.
Best value: 10.52%
Step: 40 | Mode: explore | Action: 3
BLIP2ITMClient.cosine: (480, 640, 3), Seems like there is a potted plant ahead.
BLIP2ITMClient.cosine: (480, 640, 3), Seems like there is a potted plant ahead.
Sticking to last point.
Best value: 9.72%
Step: 41 | Mode: explore | Action: 3
BLIP2ITMClient.cosine: (480, 640, 3), Seems like there is a potted plant ahead.
Sticking to last point.
Best value: 9.72%
Step: 42 | Mode: explore | Action: 3
BLIP2ITMClient.cosine: (480, 640, 3), Seems like there is a potted plant ahead.
Sticking to last point.
Best value: 9.72%
Step: 43 | Mode: explore | Action: 2
BLIP2ITMClient.cosine: (480, 640, 3), Seems like there is a potted plant ahead.
Sticking to last point.
Best value: 9.72%
Step: 44 | Mode: explore | Action: 2
  3%|▎         | 13/400 [13:16<4:29:47, 41.83s/it]BLIP2ITMClient.cosine: (480, 640, 3), Seems like there is a potted plant ahead.
Sticking to last point.
Best value: 9.72%
Step: 45 | Mode: explore | Action: 2
BLIP2ITMClient.cosine: (480, 640, 3), Seems like there is a potted plant ahead.
BLIP2ITMClient.cosine: (480, 640, 3), Seems like there is a potted plant ahead.
Sticking to last point.
Best value: 10.54%
Step: 46 | Mode: explore | Action: 1
BLIP2ITMClient.cosine: (480, 640, 3), Seems like there is a potted plant ahead.
Sticking to last point.
Best value: 10.54%
Step: 47 | Mode: explore | Action: 1
BLIP2ITMClient.cosine: (480, 640, 3), Seems like there is a potted plant ahead.
Sticking to last point.
Best value: 10.54%
Step: 48 | Mode: explore | Action: 2
BLIP2ITMClient.cosine: (480, 640, 3), Seems like there is a potted plant ahead.
Sticking to last point.
Best value: 10.54%
Step: 49 | Mode: explore | Action: 1
BLIP2ITMClient.cosine: (480, 640, 3), Seems like there is a potted plant ahead.
Sticking to last point.
Best value: 10.54%
Step: 50 | Mode: explore | Action: 3
BLIP2ITMClient.cosine: (480, 640, 3), Seems like there is a potted plant ahead.
Sticking to last point.
Best value: 10.54%
Step: 51 | Mode: explore | Action: 1
BLIP2ITMClient.cosine: (480, 640, 3), Seems like there is a potted plant ahead.
Sticking to last point.
Best value: 10.54%
Step: 52 | Mode: explore | Action: 3
BLIP2ITMClient.cosine: (480, 640, 3), Seems like there is a potted plant ahead.
Sticking to last point.
Best value: 10.54%
Step: 53 | Mode: explore | Action: 3
BLIP2ITMClient.cosine: (480, 640, 3), Seems like there is a potted plant ahead.
BLIP2ITMClient.cosine: (480, 640, 3), Seems like there is a potted plant ahead.
Sticking to last point.
Best value: 10.72%
Step: 54 | Mode: explore | Action: 2
BLIP2ITMClient.cosine: (480, 640, 3), Seems like there is a potted plant ahead.
Sticking to last point.
Best value: 10.72%
Step: 55 | Mode: explore | Action: 1
BLIP2ITMClient.cosine: (480, 640, 3), Seems like there is a potted plant ahead.
Sticking to last point.
Best value: 10.72%
Step: 56 | Mode: explore | Action: 3
BLIP2ITMClient.cosine: (480, 640, 3), Seems like there is a potted plant ahead.
Sticking to last point.
Best value: 10.72%
Step: 57 | Mode: explore | Action: 2
BLIP2ITMClient.cosine: (480, 640, 3), Seems like there is a potted plant ahead.
Sticking to last point.
Best value: 10.72%
Step: 58 | Mode: explore | Action: 1
BLIP2ITMClient.cosine: (480, 640, 3), Seems like there is a potted plant ahead.
Sticking to last point.
Best value: 10.72%
Step: 59 | Mode: explore | Action: 3
BLIP2ITMClient.cosine: (480, 640, 3), Seems like there is a potted plant ahead.
Sticking to last point.
Best value: 10.72%
Step: 60 | Mode: explore | Action: 2
BLIP2ITMClient.cosine: (480, 640, 3), Seems like there is a potted plant ahead.
Sticking to last point.
Best value: 10.72%
Step: 61 | Mode: explore | Action: 1
BLIP2ITMClient.cosine: (480, 640, 3), Seems like there is a potted plant ahead.
Sticking to last point.
Best value: 10.72%
Step: 62 | Mode: explore | Action: 1
BLIP2ITMClient.cosine: (480, 640, 3), Seems like there is a potted plant ahead.
Sticking to last point.
Best value: 10.72%
Step: 63 | Mode: explore | Action: 2
BLIP2ITMClient.cosine: (480, 640, 3), Seems like there is a potted plant ahead.
Step: 64 | Mode: navigate | Action: 2
BLIP2ITMClient.cosine: (480, 640, 3), Seems like there is a potted plant ahead.
Step: 65 | Mode: navigate | Action: 1
BLIP2ITMClient.cosine: (480, 640, 3), Seems like there is a potted plant ahead.
Step: 66 | Mode: navigate | Action: 1
BLIP2ITMClient.cosine: (480, 640, 3), Seems like there is a potted plant ahead.
Step: 67 | Mode: navigate | Action: 1
BLIP2ITMClient.cosine: (480, 640, 3), Seems like there is a potted plant ahead.
Step: 68 | Mode: navigate | Action: 1
BLIP2ITMClient.cosine: (480, 640, 3), Seems like there is a potted plant ahead.
Step: 69 | Mode: navigate | Action: 1
BLIP2ITMClient.cosine: (480, 640, 3), Seems like there is a potted plant ahead.
Step: 70 | Mode: navigate | Action: 1
BLIP2ITMClient.cosine: (480, 640, 3), Seems like there is a potted plant ahead.
Step: 71 | Mode: navigate | Action: 1
BLIP2ITMClient.cosine: (480, 640, 3), Seems like there is a potted plant ahead.
Step: 72 | Mode: navigate | Action: 3
BLIP2ITMClient.cosine: (480, 640, 3), Seems like there is a potted plant ahead.
Step: 73 | Mode: navigate | Action: 1
BLIP2ITMClient.cosine: (480, 640, 3), Seems like there is a potted plant ahead.
Step: 74 | Mode: navigate | Action: 1
BLIP2ITMClient.cosine: (480, 640, 3), Seems like there is a potted plant ahead.
Step: 75 | Mode: navigate | Action: 1
BLIP2ITMClient.cosine: (480, 640, 3), Seems like there is a potted plant ahead.
Step: 76 | Mode: navigate | Action: 1
BLIP2ITMClient.cosine: (480, 640, 3), Seems like there is a potted plant ahead.
Step: 77 | Mode: navigate | Action: 1
BLIP2ITMClient.cosine: (480, 640, 3), Seems like there is a potted plant ahead.
Step: 78 | Mode: navigate | Action: 1
BLIP2ITMClient.cosine: (480, 640, 3), Seems like there is a potted plant ahead.
Step: 79 | Mode: navigate | Action: 1
BLIP2ITMClient.cosine: (480, 640, 3), Seems like there is a potted plant ahead.
Step: 80 | Mode: navigate | Action: 1
BLIP2ITMClient.cosine: (480, 640, 3), Seems like there is a potted plant ahead.
Step: 81 | Mode: navigate | Action: 1
BLIP2ITMClient.cosine: (480, 640, 3), Seems like there is a potted plant ahead.
Step: 82 | Mode: navigate | Action: 1
BLIP2ITMClient.cosine: (480, 640, 3), Seems like there is a potted plant ahead.
Step: 83 | Mode: navigate | Action: 2
BLIP2ITMClient.cosine: (480, 640, 3), Seems like there is a potted plant ahead.
Step: 84 | Mode: navigate | Action: 1
BLIP2ITMClient.cosine: (480, 640, 3), Seems like there is a potted plant ahead.
Step: 85 | Mode: navigate | Action: 1
BLIP2ITMClient.cosine: (480, 640, 3), Seems like there is a potted plant ahead.
Step: 86 | Mode: navigate | Action: 1
BLIP2ITMClient.cosine: (480, 640, 3), Seems like there is a potted plant ahead.
Step: 87 | Mode: navigate | Action: 1
BLIP2ITMClient.cosine: (480, 640, 3), Seems like there is a potted plant ahead.
Step: 88 | Mode: navigate | Action: 2
BLIP2ITMClient.cosine: (480, 640, 3), Seems like there is a potted plant ahead.
Step: 89 | Mode: navigate | Action: 3
BLIP2ITMClient.cosine: (480, 640, 3), Seems like there is a potted plant ahead.
Step: 90 | Mode: navigate | Action: 1
BLIP2ITMClient.cosine: (480, 640, 3), Seems like there is a potted plant ahead.
Step: 91 | Mode: navigate | Action: 1
BLIP2ITMClient.cosine: (480, 640, 3), Seems like there is a potted plant ahead.
Step: 92 | Mode: navigate | Action: 1
BLIP2ITMClient.cosine: (480, 640, 3), Seems like there is a potted plant ahead.
Step: 93 | Mode: navigate | Action: 1
BLIP2ITMClient.cosine: (480, 640, 3), Seems like there is a potted plant ahead.
Step: 94 | Mode: navigate | Action: 2
BLIP2ITMClient.cosine: (480, 640, 3), Seems like there is a potted plant ahead.
Step: 95 | Mode: navigate | Action: 1
BLIP2ITMClient.cosine: (480, 640, 3), Seems like there is a potted plant ahead.
Step: 96 | Mode: navigate | Action: 0
[traj] episode 166 — unknown
Episode 196 in scene Wiconisco failed due to 'false_positive'.
[traj] captured failure_cause: false_positive
[traj] value map: max=0.3807, nonzero=30815
[traj] saved episode Wiconisco_196 (97 steps, failed)
BLIP2ITMClient.cosine: (480, 640, 3), Seems like there is a tv ahead.
Step: 0 | Mode: initialize | Action: 2
BLIP2ITMClient.cosine: (480, 640, 3), Seems like there is a tv ahead.
Step: 1 | Mode: initialize | Action: 2
BLIP2ITMClient.cosine: (480, 640, 3), Seems like there is a tv ahead.
Step: 2 | Mode: initialize | Action: 2
BLIP2ITMClient.cosine: (480, 640, 3), Seems like there is a tv ahead.
Step: 3 | Mode: initialize | Action: 2
BLIP2ITMClient.cosine: (480, 640, 3), Seems like there is a tv ahead.
Step: 4 | Mode: initialize | Action: 2
BLIP2ITMClient.cosine: (480, 640, 3), Seems like there is a tv ahead.
Step: 5 | Mode: initialize | Action: 2
BLIP2ITMClient.cosine: (480, 640, 3), Seems like there is a tv ahead.
Step: 6 | Mode: initialize | Action: 2
BLIP2ITMClient.cosine: (480, 640, 3), Seems like there is a tv ahead.
Step: 7 | Mode: initialize | Action: 2
BLIP2ITMClient.cosine: (480, 640, 3), Seems like there is a tv ahead.
Step: 8 | Mode: initialize | Action: 2
BLIP2ITMClient.cosine: (480, 640, 3), Seems like there is a tv ahead.
Step: 9 | Mode: initialize | Action: 2
BLIP2ITMClient.cosine: (480, 640, 3), Seems like there is a tv ahead.
Step: 10 | Mode: initialize | Action: 2
BLIP2ITMClient.cosine: (480, 640, 3), Seems like there is a tv ahead.
Step: 11 | Mode: initialize | Action: 2
BLIP2ITMClient.cosine: (480, 640, 3), Seems like there is a tv ahead.
BLIP2ITMClient.cosine: (480, 640, 3), Seems like there is a tv ahead.
Best value: 19.29%
Step: 12 | Mode: explore | Action: 3
BLIP2ITMClient.cosine: (480, 640, 3), Seems like there is a tv ahead.
Sticking to last point.
Best value: 19.29%
Step: 13 | Mode: explore | Action: 1
BLIP2ITMClient.cosine: (480, 640, 3), Seems like there is a tv ahead.
BLIP2ITMClient.cosine: (480, 640, 3), Seems like there is a tv ahead.
Sticking to last point.
Best value: 19.29%
Step: 14 | Mode: explore | Action: 3
BLIP2ITMClient.cosine: (480, 640, 3), Seems like there is a tv ahead.
Sticking to last point.
Best value: 19.29%
Step: 15 | Mode: explore | Action: 1
BLIP2ITMClient.cosine: (480, 640, 3), Seems like there is a tv ahead.
Sticking to last point.
Best value: 19.29%
Step: 16 | Mode: explore | Action: 3
BLIP2ITMClient.cosine: (480, 640, 3), Seems like there is a tv ahead.
Sticking to last point.
Best value: 19.29%
Step: 17 | Mode: explore | Action: 1
BLIP2ITMClient.cosine: (480, 640, 3), Seems like there is a tv ahead.
Sticking to last point.
Best value: 19.29%
Step: 18 | Mode: explore | Action: 1
BLIP2ITMClient.cosine: (480, 640, 3), Seems like there is a tv ahead.
BLIP2ITMClient.cosine: (480, 640, 3), Seems like there is a tv ahead.
Sticking to last point.
Best value: 19.29%
Step: 19 | Mode: explore | Action: 3
BLIP2ITMClient.cosine: (480, 640, 3), Seems like there is a tv ahead.
BLIP2ITMClient.cosine: (480, 640, 3), Seems like there is a tv ahead.
Best value: 19.29%
Step: 20 | Mode: explore | Action: 2
BLIP2ITMClient.cosine: (480, 640, 3), Seems like there is a tv ahead.
Sticking to last point.
Best value: 19.29%
Step: 21 | Mode: explore | Action: 1
BLIP2ITMClient.cosine: (480, 640, 3), Seems like there is a tv ahead.
BLIP2ITMClient.cosine: (480, 640, 3), Seems like there is a tv ahead.
Sticking to last point.
Best value: 19.29%
Step: 22 | Mode: explore | Action: 2
BLIP2ITMClient.cosine: (480, 640, 3), Seems like there is a tv ahead.
Sticking to last point.
Best value: 19.29%
Step: 23 | Mode: explore | Action: 1
BLIP2ITMClient.cosine: (480, 640, 3), Seems like there is a tv ahead.
BLIP2ITMClient.cosine: (480, 640, 3), Seems like there is a tv ahead.
Best value: 16.51%
Step: 24 | Mode: explore | Action: 1
BLIP2ITMClient.cosine: (480, 640, 3), Seems like there is a tv ahead.
Sticking to last point.
Best value: 16.51%
Step: 25 | Mode: explore | Action: 1
BLIP2ITMClient.cosine: (480, 640, 3), Seems like there is a tv ahead.
Sticking to last point.
Best value: 16.51%
Step: 26 | Mode: explore | Action: 1
BLIP2ITMClient.cosine: (480, 640, 3), Seems like there is a tv ahead.
BLIP2ITMClient.cosine: (480, 640, 3), Seems like there is a tv ahead.
Sticking to last point.
Best value: 16.51%
Step: 27 | Mode: explore | Action: 2
BLIP2ITMClient.cosine: (480, 640, 3), Seems like there is a tv ahead.
Sticking to last point.
Best value: 16.51%
Step: 28 | Mode: explore | Action: 1
BLIP2ITMClient.cosine: (480, 640, 3), Seems like there is a tv ahead.
BLIP2ITMClient.cosine: (480, 640, 3), Seems like there is a tv ahead.
Sticking to last point.
Best value: 16.51%
Step: 29 | Mode: explore | Action: 2
BLIP2ITMClient.cosine: (480, 640, 3), Seems like there is a tv ahead.
Sticking to last point.
Best value: 16.51%
Step: 30 | Mode: explore | Action: 2
BLIP2ITMClient.cosine: (480, 640, 3), Seems like there is a tv ahead.
Sticking to last point.
Best value: 16.51%
Step: 31 | Mode: explore | Action: 2
BLIP2ITMClient.cosine: (480, 640, 3), Seems like there is a tv ahead.
BLIP2ITMClient.cosine: (480, 640, 3), Seems like there is a tv ahead.
Best value: 16.51%
Step: 32 | Mode: explore | Action: 2
BLIP2ITMClient.cosine: (480, 640, 3), Seems like there is a tv ahead.
Sticking to last point.
Best value: 16.51%
Step: 33 | Mode: explore | Action: 1
BLIP2ITMClient.cosine: (480, 640, 3), Seems like there is a tv ahead.
BLIP2ITMClient.cosine: (480, 640, 3), Seems like there is a tv ahead.
Sticking to last point.
Best value: 16.51%
Step: 34 | Mode: explore | Action: 1
BLIP2ITMClient.cosine: (480, 640, 3), Seems like there is a tv ahead.
BLIP2ITMClient.cosine: (480, 640, 3), Seems like there is a tv ahead.
Sticking to last point.
Best value: 16.51%
Step: 35 | Mode: explore | Action: 3
BLIP2ITMClient.cosine: (480, 640, 3), Seems like there is a tv ahead.
BLIP2ITMClient.cosine: (480, 640, 3), Seems like there is a tv ahead.
Sticking to last point.
Best value: 16.51%
Step: 36 | Mode: explore | Action: 1
BLIP2ITMClient.cosine: (480, 640, 3), Seems like there is a tv ahead.
BLIP2ITMClient.cosine: (480, 640, 3), Seems like there is a tv ahead.
Sticking to last point.
Best value: 16.51%
Step: 37 | Mode: explore | Action: 1
BLIP2ITMClient.cosine: (480, 640, 3), Seems like there is a tv ahead.
BLIP2ITMClient.cosine: (480, 640, 3), Seems like there is a tv ahead.
Sticking to last point.
Best value: 16.51%
Step: 38 | Mode: explore | Action: 3
BLIP2ITMClient.cosine: (480, 640, 3), Seems like there is a tv ahead.
Sticking to last point.
Best value: 16.51%
Step: 39 | Mode: explore | Action: 1
BLIP2ITMClient.cosine: (480, 640, 3), Seems like there is a tv ahead.
BLIP2ITMClient.cosine: (480, 640, 3), Seems like there is a tv ahead.
Sticking to last point.
Best value: 16.51%
Step: 40 | Mode: explore | Action: 1
BLIP2ITMClient.cosine: (480, 640, 3), Seems like there is a tv ahead.
BLIP2ITMClient.cosine: (480, 640, 3), Seems like there is a tv ahead.
Sticking to last point.
Best value: 16.51%
Step: 41 | Mode: explore | Action: 1
BLIP2ITMClient.cosine: (480, 640, 3), Seems like there is a tv ahead.
BLIP2ITMClient.cosine: (480, 640, 3), Seems like there is a tv ahead.
Sticking to last point.
Best value: 16.51%
Step: 42 | Mode: explore | Action: 1
BLIP2ITMClient.cosine: (480, 640, 3), Seems like there is a tv ahead.
BLIP2ITMClient.cosine: (480, 640, 3), Seems like there is a tv ahead.
Sticking to last point.
Best value: 16.51%
Step: 43 | Mode: explore | Action: 1
BLIP2ITMClient.cosine: (480, 640, 3), Seems like there is a tv ahead.
BLIP2ITMClient.cosine: (480, 640, 3), Seems like there is a tv ahead.
Sticking to last point.
Best value: 16.51%
Step: 44 | Mode: explore | Action: 1
BLIP2ITMClient.cosine: (480, 640, 3), Seems like there is a tv ahead.
BLIP2ITMClient.cosine: (480, 640, 3), Seems like there is a tv ahead.
Sticking to last point.
Best value: 16.51%
Step: 45 | Mode: explore | Action: 1
BLIP2ITMClient.cosine: (480, 640, 3), Seems like there is a tv ahead.
BLIP2ITMClient.cosine: (480, 640, 3), Seems like there is a tv ahead.
Best value: 16.19%
Step: 46 | Mode: explore | Action: 1
BLIP2ITMClient.cosine: (480, 640, 3), Seems like there is a tv ahead.
Sticking to last point.
Best value: 16.19%
Step: 47 | Mode: explore | Action: 3
BLIP2ITMClient.cosine: (480, 640, 3), Seems like there is a tv ahead.
BLIP2ITMClient.cosine: (480, 640, 3), Seems like there is a tv ahead.
Sticking to last point.
Best value: 16.19%
Step: 48 | Mode: explore | Action: 3
BLIP2ITMClient.cosine: (480, 640, 3), Seems like there is a tv ahead.
Sticking to last point.
Best value: 16.19%
Step: 49 | Mode: explore | Action: 3
BLIP2ITMClient.cosine: (480, 640, 3), Seems like there is a tv ahead.
Sticking to last point.
Best value: 16.19%
Step: 50 | Mode: explore | Action: 3
BLIP2ITMClient.cosine: (480, 640, 3), Seems like there is a tv ahead.
Sticking to last point.
Best value: 16.19%
Step: 51 | Mode: explore | Action: 3
BLIP2ITMClient.cosine: (480, 640, 3), Seems like there is a tv ahead.
Sticking to last point.
Best value: 16.19%
Step: 52 | Mode: explore | Action: 3
BLIP2ITMClient.cosine: (480, 640, 3), Seems like there is a tv ahead.
BLIP2ITMClient.cosine: (480, 640, 3), Seems like there is a tv ahead.
Sticking to last point.
Best value: 16.19%
Step: 53 | Mode: explore | Action: 1
BLIP2ITMClient.cosine: (480, 640, 3), Seems like there is a tv ahead.
BLIP2ITMClient.cosine: (480, 640, 3), Seems like there is a tv ahead.
Sticking to last point.
Best value: 16.19%
Step: 54 | Mode: explore | Action: 1
BLIP2ITMClient.cosine: (480, 640, 3), Seems like there is a tv ahead.
Sticking to last point.
Best value: 16.19%
Step: 55 | Mode: explore | Action: 1
BLIP2ITMClient.cosine: (480, 640, 3), Seems like there is a tv ahead.
Sticking to last point.
Best value: 16.19%
Step: 56 | Mode: explore | Action: 1
BLIP2ITMClient.cosine: (480, 640, 3), Seems like there is a tv ahead.
Sticking to last point.
Best value: 16.19%
Step: 57 | Mode: explore | Action: 1
BLIP2ITMClient.cosine: (480, 640, 3), Seems like there is a tv ahead.
Sticking to last point.
Best value: 16.19%
Step: 58 | Mode: explore | Action: 1
BLIP2ITMClient.cosine: (480, 640, 3), Seems like there is a tv ahead.
Sticking to last point.
Best value: 16.19%
Step: 59 | Mode: explore | Action: 1
BLIP2ITMClient.cosine: (480, 640, 3), Seems like there is a tv ahead.
Sticking to last point.
Best value: 16.19%
Step: 60 | Mode: explore | Action: 1
BLIP2ITMClient.cosine: (480, 640, 3), Seems like there is a tv ahead.
Sticking to last point.
Best value: 16.19%
Step: 61 | Mode: explore | Action: 2
BLIP2ITMClient.cosine: (480, 640, 3), Seems like there is a tv ahead.
Sticking to last point.
Best value: 16.19%
Step: 62 | Mode: explore | Action: 1
BLIP2ITMClient.cosine: (480, 640, 3), Seems like there is a tv ahead.
Sticking to last point.
Best value: 16.19%
Step: 63 | Mode: explore | Action: 2
BLIP2ITMClient.cosine: (480, 640, 3), Seems like there is a tv ahead.
Sticking to last point.
Best value: 16.19%
Step: 64 | Mode: explore | Action: 1
BLIP2ITMClient.cosine: (480, 640, 3), Seems like there is a tv ahead.
Sticking to last point.
Best value: 16.19%
Step: 65 | Mode: explore | Action: 1
BLIP2ITMClient.cosine: (480, 640, 3), Seems like there is a tv ahead.
Sticking to last point.
Best value: 16.19%
Step: 66 | Mode: explore | Action: 1
BLIP2ITMClient.cosine: (480, 640, 3), Seems like there is a tv ahead.
Sticking to last point.
Best value: 16.19%
Step: 67 | Mode: explore | Action: 1
BLIP2ITMClient.cosine: (480, 640, 3), Seems like there is a tv ahead.
Sticking to last point.
Best value: 16.19%
Step: 68 | Mode: explore | Action: 1
BLIP2ITMClient.cosine: (480, 640, 3), Seems like there is a tv ahead.
Sticking to last point.
Best value: 16.19%
Step: 69 | Mode: explore | Action: 1
BLIP2ITMClient.cosine: (480, 640, 3), Seems like there is a tv ahead.
BLIP2ITMClient.cosine: (480, 640, 3), Seems like there is a tv ahead.
Best value: 14.83%
Step: 70 | Mode: explore | Action: 2
BLIP2ITMClient.cosine: (480, 640, 3), Seems like there is a tv ahead.
Sticking to last point.
Best value: 14.83%
Step: 71 | Mode: explore | Action: 2
BLIP2ITMClient.cosine: (480, 640, 3), Seems like there is a tv ahead.
Sticking to last point.
Best value: 14.83%
Step: 72 | Mode: explore | Action: 2
BLIP2ITMClient.cosine: (480, 640, 3), Seems like there is a tv ahead.
Best value: 13.28%
Step: 73 | Mode: explore | Action: 2
BLIP2ITMClient.cosine: (480, 640, 3), Seems like there is a tv ahead.
Sticking to last point.
Best value: 13.28%
Step: 74 | Mode: explore | Action: 1
BLIP2ITMClient.cosine: (480, 640, 3), Seems like there is a tv ahead.
Sticking to last point.
Best value: 13.28%
Step: 75 | Mode: explore | Action: 3
BLIP2ITMClient.cosine: (480, 640, 3), Seems like there is a tv ahead.
Sticking to last point.
Best value: 13.28%
Step: 76 | Mode: explore | Action: 3
BLIP2ITMClient.cosine: (480, 640, 3), Seems like there is a tv ahead.
Sticking to last point.
Best value: 13.28%
Step: 77 | Mode: explore | Action: 3
BLIP2ITMClient.cosine: (480, 640, 3), Seems like there is a tv ahead.
Sticking to last point.
Best value: 13.28%
Step: 78 | Mode: explore | Action: 1
BLIP2ITMClient.cosine: (480, 640, 3), Seems like there is a tv ahead.
Sticking to last point.
Best value: 13.28%
Step: 79 | Mode: explore | Action: 3
BLIP2ITMClient.cosine: (480, 640, 3), Seems like there is a tv ahead.
Sticking to last point.
Best value: 13.28%
Step: 80 | Mode: explore | Action: 1
BLIP2ITMClient.cosine: (480, 640, 3), Seems like there is a tv ahead.
Sticking to last point.
Best value: 13.28%
Step: 81 | Mode: explore | Action: 1
BLIP2ITMClient.cosine: (480, 640, 3), Seems like there is a tv ahead.
BLIP2ITMClient.cosine: (480, 640, 3), Seems like there is a tv ahead.
Sticking to last point.
Best value: 12.90%
Step: 82 | Mode: explore | Action: 2
BLIP2ITMClient.cosine: (480, 640, 3), Seems like there is a tv ahead.
BLIP2ITMClient.cosine: (480, 640, 3), Seems like there is a tv ahead.
Sticking to last point.
Best value: 12.31%
Step: 83 | Mode: explore | Action: 1
BLIP2ITMClient.cosine: (480, 640, 3), Seems like there is a tv ahead.
BLIP2ITMClient.cosine: (480, 640, 3), Seems like there is a tv ahead.
Best value: 12.53%
Step: 84 | Mode: explore | Action: 2
BLIP2ITMClient.cosine: (480, 640, 3), Seems like there is a tv ahead.
Sticking to last point.
Best value: 12.53%
Step: 85 | Mode: explore | Action: 3
BLIP2ITMClient.cosine: (480, 640, 3), Seems like there is a tv ahead.
Sticking to last point.
Best value: 12.53%
Step: 86 | Mode: explore | Action: 1
BLIP2ITMClient.cosine: (480, 640, 3), Seems like there is a tv ahead.
BLIP2ITMClient.cosine: (480, 640, 3), Seems like there is a tv ahead.
Sticking to last point.
Best value: 12.53%
Step: 87 | Mode: explore | Action: 1
BLIP2ITMClient.cosine: (480, 640, 3), Seems like there is a tv ahead.
BLIP2ITMClient.cosine: (480, 640, 3), Seems like there is a tv ahead.
Sticking to last point.
Best value: 12.53%
Step: 88 | Mode: explore | Action: 1
BLIP2ITMClient.cosine: (480, 640, 3), Seems like there is a tv ahead.
Sticking to last point.
Best value: 12.53%
Step: 89 | Mode: explore | Action: 2
BLIP2ITMClient.cosine: (480, 640, 3), Seems like there is a tv ahead.
BLIP2ITMClient.cosine: (480, 640, 3), Seems like there is a tv ahead.
Sticking to last point.
Best value: 12.53%
Step: 90 | Mode: explore | Action: 1
BLIP2ITMClient.cosine: (480, 640, 3), Seems like there is a tv ahead.
BLIP2ITMClient.cosine: (480, 640, 3), Seems like there is a tv ahead.
Best value: 11.31%
Step: 91 | Mode: explore | Action: 2
BLIP2ITMClient.cosine: (480, 640, 3), Seems like there is a tv ahead.
Sticking to last point.
Best value: 11.31%
Step: 92 | Mode: explore | Action: 2
BLIP2ITMClient.cosine: (480, 640, 3), Seems like there is a tv ahead.
Sticking to last point.
Best value: 11.31%
Step: 93 | Mode: explore | Action: 2
BLIP2ITMClient.cosine: (480, 640, 3), Seems like there is a tv ahead.
Sticking to last point.
Best value: 11.31%
Step: 94 | Mode: explore | Action: 3
BLIP2ITMClient.cosine: (480, 640, 3), Seems like there is a tv ahead.
Sticking to last point.
Best value: 11.31%
Step: 95 | Mode: explore | Action: 3
BLIP2ITMClient.cosine: (480, 640, 3), Seems like there is a tv ahead.
Sticking to last point.
Best value: 11.31%
Step: 96 | Mode: explore | Action: 1
BLIP2ITMClient.cosine: (480, 640, 3), Seems like there is a tv ahead.
Step: 97 | Mode: navigate | Action: 1
BLIP2ITMClient.cosine: (480, 640, 3), Seems like there is a tv ahead.
Step: 98 | Mode: navigate | Action: 1
BLIP2ITMClient.cosine: (480, 640, 3), Seems like there is a tv ahead.
Step: 99 | Mode: navigate | Action: 1
BLIP2ITMClient.cosine: (480, 640, 3), Seems like there is a tv ahead.
Step: 100 | Mode: navigate | Action: 3
BLIP2ITMClient.cosine: (480, 640, 3), Seems like there is a tv ahead.
Step: 101 | Mode: navigate | Action: 1
BLIP2ITMClient.cosine: (480, 640, 3), Seems like there is a tv ahead.
Step: 102 | Mode: navigate | Action: 1
BLIP2ITMClient.cosine: (480, 640, 3), Seems like there is a tv ahead.
Step: 103 | Mode: navigate | Action: 1
BLIP2ITMClient.cosine: (480, 640, 3), Seems like there is a tv ahead.
Step: 104 | Mode: navigate | Action: 1
BLIP2ITMClient.cosine: (480, 640, 3), Seems like there is a tv ahead.
Step: 105 | Mode: navigate | Action: 1
BLIP2ITMClient.cosine: (480, 640, 3), Seems like there is a tv ahead.
Step: 106 | Mode: navigate | Action: 1
BLIP2ITMClient.cosine: (480, 640, 3), Seems like there is a tv ahead.
Step: 107 | Mode: navigate | Action: 1
BLIP2ITMClient.cosine: (480, 640, 3), Seems like there is a tv ahead.
Step: 108 | Mode: navigate | Action: 1
BLIP2ITMClient.cosine: (480, 640, 3), Seems like there is a tv ahead.
Step: 109 | Mode: navigate | Action: 1
BLIP2ITMClient.cosine: (480, 640, 3), Seems like there is a tv ahead.
Step: 110 | Mode: navigate | Action: 1
BLIP2ITMClient.cosine: (480, 640, 3), Seems like there is a tv ahead.
Step: 111 | Mode: navigate | Action: 1
BLIP2ITMClient.cosine: (480, 640, 3), Seems like there is a tv ahead.
Step: 112 | Mode: navigate | Action: 2
BLIP2ITMClient.cosine: (480, 640, 3), Seems like there is a tv ahead.
Step: 113 | Mode: navigate | Action: 2
BLIP2ITMClient.cosine: (480, 640, 3), Seems like there is a tv ahead.
Step: 114 | Mode: navigate | Action: 2
BLIP2ITMClient.cosine: (480, 640, 3), Seems like there is a tv ahead.
Step: 115 | Mode: navigate | Action: 2
BLIP2ITMClient.cosine: (480, 640, 3), Seems like there is a tv ahead.
Step: 116 | Mode: navigate | Action: 2
BLIP2ITMClient.cosine: (480, 640, 3), Seems like there is a tv ahead.
Step: 117 | Mode: navigate | Action: 2
BLIP2ITMClient.cosine: (480, 640, 3), Seems like there is a tv ahead.
Step: 118 | Mode: navigate | Action: 1
BLIP2ITMClient.cosine: (480, 640, 3), Seems like there is a tv ahead.
Step: 119 | Mode: navigate | Action: 1
BLIP2ITMClient.cosine: (480, 640, 3), Seems like there is a tv ahead.
Step: 120 | Mode: navigate | Action: 1
BLIP2ITMClient.cosine: (480, 640, 3), Seems like there is a tv ahead.
Step: 121 | Mode: navigate | Action: 1
BLIP2ITMClient.cosine: (480, 640, 3), Seems like there is a tv ahead.
Step: 122 | Mode: navigate | Action: 1
BLIP2ITMClient.cosine: (480, 640, 3), Seems like there is a tv ahead.
Step: 123 | Mode: navigate | Action: 1
BLIP2ITMClient.cosine: (480, 640, 3), Seems like there is a tv ahead.
Step: 124 | Mode: navigate | Action: 1
BLIP2ITMClient.cosine: (480, 640, 3), Seems like there is a tv ahead.
Step: 125 | Mode: navigate | Action: 1
BLIP2ITMClient.cosine: (480, 640, 3), Seems like there is a tv ahead.
Step: 126 | Mode: navigate | Action: 1
BLIP2ITMClient.cosine: (480, 640, 3), Seems like there is a tv ahead.
Step: 127 | Mode: navigate | Action: 1
BLIP2ITMClient.cosine: (480, 640, 3), Seems like there is a tv ahead.
Step: 128 | Mode: navigate | Action: 1
BLIP2ITMClient.cosine: (480, 640, 3), Seems like there is a tv ahead.
Step: 129 | Mode: navigate | Action: 2
BLIP2ITMClient.cosine: (480, 640, 3), Seems like there is a tv ahead.
Step: 130 | Mode: navigate | Action: 1
BLIP2ITMClient.cosine: (480, 640, 3), Seems like there is a tv ahead.
Step: 131 | Mode: navigate | Action: 1
BLIP2ITMClient.cosine: (480, 640, 3), Seems like there is a tv ahead.
Step: 132 | Mode: navigate | Action: 1
BLIP2ITMClient.cosine: (480, 640, 3), Seems like there is a tv ahead.
Step: 133 | Mode: navigate | Action: 3
BLIP2ITMClient.cosine: (480, 640, 3), Seems like there is a tv ahead.
Step: 134 | Mode: navigate | Action: 1
BLIP2ITMClient.cosine: (480, 640, 3), Seems like there is a tv ahead.
Step: 135 | Mode: navigate | Action: 1
BLIP2ITMClient.cosine: (480, 640, 3), Seems like there is a tv ahead.
Step: 136 | Mode: navigate | Action: 1
BLIP2ITMClient.cosine: (480, 640, 3), Seems like there is a tv ahead.
Step: 137 | Mode: navigate | Action: 3
BLIP2ITMClient.cosine: (480, 640, 3), Seems like there is a tv ahead.
Step: 138 | Mode: navigate | Action: 1
BLIP2ITMClient.cosine: (480, 640, 3), Seems like there is a tv ahead.
Step: 139 | Mode: navigate | Action: 1
BLIP2ITMClient.cosine: (480, 640, 3), Seems like there is a tv ahead.
Step: 140 | Mode: navigate | Action: 3
BLIP2ITMClient.cosine: (480, 640, 3), Seems like there is a tv ahead.
Step: 141 | Mode: navigate | Action: 1
BLIP2ITMClient.cosine: (480, 640, 3), Seems like there is a tv ahead.
Step: 142 | Mode: navigate | Action: 1
BLIP2ITMClient.cosine: (480, 640, 3), Seems like there is a tv ahead.
Step: 143 | Mode: navigate | Action: 3
BLIP2ITMClient.cosine: (480, 640, 3), Seems like there is a tv ahead.
Step: 144 | Mode: navigate | Action: 1
BLIP2ITMClient.cosine: (480, 640, 3), Seems like there is a tv ahead.
Step: 145 | Mode: navigate | Action: 1
BLIP2ITMClient.cosine: (480, 640, 3), Seems like there is a tv ahead.
Step: 146 | Mode: navigate | Action: 1
BLIP2ITMClient.cosine: (480, 640, 3), Seems like there is a tv ahead.
Step: 147 | Mode: navigate | Action: 3
BLIP2ITMClient.cosine: (480, 640, 3), Seems like there is a tv ahead.
Step: 148 | Mode: navigate | Action: 2
BLIP2ITMClient.cosine: (480, 640, 3), Seems like there is a tv ahead.
Step: 149 | Mode: navigate | Action: 2
BLIP2ITMClient.cosine: (480, 640, 3), Seems like there is a tv ahead.
Step: 150 | Mode: navigate | Action: 2
BLIP2ITMClient.cosine: (480, 640, 3), Seems like there is a tv ahead.
Step: 151 | Mode: navigate | Action: 2
BLIP2ITMClient.cosine: (480, 640, 3), Seems like there is a tv ahead.
Step: 152 | Mode: navigate | Action: 1
BLIP2ITMClient.cosine: (480, 640, 3), Seems like there is a tv ahead.
Step: 153 | Mode: navigate | Action: 1
BLIP2ITMClient.cosine: (480, 640, 3), Seems like there is a tv ahead.
Step: 154 | Mode: navigate | Action: 2
BLIP2ITMClient.cosine: (480, 640, 3), Seems like there is a tv ahead.
Step: 155 | Mode: navigate | Action: 1
BLIP2ITMClient.cosine: (480, 640, 3), Seems like there is a tv ahead.
Step: 156 | Mode: navigate | Action: 2
BLIP2ITMClient.cosine: (480, 640, 3), Seems like there is a tv ahead.
Step: 157 | Mode: navigate | Action: 1
BLIP2ITMClient.cosine: (480, 640, 3), Seems like there is a tv ahead.
Step: 158 | Mode: navigate | Action: 3
BLIP2ITMClient.cosine: (480, 640, 3), Seems like there is a tv ahead.
Step: 159 | Mode: navigate | Action: 3
BLIP2ITMClient.cosine: (480, 640, 3), Seems like there is a tv ahead.
Step: 160 | Mode: navigate | Action: 3
BLIP2ITMClient.cosine: (480, 640, 3), Seems like there is a tv ahead.
Step: 161 | Mode: navigate | Action: 1
BLIP2ITMClient.cosine: (480, 640, 3), Seems like there is a tv ahead.
Step: 162 | Mode: navigate | Action: 1
BLIP2ITMClient.cosine: (480, 640, 3), Seems like there is a tv ahead.
Step: 163 | Mode: navigate | Action: 1
BLIP2ITMClient.cosine: (480, 640, 3), Seems like there is a tv ahead.
Step: 164 | Mode: navigate | Action: 1
BLIP2ITMClient.cosine: (480, 640, 3), Seems like there is a tv ahead.
Step: 165 | Mode: navigate | Action: 1
BLIP2ITMClient.cosine: (480, 640, 3), Seems like there is a tv ahead.
Step: 166 | Mode: navigate | Action: 3
BLIP2ITMClient.cosine: (480, 640, 3), Seems like there is a tv ahead.
Step: 167 | Mode: navigate | Action: 1
BLIP2ITMClient.cosine: (480, 640, 3), Seems like there is a tv ahead.
Step: 168 | Mode: navigate | Action: 1
BLIP2ITMClient.cosine: (480, 640, 3), Seems like there is a tv ahead.
Step: 169 | Mode: navigate | Action: 2
BLIP2ITMClient.cosine: (480, 640, 3), Seems like there is a tv ahead.
Step: 170 | Mode: navigate | Action: 1
BLIP2ITMClient.cosine: (480, 640, 3), Seems like there is a tv ahead.
Step: 171 | Mode: navigate | Action: 1
BLIP2ITMClient.cosine: (480, 640, 3), Seems like there is a tv ahead.
Step: 172 | Mode: navigate | Action: 1
BLIP2ITMClient.cosine: (480, 640, 3), Seems like there is a tv ahead.
Step: 173 | Mode: navigate | Action: 1
BLIP2ITMClient.cosine: (480, 640, 3), Seems like there is a tv ahead.
Step: 174 | Mode: navigate | Action: 1
BLIP2ITMClient.cosine: (480, 640, 3), Seems like there is a tv ahead.
Step: 175 | Mode: navigate | Action: 1
BLIP2ITMClient.cosine: (480, 640, 3), Seems like there is a tv ahead.
Step: 176 | Mode: navigate | Action: 2
BLIP2ITMClient.cosine: (480, 640, 3), Seems like there is a tv ahead.
Step: 177 | Mode: navigate | Action: 2
BLIP2ITMClient.cosine: (480, 640, 3), Seems like there is a tv ahead.
Step: 178 | Mode: navigate | Action: 2
BLIP2ITMClient.cosine: (480, 640, 3), Seems like there is a tv ahead.
Step: 179 | Mode: navigate | Action: 2
BLIP2ITMClient.cosine: (480, 640, 3), Seems like there is a tv ahead.
Step: 180 | Mode: navigate | Action: 2
BLIP2ITMClient.cosine: (480, 640, 3), Seems like there is a tv ahead.
Step: 181 | Mode: navigate | Action: 2
BLIP2ITMClient.cosine: (480, 640, 3), Seems like there is a tv ahead.
Step: 182 | Mode: navigate | Action: 1
BLIP2ITMClient.cosine: (480, 640, 3), Seems like there is a tv ahead.
Step: 183 | Mode: navigate | Action: 1
BLIP2ITMClient.cosine: (480, 640, 3), Seems like there is a tv ahead.
Step: 184 | Mode: navigate | Action: 1
BLIP2ITMClient.cosine: (480, 640, 3), Seems like there is a tv ahead.
Step: 185 | Mode: navigate | Action: 2
BLIP2ITMClient.cosine: (480, 640, 3), Seems like there is a tv ahead.
Step: 186 | Mode: navigate | Action: 1
BLIP2ITMClient.cosine: (480, 640, 3), Seems like there is a tv ahead.
Step: 187 | Mode: navigate | Action: 1
BLIP2ITMClient.cosine: (480, 640, 3), Seems like there is a tv ahead.
Step: 188 | Mode: navigate | Action: 2
BLIP2ITMClient.cosine: (480, 640, 3), Seems like there is a tv ahead.
Step: 189 | Mode: navigate | Action: 1
BLIP2ITMClient.cosine: (480, 640, 3), Seems like there is a tv ahead.
Step: 190 | Mode: navigate | Action: 1
BLIP2ITMClient.cosine: (480, 640, 3), Seems like there is a tv ahead.
Step: 191 | Mode: navigate | Action: 1
BLIP2ITMClient.cosine: (480, 640, 3), Seems like there is a tv ahead.
Step: 192 | Mode: navigate | Action: 1
BLIP2ITMClient.cosine: (480, 640, 3), Seems like there is a tv ahead.
Step: 193 | Mode: navigate | Action: 1
BLIP2ITMClient.cosine: (480, 640, 3), Seems like there is a tv ahead.
Step: 194 | Mode: navigate | Action: 1
BLIP2ITMClient.cosine: (480, 640, 3), Seems like there is a tv ahead.
Step: 195 | Mode: navigate | Action: 1
BLIP2ITMClient.cosine: (480, 640, 3), Seems like there is a tv ahead.
Step: 196 | Mode: navigate | Action: 1
BLIP2ITMClient.cosine: (480, 640, 3), Seems like there is a tv ahead.
Step: 197 | Mode: navigate | Action: 1
BLIP2ITMClient.cosine: (480, 640, 3), Seems like there is a tv ahead.
Step: 198 | Mode: navigate | Action: 2
BLIP2ITMClient.cosine: (480, 640, 3), Seems like there is a tv ahead.
Step: 199 | Mode: navigate | Action: 1
BLIP2ITMClient.cosine: (480, 640, 3), Seems like there is a tv ahead.
Step: 200 | Mode: navigate | Action: 3
BLIP2ITMClient.cosine: (480, 640, 3), Seems like there is a tv ahead.
Step: 201 | Mode: navigate | Action: 1
BLIP2ITMClient.cosine: (480, 640, 3), Seems like there is a tv ahead.
Step: 202 | Mode: navigate | Action: 1
BLIP2ITMClient.cosine: (480, 640, 3), Seems like there is a tv ahead.
Step: 203 | Mode: navigate | Action: 1
BLIP2ITMClient.cosine: (480, 640, 3), Seems like there is a tv ahead.
Step: 204 | Mode: navigate | Action: 1
BLIP2ITMClient.cosine: (480, 640, 3), Seems like there is a tv ahead.
Step: 205 | Mode: navigate | Action: 3
BLIP2ITMClient.cosine: (480, 640, 3), Seems like there is a tv ahead.
Step: 206 | Mode: navigate | Action: 1
BLIP2ITMClient.cosine: (480, 640, 3), Seems like there is a tv ahead.
Step: 207 | Mode: navigate | Action: 1
BLIP2ITMClient.cosine: (480, 640, 3), Seems like there is a tv ahead.
Step: 208 | Mode: navigate | Action: 1
BLIP2ITMClient.cosine: (480, 640, 3), Seems like there is a tv ahead.
Step: 209 | Mode: navigate | Action: 1
BLIP2ITMClient.cosine: (480, 640, 3), Seems like there is a tv ahead.
Step: 210 | Mode: navigate | Action: 1
BLIP2ITMClient.cosine: (480, 640, 3), Seems like there is a tv ahead.
Step: 211 | Mode: navigate | Action: 1
BLIP2ITMClient.cosine: (480, 640, 3), Seems like there is a tv ahead.
Step: 212 | Mode: navigate | Action: 1
BLIP2ITMClient.cosine: (480, 640, 3), Seems like there is a tv ahead.
Step: 213 | Mode: navigate | Action: 1
BLIP2ITMClient.cosine: (480, 640, 3), Seems like there is a tv ahead.
Step: 214 | Mode: navigate | Action: 1
BLIP2ITMClient.cosine: (480, 640, 3), Seems like there is a tv ahead.
Step: 215 | Mode: navigate | Action: 3
BLIP2ITMClient.cosine: (480, 640, 3), Seems like there is a tv ahead.
Step: 216 | Mode: navigate | Action: 1
BLIP2ITMClient.cosine: (480, 640, 3), Seems like there is a tv ahead.
BLIP2ITMClient.cosine: (480, 640, 3), Seems like there is a tv ahead.
Sticking to last point.
Best value: 11.31%
Step: 217 | Mode: explore | Action: 3
BLIP2ITMClient.cosine: (480, 640, 3), Seems like there is a tv ahead.
Sticking to last point.
Best value: 11.31%
Step: 218 | Mode: explore | Action: 3
BLIP2ITMClient.cosine: (480, 640, 3), Seems like there is a tv ahead.
Sticking to last point.
Best value: 11.31%
Step: 219 | Mode: explore | Action: 3
BLIP2ITMClient.cosine: (480, 640, 3), Seems like there is a tv ahead.
Sticking to last point.
Best value: 11.31%
Step: 220 | Mode: explore | Action: 3
BLIP2ITMClient.cosine: (480, 640, 3), Seems like there is a tv ahead.
Sticking to last point.
Best value: 11.31%
Step: 221 | Mode: explore | Action: 3
BLIP2ITMClient.cosine: (480, 640, 3), Seems like there is a tv ahead.
Sticking to last point.
Best value: 11.31%
Step: 222 | Mode: explore | Action: 1
BLIP2ITMClient.cosine: (480, 640, 3), Seems like there is a tv ahead.
Sticking to last point.
Best value: 11.31%
Step: 223 | Mode: explore | Action: 3
BLIP2ITMClient.cosine: (480, 640, 3), Seems like there is a tv ahead.
BLIP2ITMClient.cosine: (480, 640, 3), Seems like there is a tv ahead.
Sticking to last point.
Best value: 11.31%
Step: 224 | Mode: explore | Action: 1
BLIP2ITMClient.cosine: (480, 640, 3), Seems like there is a tv ahead.
Sticking to last point.
Best value: 11.31%
Step: 225 | Mode: explore | Action: 2
BLIP2ITMClient.cosine: (480, 640, 3), Seems like there is a tv ahead.
Sticking to last point.
Best value: 11.31%
Step: 226 | Mode: explore | Action: 1
BLIP2ITMClient.cosine: (480, 640, 3), Seems like there is a tv ahead.
Sticking to last point.
Best value: 11.31%
Step: 227 | Mode: explore | Action: 1
BLIP2ITMClient.cosine: (480, 640, 3), Seems like there is a tv ahead.
Sticking to last point.
Best value: 11.31%
Step: 228 | Mode: explore | Action: 1
BLIP2ITMClient.cosine: (480, 640, 3), Seems like there is a tv ahead.
BLIP2ITMClient.cosine: (480, 640, 3), Seems like there is a tv ahead.
Sticking to last point.
Best value: 11.31%
Step: 229 | Mode: explore | Action: 1
BLIP2ITMClient.cosine: (480, 640, 3), Seems like there is a tv ahead.
Sticking to last point.
Best value: 11.31%
Step: 230 | Mode: explore | Action: 1
BLIP2ITMClient.cosine: (480, 640, 3), Seems like there is a tv ahead.
Sticking to last point.
Best value: 11.31%
Step: 231 | Mode: explore | Action: 3
BLIP2ITMClient.cosine: (480, 640, 3), Seems like there is a tv ahead.
BLIP2ITMClient.cosine: (480, 640, 3), Seems like there is a tv ahead.
Sticking to last point.
Best value: 11.31%
Step: 232 | Mode: explore | Action: 1
BLIP2ITMClient.cosine: (480, 640, 3), Seems like there is a tv ahead.
BLIP2ITMClient.cosine: (480, 640, 3), Seems like there is a tv ahead.
Sticking to last point.
Best value: 11.31%
Step: 233 | Mode: explore | Action: 2
BLIP2ITMClient.cosine: (480, 640, 3), Seems like there is a tv ahead.
Sticking to last point.
Best value: 11.31%
Step: 234 | Mode: explore | Action: 1
BLIP2ITMClient.cosine: (480, 640, 3), Seems like there is a tv ahead.
Sticking to last point.
Best value: 11.31%
Step: 235 | Mode: explore | Action: 1
BLIP2ITMClient.cosine: (480, 640, 3), Seems like there is a tv ahead.
Sticking to last point.
Best value: 11.31%
Step: 236 | Mode: explore | Action: 3
BLIP2ITMClient.cosine: (480, 640, 3), Seems like there is a tv ahead.
Sticking to last point.
Best value: 11.31%
Step: 237 | Mode: explore | Action: 2
BLIP2ITMClient.cosine: (480, 640, 3), Seems like there is a tv ahead.
Sticking to last point.
Best value: 11.31%
Step: 238 | Mode: explore | Action: 1
BLIP2ITMClient.cosine: (480, 640, 3), Seems like there is a tv ahead.
Sticking to last point.
Best value: 11.31%
Step: 239 | Mode: explore | Action: 1
BLIP2ITMClient.cosine: (480, 640, 3), Seems like there is a tv ahead.
Sticking to last point.
Best value: 11.31%
Step: 240 | Mode: explore | Action: 1
BLIP2ITMClient.cosine: (480, 640, 3), Seems like there is a tv ahead.
Sticking to last point.
Best value: 11.31%
Step: 241 | Mode: explore | Action: 3
BLIP2ITMClient.cosine: (480, 640, 3), Seems like there is a tv ahead.
BLIP2ITMClient.cosine: (480, 640, 3), Seems like there is a tv ahead.
Sticking to last point.
Best value: 10.83%
Step: 242 | Mode: explore | Action: 3
BLIP2ITMClient.cosine: (480, 640, 3), Seems like there is a tv ahead.
Sticking to last point.
Best value: 10.83%
Step: 243 | Mode: explore | Action: 1
BLIP2ITMClient.cosine: (480, 640, 3), Seems like there is a tv ahead.
Sticking to last point.
Best value: 10.83%
Step: 244 | Mode: explore | Action: 3
BLIP2ITMClient.cosine: (480, 640, 3), Seems like there is a tv ahead.
Sticking to last point.
Best value: 10.83%
Step: 245 | Mode: explore | Action: 1
BLIP2ITMClient.cosine: (480, 640, 3), Seems like there is a tv ahead.
BLIP2ITMClient.cosine: (480, 640, 3), Seems like there is a tv ahead.
Sticking to last point.
Best value: 10.11%
Step: 246 | Mode: explore | Action: 2
BLIP2ITMClient.cosine: (480, 640, 3), Seems like there is a tv ahead.
Sticking to last point.
Best value: 10.11%
Step: 247 | Mode: explore | Action: 2
BLIP2ITMClient.cosine: (480, 640, 3), Seems like there is a tv ahead.
Sticking to last point.
Best value: 10.11%
Step: 248 | Mode: explore | Action: 2
BLIP2ITMClient.cosine: (480, 640, 3), Seems like there is a tv ahead.
Sticking to last point.
Best value: 10.11%
Step: 249 | Mode: explore | Action: 3
BLIP2ITMClient.cosine: (480, 640, 3), Seems like there is a tv ahead.
Sticking to last point.
Best value: 10.11%
Step: 250 | Mode: explore | Action: 3
BLIP2ITMClient.cosine: (480, 640, 3), Seems like there is a tv ahead.
Sticking to last point.
Best value: 10.11%
Step: 251 | Mode: explore | Action: 1
BLIP2ITMClient.cosine: (480, 640, 3), Seems like there is a tv ahead.
Sticking to last point.
Best value: 10.11%
Step: 252 | Mode: explore | Action: 3
BLIP2ITMClient.cosine: (480, 640, 3), Seems like there is a tv ahead.
Sticking to last point.
Best value: 10.11%
Step: 253 | Mode: explore | Action: 1
BLIP2ITMClient.cosine: (480, 640, 3), Seems like there is a tv ahead.
BLIP2ITMClient.cosine: (480, 640, 3), Seems like there is a tv ahead.
Sticking to last point.
Best value: 10.47%
Step: 254 | Mode: explore | Action: 2
BLIP2ITMClient.cosine: (480, 640, 3), Seems like there is a tv ahead.
Sticking to last point.
Best value: 10.47%
Step: 255 | Mode: explore | Action: 2
BLIP2ITMClient.cosine: (480, 640, 3), Seems like there is a tv ahead.
Sticking to last point.
Best value: 10.47%
Step: 256 | Mode: explore | Action: 2
BLIP2ITMClient.cosine: (480, 640, 3), Seems like there is a tv ahead.
Sticking to last point.
Best value: 10.47%
Step: 257 | Mode: explore | Action: 3
BLIP2ITMClient.cosine: (480, 640, 3), Seems like there is a tv ahead.
Sticking to last point.
Best value: 10.47%
Step: 258 | Mode: explore | Action: 3
BLIP2ITMClient.cosine: (480, 640, 3), Seems like there is a tv ahead.
Sticking to last point.
Best value: 10.47%
Step: 259 | Mode: explore | Action: 3
BLIP2ITMClient.cosine: (480, 640, 3), Seems like there is a tv ahead.
Sticking to last point.
Best value: 10.47%
Step: 260 | Mode: explore | Action: 1
BLIP2ITMClient.cosine: (480, 640, 3), Seems like there is a tv ahead.
Sticking to last point.
Best value: 10.47%
Step: 261 | Mode: explore | Action: 1
BLIP2ITMClient.cosine: (480, 640, 3), Seems like there is a tv ahead.
Sticking to last point.
Best value: 10.47%
Step: 262 | Mode: explore | Action: 2
BLIP2ITMClient.cosine: (480, 640, 3), Seems like there is a tv ahead.
BLIP2ITMClient.cosine: (480, 640, 3), Seems like there is a tv ahead.
Sticking to last point.
Best value: 9.65%
Step: 263 | Mode: explore | Action: 2
BLIP2ITMClient.cosine: (480, 640, 3), Seems like there is a tv ahead.
Sticking to last point.
Best value: 9.65%
Step: 264 | Mode: explore | Action: 2
BLIP2ITMClient.cosine: (480, 640, 3), Seems like there is a tv ahead.
Sticking to last point.
Best value: 9.65%
Step: 265 | Mode: explore | Action: 2
BLIP2ITMClient.cosine: (480, 640, 3), Seems like there is a tv ahead.
Sticking to last point.
Best value: 9.65%
Step: 266 | Mode: explore | Action: 2
BLIP2ITMClient.cosine: (480, 640, 3), Seems like there is a tv ahead.
Sticking to last point.
Best value: 9.65%
Step: 267 | Mode: explore | Action: 2
BLIP2ITMClient.cosine: (480, 640, 3), Seems like there is a tv ahead.
Sticking to last point.
Best value: 9.65%
Step: 268 | Mode: explore | Action: 1
BLIP2ITMClient.cosine: (480, 640, 3), Seems like there is a tv ahead.
Sticking to last point.
Best value: 9.65%
Step: 269 | Mode: explore | Action: 1
BLIP2ITMClient.cosine: (480, 640, 3), Seems like there is a tv ahead.
Sticking to last point.
Best value: 9.65%
Step: 270 | Mode: explore | Action: 1
BLIP2ITMClient.cosine: (480, 640, 3), Seems like there is a tv ahead.
Sticking to last point.
Best value: 9.65%
Step: 271 | Mode: explore | Action: 3
BLIP2ITMClient.cosine: (480, 640, 3), Seems like there is a tv ahead.
Sticking to last point.
Best value: 9.65%
Step: 272 | Mode: explore | Action: 1
BLIP2ITMClient.cosine: (480, 640, 3), Seems like there is a tv ahead.
Sticking to last point.
Best value: 9.65%
Step: 273 | Mode: explore | Action: 3
BLIP2ITMClient.cosine: (480, 640, 3), Seems like there is a tv ahead.
Sticking to last point.
Best value: 9.65%
Step: 274 | Mode: explore | Action: 1
BLIP2ITMClient.cosine: (480, 640, 3), Seems like there is a tv ahead.
Sticking to last point.
Best value: 9.65%
Step: 275 | Mode: explore | Action: 1
BLIP2ITMClient.cosine: (480, 640, 3), Seems like there is a tv ahead.
Sticking to last point.
Best value: 9.65%
Step: 276 | Mode: explore | Action: 2
BLIP2ITMClient.cosine: (480, 640, 3), Seems like there is a tv ahead.
Sticking to last point.
Best value: 9.65%
Step: 277 | Mode: explore | Action: 1
BLIP2ITMClient.cosine: (480, 640, 3), Seems like there is a tv ahead.
Sticking to last point.
Best value: 9.65%
Step: 278 | Mode: explore | Action: 2
BLIP2ITMClient.cosine: (480, 640, 3), Seems like there is a tv ahead.
Sticking to last point.
Best value: 9.65%
Step: 279 | Mode: explore | Action: 1
BLIP2ITMClient.cosine: (480, 640, 3), Seems like there is a tv ahead.
Sticking to last point.
Best value: 9.65%
Step: 280 | Mode: explore | Action: 3
BLIP2ITMClient.cosine: (480, 640, 3), Seems like there is a tv ahead.
Sticking to last point.
Best value: 9.65%
Step: 281 | Mode: explore | Action: 3
BLIP2ITMClient.cosine: (480, 640, 3), Seems like there is a tv ahead.
Sticking to last point.
Best value: 9.65%
Step: 282 | Mode: explore | Action: 3
BLIP2ITMClient.cosine: (480, 640, 3), Seems like there is a tv ahead.
Sticking to last point.
Best value: 9.65%
Step: 283 | Mode: explore | Action: 3
BLIP2ITMClient.cosine: (480, 640, 3), Seems like there is a tv ahead.
Sticking to last point.
Best value: 9.65%
Step: 284 | Mode: explore | Action: 3
BLIP2ITMClient.cosine: (480, 640, 3), Seems like there is a tv ahead.
Sticking to last point.
Best value: 9.65%
Step: 285 | Mode: explore | Action: 2
BLIP2ITMClient.cosine: (480, 640, 3), Seems like there is a tv ahead.
Sticking to last point.
Best value: 9.65%
Step: 286 | Mode: explore | Action: 2
BLIP2ITMClient.cosine: (480, 640, 3), Seems like there is a tv ahead.
Sticking to last point.
Best value: 9.65%
Step: 287 | Mode: explore | Action: 2
BLIP2ITMClient.cosine: (480, 640, 3), Seems like there is a tv ahead.
Sticking to last point.
Best value: 9.65%
Step: 288 | Mode: explore | Action: 1
BLIP2ITMClient.cosine: (480, 640, 3), Seems like there is a tv ahead.
Sticking to last point.
Best value: 9.65%
Step: 289 | Mode: explore | Action: 2
BLIP2ITMClient.cosine: (480, 640, 3), Seems like there is a tv ahead.
Sticking to last point.
Best value: 9.65%
Step: 290 | Mode: explore | Action: 1
BLIP2ITMClient.cosine: (480, 640, 3), Seems like there is a tv ahead.
Sticking to last point.
Best value: 9.65%
Step: 291 | Mode: explore | Action: 3
BLIP2ITMClient.cosine: (480, 640, 3), Seems like there is a tv ahead.
Sticking to last point.
Best value: 9.65%
Step: 292 | Mode: explore | Action: 3
BLIP2ITMClient.cosine: (480, 640, 3), Seems like there is a tv ahead.
Sticking to last point.
Best value: 9.65%
Step: 293 | Mode: explore | Action: 1
BLIP2ITMClient.cosine: (480, 640, 3), Seems like there is a tv ahead.
Sticking to last point.
Best value: 9.65%
Step: 294 | Mode: explore | Action: 1
BLIP2ITMClient.cosine: (480, 640, 3), Seems like there is a tv ahead.
Sticking to last point.
Best value: 9.65%
Step: 295 | Mode: explore | Action: 3
BLIP2ITMClient.cosine: (480, 640, 3), Seems like there is a tv ahead.
Sticking to last point.
Best value: 9.65%
Step: 296 | Mode: explore | Action: 3
BLIP2ITMClient.cosine: (480, 640, 3), Seems like there is a tv ahead.
Sticking to last point.
Best value: 9.65%
Step: 297 | Mode: explore | Action: 3
BLIP2ITMClient.cosine: (480, 640, 3), Seems like there is a tv ahead.
Sticking to last point.
Best value: 9.65%
Step: 298 | Mode: explore | Action: 2
BLIP2ITMClient.cosine: (480, 640, 3), Seems like there is a tv ahead.
Sticking to last point.
Best value: 9.65%
Step: 299 | Mode: explore | Action: 2
BLIP2ITMClient.cosine: (480, 640, 3), Seems like there is a tv ahead.
Sticking to last point.
Best value: 9.65%
Step: 300 | Mode: explore | Action: 2
BLIP2ITMClient.cosine: (480, 640, 3), Seems like there is a tv ahead.
Sticking to last point.
Best value: 9.65%
Step: 301 | Mode: explore | Action: 1
BLIP2ITMClient.cosine: (480, 640, 3), Seems like there is a tv ahead.
Sticking to last point.
Best value: 9.65%
Step: 302 | Mode: explore | Action: 2
BLIP2ITMClient.cosine: (480, 640, 3), Seems like there is a tv ahead.
Sticking to last point.
Best value: 9.65%
Step: 303 | Mode: explore | Action: 1
BLIP2ITMClient.cosine: (480, 640, 3), Seems like there is a tv ahead.
Sticking to last point.
Best value: 9.65%
Step: 304 | Mode: explore | Action: 2
BLIP2ITMClient.cosine: (480, 640, 3), Seems like there is a tv ahead.
Sticking to last point.
Best value: 9.65%
Step: 305 | Mode: explore | Action: 1
BLIP2ITMClient.cosine: (480, 640, 3), Seems like there is a tv ahead.
Sticking to last point.
Best value: 9.65%
Step: 306 | Mode: explore | Action: 3
BLIP2ITMClient.cosine: (480, 640, 3), Seems like there is a tv ahead.
Sticking to last point.
Best value: 9.65%
Step: 307 | Mode: explore | Action: 3
BLIP2ITMClient.cosine: (480, 640, 3), Seems like there is a tv ahead.
Sticking to last point.
Best value: 9.65%
Step: 308 | Mode: explore | Action: 1
BLIP2ITMClient.cosine: (480, 640, 3), Seems like there is a tv ahead.
Sticking to last point.
Best value: 9.65%
Step: 309 | Mode: explore | Action: 3
BLIP2ITMClient.cosine: (480, 640, 3), Seems like there is a tv ahead.
Sticking to last point.
Best value: 9.65%
Step: 310 | Mode: explore | Action: 3
BLIP2ITMClient.cosine: (480, 640, 3), Seems like there is a tv ahead.
Sticking to last point.
Best value: 9.65%
Step: 311 | Mode: explore | Action: 3
BLIP2ITMClient.cosine: (480, 640, 3), Seems like there is a tv ahead.
Sticking to last point.
Best value: 9.65%
Step: 312 | Mode: explore | Action: 2
BLIP2ITMClient.cosine: (480, 640, 3), Seems like there is a tv ahead.
Sticking to last point.
Best value: 9.65%
Step: 313 | Mode: explore | Action: 2
BLIP2ITMClient.cosine: (480, 640, 3), Seems like there is a tv ahead.
Sticking to last point.
Best value: 9.65%
Step: 314 | Mode: explore | Action: 2
BLIP2ITMClient.cosine: (480, 640, 3), Seems like there is a tv ahead.
Sticking to last point.
Best value: 9.65%
Step: 315 | Mode: explore | Action: 3
BLIP2ITMClient.cosine: (480, 640, 3), Seems like there is a tv ahead.
Sticking to last point.
Best value: 9.65%
Step: 316 | Mode: explore | Action: 3
BLIP2ITMClient.cosine: (480, 640, 3), Seems like there is a tv ahead.
Sticking to last point.
Best value: 9.65%
Step: 317 | Mode: explore | Action: 3
BLIP2ITMClient.cosine: (480, 640, 3), Seems like there is a tv ahead.
Sticking to last point.
Best value: 9.65%
Step: 318 | Mode: explore | Action: 3
BLIP2ITMClient.cosine: (480, 640, 3), Seems like there is a tv ahead.
Sticking to last point.
Best value: 9.65%
Step: 319 | Mode: explore | Action: 3
BLIP2ITMClient.cosine: (480, 640, 3), Seems like there is a tv ahead.
Sticking to last point.
Best value: 9.65%
Step: 320 | Mode: explore | Action: 1
BLIP2ITMClient.cosine: (480, 640, 3), Seems like there is a tv ahead.
Sticking to last point.
Best value: 9.65%
Step: 321 | Mode: explore | Action: 1
BLIP2ITMClient.cosine: (480, 640, 3), Seems like there is a tv ahead.
Sticking to last point.
Best value: 9.65%
Step: 322 | Mode: explore | Action: 1
BLIP2ITMClient.cosine: (480, 640, 3), Seems like there is a tv ahead.
Sticking to last point.
Best value: 9.65%
Step: 323 | Mode: explore | Action: 2
BLIP2ITMClient.cosine: (480, 640, 3), Seems like there is a tv ahead.
Sticking to last point.
Best value: 9.65%
Step: 324 | Mode: explore | Action: 1
BLIP2ITMClient.cosine: (480, 640, 3), Seems like there is a tv ahead.
Sticking to last point.
Best value: 9.65%
Step: 325 | Mode: explore | Action: 1
BLIP2ITMClient.cosine: (480, 640, 3), Seems like there is a tv ahead.
Sticking to last point.
Best value: 9.65%
Step: 326 | Mode: explore | Action: 1
BLIP2ITMClient.cosine: (480, 640, 3), Seems like there is a tv ahead.
Sticking to last point.
Best value: 9.65%
Step: 327 | Mode: explore | Action: 2
BLIP2ITMClient.cosine: (480, 640, 3), Seems like there is a tv ahead.
Sticking to last point.
Best value: 9.65%
Step: 328 | Mode: explore | Action: 1
BLIP2ITMClient.cosine: (480, 640, 3), Seems like there is a tv ahead.
Sticking to last point.
Best value: 9.65%
Step: 329 | Mode: explore | Action: 3
BLIP2ITMClient.cosine: (480, 640, 3), Seems like there is a tv ahead.
Sticking to last point.
Best value: 9.65%
Step: 330 | Mode: explore | Action: 1
BLIP2ITMClient.cosine: (480, 640, 3), Seems like there is a tv ahead.
Sticking to last point.
Best value: 9.65%
Step: 331 | Mode: explore | Action: 2
BLIP2ITMClient.cosine: (480, 640, 3), Seems like there is a tv ahead.
Sticking to last point.
Best value: 9.65%
Step: 332 | Mode: explore | Action: 1
BLIP2ITMClient.cosine: (480, 640, 3), Seems like there is a tv ahead.
Sticking to last point.
Best value: 9.65%
Step: 333 | Mode: explore | Action: 1
BLIP2ITMClient.cosine: (480, 640, 3), Seems like there is a tv ahead.
Sticking to last point.
Best value: 9.65%
Step: 334 | Mode: explore | Action: 1
BLIP2ITMClient.cosine: (480, 640, 3), Seems like there is a tv ahead.
Sticking to last point.
Best value: 9.65%
Step: 335 | Mode: explore | Action: 2
BLIP2ITMClient.cosine: (480, 640, 3), Seems like there is a tv ahead.
BLIP2ITMClient.cosine: (480, 640, 3), Seems like there is a tv ahead.
Sticking to last point.
Best value: 12.25%
Step: 336 | Mode: explore | Action: 2
BLIP2ITMClient.cosine: (480, 640, 3), Seems like there is a tv ahead.
Sticking to last point.
Best value: 12.25%
Step: 337 | Mode: explore | Action: 3
BLIP2ITMClient.cosine: (480, 640, 3), Seems like there is a tv ahead.
Sticking to last point.
Best value: 12.25%
Step: 338 | Mode: explore | Action: 1
BLIP2ITMClient.cosine: (480, 640, 3), Seems like there is a tv ahead.
BLIP2ITMClient.cosine: (480, 640, 3), Seems like there is a tv ahead.
Best value: 12.87%
Step: 339 | Mode: explore | Action: 3
BLIP2ITMClient.cosine: (480, 640, 3), Seems like there is a tv ahead.
Sticking to last point.
Best value: 12.87%
Step: 340 | Mode: explore | Action: 3
BLIP2ITMClient.cosine: (480, 640, 3), Seems like there is a tv ahead.
Sticking to last point.
Best value: 12.87%
Step: 341 | Mode: explore | Action: 3
BLIP2ITMClient.cosine: (480, 640, 3), Seems like there is a tv ahead.
Sticking to last point.
Best value: 12.87%
Step: 342 | Mode: explore | Action: 3
BLIP2ITMClient.cosine: (480, 640, 3), Seems like there is a tv ahead.
Sticking to last point.
Best value: 12.87%
Step: 343 | Mode: explore | Action: 3
BLIP2ITMClient.cosine: (480, 640, 3), Seems like there is a tv ahead.
Sticking to last point.
Best value: 12.87%
Step: 344 | Mode: explore | Action: 3
BLIP2ITMClient.cosine: (480, 640, 3), Seems like there is a tv ahead.
Sticking to last point.
Best value: 12.87%
Step: 345 | Mode: explore | Action: 1
BLIP2ITMClient.cosine: (480, 640, 3), Seems like there is a tv ahead.
Sticking to last point.
Best value: 12.87%
Step: 346 | Mode: explore | Action: 3
BLIP2ITMClient.cosine: (480, 640, 3), Seems like there is a tv ahead.
Sticking to last point.
Best value: 12.87%
Step: 347 | Mode: explore | Action: 1
BLIP2ITMClient.cosine: (480, 640, 3), Seems like there is a tv ahead.
Sticking to last point.
Best value: 12.87%
Step: 348 | Mode: explore | Action: 2
BLIP2ITMClient.cosine: (480, 640, 3), Seems like there is a tv ahead.
Sticking to last point.
Best value: 12.87%
Step: 349 | Mode: explore | Action: 1
BLIP2ITMClient.cosine: (480, 640, 3), Seems like there is a tv ahead.
Sticking to last point.
Best value: 12.87%
Step: 350 | Mode: explore | Action: 1
BLIP2ITMClient.cosine: (480, 640, 3), Seems like there is a tv ahead.
Sticking to last point.
Best value: 12.87%
Step: 351 | Mode: explore | Action: 1
BLIP2ITMClient.cosine: (480, 640, 3), Seems like there is a tv ahead.
Sticking to last point.
Best value: 12.87%
Step: 352 | Mode: explore | Action: 2
BLIP2ITMClient.cosine: (480, 640, 3), Seems like there is a tv ahead.
Sticking to last point.
Best value: 12.87%
Step: 353 | Mode: explore | Action: 1
BLIP2ITMClient.cosine: (480, 640, 3), Seems like there is a tv ahead.
Sticking to last point.
Best value: 12.87%
Step: 354 | Mode: explore | Action: 1
BLIP2ITMClient.cosine: (480, 640, 3), Seems like there is a tv ahead.
Sticking to last point.
Best value: 12.87%
Step: 355 | Mode: explore | Action: 3
BLIP2ITMClient.cosine: (480, 640, 3), Seems like there is a tv ahead.
Sticking to last point.
Best value: 12.87%
Step: 356 | Mode: explore | Action: 1
BLIP2ITMClient.cosine: (480, 640, 3), Seems like there is a tv ahead.
Sticking to last point.
Best value: 12.87%
Step: 357 | Mode: explore | Action: 2
BLIP2ITMClient.cosine: (480, 640, 3), Seems like there is a tv ahead.
Sticking to last point.
Best value: 12.87%
Step: 358 | Mode: explore | Action: 2
BLIP2ITMClient.cosine: (480, 640, 3), Seems like there is a tv ahead.
Sticking to last point.
Best value: 12.87%
Step: 359 | Mode: explore | Action: 1
BLIP2ITMClient.cosine: (480, 640, 3), Seems like there is a tv ahead.
Sticking to last point.
Best value: 12.87%
Step: 360 | Mode: explore | Action: 2
BLIP2ITMClient.cosine: (480, 640, 3), Seems like there is a tv ahead.
Sticking to last point.
Best value: 12.87%
Step: 361 | Mode: explore | Action: 1
BLIP2ITMClient.cosine: (480, 640, 3), Seems like there is a tv ahead.
Sticking to last point.
Best value: 12.87%
Step: 362 | Mode: explore | Action: 2
BLIP2ITMClient.cosine: (480, 640, 3), Seems like there is a tv ahead.
BLIP2ITMClient.cosine: (480, 640, 3), Seems like there is a tv ahead.
Best value: 11.55%
Step: 363 | Mode: explore | Action: 1
BLIP2ITMClient.cosine: (480, 640, 3), Seems like there is a tv ahead.
Sticking to last point.
Best value: 11.55%
Step: 364 | Mode: explore | Action: 2
BLIP2ITMClient.cosine: (480, 640, 3), Seems like there is a tv ahead.
Sticking to last point.
Best value: 11.55%
Step: 365 | Mode: explore | Action: 1
BLIP2ITMClient.cosine: (480, 640, 3), Seems like there is a tv ahead.
Sticking to last point.
Best value: 11.55%
Step: 366 | Mode: explore | Action: 1
BLIP2ITMClient.cosine: (480, 640, 3), Seems like there is a tv ahead.
Sticking to last point.
Best value: 11.55%
Step: 367 | Mode: explore | Action: 1
BLIP2ITMClient.cosine: (480, 640, 3), Seems like there is a tv ahead.
BLIP2ITMClient.cosine: (480, 640, 3), Seems like there is a tv ahead.
Sticking to last point.
Best value: 18.24%
Step: 368 | Mode: explore | Action: 1
BLIP2ITMClient.cosine: (480, 640, 3), Seems like there is a tv ahead.
BLIP2ITMClient.cosine: (480, 640, 3), Seems like there is a tv ahead.
Best value: 16.45%
Step: 369 | Mode: explore | Action: 2
BLIP2ITMClient.cosine: (480, 640, 3), Seems like there is a tv ahead.
Sticking to last point.
Best value: 16.45%
Step: 370 | Mode: explore | Action: 1
BLIP2ITMClient.cosine: (480, 640, 3), Seems like there is a tv ahead.
Sticking to last point.
Best value: 16.45%
Step: 371 | Mode: explore | Action: 3
BLIP2ITMClient.cosine: (480, 640, 3), Seems like there is a tv ahead.
Sticking to last point.
Best value: 16.45%
Step: 372 | Mode: explore | Action: 1
BLIP2ITMClient.cosine: (480, 640, 3), Seems like there is a tv ahead.
BLIP2ITMClient.cosine: (480, 640, 3), Seems like there is a tv ahead.
Sticking to last point.
Best value: 16.53%
Step: 373 | Mode: explore | Action: 1
BLIP2ITMClient.cosine: (480, 640, 3), Seems like there is a tv ahead.
BLIP2ITMClient.cosine: (480, 640, 3), Seems like there is a tv ahead.
Sticking to last point.
Best value: 18.28%
Step: 374 | Mode: explore | Action: 1
BLIP2ITMClient.cosine: (480, 640, 3), Seems like there is a tv ahead.
Sticking to last point.
Best value: 18.28%
Step: 375 | Mode: explore | Action: 1
BLIP2ITMClient.cosine: (480, 640, 3), Seems like there is a tv ahead.
Sticking to last point.
Best value: 18.28%
Step: 376 | Mode: explore | Action: 1
BLIP2ITMClient.cosine: (480, 640, 3), Seems like there is a tv ahead.
Sticking to last point.
Best value: 18.28%
Step: 377 | Mode: explore | Action: 1
BLIP2ITMClient.cosine: (480, 640, 3), Seems like there is a tv ahead.
Sticking to last point.
Best value: 18.28%
Step: 378 | Mode: explore | Action: 2
BLIP2ITMClient.cosine: (480, 640, 3), Seems like there is a tv ahead.
Sticking to last point.
Best value: 18.28%
Step: 379 | Mode: explore | Action: 1
BLIP2ITMClient.cosine: (480, 640, 3), Seems like there is a tv ahead.
Sticking to last point.
Best value: 18.28%
Step: 380 | Mode: explore | Action: 2
BLIP2ITMClient.cosine: (480, 640, 3), Seems like there is a tv ahead.
Sticking to last point.
Best value: 18.28%
Step: 381 | Mode: explore | Action: 1
BLIP2ITMClient.cosine: (480, 640, 3), Seems like there is a tv ahead.
Sticking to last point.
Best value: 18.28%
Step: 382 | Mode: explore | Action: 3
BLIP2ITMClient.cosine: (480, 640, 3), Seems like there is a tv ahead.
BLIP2ITMClient.cosine: (480, 640, 3), Seems like there is a tv ahead.
Sticking to last point.
Best value: 18.28%
Step: 383 | Mode: explore | Action: 3
BLIP2ITMClient.cosine: (480, 640, 3), Seems like there is a tv ahead.
BLIP2ITMClient.cosine: (480, 640, 3), Seems like there is a tv ahead.
Best value: 17.37%
Step: 384 | Mode: explore | Action: 1
BLIP2ITMClient.cosine: (480, 640, 3), Seems like there is a tv ahead.
BLIP2ITMClient.cosine: (480, 640, 3), Seems like there is a tv ahead.
Sticking to last point.
Best value: 17.37%
Step: 385 | Mode: explore | Action: 3
BLIP2ITMClient.cosine: (480, 640, 3), Seems like there is a tv ahead.
BLIP2ITMClient.cosine: (480, 640, 3), Seems like there is a tv ahead.
Best value: 18.94%
Step: 386 | Mode: explore | Action: 1
BLIP2ITMClient.cosine: (480, 640, 3), Seems like there is a tv ahead.
Sticking to last point.
Best value: 18.94%
Step: 387 | Mode: explore | Action: 1
BLIP2ITMClient.cosine: (480, 640, 3), Seems like there is a tv ahead.
Sticking to last point.
Best value: 18.94%
Step: 388 | Mode: explore | Action: 3
BLIP2ITMClient.cosine: (480, 640, 3), Seems like there is a tv ahead.
BLIP2ITMClient.cosine: (480, 640, 3), Seems like there is a tv ahead.
Best value: 15.64%
Step: 389 | Mode: explore | Action: 1
BLIP2ITMClient.cosine: (480, 640, 3), Seems like there is a tv ahead.
BLIP2ITMClient.cosine: (480, 640, 3), Seems like there is a tv ahead.
Sticking to last point.
Best value: 15.64%
Step: 390 | Mode: explore | Action: 3
BLIP2ITMClient.cosine: (480, 640, 3), Seems like there is a tv ahead.
BLIP2ITMClient.cosine: (480, 640, 3), Seems like there is a tv ahead.
Sticking to last point.
Best value: 14.74%
Step: 391 | Mode: explore | Action: 1
BLIP2ITMClient.cosine: (480, 640, 3), Seems like there is a tv ahead.
Sticking to last point.
Best value: 14.74%
Step: 392 | Mode: explore | Action: 1
BLIP2ITMClient.cosine: (480, 640, 3), Seems like there is a tv ahead.
Sticking to last point.
Best value: 14.74%
Step: 393 | Mode: explore | Action: 1
BLIP2ITMClient.cosine: (480, 640, 3), Seems like there is a tv ahead.
BLIP2ITMClient.cosine: (480, 640, 3), Seems like there is a tv ahead.
Sticking to last point.
Best value: 15.02%
Step: 394 | Mode: explore | Action: 3
BLIP2ITMClient.cosine: (480, 640, 3), Seems like there is a tv ahead.
BLIP2ITMClient.cosine: (480, 640, 3), Seems like there is a tv ahead.
Sticking to last point.
Best value: 14.24%
Step: 395 | Mode: explore | Action: 1
BLIP2ITMClient.cosine: (480, 640, 3), Seems like there is a tv ahead.
BLIP2ITMClient.cosine: (480, 640, 3), Seems like there is a tv ahead.
Best value: 15.08%
Step: 396 | Mode: explore | Action: 3
BLIP2ITMClient.cosine: (480, 640, 3), Seems like there is a tv ahead.
Sticking to last point.
Best value: 15.08%
Step: 397 | Mode: explore | Action: 2
BLIP2ITMClient.cosine: (480, 640, 3), Seems like there is a tv ahead.
Sticking to last point.
Best value: 15.08%
Step: 398 | Mode: explore | Action: 1
BLIP2ITMClient.cosine: (480, 640, 3), Seems like there is a tv ahead.
Sticking to last point.
Best value: 15.08%
Step: 399 | Mode: explore | Action: 3
BLIP2ITMClient.cosine: (480, 640, 3), Seems like there is a tv ahead.
BLIP2ITMClient.cosine: (480, 640, 3), Seems like there is a tv ahead.
Sticking to last point.
Best value: 15.08%
Step: 400 | Mode: explore | Action: 1
BLIP2ITMClient.cosine: (480, 640, 3), Seems like there is a tv ahead.
Sticking to last point.
Best value: 15.08%
Step: 401 | Mode: explore | Action: 3
BLIP2ITMClient.cosine: (480, 640, 3), Seems like there is a tv ahead.
Sticking to last point.
Best value: 15.08%
Step: 402 | Mode: explore | Action: 1
BLIP2ITMClient.cosine: (480, 640, 3), Seems like there is a tv ahead.
Sticking to last point.
Best value: 15.08%
Step: 403 | Mode: explore | Action: 1
BLIP2ITMClient.cosine: (480, 640, 3), Seems like there is a tv ahead.
Sticking to last point.
Best value: 15.08%
Step: 404 | Mode: explore | Action: 2
BLIP2ITMClient.cosine: (480, 640, 3), Seems like there is a tv ahead.
Sticking to last point.
Best value: 15.08%
Step: 405 | Mode: explore | Action: 1
BLIP2ITMClient.cosine: (480, 640, 3), Seems like there is a tv ahead.
Sticking to last point.
Best value: 15.08%
Step: 406 | Mode: explore | Action: 2
BLIP2ITMClient.cosine: (480, 640, 3), Seems like there is a tv ahead.
Sticking to last point.
Best value: 15.08%
Step: 407 | Mode: explore | Action: 1
BLIP2ITMClient.cosine: (480, 640, 3), Seems like there is a tv ahead.
Sticking to last point.
Best value: 15.08%
Step: 408 | Mode: explore | Action: 3
BLIP2ITMClient.cosine: (480, 640, 3), Seems like there is a tv ahead.
Sticking to last point.
Best value: 15.08%
Step: 409 | Mode: explore | Action: 3
BLIP2ITMClient.cosine: (480, 640, 3), Seems like there is a tv ahead.
Sticking to last point.
Best value: 15.08%
Step: 410 | Mode: explore | Action: 3
BLIP2ITMClient.cosine: (480, 640, 3), Seems like there is a tv ahead.
Sticking to last point.
Best value: 15.08%
Step: 411 | Mode: explore | Action: 1
BLIP2ITMClient.cosine: (480, 640, 3), Seems like there is a tv ahead.
Sticking to last point.
Best value: 15.08%
Step: 412 | Mode: explore | Action: 3
BLIP2ITMClient.cosine: (480, 640, 3), Seems like there is a tv ahead.
Sticking to last point.
Best value: 15.08%
Step: 413 | Mode: explore | Action: 1
BLIP2ITMClient.cosine: (480, 640, 3), Seems like there is a tv ahead.
Sticking to last point.
Best value: 15.08%
Step: 414 | Mode: explore | Action: 3
BLIP2ITMClient.cosine: (480, 640, 3), Seems like there is a tv ahead.
Sticking to last point.
Best value: 15.08%
Step: 415 | Mode: explore | Action: 1
BLIP2ITMClient.cosine: (480, 640, 3), Seems like there is a tv ahead.
Sticking to last point.
Best value: 15.08%
Step: 416 | Mode: explore | Action: 2
BLIP2ITMClient.cosine: (480, 640, 3), Seems like there is a tv ahead.
Sticking to last point.
Best value: 15.08%
Step: 417 | Mode: explore | Action: 2
BLIP2ITMClient.cosine: (480, 640, 3), Seems like there is a tv ahead.
Sticking to last point.
Best value: 15.08%
Step: 418 | Mode: explore | Action: 2
BLIP2ITMClient.cosine: (480, 640, 3), Seems like there is a tv ahead.
Sticking to last point.
Best value: 15.08%
Step: 419 | Mode: explore | Action: 2
BLIP2ITMClient.cosine: (480, 640, 3), Seems like there is a tv ahead.
Sticking to last point.
Best value: 15.08%
Step: 420 | Mode: explore | Action: 1
BLIP2ITMClient.cosine: (480, 640, 3), Seems like there is a tv ahead.
Sticking to last point.
Best value: 15.08%
Step: 421 | Mode: explore | Action: 2
BLIP2ITMClient.cosine: (480, 640, 3), Seems like there is a tv ahead.
Sticking to last point.
Best value: 15.08%
Step: 422 | Mode: explore | Action: 1
BLIP2ITMClient.cosine: (480, 640, 3), Seems like there is a tv ahead.
Sticking to last point.
Best value: 15.08%
Step: 423 | Mode: explore | Action: 2
BLIP2ITMClient.cosine: (480, 640, 3), Seems like there is a tv ahead.
Sticking to last point.
Best value: 15.08%
Step: 424 | Mode: explore | Action: 1
BLIP2ITMClient.cosine: (480, 640, 3), Seems like there is a tv ahead.
Sticking to last point.
Best value: 15.08%
Step: 425 | Mode: explore | Action: 2
BLIP2ITMClient.cosine: (480, 640, 3), Seems like there is a tv ahead.
BLIP2ITMClient.cosine: (480, 640, 3), Seems like there is a tv ahead.
Sticking to last point.
Best value: 17.55%
Step: 426 | Mode: explore | Action: 1
BLIP2ITMClient.cosine: (480, 640, 3), Seems like there is a tv ahead.
Sticking to last point.
Best value: 17.55%
Step: 427 | Mode: explore | Action: 2
BLIP2ITMClient.cosine: (480, 640, 3), Seems like there is a tv ahead.
Sticking to last point.
Best value: 17.55%
Step: 428 | Mode: explore | Action: 1
BLIP2ITMClient.cosine: (480, 640, 3), Seems like there is a tv ahead.
Sticking to last point.
Best value: 17.55%
Step: 429 | Mode: explore | Action: 2
BLIP2ITMClient.cosine: (480, 640, 3), Seems like there is a tv ahead.
Sticking to last point.
Best value: 17.55%
Step: 430 | Mode: explore | Action: 1
BLIP2ITMClient.cosine: (480, 640, 3), Seems like there is a tv ahead.
Sticking to last point.
Best value: 17.55%
Step: 431 | Mode: explore | Action: 3
BLIP2ITMClient.cosine: (480, 640, 3), Seems like there is a tv ahead.
Sticking to last point.
Best value: 17.55%
Step: 432 | Mode: explore | Action: 1
BLIP2ITMClient.cosine: (480, 640, 3), Seems like there is a tv ahead.
Sticking to last point.
Best value: 17.55%
Step: 433 | Mode: explore | Action: 1
BLIP2ITMClient.cosine: (480, 640, 3), Seems like there is a tv ahead.
Sticking to last point.
Best value: 17.55%
Step: 434 | Mode: explore | Action: 3
BLIP2ITMClient.cosine: (480, 640, 3), Seems like there is a tv ahead.
Sticking to last point.
Best value: 17.55%
Step: 435 | Mode: explore | Action: 1
BLIP2ITMClient.cosine: (480, 640, 3), Seems like there is a tv ahead.
Sticking to last point.
Best value: 17.55%
Step: 436 | Mode: explore | Action: 1
BLIP2ITMClient.cosine: (480, 640, 3), Seems like there is a tv ahead.
BLIP2ITMClient.cosine: (480, 640, 3), Seems like there is a tv ahead.
Best value: 13.40%
Step: 437 | Mode: explore | Action: 3
BLIP2ITMClient.cosine: (480, 640, 3), Seems like there is a tv ahead.
Sticking to last point.
Best value: 13.40%
Step: 438 | Mode: explore | Action: 3
BLIP2ITMClient.cosine: (480, 640, 3), Seems like there is a tv ahead.
Sticking to last point.
Best value: 13.40%
Step: 439 | Mode: explore | Action: 3
BLIP2ITMClient.cosine: (480, 640, 3), Seems like there is a tv ahead.
Sticking to last point.
Best value: 13.40%
Step: 440 | Mode: explore | Action: 3
BLIP2ITMClient.cosine: (480, 640, 3), Seems like there is a tv ahead.
Sticking to last point.
Best value: 13.40%
Step: 441 | Mode: explore | Action: 3
BLIP2ITMClient.cosine: (480, 640, 3), Seems like there is a tv ahead.
Sticking to last point.
Best value: 13.40%
Step: 442 | Mode: explore | Action: 1
BLIP2ITMClient.cosine: (480, 640, 3), Seems like there is a tv ahead.
Sticking to last point.
Best value: 13.40%
Step: 443 | Mode: explore | Action: 3
BLIP2ITMClient.cosine: (480, 640, 3), Seems like there is a tv ahead.
Sticking to last point.
Best value: 13.40%
Step: 444 | Mode: explore | Action: 1
BLIP2ITMClient.cosine: (480, 640, 3), Seems like there is a tv ahead.
Sticking to last point.
Best value: 13.40%
Step: 445 | Mode: explore | Action: 1
BLIP2ITMClient.cosine: (480, 640, 3), Seems like there is a tv ahead.
Sticking to last point.
Best value: 13.40%
Step: 446 | Mode: explore | Action: 2
BLIP2ITMClient.cosine: (480, 640, 3), Seems like there is a tv ahead.
Sticking to last point.
Best value: 13.40%
Step: 447 | Mode: explore | Action: 1
BLIP2ITMClient.cosine: (480, 640, 3), Seems like there is a tv ahead.
Sticking to last point.
Best value: 13.40%
Step: 448 | Mode: explore | Action: 2
BLIP2ITMClient.cosine: (480, 640, 3), Seems like there is a tv ahead.
Sticking to last point.
Best value: 13.40%
Step: 449 | Mode: explore | Action: 1
BLIP2ITMClient.cosine: (480, 640, 3), Seems like there is a tv ahead.
Sticking to last point.
Best value: 13.40%
Step: 450 | Mode: explore | Action: 1
  4%|▎         | 14/400 [16:41<9:46:20, 91.14s/it]  4%|▎         | 14/400 [16:41<7:40:10, 71.53s/it]
BLIP2ITMClient.cosine: (480, 640, 3), Seems like there is a tv ahead.
Sticking to last point.
Best value: 13.40%
Step: 451 | Mode: explore | Action: 3
BLIP2ITMClient.cosine: (480, 640, 3), Seems like there is a tv ahead.
Sticking to last point.
Best value: 13.40%
Step: 452 | Mode: explore | Action: 1
BLIP2ITMClient.cosine: (480, 640, 3), Seems like there is a tv ahead.
Sticking to last point.
Best value: 13.40%
Step: 453 | Mode: explore | Action: 3
BLIP2ITMClient.cosine: (480, 640, 3), Seems like there is a tv ahead.
Sticking to last point.
Best value: 13.40%
Step: 454 | Mode: explore | Action: 1
BLIP2ITMClient.cosine: (480, 640, 3), Seems like there is a tv ahead.
Sticking to last point.
Best value: 13.40%
Step: 455 | Mode: explore | Action: 3
BLIP2ITMClient.cosine: (480, 640, 3), Seems like there is a tv ahead.
Sticking to last point.
Best value: 13.40%
Step: 456 | Mode: explore | Action: 1
BLIP2ITMClient.cosine: (480, 640, 3), Seems like there is a tv ahead.
Sticking to last point.
Best value: 13.40%
Step: 457 | Mode: explore | Action: 2
BLIP2ITMClient.cosine: (480, 640, 3), Seems like there is a tv ahead.
Sticking to last point.
Best value: 13.40%
Step: 458 | Mode: explore | Action: 2
BLIP2ITMClient.cosine: (480, 640, 3), Seems like there is a tv ahead.
Sticking to last point.
Best value: 13.40%
Step: 459 | Mode: explore | Action: 2
BLIP2ITMClient.cosine: (480, 640, 3), Seems like there is a tv ahead.
Sticking to last point.
Best value: 13.40%
Step: 460 | Mode: explore | Action: 1
BLIP2ITMClient.cosine: (480, 640, 3), Seems like there is a tv ahead.
Sticking to last point.
Best value: 13.40%
Step: 461 | Mode: explore | Action: 2
BLIP2ITMClient.cosine: (480, 640, 3), Seems like there is a tv ahead.
Sticking to last point.
Best value: 13.40%
Step: 462 | Mode: explore | Action: 1
BLIP2ITMClient.cosine: (480, 640, 3), Seems like there is a tv ahead.
Sticking to last point.
Best value: 13.40%
Step: 463 | Mode: explore | Action: 2
BLIP2ITMClient.cosine: (480, 640, 3), Seems like there is a tv ahead.
Sticking to last point.
Best value: 13.40%
Step: 464 | Mode: explore | Action: 1
BLIP2ITMClient.cosine: (480, 640, 3), Seems like there is a tv ahead.
Sticking to last point.
Best value: 13.40%
Step: 465 | Mode: explore | Action: 3
BLIP2ITMClient.cosine: (480, 640, 3), Seems like there is a tv ahead.
Sticking to last point.
Best value: 13.40%
Step: 466 | Mode: explore | Action: 3
BLIP2ITMClient.cosine: (480, 640, 3), Seems like there is a tv ahead.
Sticking to last point.
Best value: 13.40%
Step: 467 | Mode: explore | Action: 3
BLIP2ITMClient.cosine: (480, 640, 3), Seems like there is a tv ahead.
Sticking to last point.
Best value: 13.40%
Step: 468 | Mode: explore | Action: 1
BLIP2ITMClient.cosine: (480, 640, 3), Seems like there is a tv ahead.
Sticking to last point.
Best value: 13.40%
Step: 469 | Mode: explore | Action: 3
BLIP2ITMClient.cosine: (480, 640, 3), Seems like there is a tv ahead.
Sticking to last point.
Best value: 13.40%
Step: 470 | Mode: explore | Action: 1
BLIP2ITMClient.cosine: (480, 640, 3), Seems like there is a tv ahead.
Sticking to last point.
Best value: 13.40%
Step: 471 | Mode: explore | Action: 3
BLIP2ITMClient.cosine: (480, 640, 3), Seems like there is a tv ahead.
Sticking to last point.
Best value: 13.40%
Step: 472 | Mode: explore | Action: 1
BLIP2ITMClient.cosine: (480, 640, 3), Seems like there is a tv ahead.
Sticking to last point.
Best value: 13.40%
Step: 473 | Mode: explore | Action: 2
BLIP2ITMClient.cosine: (480, 640, 3), Seems like there is a tv ahead.
Sticking to last point.
Best value: 13.40%
Step: 474 | Mode: explore | Action: 2
BLIP2ITMClient.cosine: (480, 640, 3), Seems like there is a tv ahead.
Sticking to last point.
Best value: 13.40%
Step: 475 | Mode: explore | Action: 2
BLIP2ITMClient.cosine: (480, 640, 3), Seems like there is a tv ahead.
Sticking to last point.
Best value: 13.40%
Step: 476 | Mode: explore | Action: 1
BLIP2ITMClient.cosine: (480, 640, 3), Seems like there is a tv ahead.
Sticking to last point.
Best value: 13.40%
Step: 477 | Mode: explore | Action: 2
BLIP2ITMClient.cosine: (480, 640, 3), Seems like there is a tv ahead.
Sticking to last point.
Best value: 13.40%
Step: 478 | Mode: explore | Action: 1
BLIP2ITMClient.cosine: (480, 640, 3), Seems like there is a tv ahead.
Sticking to last point.
Best value: 13.40%
Step: 479 | Mode: explore | Action: 2
BLIP2ITMClient.cosine: (480, 640, 3), Seems like there is a tv ahead.
Sticking to last point.
Best value: 13.40%
Step: 480 | Mode: explore | Action: 1
BLIP2ITMClient.cosine: (480, 640, 3), Seems like there is a tv ahead.
Sticking to last point.
Best value: 13.40%
Step: 481 | Mode: explore | Action: 2
BLIP2ITMClient.cosine: (480, 640, 3), Seems like there is a tv ahead.
Sticking to last point.
Best value: 13.40%
Step: 482 | Mode: explore | Action: 1
BLIP2ITMClient.cosine: (480, 640, 3), Seems like there is a tv ahead.
Sticking to last point.
Best value: 13.40%
Step: 483 | Mode: explore | Action: 3
BLIP2ITMClient.cosine: (480, 640, 3), Seems like there is a tv ahead.
Sticking to last point.
Best value: 13.40%
Step: 484 | Mode: explore | Action: 3
BLIP2ITMClient.cosine: (480, 640, 3), Seems like there is a tv ahead.
Sticking to last point.
Best value: 13.40%
Step: 485 | Mode: explore | Action: 3
BLIP2ITMClient.cosine: (480, 640, 3), Seems like there is a tv ahead.
Sticking to last point.
Best value: 13.40%
Step: 486 | Mode: explore | Action: 1
BLIP2ITMClient.cosine: (480, 640, 3), Seems like there is a tv ahead.
Sticking to last point.
Best value: 13.40%
Step: 487 | Mode: explore | Action: 3
BLIP2ITMClient.cosine: (480, 640, 3), Seems like there is a tv ahead.
Sticking to last point.
Best value: 13.40%
Step: 488 | Mode: explore | Action: 1
BLIP2ITMClient.cosine: (480, 640, 3), Seems like there is a tv ahead.
Sticking to last point.
Best value: 13.40%
Step: 489 | Mode: explore | Action: 3
BLIP2ITMClient.cosine: (480, 640, 3), Seems like there is a tv ahead.
Sticking to last point.
Best value: 13.40%
Step: 490 | Mode: explore | Action: 1
BLIP2ITMClient.cosine: (480, 640, 3), Seems like there is a tv ahead.
Sticking to last point.
Best value: 13.40%
Step: 491 | Mode: explore | Action: 3
BLIP2ITMClient.cosine: (480, 640, 3), Seems like there is a tv ahead.
Sticking to last point.
Best value: 13.40%
Step: 492 | Mode: explore | Action: 1
BLIP2ITMClient.cosine: (480, 640, 3), Seems like there is a tv ahead.
Sticking to last point.
Best value: 13.40%
Step: 493 | Mode: explore | Action: 3
BLIP2ITMClient.cosine: (480, 640, 3), Seems like there is a tv ahead.
Sticking to last point.
Best value: 13.40%
Step: 494 | Mode: explore | Action: 3
BLIP2ITMClient.cosine: (480, 640, 3), Seems like there is a tv ahead.
Sticking to last point.
Best value: 13.40%
Step: 495 | Mode: explore | Action: 3
BLIP2ITMClient.cosine: (480, 640, 3), Seems like there is a tv ahead.
Sticking to last point.
Best value: 13.40%
Step: 496 | Mode: explore | Action: 1
BLIP2ITMClient.cosine: (480, 640, 3), Seems like there is a tv ahead.
Sticking to last point.
Best value: 13.40%
Step: 497 | Mode: explore | Action: 1
BLIP2ITMClient.cosine: (480, 640, 3), Seems like there is a tv ahead.
Sticking to last point.
Best value: 13.40%
Step: 498 | Mode: explore | Action: 2
BLIP2ITMClient.cosine: (480, 640, 3), Seems like there is a tv ahead.
Sticking to last point.
Best value: 13.40%
Step: 499 | Mode: explore | Action: 2
[traj] episode 196 — unknown
Episode 166 in scene Wiconisco failed due to 'never_saw_target_did_not_travel_stairs_likely_infeasible'.
[traj] captured failure_cause: never_saw_target_did_not_travel_stairs_likely_infeasible
[traj] value map: max=0.2274, nonzero=49996
[traj] saved episode Wiconisco_166 (500 steps, failed)
Error executing job with overrides: ['habitat_baselines.evaluate=True', 'habitat_baselines.test_episode_count=-1', 'habitat.dataset.data_path=data/datasets/objectnav/gibson/v1.1/val/Wiconisco_full.json.gz', 'habitat.dataset.content_scenes=[Wiconisco]', 'habitat_baselines.num_environments=1']
Traceback (most recent call last):
  File "/workspace/vlfm/vlfm/run.py", line 57, in main
    execute_exp(cfg, "eval" if cfg.habitat_baselines.evaluate else "train")
  File "/opt/conda/envs/DCON/lib/python3.9/site-packages/habitat_baselines/run.py", line 62, in execute_exp
    trainer.eval()
  File "/opt/conda/envs/DCON/lib/python3.9/site-packages/habitat_baselines/common/base_trainer.py", line 132, in eval
    self._eval_checkpoint(
  File "/workspace/vlfm/vlfm/utils/vlfm_trainer.py", line 337, in _eval_checkpoint
    assert (
AssertionError: Expected 400 episodes, got 14.

Set the environment variable HYDRA_FULL_ERROR=1 for a complete stack trace.
Exception ignored in: <function VectorEnv.__del__ at 0x7f4ad8e3a790>
Traceback (most recent call last):
  File "/opt/conda/envs/DCON/lib/python3.9/site-packages/habitat/core/vector_env.py", line 589, in __del__
    self.close()
  File "/opt/conda/envs/DCON/lib/python3.9/site-packages/habitat/core/vector_env.py", line 463, in close
    write_fn((CLOSE_COMMAND, None))
  File "/opt/conda/envs/DCON/lib/python3.9/site-packages/habitat/core/vector_env.py", line 129, in __call__
    self.write_fn(data)
  File "/opt/conda/envs/DCON/lib/python3.9/site-packages/habitat/utils/pickle5_multiprocessing.py", line 63, in send
    self.send_bytes(buf.getvalue())
  File "/opt/conda/envs/DCON/lib/python3.9/multiprocessing/connection.py", line 200, in send_bytes
    self._send_bytes(m[offset:offset + size])
  File "/opt/conda/envs/DCON/lib/python3.9/multiprocessing/connection.py", line 411, in _send_bytes
    self._send(header + buf)
  File "/opt/conda/envs/DCON/lib/python3.9/multiprocessing/connection.py", line 368, in _send
    n = write(self._handle, buf)
BrokenPipeError: [Errno 32] Broken pipe
